{"type": "FeatureCollection", "name": "kg_kaluga", "features": [{"type": "Feature", "properties": {"rda_code": "KG-20", "rda_name": "MEDYNSKY AREA / incl. MEDYN/", "osm_name": "Медынский муниципальный округ", "match_score": 1.0, "match_reason": "alias:медынскии"}, "geometry": {"type": "Polygon", "coordinates": [[[35.4982767, 55.0042158], [35.4978348, 55.0024164], [35.499514, 55.0016814], [35.4988512, 55.0002113], [35.4982325, 55.0002873], [35.4987628, 54.9980821], [35.494874, 54.9945586], [35.4843567, 54.9877896], [35.4843567, 54.9860401], [35.5000443, 54.9812477], [35.5178972, 54.9893362], [35.5206812, 54.9922771], [35.5196206, 54.9932658], [35.5232884, 54.9962317], [35.5239071, 54.9981328], [35.5256305, 55.0004901], [35.5266911, 55.0010731], [35.5310659, 55.0015546], [35.5338499, 55.0004141], [35.5369874, 55.000338], [35.5382247, 55.0007182], [35.5393494, 55.001893], [35.5391505, 55.0042373], [35.5402553, 55.0047822], [35.5432823, 55.0057453], [35.544608, 55.0048076], [35.5482316, 55.0057199], [35.5486293, 55.0047062], [35.5526728, 55.0012213], [35.5525402, 55.0007904], [35.5694872, 54.9940985], [35.5760715, 54.9939718], [35.5749668, 54.9884577], [35.5767565, 54.9870379], [35.5787671, 54.9865815], [35.5759169, 54.9828287], [35.5697965, 54.9788221], [35.5697965, 54.9778964], [35.5686476, 54.9773005], [35.5683824, 54.9756266], [35.5686476, 54.9739146], [35.5693104, 54.9729508], [35.574547, 54.9718602], [35.5701942, 54.9683471], [35.5719839, 54.9669012], [35.5741714, 54.9666602], [35.5765355, 54.9683217], [35.5783031, 54.9678144], [35.578259, 54.9672056], [35.5804906, 54.9670787], [35.5811976, 54.9689305], [35.5919359, 54.9771229], [35.5969957, 54.9753603], [35.5989842, 54.973902], [35.6004204, 54.9736864], [35.6092143, 54.9741809], [35.6146276, 54.9732552], [35.623068, 54.9748404], [35.6213003, 54.9707695], [35.6190024, 54.9678397], [35.6140089, 54.9650366], [35.6259746, 54.9578857], [35.6246192, 54.9572628], [35.6246505, 54.9532078], [35.6286501, 54.9514313], [35.6308062, 54.9492779], [35.6383368, 54.9481473], [35.6429926, 54.9436247], [35.6404303, 54.9412376], [35.6405866, 54.9385272], [35.6392901, 54.9315655], [35.6431801, 54.9301257], [35.6421489, 54.9285636], [35.6469923, 54.9285995], [35.6496795, 54.9172147], [35.6485859, 54.9167657], [35.6487973, 54.9144171], [35.6531407, 54.9125558], [35.6556478, 54.9142692], [35.6573976, 54.9145386], [35.6576476, 54.9137484], [35.6572726, 54.912994], [35.6623659, 54.9122755], [35.6637408, 54.9110541], [35.6681467, 54.9109643], [35.6685841, 54.9126347], [35.6723651, 54.9130658], [35.6725838, 54.9151134], [35.6720526, 54.9182384], [35.6767709, 54.918849], [35.6801144, 54.917556], [35.6831454, 54.9178972], [35.6829358, 54.917285], [35.6865449, 54.9158752], [35.6895511, 54.915724], [35.6939973, 54.9167103], [35.6939505, 54.9176891], [35.6963877, 54.9179854], [35.6992469, 54.9193324], [35.7078307, 54.9204653], [35.7142143, 54.9192785], [35.7153705, 54.9173748], [35.716886, 54.916423], [35.7275394, 54.9143041], [35.7299161, 54.9153813], [35.7355562, 54.9164858], [35.7404529, 54.9165502], [35.7406964, 54.9177071], [35.7424619, 54.9182638], [35.7410714, 54.920356], [35.7554295, 54.9237679], [35.7551639, 54.9228342], [35.755617, 54.9224032], [35.7567419, 54.9216131], [35.7590073, 54.9213886], [35.7594291, 54.9197724], [35.7608509, 54.9187846], [35.7624238, 54.9185698], [35.7630538, 54.9193862], [35.7645068, 54.9187756], [35.7688447, 54.9200423], [35.7708914, 54.9195843], [35.7727428, 54.9202443], [35.7739536, 54.9192162], [35.7750473, 54.9193958], [35.7820935, 54.9179052], [35.7838902, 54.9182105], [35.786265, 54.9171239], [35.7867337, 54.9165672], [35.7863588, 54.9146185], [35.7883586, 54.9119243], [35.7878118, 54.911574], [35.7881711, 54.9104424], [35.786515, 54.9084125], [35.7874993, 54.9067149], [35.7891554, 54.9052598], [35.7888898, 54.9037148], [35.7905772, 54.9020978], [35.7920633, 54.9013687], [35.7992768, 54.900113], [35.799528, 54.8995966], [35.7987711, 54.8986191], [35.7971728, 54.8983231], [35.7972799, 54.8971718], [35.8017661, 54.8960565], [35.8030145, 54.896768], [35.8058758, 54.8971238], [35.8078084, 54.8959617], [35.8119222, 54.895183], [35.8123204, 54.8942982], [35.8112418, 54.8917384], [35.8101041, 54.8906078], [35.8055996, 54.8882671], [35.803022, 54.8863155], [35.8004503, 54.8856337], [35.7999882, 54.8841985], [35.8008314, 54.8834609], [35.8006697, 54.8829493], [35.802615, 54.8820995], [35.80771, 54.8829556], [35.8062561, 54.880379], [35.8061376, 54.8785477], [35.8066955, 54.8764538], [35.8161911, 54.8722245], [35.8348465, 54.8760354], [35.8377319, 54.8731765], [35.8394321, 54.8727425], [35.8401265, 54.8718538], [35.8405934, 54.867913], [35.8399948, 54.8672515], [35.840785, 54.8650467], [35.8424971, 54.8639924], [35.8472503, 54.8630277], [35.8538473, 54.8634894], [35.8537755, 54.8650852], [35.8606958, 54.8671109], [35.86151, 54.8684338], [35.8635077, 54.8671949], [35.8798787, 54.869719], [35.9072033, 54.8637146], [35.9222892, 54.8684729], [35.9192309, 54.8731956], [35.9228228, 54.8779901], [35.9241877, 54.8806213], [35.9265583, 54.8871779], [35.9259357, 54.8881007], [35.9258878, 54.8892576], [35.9292402, 54.8937197], [35.9519335, 54.8947885], [35.9539594, 54.8954756], [35.9524629, 54.8968039], [35.9469324, 54.8998344], [35.949535, 54.9033884], [35.9534388, 54.9060818], [35.9544473, 54.9075219], [35.9571475, 54.9087189], [35.9582536, 54.9128331], [35.9602381, 54.9136372], [35.961702, 54.9155259], [35.9694447, 54.9161429], [35.9731859, 54.9152641], [35.9780657, 54.9172836], [35.9811888, 54.9172649], [35.9871422, 54.9148527], [35.981872, 54.9092799], [35.9856118, 54.9045972], [35.9931638, 54.9030631], [35.994838, 54.8991318], [36.0049596, 54.8985354], [36.007428, 54.9025498], [36.024954, 54.9038638], [36.0286516, 54.9087292], [36.0269464, 54.9115528], [36.0070219, 54.9286487], [36.0112486, 54.9293113], [36.0183497, 54.9288124], [36.0242145, 54.929853], [36.0259271, 54.9310145], [36.0276436, 54.931203], [36.027694, 54.9318266], [36.0291833, 54.9318847], [36.0319599, 54.9294772], [36.0353423, 54.9294626], [36.0341559, 54.9276207], [36.0429653, 54.9279688], [36.0526833, 54.9297962], [36.0650265, 54.9335959], [36.0713874, 54.9342775], [36.070302, 54.9383088], [36.0732048, 54.9376418], [36.0758047, 54.9380333], [36.0734728, 54.9402713], [36.0732382, 54.9421984], [36.0708452, 54.9428318], [36.0677356, 54.9467736], [36.0756322, 54.9488126], [36.0844579, 54.9540143], [36.0823344, 54.9562243], [36.0865696, 54.9640808], [36.0827455, 54.9671327], [36.0798673, 54.9676062], [36.0747909, 54.9699107], [36.0738287, 54.9722531], [36.0676574, 54.9721198], [36.0600925, 54.9749002], [36.0607314, 54.9775844], [36.064926, 54.9881836], [36.0772197, 54.9913198], [36.0791435, 54.9963668], [36.0780877, 54.9979549], [36.0830146, 54.99743], [36.0854545, 54.9957074], [36.0847976, 54.995196], [36.0874487, 54.9935944], [36.0878945, 54.9951691], [36.0891614, 54.9957881], [36.0889033, 54.9983451], [36.0906864, 55.001023], [36.0881057, 55.0048445], [36.0845161, 55.0068358], [36.0892083, 55.0097418], [36.0951909, 55.0094593], [36.1008451, 55.0136297], [36.1008216, 55.0154054], [36.102417, 55.0168581], [36.0948859, 55.0213774], [36.0948859, 55.0251431], [36.092704, 55.0263131], [36.0926337, 55.0279403], [36.0918111, 55.0292053], [36.0995151, 55.0326238], [36.0995067, 55.0412944], [36.1000707, 55.0416176], [36.1014974, 55.0475295], [36.1026255, 55.0478147], [36.1017297, 55.0503046], [36.0954588, 55.0523193], [36.0933685, 55.0517111], [36.0908801, 55.0517871], [36.0924665, 55.0679759], [36.0988369, 55.0679189], [36.0996, 55.0726682], [36.0990028, 55.0729722], [36.1049087, 55.0769611], [36.1007281, 55.0817094], [36.099036, 55.0828679], [36.098671, 55.084748], [36.0832427, 55.0825451], [36.0789626, 55.0895523], [36.0781331, 55.0950585], [36.0752395, 55.1012329], [36.0735315, 55.1033938], [36.0732379, 55.1051737], [36.0697158, 55.1056326], [36.0639403, 55.1073452], [36.0471023, 55.1049665], [36.0415271, 55.1080172], [36.0416488, 55.1106169], [36.0392547, 55.1132976], [36.0395184, 55.1154676], [36.0417705, 55.1179043], [36.0324487, 55.1202034], [36.0249114, 55.1185211], [36.0244954, 55.1201106], [36.0322154, 55.1226399], [36.034853, 55.1251574], [36.0377848, 55.1262594], [36.0426135, 55.1192984], [36.0474322, 55.1195943], [36.0496843, 55.1186371], [36.0509625, 55.1198032], [36.0503132, 55.1215667], [36.0504552, 55.12246], [36.0535189, 55.1241771], [36.0538029, 55.1252502], [36.0574651, 55.1272513], [36.0493596, 55.1307312], [36.0433708, 55.1262447], [36.0420876, 55.1266203], [36.0438715, 55.1291305], [36.0434657, 55.1295829], [36.0436381, 55.1313866], [36.044825, 55.1327437], [36.0448656, 55.1334396], [36.0461337, 55.1332018], [36.0463974, 55.1337934], [36.0444779, 55.1363078], [36.0422577, 55.1362279], [36.0440224, 55.136806], [36.0422793, 55.1376056], [36.044546, 55.1386798], [36.0447469, 55.1395245], [36.0385492, 55.1395163], [36.0338088, 55.1347553], [36.0358842, 55.1316823], [36.0295396, 55.1302818], [36.0248052, 55.1318073], [36.0178517, 55.1328862], [36.0203393, 55.1366772], [36.0259483, 55.1391646], [36.0263005, 55.1430398], [36.0273865, 55.1458914], [36.0263592, 55.1475856], [36.0319065, 55.1510742], [36.0327577, 55.1562059], [36.0336089, 55.1577319], [36.0316717, 55.158671], [36.0325229, 55.1599118], [36.0392736, 55.1617898], [36.0395965, 55.1637515], [36.0420913, 55.1668866], [36.0410347, 55.1672219], [36.0436469, 55.1692001], [36.0425022, 55.1732568], [36.0377914, 55.1755783], [36.0377914, 55.1765504], [36.0406227, 55.1796604], [36.0288758, 55.1845189], [36.0370829, 55.19377], [36.0330618, 55.1952443], [36.0296864, 55.1956212], [36.0271035, 55.1956463], [36.0252544, 55.1950767], [36.0217323, 55.1931082], [36.0211747, 55.1945155], [36.0224221, 55.1974723], [36.0267954, 55.2009315], [36.028894, 55.2060233], [36.0303468, 55.2068691], [36.0310953, 55.2079159], [36.0315355, 55.2095738], [36.0291288, 55.2106121], [36.028894, 55.2120523], [36.0282482, 55.2123537], [36.0253572, 55.2125966], [36.0236695, 55.213392], [36.0222019, 55.2130822], [36.0220261, 55.2143613], [36.0178793, 55.2148616], [36.0177541, 55.2153323], [36.0166199, 55.2149862], [36.0132965, 55.2164161], [36.009075, 55.2174448], [36.0073201, 55.2195245], [35.9987656, 55.2200747], [35.9984829, 55.2188295], [35.9959832, 55.2175168], [35.993353, 55.2200325], [35.9857094, 55.2229523], [35.984997, 55.224658], [35.9723376, 55.2369711], [35.9649896, 55.2377601], [35.9588793, 55.2417997], [35.9498894, 55.2393715], [35.9434596, 55.2355633], [35.9433651, 55.2343779], [35.9439786, 55.2334521], [35.9371622, 55.2336322], [35.9305037, 55.2324186], [35.9299795, 55.234142], [35.9289306, 55.2351736], [35.9219501, 55.2397662], [35.9186477, 55.2391251], [35.9151412, 55.2391722], [35.9078466, 55.2404413], [35.9018904, 55.2405542], [35.9018338, 55.2445191], [35.9005887, 55.2455229], [35.8972219, 55.2465568], [35.8914644, 55.247005], [35.8885982, 55.2478985], [35.8865895, 55.242819], [35.8866238, 55.2380954], [35.8689505, 55.2387083], [35.8642856, 55.2383288], [35.8637475, 55.2391023], [35.8603866, 55.239271], [35.861134, 55.2371215], [35.8579025, 55.2359934], [35.852495, 55.2354788], [35.8509873, 55.2359584], [35.8486092, 55.2324972], [35.8428331, 55.2323148], [35.8356718, 55.235251], [35.8222955, 55.2424289], [35.8144267, 55.2460111], [35.8155827, 55.250342], [35.8173797, 55.2511618], [35.8185619, 55.2530584], [35.8176762, 55.2576027], [35.8212498, 55.258147], [35.8229579, 55.2552595], [35.8267411, 55.254675], [35.8278469, 55.2556746], [35.8277561, 55.2571987], [35.8293316, 55.2610418], [35.8289113, 55.262209], [35.8244521, 55.2648768], [35.814615, 55.2620904], [35.8083211, 55.2619473], [35.8034223, 55.2630924], [35.8004825, 55.262757], [35.7974279, 55.2643333], [35.7954766, 55.2644735], [35.7934115, 55.2611045], [35.787069, 55.2668762], [35.7815576, 55.2687269], [35.7779354, 55.2706752], [35.7757946, 55.273357], [35.7705146, 55.273452], [35.7645904, 55.2788685], [35.7669654, 55.2817228], [35.7636568, 55.2856906], [35.7620013, 55.2869063], [35.754822, 55.2890705], [35.7529777, 55.2900596], [35.7517743, 55.2918], [35.7485294, 55.2947159], [35.7411561, 55.2955777], [35.7349081, 55.2920146], [35.726497, 55.2868472], [35.721289, 55.2826087], [35.7224166, 55.2794001], [35.718431, 55.2794779], [35.7177659, 55.2838656], [35.7163525, 55.2855733], [35.7114392, 55.2891847], [35.7067615, 55.2909036], [35.6973778, 55.2887879], [35.6979079, 55.2884704], [35.6923347, 55.2870551], [35.6786395, 55.2816081], [35.6640767, 55.2780646], [35.6475906, 55.2831445], [35.644942, 55.2846351], [35.642689, 55.2846868], [35.6429763, 55.2864263], [35.6421597, 55.2876477], [35.6392348, 55.2882613], [35.6368902, 55.2895168], [35.6327174, 55.2867589], [35.6295128, 55.2877689], [35.6163315, 55.2882532], [35.6160756, 55.292077], [35.6100763, 55.2956693], [35.6068317, 55.2927865], [35.599991, 55.2897039], [35.5730798, 55.2902669], [35.575861, 55.286684], [35.5748567, 55.280911], [35.5606366, 55.2758549], [35.5669831, 55.2728302], [35.5768354, 55.2690493], [35.5761556, 55.2657885], [35.5764925, 55.2622457], [35.5735542, 55.2617252], [35.5701956, 55.2596711], [35.5647239, 55.2531333], [35.5758496, 55.2515866], [35.5794743, 55.25221], [35.5800367, 55.2526908], [35.5881298, 55.251551], [35.5901372, 55.2497867], [35.5916295, 55.2494493], [35.5958478, 55.2496631], [35.5975428, 55.2506772], [35.5986601, 55.2500727], [35.6009099, 55.2503933], [35.6079169, 55.2534734], [35.6086905, 55.2526908], [35.6115103, 55.2518527], [35.6215094, 55.2542036], [35.6236579, 55.2521209], [35.6246342, 55.2475781], [35.6200957, 55.2463145], [35.6208847, 55.2451789], [35.6204207, 55.2436904], [35.6159354, 55.2409443], [35.6180786, 55.2391177], [35.6188078, 55.2376438], [35.6198221, 55.2371211], [35.6259153, 55.2395975], [35.626298, 55.2382989], [35.6295239, 55.2374044], [35.627134, 55.2337892], [35.6351645, 55.2317223], [35.6351803, 55.2304118], [35.6336778, 55.2288872], [35.6356443, 55.2285343], [35.6393563, 55.2260771], [35.6407925, 55.225762], [35.6402843, 55.2249177], [35.6372572, 55.2234684], [35.6355338, 55.2234684], [35.6333209, 55.2214216], [35.6298554, 55.2224476], [35.6258216, 55.2215285], [35.6289716, 55.2157549], [35.6256794, 55.2150616], [35.6224756, 55.2123262], [35.6187194, 55.2106495], [35.6133282, 55.2097418], [35.6120246, 55.2086828], [35.6098371, 55.2082794], [35.6056612, 55.2090485], [35.6020596, 55.2105613], [35.6018829, 55.2086072], [35.5989221, 55.2067287], [35.6003583, 55.2030092], [35.5998722, 55.2021391], [35.5950776, 55.2029083], [35.5943926, 55.2039674], [35.5896201, 55.2047744], [35.589598, 55.2023787], [35.5909016, 55.2019248], [35.5906364, 55.2010421], [35.5937961, 55.1989362], [35.5944147, 55.1964267], [35.5880734, 55.1947872], [35.5864163, 55.195443], [35.5833009, 55.1942575], [35.580539, 55.1950142], [35.5789039, 55.1936395], [35.5774235, 55.1898305], [35.5789039, 55.1890107], [35.5789702, 55.187989], [35.5734685, 55.1842172], [35.571502, 55.1840028], [35.5730266, 55.1796377], [35.5853336, 55.1874592], [35.5875873, 55.1864626], [35.5894433, 55.1865888], [35.5924703, 55.1849994], [35.5986004, 55.183136], [35.6094836, 55.176433], [35.6027888, 55.1731523], [35.606324, 55.1724709], [35.6085777, 55.1727359], [35.6100802, 55.1734804], [35.6110303, 55.1724709], [35.6092627, 55.171676], [35.6091301, 55.1691773], [35.6098592, 55.1681551], [35.6083568, 55.1683949], [35.6056833, 55.16683], [35.6046006, 55.1668678], [35.6042913, 55.1662242], [35.6021259, 55.1649621], [35.5995187, 55.1662368], [35.5982151, 55.1658456], [35.5977511, 55.1645456], [35.5985686, 55.1632203], [35.5968231, 55.162198], [35.595166, 55.162766], [35.5937077, 55.1626776], [35.5899073, 55.1599386], [35.5885816, 55.1598376], [35.585886, 55.1568459], [35.5846266, 55.1562652], [35.5836102, 55.1547756], [35.5922052, 55.1527304], [35.5929122, 55.1518845], [35.591233, 55.1442581], [35.5910342, 55.1412147], [35.5904155, 55.1395477], [35.5879629, 55.1362893], [35.5918075, 55.135001], [35.5965138, 55.1357714], [35.6043134, 55.1325884], [35.6099034, 55.1334347], [35.6118257, 55.1329295], [35.6133061, 55.1349631], [35.6133061, 55.135683], [35.6174158, 55.1367313], [35.6196474, 55.1370597], [35.6230059, 55.1354936], [35.62537, 55.1359988], [35.6256352, 55.1323358], [35.6304519, 55.1312369], [35.6326835, 55.1297842], [35.6295018, 55.1277377], [35.6288611, 55.1261712], [35.6258782, 55.125729], [35.6249723, 55.1211175], [35.6260108, 55.1201067], [35.6289053, 55.1198161], [35.6341639, 55.1204605], [35.636506, 55.1189948], [35.6397098, 55.1199172], [35.6395551, 55.1209027], [35.6406599, 55.1231517], [35.646029, 55.1225705], [35.6452999, 55.1197277], [35.6445928, 55.1191338], [35.644637, 55.1175922], [35.6479292, 55.118224], [35.648349, 55.1195381], [35.6523482, 55.1210544], [35.6545357, 55.1224442], [35.6556625, 55.1219641], [35.6574743, 55.1227474], [35.6566308, 55.1254118], [35.6568183, 55.1263319], [35.6587244, 55.1272073], [35.6601836, 55.1291476], [35.6615835, 55.1291457], [35.6651926, 55.130691], [35.6684423, 55.130825], [35.6691141, 55.1291814], [35.6691141, 55.1274485], [35.6679111, 55.1260014], [35.6685985, 55.1240985], [35.6721607, 55.122142], [35.6745667, 55.1219455], [35.6752542, 55.1223922], [35.6773478, 55.1253939], [35.6777383, 55.1275378], [35.6828004, 55.1261622], [35.6839253, 55.1237233], [35.6826442, 55.122151], [35.6829879, 55.1205428], [35.6856595, 55.1182466], [35.6855814, 55.1170493], [35.6794726, 55.1149942], [35.6803006, 55.1136895], [35.6792695, 55.113198], [35.6807068, 55.1118576], [35.681613, 55.1101239], [35.6848315, 55.1076484], [35.6880343, 55.1043146], [35.6870188, 55.1038767], [35.6852846, 55.1040018], [35.6844878, 55.1046811], [35.6845034, 55.1056821], [35.683691, 55.1062988], [35.6808787, 55.1050118], [35.677879, 55.1025627], [35.6762072, 55.1000331], [35.673395, 55.0991481], [35.6754104, 55.0948124], [35.674098, 55.0945442], [35.6703015, 55.0956617], [35.6692078, 55.0974139], [35.6646614, 55.0993269], [35.6593649, 55.0995057], [35.6594899, 55.0984687], [35.6590993, 55.0981111], [35.6601094, 55.0971636], [35.6594207, 55.0960445], [35.6595212, 55.09382], [35.6622391, 55.0912801], [35.667323, 55.088113], [35.6666592, 55.0869456], [35.6654269, 55.0862021], [35.662849, 55.0857997], [35.6573341, 55.0836037], [35.6534748, 55.0834925], [35.6522874, 55.0826161], [35.6506313, 55.0827413], [35.6498189, 55.0841811], [35.6492252, 55.0839397], [35.6463661, 55.0847087], [35.6455536, 55.0842348], [35.6437183, 55.0848403], [35.6398666, 55.084816], [35.6382574, 55.0840291], [35.6381793, 55.083269], [35.6390542, 55.081847], [35.6399448, 55.0814178], [35.6404135, 55.0804251], [35.6425383, 55.0794502], [35.6435069, 55.0801031], [35.6457411, 55.079486], [35.6459911, 55.0797454], [35.6453818, 55.0805592], [35.6473972, 55.0808186], [35.6488034, 55.0798885], [35.6471906, 55.0785657], [35.6455751, 55.0761809], [35.6414226, 55.0736425], [35.6396682, 55.0729459], [35.6360929, 55.0726205], [35.6365251, 55.0712191], [35.6392379, 55.0698995], [35.6380015, 55.0661661], [35.6383169, 55.0647166], [35.6436944, 55.0650126], [35.6454844, 55.064414], [35.6442633, 55.0637945], [35.6448097, 55.0631208], [35.6431035, 55.0608727], [35.6392328, 55.0590022], [35.6291368, 55.0596173], [35.6294928, 55.0571919], [35.6264928, 55.0565212], [35.6248679, 55.0548746], [35.6124628, 55.0515544], [35.6018074, 55.0504893], [35.5960579, 55.0494153], [35.5855589, 55.0486635], [35.585387, 55.0468375], [35.5807937, 55.0435882], [35.5677635, 55.0386735], [35.5447649, 55.0313499], [35.5420693, 55.0309194], [35.5403901, 55.0298303], [35.5354052, 55.0283196], [35.5318572, 55.010351], [35.5150248, 55.0118943], [35.5115338, 55.0049508], [35.5099871, 55.0006168], [35.4982767, 55.0042158]]]}}, {"type": "Feature", "properties": {"rda_code": "KG-14", "rda_name": "IZNOSKOVSKY AREA", "osm_name": "Износковский муниципальный округ", "match_score": 1.0, "match_reason": "alias:iznoskovsky"}, "geometry": {"type": "Polygon", "coordinates": [[[35.0234031, 54.9254245], [35.0312045, 54.9236293], [35.0298692, 54.9220484], [35.0251948, 54.9232826], [35.0217763, 54.9230082], [35.0169008, 54.9176841], [35.0222616, 54.9166761], [35.0243361, 54.9188294], [35.0314103, 54.9149062], [35.0237289, 54.9093289], [35.0300545, 54.8978313], [35.0553451, 54.9047476], [35.0577342, 54.9039502], [35.0606816, 54.9018731], [35.0610906, 54.9006274], [35.0652843, 54.8983506], [35.0690891, 54.8978992], [35.0692509, 54.8969784], [35.0744388, 54.8965592], [35.0742488, 54.8941682], [35.0765693, 54.8937044], [35.0865952, 54.8935464], [35.0869087, 54.8940791], [35.0928507, 54.8948083], [35.1016742, 54.8940757], [35.1013516, 54.8896959], [35.1063625, 54.8896487], [35.1061078, 54.8888518], [35.1098301, 54.888741], [35.130339, 54.8928475], [35.1307538, 54.8905082], [35.1361142, 54.8785893], [35.1370858, 54.8782394], [35.1344967, 54.8774261], [35.1343944, 54.8765805], [35.1447239, 54.8790309], [35.1514067, 54.8790857], [35.1549398, 54.8783366], [35.1533418, 54.8752239], [35.153524, 54.8738252], [35.1580633, 54.8712995], [35.1602032, 54.8694736], [35.1621331, 54.8650319], [35.1571072, 54.8619175], [35.1540015, 54.8581211], [35.1573993, 54.8511781], [35.1559025, 54.8488265], [35.1569676, 54.8436566], [35.1546671, 54.8415815], [35.1632087, 54.8419572], [35.162347, 54.8435961], [35.1633811, 54.8435798], [35.1649403, 54.844649], [35.167475, 54.8454335], [35.1744277, 54.8437693], [35.1749484, 54.8440574], [35.1757427, 54.8428015], [35.1751606, 54.8420596], [35.1756504, 54.8418313], [35.1755245, 54.8410191], [35.1780666, 54.8397942], [35.1796112, 54.8397791], [35.1818417, 54.8379906], [35.1813113, 54.8372733], [35.1821786, 54.8369466], [35.1811309, 54.8351585], [35.185857, 54.8341903], [35.1843084, 54.8314968], [35.1881828, 54.827715], [35.1902845, 54.8277118], [35.1917743, 54.828563], [35.1946692, 54.828835], [35.1959455, 54.8303356], [35.1959032, 54.8311668], [35.1982767, 54.8328287], [35.2029248, 54.8346837], [35.2042327, 54.8366113], [35.2060078, 54.8376463], [35.2043702, 54.8377933], [35.2035109, 54.8400771], [35.2054016, 54.841752], [35.2070853, 54.842036], [35.2086211, 54.8429428], [35.2089824, 54.8432363], [35.2087128, 54.8439058], [35.2104932, 54.8437674], [35.2115706, 54.8444518], [35.2131397, 54.8442626], [35.2141985, 54.8449179], [35.2180921, 54.8458209], [35.2210897, 54.8480061], [35.2245033, 54.8483359], [35.2298074, 54.8498688], [35.2306612, 54.8499058], [35.2322079, 54.8468324], [35.2381057, 54.8479433], [35.2405979, 54.8476481], [35.2459149, 54.8485147], [35.2451106, 54.8453887], [35.2442534, 54.8448122], [35.2420192, 54.844587], [35.2320382, 54.8400549], [35.2352819, 54.8380676], [35.2472028, 54.842257], [35.2509335, 54.8421331], [35.25231, 54.839167], [35.255564, 54.8389436], [35.2542949, 54.8323719], [35.2609665, 54.8328246], [35.265135, 54.8290073], [35.2736586, 54.8301813], [35.2761333, 54.832607], [35.2799289, 54.8376542], [35.279621, 54.8386245], [35.2929916, 54.8356476], [35.2941751, 54.8370695], [35.305159, 54.8350382], [35.308262, 54.8425408], [35.3144926, 54.8461911], [35.320869, 54.8486495], [35.3244537, 54.8455276], [35.3293186, 54.8450751], [35.3304196, 54.8443366], [35.3292336, 54.8419778], [35.3312888, 54.8401323], [35.3396103, 54.8368249], [35.3417842, 54.8389007], [35.3563438, 54.8336639], [35.3599012, 54.8393446], [35.3743552, 54.8431635], [35.3745385, 54.8452041], [35.379002, 54.8480443], [35.389031, 54.8406998], [35.3894277, 54.8395978], [35.3942586, 54.8348534], [35.4073426, 54.8371398], [35.3979556, 54.8398798], [35.396112, 54.8413581], [35.3952952, 54.8453895], [35.3968588, 54.8465451], [35.3944317, 54.8480635], [35.4151074, 54.8461273], [35.4166723, 54.8473513], [35.4179325, 54.8466661], [35.4203829, 54.8477007], [35.4257039, 54.8467064], [35.4342993, 54.8461906], [35.4327646, 54.843207], [35.4312464, 54.8417911], [35.4282596, 54.8307477], [35.4307514, 54.8302345], [35.4291291, 54.8229359], [35.4306686, 54.8229389], [35.4299354, 54.8235727], [35.4303511, 54.8238751], [35.430103, 54.8242556], [35.4327439, 54.8245264], [35.433335, 54.8238236], [35.4355723, 54.824442], [35.4364223, 54.8258613], [35.4392078, 54.8263138], [35.4421319, 54.824812], [35.4438832, 54.8218915], [35.4491582, 54.8236985], [35.4589048, 54.8197033], [35.4700624, 54.8212956], [35.4744797, 54.8211246], [35.4743506, 54.8231951], [35.48101, 54.8254458], [35.4847478, 54.8259071], [35.4871184, 54.817456], [35.4865245, 54.8143821], [35.4820665, 54.813009], [35.4909477, 54.8107589], [35.489053, 54.8074769], [35.4889117, 54.8057561], [35.490042, 54.7994608], [35.501586, 54.8007332], [35.5084976, 54.800204], [35.51924, 54.8040975], [35.5263004, 54.8092411], [35.5301551, 54.8135326], [35.5289716, 54.816664], [35.5336814, 54.8178953], [35.533459, 54.8188331], [35.5558757, 54.8217998], [35.5554658, 54.8290162], [35.5544494, 54.8327323], [35.5578521, 54.8358119], [35.5579405, 54.8389167], [35.5588243, 54.8403418], [35.5651877, 54.8464741], [35.5637736, 54.8464741], [35.5637736, 54.8472374], [35.5631107, 54.8476191], [35.5612989, 54.8475936], [35.5607686, 54.8471611], [35.5579847, 54.8473138], [35.5573991, 54.8476647], [35.5576422, 54.8492358], [35.5561618, 54.8490895], [35.5553111, 54.8498463], [35.5545599, 54.8494329], [35.5525051, 54.8498336], [35.5502513, 54.8486697], [35.5488814, 54.8496873], [35.5462742, 54.8497382], [35.545998, 54.8506159], [35.546915, 54.8515445], [35.5467272, 54.8521233], [35.5498315, 54.8541139], [35.5774063, 54.8647406], [35.5842869, 54.8650861], [35.5938893, 54.8603915], [35.5965407, 54.8581786], [35.5941616, 54.8551292], [35.6023296, 54.8528621], [35.6106595, 54.8527858], [35.6100409, 54.8552025], [35.615638, 54.860929], [35.6171691, 54.8635187], [35.6203564, 54.8649753], [35.6387267, 54.8653814], [35.6372318, 54.8641073], [35.6364142, 54.8617038], [35.6398169, 54.8582447], [35.6457605, 54.856515], [35.6520576, 54.8537804], [35.6511959, 54.853119], [35.6513064, 54.8517453], [35.6503121, 54.8513128], [35.6531624, 54.8448122], [35.6547974, 54.8423695], [35.66421, 54.8437054], [35.6653589, 54.8452957], [35.6659113, 54.848069], [35.6696233, 54.8476746], [35.6722968, 54.8491503], [35.6905695, 54.8524957], [35.6919836, 54.8505241], [35.6952537, 54.8474965], [35.6961154, 54.8411608], [35.7058814, 54.8439598], [35.6984354, 54.858817], [35.7118913, 54.8633697], [35.7137473, 54.8644379], [35.7142997, 54.8642217], [35.7216795, 54.8666377], [35.7286174, 54.8614368], [35.7292626, 54.8599948], [35.7399743, 54.863535], [35.7529441, 54.855294], [35.7566119, 54.8550905], [35.7600367, 54.8536405], [35.7650302, 54.8538822], [35.7746416, 54.8526611], [35.7958529, 54.8591222], [35.8052655, 54.8614113], [35.8033874, 54.8628738], [35.8016861, 54.8655442], [35.8043375, 54.8685449], [35.8002987, 54.8719595], [35.8066955, 54.8764538], [35.8061376, 54.8785477], [35.8062561, 54.880379], [35.80771, 54.8829556], [35.802615, 54.8820995], [35.8006697, 54.8829493], [35.8008314, 54.8834609], [35.7999073, 54.8847234], [35.8004503, 54.8856337], [35.803022, 54.8863155], [35.8055996, 54.8882671], [35.8101041, 54.8906078], [35.8112418, 54.8917384], [35.8123204, 54.8942982], [35.8119222, 54.895183], [35.8078084, 54.8959617], [35.8058758, 54.8971238], [35.8030145, 54.896768], [35.8017661, 54.8960565], [35.7972799, 54.8971718], [35.7971728, 54.8983231], [35.7987711, 54.8986191], [35.799528, 54.8995966], [35.7992768, 54.900113], [35.7920633, 54.9013687], [35.7905772, 54.9020978], [35.7888898, 54.9037148], [35.7891554, 54.9052598], [35.7874993, 54.9067149], [35.786515, 54.9084125], [35.7881711, 54.9104424], [35.7878118, 54.911574], [35.7883586, 54.9119243], [35.7863588, 54.9146185], [35.7867337, 54.9165672], [35.7855776, 54.9175729], [35.7838902, 54.9182105], [35.7820935, 54.9179052], [35.7750473, 54.9193958], [35.7739536, 54.9192162], [35.7727428, 54.9202443], [35.7708914, 54.9195843], [35.7688447, 54.9200423], [35.7645068, 54.9187756], [35.7630538, 54.9193862], [35.7624238, 54.9185698], [35.7608509, 54.9187846], [35.7594291, 54.9197724], [35.7590073, 54.9213886], [35.7567419, 54.9216131], [35.7551639, 54.9228342], [35.7554295, 54.9237679], [35.7549334, 54.9238475], [35.7410714, 54.920356], [35.7424619, 54.9182638], [35.7406964, 54.9177071], [35.7404529, 54.9165502], [35.7355562, 54.9164858], [35.7299161, 54.9153813], [35.7275394, 54.9143041], [35.716886, 54.916423], [35.7153705, 54.9173748], [35.7142143, 54.9192785], [35.7078307, 54.9204653], [35.6992469, 54.9193324], [35.6963877, 54.9179854], [35.6939505, 54.9176891], [35.6939973, 54.9167103], [35.6895511, 54.915724], [35.6865449, 54.9158752], [35.6829358, 54.917285], [35.6831454, 54.9178972], [35.6801144, 54.917556], [35.6767709, 54.918849], [35.6720526, 54.9182384], [35.6725838, 54.9151134], [35.6723651, 54.9130658], [35.6685841, 54.9126347], [35.6681467, 54.9109643], [35.6637408, 54.9110541], [35.6623659, 54.9122755], [35.6572726, 54.912994], [35.6576476, 54.9137484], [35.6573976, 54.9145386], [35.6556478, 54.9142692], [35.6531407, 54.9125558], [35.6487973, 54.9144171], [35.6485859, 54.9167657], [35.6496795, 54.9172147], [35.6469923, 54.9285995], [35.6421489, 54.9285636], [35.6431801, 54.9301257], [35.6392901, 54.9315655], [35.6405866, 54.9385272], [35.6404303, 54.9412376], [35.6429926, 54.9436247], [35.6383368, 54.9481473], [35.6308062, 54.9492779], [35.6286501, 54.9514313], [35.6246505, 54.9532078], [35.6246192, 54.9572628], [35.6259746, 54.9578857], [35.6140089, 54.9650366], [35.6190024, 54.9678397], [35.6213003, 54.9707695], [35.623068, 54.9748404], [35.6146276, 54.9732552], [35.6092143, 54.9741809], [35.6004204, 54.9736864], [35.5989842, 54.973902], [35.5969957, 54.9753603], [35.5919359, 54.9771229], [35.5811976, 54.9689305], [35.5804906, 54.9670787], [35.578259, 54.9672056], [35.5783031, 54.9678144], [35.5765355, 54.9683217], [35.5741714, 54.9666602], [35.5719839, 54.9669012], [35.5701942, 54.9683471], [35.574547, 54.9718602], [35.5693104, 54.9729508], [35.5686476, 54.9739146], [35.5683824, 54.9756266], [35.5686476, 54.9773005], [35.5697965, 54.9778964], [35.5697965, 54.9788221], [35.5759169, 54.9828287], [35.5787671, 54.9865815], [35.5767565, 54.9870379], [35.5749668, 54.9884577], [35.5760715, 54.9939718], [35.5694872, 54.9940985], [35.5525402, 55.0007904], [35.5526728, 55.0012213], [35.5486293, 55.0047062], [35.5482316, 55.0057199], [35.544608, 55.0048076], [35.5432823, 55.0057453], [35.5402553, 55.0047822], [35.5391505, 55.0042373], [35.5393494, 55.001893], [35.5382247, 55.0007182], [35.5369874, 55.000338], [35.5338499, 55.0004141], [35.5310659, 55.0015546], [35.5266911, 55.0010731], [35.5256305, 55.0004901], [35.5239071, 54.9981328], [35.5232884, 54.9962317], [35.5196206, 54.9932658], [35.5206812, 54.9922771], [35.5178972, 54.9893362], [35.5000443, 54.9812477], [35.4843567, 54.9860401], [35.4843567, 54.9877896], [35.494874, 54.9945586], [35.4987628, 54.9980821], [35.4982325, 55.0002873], [35.4988512, 55.0002113], [35.499514, 55.0016814], [35.4978348, 55.0024164], [35.4982767, 55.0042158], [35.5099871, 55.0006168], [35.5115338, 55.0049508], [35.5150248, 55.0118943], [35.5318572, 55.010351], [35.5354052, 55.0283196], [35.5403901, 55.0298303], [35.5420693, 55.0309194], [35.5447649, 55.0313499], [35.5677635, 55.0386735], [35.5807937, 55.0435882], [35.585387, 55.0468375], [35.5855589, 55.0486635], [35.5960579, 55.0494153], [35.6018074, 55.0504893], [35.6124628, 55.0515544], [35.6248679, 55.0548746], [35.6264928, 55.0565212], [35.6294928, 55.0571919], [35.6291368, 55.0596173], [35.6392328, 55.0590022], [35.6431035, 55.0608727], [35.6448097, 55.0631208], [35.6442633, 55.0637945], [35.6454844, 55.064414], [35.6436944, 55.0650126], [35.6383169, 55.0647166], [35.6380015, 55.0661661], [35.6392379, 55.0698995], [35.6365251, 55.0712191], [35.6360929, 55.0726205], [35.6396682, 55.0729459], [35.6414226, 55.0736425], [35.6455751, 55.0761809], [35.6471906, 55.0785657], [35.6488034, 55.0798885], [35.6473972, 55.0808186], [35.6453818, 55.0805592], [35.6459911, 55.0797454], [35.6457411, 55.079486], [35.6435069, 55.0801031], [35.6425383, 55.0794502], [35.6404135, 55.0804251], [35.6399448, 55.0814178], [35.6390542, 55.081847], [35.6381793, 55.083269], [35.6382574, 55.0840291], [35.6398666, 55.084816], [35.6437183, 55.0848403], [35.6455536, 55.0842348], [35.6463661, 55.0847087], [35.6492252, 55.0839397], [35.6498189, 55.0841811], [35.6506313, 55.0827413], [35.6522874, 55.0826161], [35.6534748, 55.0834925], [35.6573341, 55.0836037], [35.662849, 55.0857997], [35.6654269, 55.0862021], [35.6666592, 55.0869456], [35.667323, 55.088113], [35.6622391, 55.0912801], [35.6595212, 55.09382], [35.6594207, 55.0960445], [35.6601094, 55.0971636], [35.6590993, 55.0981111], [35.6594899, 55.0984687], [35.6593649, 55.0995057], [35.6646614, 55.0993269], [35.6692078, 55.0974139], [35.6703015, 55.0956617], [35.674098, 55.0945442], [35.6754104, 55.0948124], [35.673395, 55.0991481], [35.6762072, 55.1000331], [35.677879, 55.1025627], [35.6808787, 55.1050118], [35.683691, 55.1062988], [35.6845034, 55.1056821], [35.6844878, 55.1046811], [35.6852846, 55.1040018], [35.6870188, 55.1038767], [35.6880343, 55.1043146], [35.6848315, 55.1076484], [35.681613, 55.1101239], [35.6807068, 55.1118576], [35.6792695, 55.113198], [35.6803006, 55.1136895], [35.6794726, 55.1149942], [35.6855814, 55.1170493], [35.6856595, 55.1182466], [35.6829879, 55.1205428], [35.6826442, 55.122151], [35.6839253, 55.1237233], [35.6828004, 55.1261622], [35.6777383, 55.1275378], [35.6773478, 55.1253939], [35.6752542, 55.1223922], [35.6745667, 55.1219455], [35.6721607, 55.122142], [35.6685985, 55.1240985], [35.6679111, 55.1260014], [35.6691141, 55.1274485], [35.6691141, 55.1291814], [35.6684423, 55.130825], [35.6651926, 55.130691], [35.6615835, 55.1291457], [35.6601836, 55.1291476], [35.6587244, 55.1272073], [35.6568183, 55.1263319], [35.6566308, 55.1254118], [35.6574743, 55.1227474], [35.6556625, 55.1219641], [35.6545357, 55.1224442], [35.6523482, 55.1210544], [35.648349, 55.1195381], [35.6479292, 55.118224], [35.644637, 55.1175922], [35.6445928, 55.1191338], [35.6452999, 55.1197277], [35.646029, 55.1225705], [35.6406599, 55.1231517], [35.6395551, 55.1209027], [35.6397098, 55.1199172], [35.636506, 55.1189948], [35.6341639, 55.1204605], [35.6289053, 55.1198161], [35.6260108, 55.1201067], [35.6249723, 55.1211175], [35.6258782, 55.125729], [35.6288611, 55.1261712], [35.6295018, 55.1277377], [35.6326835, 55.1297842], [35.6304519, 55.1312369], [35.6256352, 55.1323358], [35.62537, 55.1359988], [35.6230059, 55.1354936], [35.6196474, 55.1370597], [35.6174158, 55.1367313], [35.6133061, 55.135683], [35.6133061, 55.1349631], [35.6118257, 55.1329295], [35.6099034, 55.1334347], [35.6043134, 55.1325884], [35.5965138, 55.1357714], [35.5918075, 55.135001], [35.5879629, 55.1362893], [35.5904155, 55.1395477], [35.5910342, 55.1412147], [35.591233, 55.1442581], [35.5929122, 55.1518845], [35.5922052, 55.1527304], [35.5836102, 55.1547756], [35.5846266, 55.1562652], [35.585886, 55.1568459], [35.5885816, 55.1598376], [35.5899073, 55.1599386], [35.5937077, 55.1626776], [35.595166, 55.162766], [35.5968231, 55.162198], [35.5985686, 55.1632203], [35.5977511, 55.1645456], [35.5982151, 55.1658456], [35.5995187, 55.1662368], [35.6021259, 55.1649621], [35.6042913, 55.1662242], [35.6046006, 55.1668678], [35.6056833, 55.16683], [35.6083568, 55.1683949], [35.6098592, 55.1681551], [35.6091301, 55.1691773], [35.6092627, 55.171676], [35.6110303, 55.1724709], [35.6100802, 55.1734804], [35.6085777, 55.1727359], [35.606324, 55.1724709], [35.6027888, 55.1731523], [35.6094836, 55.176433], [35.5986004, 55.183136], [35.5924703, 55.1849994], [35.5894433, 55.1865888], [35.5875873, 55.1864626], [35.5853336, 55.1874592], [35.5730266, 55.1796377], [35.571502, 55.1840028], [35.5734685, 55.1842172], [35.5789702, 55.187989], [35.5789039, 55.1890107], [35.5774235, 55.1898305], [35.5789039, 55.1936395], [35.580539, 55.1950142], [35.5833009, 55.1942575], [35.5864163, 55.195443], [35.5880734, 55.1947872], [35.5944147, 55.1964267], [35.5937961, 55.1989362], [35.5906364, 55.2010421], [35.5909016, 55.2019248], [35.589598, 55.2023787], [35.5896201, 55.2047744], [35.5943926, 55.2039674], [35.5950776, 55.2029083], [35.5998722, 55.2021391], [35.6003583, 55.2030092], [35.5989221, 55.2067287], [35.6018829, 55.2086072], [35.6020596, 55.2105613], [35.6056612, 55.2090485], [35.6098371, 55.2082794], [35.6120246, 55.2086828], [35.6133282, 55.2097418], [35.6187194, 55.2106495], [35.6224756, 55.2123262], [35.6256794, 55.2150616], [35.6289716, 55.2157549], [35.6258216, 55.2215285], [35.6298554, 55.2224476], [35.6333209, 55.2214216], [35.6355338, 55.2234684], [35.6372572, 55.2234684], [35.6402843, 55.2249177], [35.6407925, 55.225762], [35.6393563, 55.2260771], [35.6356443, 55.2285343], [35.6336778, 55.2288872], [35.6351803, 55.2304118], [35.6351645, 55.2317223], [35.627134, 55.2337892], [35.6295239, 55.2374044], [35.626298, 55.2382989], [35.6259153, 55.2395975], [35.6198221, 55.2371211], [35.6188078, 55.2376438], [35.6180786, 55.2391177], [35.6159354, 55.2409443], [35.6204207, 55.2436904], [35.6208847, 55.2451789], [35.6200957, 55.2463145], [35.6246342, 55.2475781], [35.6236579, 55.2521209], [35.6215094, 55.2542036], [35.6115103, 55.2518527], [35.6086905, 55.2526908], [35.6079169, 55.2534734], [35.6009099, 55.2503933], [35.5986601, 55.2500727], [35.5975428, 55.2506772], [35.5958478, 55.2496631], [35.5916295, 55.2494493], [35.5901372, 55.2497867], [35.5881298, 55.251551], [35.5800367, 55.2526908], [35.5794743, 55.25221], [35.5758496, 55.2515866], [35.5647239, 55.2531333], [35.5623649, 55.2526797], [35.5606456, 55.2504208], [35.5591733, 55.2508986], [35.5565469, 55.2505135], [35.5554678, 55.2525253], [35.5516879, 55.2534514], [35.5508337, 55.2532866], [35.5490592, 55.2540494], [35.54918, 55.2546415], [35.5482251, 55.2550906], [35.5466633, 55.2547892], [35.5450576, 55.2555816], [35.5445948, 55.2550145], [35.5423204, 55.2556225], [35.5422954, 55.2563663], [35.5350043, 55.2583874], [35.5261616, 55.2576742], [35.5133086, 55.2543553], [35.5038151, 55.2552962], [35.5032188, 55.253088], [35.5009587, 55.2534937], [35.4969598, 55.2500285], [35.500638, 55.2469081], [35.5026889, 55.2465882], [35.5050304, 55.2446837], [35.5056823, 55.2432455], [35.5094217, 55.2414137], [35.5082323, 55.240189], [35.4975817, 55.2388058], [35.4914297, 55.2397051], [35.481539, 55.239919], [35.4815489, 55.237455], [35.4764668, 55.2366775], [35.4608247, 55.2359401], [35.455039, 55.2328227], [35.4462712, 55.2290131], [35.4414992, 55.2300783], [35.437242, 55.2300452], [35.4319948, 55.2309551], [35.4243323, 55.231205], [35.422191, 55.2317244], [35.4203748, 55.2311252], [35.4184993, 55.2287057], [35.4085326, 55.2375461], [35.4018149, 55.237918], [35.3961473, 55.234589], [35.3823235, 55.2381269], [35.3810831, 55.2390312], [35.3799048, 55.2409293], [35.375763, 55.242765], [35.3757389, 55.2431789], [35.3744771, 55.2432891], [35.3732362, 55.2442606], [35.371399, 55.2436702], [35.3716632, 55.244119], [35.3710088, 55.2440924], [35.3709838, 55.2445245], [35.3694819, 55.2448002], [35.367131, 55.2435494], [35.36341, 55.2426461], [35.3597759, 55.2440604], [35.3588887, 55.2448614], [35.3599286, 55.246216], [35.3607395, 55.2465406], [35.3600448, 55.247183], [35.360092, 55.2477859], [35.3579395, 55.2483114], [35.3566056, 55.2492616], [35.3584998, 55.2509754], [35.3585, 55.2532192], [35.3591509, 55.2537707], [35.3577936, 55.2547555], [35.358447, 55.2554208], [35.3581726, 55.2563573], [35.3595312, 55.2579444], [35.3595389, 55.25922], [35.3566145, 55.2607129], [35.3508862, 55.2690624], [35.3471195, 55.2703818], [35.3462355, 55.2720795], [35.3430604, 55.2730587], [35.3368241, 55.2725509], [35.3298102, 55.2708613], [35.3252932, 55.2575609], [35.3232533, 55.2571623], [35.3208928, 55.2540897], [35.3145399, 55.253525], [35.3124417, 55.2538074], [35.2973462, 55.2534918], [35.2962097, 55.253143], [35.2955977, 55.2500037], [35.2972297, 55.2466149], [35.2998524, 55.2452195], [35.3003478, 55.2437243], [35.3047191, 55.2419134], [35.308391, 55.2391388], [35.3111595, 55.2404846], [35.3195232, 55.2425448], [35.3234865, 55.2427441], [35.3239527, 55.2389892], [35.3271583, 55.2400194], [35.335114, 55.2357159], [35.3425161, 55.2337218], [35.3389899, 55.230581], [35.3344438, 55.230581], [35.3311799, 55.2266089], [35.3363671, 55.2234675], [35.3290982, 55.2198819], [35.3329104, 55.2168961], [35.3301079, 55.2138278], [35.3315297, 55.2129108], [35.3339407, 55.2126522], [35.3345177, 55.2118763], [35.3362486, 55.2120056], [35.3373614, 55.2114765], [35.3409263, 55.2083843], [35.3413178, 55.2069851], [35.3422245, 55.2063149], [35.3452124, 55.2058798], [35.3409057, 55.202211], [35.3399578, 55.2021051], [35.3383505, 55.1994356], [35.3266254, 55.1978244], [35.3215769, 55.2010115], [35.3123853, 55.1970849], [35.3090059, 55.1917214], [35.3039367, 55.1859102], [35.2997484, 55.1857321], [35.295215, 55.1838968], [35.2889506, 55.1824144], [35.280357, 55.1787453], [35.2788296, 55.1766089], [35.2790184, 55.1752603], [35.2831809, 55.1732362], [35.2840875, 55.1712356], [35.2838815, 55.1696114], [35.2856124, 55.1669279], [35.2861894, 55.1668808], [35.2889919, 55.163844], [35.2896925, 55.1623844], [35.2897337, 55.1608305], [35.2873021, 55.1595592], [35.2844585, 55.1482797], [35.2872197, 55.1476909], [35.2837166, 55.1467253], [35.2834025, 55.1454405], [35.2752012, 55.1365483], [35.2795285, 55.1350523], [35.2765532, 55.1270562], [35.2754897, 55.1284435], [35.2748303, 55.128632], [35.2736351, 55.1282903], [35.2729139, 55.1265937], [35.2754073, 55.1246732], [35.2756046, 55.1238308], [35.2747199, 55.1224467], [35.2752492, 55.1220571], [35.2741209, 55.1214695], [35.2748123, 55.120871], [35.273302, 55.1190384], [35.2738994, 55.1177802], [35.2732583, 55.1171885], [35.2732291, 55.1162052], [35.275677, 55.1162135], [35.2768281, 55.1154552], [35.2754439, 55.1134551], [35.2758519, 55.1126217], [35.2743219, 55.1114549], [35.2698778, 55.1115299], [35.268479, 55.1108048], [35.2679399, 55.1107882], [35.2671968, 55.111855], [35.2641369, 55.11188], [35.2617878, 55.1103203], [35.2551526, 55.1115225], [35.2547542, 55.1111673], [35.2563821, 55.1097967], [35.2546055, 55.1085663], [35.2568815, 55.1081213], [35.2548408, 55.1070089], [35.2560748, 55.1059871], [35.2525394, 55.1033405], [35.2520319, 55.102158], [35.2510524, 55.1017679], [35.2507259, 55.1003339], [35.2475905, 55.099246], [35.2476144, 55.0983636], [35.2488629, 55.0974109], [35.2457131, 55.0960042], [35.2476818, 55.0955948], [35.2478767, 55.0944701], [35.254231, 55.093416], [35.2549705, 55.0929352], [35.2537313, 55.0913394], [35.2527871, 55.0909263], [35.2493338, 55.0908513], [35.2435929, 55.0931026], [35.2419642, 55.0928044], [35.2404228, 55.0906672], [35.2375437, 55.0910635], [35.2355541, 55.0926684], [35.2316633, 55.0922021], [35.2293274, 55.0887163], [35.2273044, 55.088687], [35.2261223, 55.0868152], [35.2225379, 55.0837128], [35.2211974, 55.0832374], [35.2210225, 55.0815527], [35.2240824, 55.081194], [35.2242135, 55.080777], [35.2230938, 55.07826], [35.222338, 55.0742111], [35.2247173, 55.0726886], [35.2242508, 55.0719407], [35.2218528, 55.0702472], [35.2188671, 55.0706372], [35.2163105, 55.0724322], [35.2165437, 55.0750337], [35.2139395, 55.076534], [35.2126151, 55.0762728], [35.2085545, 55.0740394], [35.2087894, 55.0730985], [35.2107286, 55.0734896], [35.2118574, 55.0723687], [35.2122276, 55.0718998], [35.2114362, 55.0704546], [35.2129211, 55.0695905], [35.2127608, 55.0691066], [35.2067284, 55.0652352], [35.2066556, 55.0646762], [35.2087975, 55.0631576], [35.2089286, 55.0625568], [35.2054025, 55.0616889], [35.2012935, 55.0615888], [35.1980733, 55.060796], [35.195436, 55.0611048], [35.1945326, 55.0606542], [35.1945617, 55.0600617], [35.1980879, 55.0577028], [35.1981438, 55.057163], [35.1967825, 55.0566358], [35.1993102, 55.0552979], [35.1995061, 55.0548543], [35.1989827, 55.0544992], [35.1957272, 55.0537319], [35.1940757, 55.0538442], [35.1930213, 55.0547901], [35.1928534, 55.0570936], [35.1876611, 55.0588473], [35.1859768, 55.0588678], [35.1843681, 55.0595734], [35.1835813, 55.0593147], [35.1822408, 55.0580796], [35.1824591, 55.054865], [35.1844745, 55.0522675], [35.1864993, 55.0513749], [35.1875816, 55.0499905], [35.1872677, 55.0494828], [35.1835583, 55.0487165], [35.1817745, 55.0487984], [35.1789788, 55.0500974], [35.1774761, 55.0499753], [35.1772284, 55.0494161], [35.1751159, 55.0494667], [35.1686592, 55.0519468], [35.1667373, 55.0518367], [35.1654706, 55.0506019], [35.1629489, 55.049391], [35.1623369, 55.0484895], [35.1570039, 55.0469619], [35.1566834, 55.0465028], [35.1572954, 55.0459435], [35.161858, 55.0440122], [35.162063, 55.0434067], [35.1614302, 55.0429301], [35.1567549, 55.042803], [35.1546065, 55.0422531], [35.1538916, 55.0414878], [35.1536818, 55.0401412], [35.1551243, 55.0385465], [35.1553734, 55.0370593], [35.1507156, 55.0366589], [35.1498351, 55.0360499], [35.1408011, 55.0388638], [35.139548, 55.0415605], [35.1369252, 55.0431551], [35.136051, 55.0426375], [35.1339673, 55.0432887], [35.1305432, 55.0422451], [35.1326122, 55.0392144], [35.1284212, 55.0388039], [35.1280503, 55.04015], [35.1228575, 55.0420155], [35.1214562, 55.043149], [35.1207968, 55.0421808], [35.1191483, 55.0413779], [35.1183653, 55.0401972], [35.1146973, 55.0376467], [35.1222393, 55.0278447], [35.1225551, 55.026289], [35.1233834, 55.0259178], [35.123578, 55.0234421], [35.119187, 55.022766], [35.1198565, 55.0214626], [35.1174655, 55.0169778], [35.1144275, 55.0158392], [35.1042449, 55.0150244], [35.1016464, 55.0141561], [35.1002829, 55.0127703], [35.0997365, 55.0112027], [35.0999082, 55.0094793], [35.1011989, 55.0075052], [35.10312, 55.0066139], [35.1065764, 55.0067933], [35.1090067, 55.0076348], [35.1102441, 55.0084068], [35.1107237, 55.0110199], [35.1156291, 55.0108035], [35.1212188, 55.0086804], [35.1221618, 55.0074766], [35.1245965, 55.006719], [35.1267777, 55.0048573], [35.1263018, 55.0042041], [35.1194674, 55.0019673], [35.117591, 55.0019204], [35.10965, 54.9999754], [35.1093458, 54.9991327], [35.1059721, 54.9985019], [35.1051067, 54.9974026], [35.1061782, 54.9951331], [35.1098735, 54.9927861], [35.1149526, 54.9925818], [35.1190778, 54.9937737], [35.1214085, 54.9930306], [35.1220863, 54.991965], [35.1198402, 54.9876735], [35.1156365, 54.9842211], [35.1147711, 54.9825302], [35.1149565, 54.9815842], [35.1181917, 54.9794321], [35.1242912, 54.9774926], [35.1246827, 54.976925], [35.124353, 54.9755177], [35.1223748, 54.9743705], [35.1213239, 54.974607], [35.1194899, 54.9738501], [35.1161375, 54.9720468], [35.1108908, 54.9721085], [35.106137, 54.9729039], [35.1011296, 54.9715319], [35.0994811, 54.971662], [35.0950714, 54.9736727], [35.0935842, 54.9749315], [35.0929553, 54.9761213], [35.0918525, 54.9750881], [35.0904537, 54.9748707], [35.0905557, 54.9743271], [35.0915174, 54.9738922], [35.0897543, 54.9737751], [35.0894338, 54.9729472], [35.0858237, 54.9726912], [35.0853393, 54.9735995], [35.0842465, 54.9730392], [35.0830954, 54.9734573], [35.081478, 54.9731981], [35.0804581, 54.9719938], [35.0810555, 54.9716927], [35.0807058, 54.9706975], [35.0818007, 54.9697619], [35.0758581, 54.9671986], [35.0714133, 54.970802], [35.0682601, 54.9703881], [35.0626335, 54.9706981], [35.057877, 54.9699889], [35.055928, 54.9708234], [35.0498405, 54.9692556], [35.0492635, 54.9686286], [35.0492429, 54.966251], [35.0535291, 54.9640862], [35.0533436, 54.9621816], [35.0521896, 54.9603833], [35.0481508, 54.9594368], [35.0428343, 54.9593658], [35.0346164, 54.9600303], [35.0309239, 54.9585613], [35.0302644, 54.9577804], [35.0302644, 54.9556506], [35.031439, 54.954207], [35.0341591, 54.9524202], [35.0358076, 54.9515919], [35.0439059, 54.950231], [35.0444416, 54.9470594], [35.0435144, 54.9455208], [35.0406501, 54.9446923], [35.0364258, 54.9454143], [35.0341385, 54.9435916], [35.0326136, 54.9414137], [35.028719, 54.940739], [35.0230484, 54.9413913], [35.0180449, 54.943343], [35.0165818, 54.9446923], [35.0131611, 54.9454498], [35.0094108, 54.9452722], [35.0071235, 54.9439348], [35.0065465, 54.9426802], [35.0072471, 54.940526], [35.0084011, 54.9391292], [35.0085041, 54.9378389], [35.0104435, 54.9360769], [35.0148646, 54.9344151], [35.020074, 54.9338921], [35.021664, 54.9331604], [35.0230934, 54.9313987], [35.0238353, 54.9293504], [35.0234031, 54.9254245]]]}}, {"type": "Feature", "properties": {"rda_code": "KG-30", "rda_name": "YUKHNOVSKY AREA / incl. YuHNOV/", "osm_name": "Юхновский муниципальный округ", "match_score": 1.0, "match_reason": "alias:yukhnovskii"}, "geometry": {"type": "Polygon", "coordinates": [[[34.8937356, 54.7575312], [34.8974617, 54.7571519], [34.9079869, 54.7513041], [34.909972, 54.7510998], [34.9137672, 54.7497064], [34.9137876, 54.748421], [34.9149116, 54.7473716], [34.9173102, 54.7419541], [34.91667, 54.7404338], [34.9167014, 54.7388519], [34.9152014, 54.7362038], [34.9157878, 54.7314577], [34.9217537, 54.7292257], [34.9273083, 54.7261534], [34.9292394, 54.7245349], [34.9291594, 54.7230595], [34.9286231, 54.7225805], [34.9273943, 54.7215336], [34.9264014, 54.7213284], [34.9256234, 54.7202313], [34.9239037, 54.7198523], [34.9223223, 54.7188364], [34.9212891, 54.7174402], [34.9222082, 54.7145544], [34.9447319, 54.714433], [34.9616083, 54.6682987], [34.964179, 54.668888], [34.9967994, 54.6870157], [35.000853, 54.6867724], [34.9991569, 54.6768026], [35.0016744, 54.6774745], [34.9994208, 54.6736838], [34.9994225, 54.67237], [35.001534, 54.6691218], [35.0014477, 54.6669845], [35.0025254, 54.6657324], [35.0049801, 54.6644469], [35.0041548, 54.6638227], [35.0040522, 54.6630558], [35.0051381, 54.662516], [35.0030654, 54.6607549], [35.0039169, 54.6583174], [35.0053124, 54.6575322], [35.0053085, 54.6570547], [35.0059249, 54.657256], [35.0091968, 54.6560005], [35.0094922, 54.6542478], [35.0100569, 54.6537735], [35.0098766, 54.6521837], [35.0105341, 54.6510809], [35.0124376, 54.649237], [35.0148192, 54.6485491], [35.015167, 54.6469801], [35.0159737, 54.6464339], [35.0188439, 54.6460048], [35.0231058, 54.647318], [35.0246368, 54.6473074], [35.0260583, 54.6460853], [35.0273421, 54.6462161], [35.0285274, 54.6456945], [35.0308635, 54.6459453], [35.0341888, 54.6447007], [35.0356998, 54.6448467], [35.0364772, 54.6443163], [35.0362362, 54.6436626], [35.0401043, 54.6418188], [35.0400357, 54.6404368], [35.0390194, 54.6397538], [35.0381716, 54.6367744], [35.0376065, 54.6365616], [35.0381902, 54.6350783], [35.0371915, 54.633743], [35.039941, 54.6335187], [35.0399167, 54.6316509], [35.0411883, 54.6304452], [35.0411237, 54.628946], [35.0437553, 54.6285117], [35.0466413, 54.6270798], [35.0496636, 54.6265724], [35.0523852, 54.627752], [35.0541864, 54.6271448], [35.0560709, 54.6281589], [35.0570035, 54.6274636], [35.0589356, 54.6272618], [35.0597799, 54.6275526], [35.0606303, 54.6290791], [35.0652849, 54.6320119], [35.0662335, 54.6346806], [35.0673791, 54.6351571], [35.0716823, 54.6344479], [35.0732048, 54.6359668], [35.0732127, 54.6367327], [35.0796339, 54.6376914], [35.0816979, 54.641014], [35.08806, 54.6377551], [35.1083189, 54.6344856], [35.1040748, 54.6265724], [35.1063475, 54.6222079], [35.1033177, 54.6215379], [35.1029845, 54.619011], [35.1001037, 54.6166112], [35.0983771, 54.6135633], [35.1029861, 54.6109348], [35.0973541, 54.6084737], [35.1036491, 54.6043532], [35.118914, 54.6036507], [35.1243429, 54.6061668], [35.1259366, 54.611363], [35.1290908, 54.6111402], [35.1311455, 54.6145136], [35.1337386, 54.6149303], [35.1247245, 54.6212095], [35.1229657, 54.6234632], [35.1247786, 54.6256605], [35.1267143, 54.6267617], [35.1286012, 54.6267422], [35.1298662, 54.6304715], [35.1404076, 54.6340908], [35.1431915, 54.6360165], [35.1486875, 54.6387039], [35.1558455, 54.6384205], [35.1627913, 54.6363513], [35.1575526, 54.6319083], [35.1561012, 54.6280017], [35.1467051, 54.6158031], [35.1481057, 54.6140476], [35.1483194, 54.6126188], [35.1521957, 54.608388], [35.150674, 54.6060796], [35.1507262, 54.6049737], [35.1510518, 54.6034756], [35.1537865, 54.5997485], [35.1555841, 54.5945773], [35.1556214, 54.5888904], [35.1599335, 54.5890372], [35.1612608, 54.592539], [35.1794715, 54.5902592], [35.1766786, 54.5825214], [35.1788088, 54.5782357], [35.1806906, 54.5764992], [35.1843858, 54.5707069], [35.1866033, 54.5691355], [35.1922277, 54.5666065], [35.2044818, 54.5626531], [35.2067216, 54.55809], [35.2108802, 54.5576038], [35.2150169, 54.5595793], [35.2158087, 54.5610332], [35.2174483, 54.5622027], [35.2232745, 54.5627094], [35.2236279, 54.5631548], [35.2277292, 54.5642995], [35.2442013, 54.5643568], [35.2552578, 54.5609249], [35.2621121, 54.5599407], [35.2627132, 54.558117], [35.2625232, 54.556481], [35.2643674, 54.5526488], [35.2640075, 54.5502549], [35.2648252, 54.547429], [35.2699328, 54.5416383], [35.278828, 54.5328665], [35.282367, 54.5284579], [35.2823371, 54.5271177], [35.2829313, 54.5268647], [35.2832324, 54.5257637], [35.2839025, 54.5254739], [35.2850969, 54.5233858], [35.2918932, 54.5237068], [35.2931717, 54.5219661], [35.2988667, 54.5198582], [35.3026511, 54.5170555], [35.3047843, 54.5180116], [35.3055008, 54.5175251], [35.3078201, 54.5182149], [35.3105379, 54.5198548], [35.3150059, 54.5192107], [35.3208538, 54.5153168], [35.3272577, 54.5143219], [35.332577, 54.5147899], [35.3337686, 54.5168725], [35.3387725, 54.518429], [35.3389047, 54.5191511], [35.3365051, 54.5214687], [35.3423438, 54.5272161], [35.3397574, 54.5290536], [35.3377704, 54.5297498], [35.337539, 54.5303022], [35.3327224, 54.5307458], [35.3328067, 54.5333517], [35.348928, 54.5330773], [35.3494917, 54.5386332], [35.3591037, 54.5364282], [35.3610655, 54.535035], [35.3680397, 54.5317913], [35.3744643, 54.5298083], [35.3840267, 54.5314954], [35.3885908, 54.5315003], [35.3910291, 54.5309892], [35.3930357, 54.5297706], [35.3958702, 54.5294865], [35.3987037, 54.527008], [35.4004919, 54.5263479], [35.4004083, 54.5257786], [35.4013431, 54.5250262], [35.4069639, 54.525635], [35.4110595, 54.5253218], [35.4126613, 54.5246056], [35.4133797, 54.5247406], [35.4166272, 54.5286691], [35.4143749, 54.5292863], [35.4149618, 54.5300103], [35.4141864, 54.5302697], [35.4184209, 54.5353714], [35.4197736, 54.5350762], [35.4196729, 54.5363755], [35.4356837, 54.5352643], [35.4430834, 54.5372099], [35.4447603, 54.5387102], [35.4458236, 54.5382161], [35.445674, 54.537032], [35.4466089, 54.5363346], [35.4496067, 54.5362449], [35.4517049, 54.5351556], [35.4541788, 54.5355277], [35.4552369, 54.5346361], [35.4561002, 54.5345539], [35.4576722, 54.536386], [35.45981, 54.536204], [35.4588953, 54.5326444], [35.4650005, 54.5296681], [35.468804, 54.5222691], [35.4639922, 54.5206672], [35.4658141, 54.519223], [35.4695182, 54.5186082], [35.4709099, 54.5171708], [35.4739639, 54.5170527], [35.4745066, 54.5164475], [35.4732243, 54.5124416], [35.4736824, 54.5111949], [35.4725235, 54.5110533], [35.4715116, 54.5101372], [35.4736222, 54.5092416], [35.4746025, 54.5098069], [35.47948, 54.5100974], [35.4853201, 54.5113946], [35.4906916, 54.5116294], [35.4978746, 54.5150478], [35.4990835, 54.5145174], [35.4990599, 54.5152708], [35.501503, 54.51804], [35.5014007, 54.5199066], [35.5067922, 54.5194818], [35.5071471, 54.5243422], [35.5079664, 54.5261333], [35.5121835, 54.5305014], [35.5123485, 54.5316795], [35.5167995, 54.5316699], [35.5263718, 54.5335109], [35.5276442, 54.535217], [35.5283209, 54.5371239], [35.5340609, 54.5453673], [35.5562936, 54.5357244], [35.5639217, 54.5418944], [35.5650841, 54.5480725], [35.5587144, 54.55315], [35.5569252, 54.5556066], [35.5622212, 54.5575563], [35.5656118, 54.5580988], [35.5715767, 54.5596601], [35.5715844, 54.5602078], [35.5737847, 54.5605404], [35.5747467, 54.5620656], [35.5724137, 54.567502], [35.5772993, 54.57454], [35.5962685, 54.5737327], [35.602879, 54.5711781], [35.6067115, 54.5713713], [35.6122183, 54.568616], [35.6220316, 54.566717], [35.633226, 54.5666223], [35.6437738, 54.5671582], [35.6457688, 54.5667526], [35.6498567, 54.5702644], [35.6669747, 54.5685365], [35.6678674, 54.5672187], [35.6721928, 54.5690257], [35.6737468, 54.5705184], [35.6755979, 54.5711207], [35.6770051, 54.5705302], [35.6795147, 54.5704431], [35.6797537, 54.5709018], [35.6790029, 54.5714918], [35.6788734, 54.5728495], [35.6812767, 54.5746944], [35.6807762, 54.5753687], [35.6763899, 54.5763897], [35.6747104, 54.5774067], [35.6746102, 54.5792518], [35.6714518, 54.5834937], [35.6706748, 54.5837697], [35.6694991, 54.5857588], [35.6731093, 54.585229], [35.6746846, 54.5857177], [35.6750551, 54.5853933], [35.6746059, 54.5846492], [35.6765419, 54.5846721], [35.6770329, 54.5850502], [35.6771803, 54.5865648], [35.6783869, 54.5877729], [35.6777271, 54.589648], [35.679932, 54.5898819], [35.6807402, 54.5903965], [35.6807689, 54.5916368], [35.6744143, 54.5983546], [35.6734972, 54.6026618], [35.6705819, 54.6026998], [35.662, 54.6094537], [35.657316, 54.6103453], [35.6535164, 54.6104781], [35.6494547, 54.6127164], [35.6435587, 54.6095296], [35.6419865, 54.6073669], [35.6391695, 54.6050714], [35.6356974, 54.6040848], [35.6328805, 54.6056595], [35.6309147, 54.6077176], [35.6318973, 54.6096526], [35.6272133, 54.6135033], [35.630063, 54.6142431], [35.6325852, 54.6173158], [35.633011, 54.6186055], [35.6381209, 54.6232329], [35.6433945, 54.6260773], [35.6471941, 54.624219], [35.6568242, 54.6218295], [35.6639321, 54.6233467], [35.669499, 54.6294056], [35.6617472, 54.6303947], [35.6592799, 54.6318897], [35.6585191, 54.6329382], [35.6565825, 54.6334598], [35.6561328, 54.6339694], [35.6565168, 54.6351385], [35.655206, 54.635517], [35.6517245, 54.6354512], [35.6448595, 54.6325725], [35.6433958, 54.6332942], [35.6426369, 54.6355847], [35.6433416, 54.6371849], [35.6431248, 54.6376555], [35.6400347, 54.6377182], [35.6396553, 54.6390987], [35.6404684, 54.6399458], [35.6448595, 54.6412634], [35.6450764, 54.6422045], [35.6439922, 54.6431456], [35.6414442, 54.643773], [35.6394384, 54.6433025], [35.6380831, 54.6422673], [35.6379454, 54.6413883], [35.6358693, 54.6413433], [35.6329174, 54.6391162], [35.6316873, 54.6399288], [35.6321794, 54.6410977], [35.6299026, 54.642541], [35.6298896, 54.6435633], [35.6279232, 54.643515], [35.6266186, 54.6455766], [35.6229322, 54.6462648], [35.6206143, 54.6461543], [35.6195725, 54.6473086], [35.6112904, 54.6471904], [35.6107024, 54.6503072], [35.6091897, 54.6528443], [35.6141346, 54.6568151], [35.6114296, 54.657994], [35.6085737, 54.6580592], [35.5985665, 54.6543054], [35.5948887, 54.6540684], [35.5934767, 54.6527115], [35.595571, 54.6527184], [35.595641, 54.6522613], [35.5929221, 54.6519097], [35.5904826, 54.6546851], [35.5845648, 54.6563078], [35.5850967, 54.6569963], [35.590949, 54.6589841], [35.5907039, 54.6605423], [35.5916587, 54.662443], [35.5901334, 54.6654164], [35.5889913, 54.6662004], [35.5815122, 54.6650812], [35.5820127, 54.6628429], [35.581399, 54.6601256], [35.5796246, 54.6588674], [35.5759456, 54.6582993], [35.5587213, 54.6594734], [35.5303704, 54.6653925], [35.5191139, 54.665009], [35.5130388, 54.6628976], [35.5084861, 54.6624981], [35.50668, 54.6629474], [35.501072, 54.6663378], [35.5000713, 54.6695983], [35.5000738, 54.673629], [35.5011909, 54.6760243], [35.5027494, 54.6778709], [35.5041871, 54.6780828], [35.5087028, 54.6774608], [35.5127667, 54.6786264], [35.5155081, 54.6799566], [35.5258569, 54.6895241], [35.5314748, 54.6931965], [35.5338181, 54.6961007], [35.536776, 54.6986211], [35.5375465, 54.7010868], [35.5369303, 54.7039199], [35.5383173, 54.7081287], [35.537814, 54.709945], [35.535, 54.7126397], [35.5345213, 54.7136385], [35.5325576, 54.7145314], [35.5333922, 54.7150428], [35.5290864, 54.7164337], [35.5318937, 54.7340353], [35.5335927, 54.7339249], [35.5388355, 54.7371756], [35.5404204, 54.7391087], [35.5401821, 54.7407537], [35.551621, 54.7381304], [35.5582045, 54.7385724], [35.5595697, 54.7402788], [35.5723084, 54.7507962], [35.5708298, 54.7519222], [35.575749, 54.7552197], [35.5761342, 54.757618], [35.5789374, 54.7581649], [35.5799331, 54.7600698], [35.5766695, 54.7605436], [35.5752221, 54.7620237], [35.5776453, 54.7645279], [35.5795755, 54.7652506], [35.5807013, 54.7662446], [35.5800905, 54.766468], [35.580816, 54.7668942], [35.580721, 54.7677155], [35.5822904, 54.7683592], [35.5834882, 54.7700353], [35.5809514, 54.7699794], [35.5759144, 54.7716218], [35.5695406, 54.7711094], [35.560349, 54.7711392], [35.5559802, 54.772648], [35.5453214, 54.7729757], [35.5431308, 54.7742687], [35.5420591, 54.7756044], [35.5435267, 54.7774395], [35.5465398, 54.7802427], [35.5533317, 54.7850606], [35.558814, 54.7910392], [35.5544386, 54.7951649], [35.5506729, 54.7976419], [35.5513631, 54.7996771], [35.5494258, 54.8002603], [35.5422397, 54.8074616], [35.5401228, 54.8090326], [35.5336814, 54.8178953], [35.5289716, 54.816664], [35.5301551, 54.8135326], [35.5263004, 54.8092411], [35.51924, 54.8040975], [35.5084976, 54.800204], [35.501586, 54.8007332], [35.490042, 54.7994608], [35.4889117, 54.8057561], [35.489053, 54.8074769], [35.4909477, 54.8107589], [35.4820665, 54.813009], [35.4865245, 54.8143821], [35.4871184, 54.817456], [35.4847478, 54.8259071], [35.48101, 54.8254458], [35.4743506, 54.8231951], [35.4744797, 54.8211246], [35.4700624, 54.8212956], [35.4589048, 54.8197033], [35.4491582, 54.8236985], [35.4438832, 54.8218915], [35.4421319, 54.824812], [35.4392078, 54.8263138], [35.4364223, 54.8258613], [35.4355723, 54.824442], [35.433335, 54.8238236], [35.4327439, 54.8245264], [35.430103, 54.8242556], [35.4303511, 54.8238751], [35.4299354, 54.8235727], [35.4306686, 54.8229389], [35.4291291, 54.8229359], [35.4307514, 54.8302345], [35.4282596, 54.8307477], [35.4312464, 54.8417911], [35.4327646, 54.843207], [35.4342993, 54.8461906], [35.4257039, 54.8467064], [35.4203829, 54.8477007], [35.4179325, 54.8466661], [35.4166723, 54.8473513], [35.4151074, 54.8461273], [35.3944317, 54.8480635], [35.3968588, 54.8465451], [35.3952952, 54.8453895], [35.396112, 54.8413581], [35.3979556, 54.8398798], [35.4073426, 54.8371398], [35.3942586, 54.8348534], [35.3894277, 54.8395978], [35.389031, 54.8406998], [35.379002, 54.8480443], [35.3745385, 54.8452041], [35.3743552, 54.8431635], [35.3599012, 54.8393446], [35.3563438, 54.8336639], [35.3417842, 54.8389007], [35.3396103, 54.8368249], [35.3312888, 54.8401323], [35.3292336, 54.8419778], [35.3304196, 54.8443366], [35.3293186, 54.8450751], [35.3244537, 54.8455276], [35.320869, 54.8486495], [35.3144926, 54.8461911], [35.308262, 54.8425408], [35.305159, 54.8350382], [35.2941751, 54.8370695], [35.2929916, 54.8356476], [35.279621, 54.8386245], [35.2799289, 54.8376542], [35.2761333, 54.832607], [35.2736586, 54.8301813], [35.265135, 54.8290073], [35.2609665, 54.8328246], [35.2542949, 54.8323719], [35.255564, 54.8389436], [35.25231, 54.839167], [35.2509335, 54.8421331], [35.2472028, 54.842257], [35.2352819, 54.8380676], [35.2320382, 54.8400549], [35.2420192, 54.844587], [35.2442534, 54.8448122], [35.2451106, 54.8453887], [35.2459149, 54.8485147], [35.2405979, 54.8476481], [35.2381057, 54.8479433], [35.2322079, 54.8468324], [35.2306612, 54.8499058], [35.2298074, 54.8498688], [35.2245033, 54.8483359], [35.2210897, 54.8480061], [35.2180921, 54.8458209], [35.2141985, 54.8449179], [35.2131397, 54.8442626], [35.2115706, 54.8444518], [35.2104932, 54.8437674], [35.2087128, 54.8439058], [35.2089824, 54.8432363], [35.2086211, 54.8429428], [35.2070853, 54.842036], [35.2054016, 54.841752], [35.2035109, 54.8400771], [35.2043702, 54.8377933], [35.2060078, 54.8376463], [35.2042327, 54.8366113], [35.2029248, 54.8346837], [35.1982767, 54.8328287], [35.1959032, 54.8311668], [35.1959455, 54.8303356], [35.1946692, 54.828835], [35.1917743, 54.828563], [35.1902845, 54.8277118], [35.1881828, 54.827715], [35.1843084, 54.8314968], [35.185857, 54.8341903], [35.1811309, 54.8351585], [35.1821786, 54.8369466], [35.1813113, 54.8372733], [35.1818417, 54.8379906], [35.1796112, 54.8397791], [35.1780666, 54.8397942], [35.1755245, 54.8410191], [35.1756504, 54.8418313], [35.1751606, 54.8420596], [35.1757427, 54.8428015], [35.1749484, 54.8440574], [35.1744277, 54.8437693], [35.167475, 54.8454335], [35.1649403, 54.844649], [35.1633811, 54.8435798], [35.162347, 54.8435961], [35.1632087, 54.8419572], [35.1546671, 54.8415815], [35.1569676, 54.8436566], [35.1559025, 54.8488265], [35.1573993, 54.8511781], [35.1540015, 54.8581211], [35.1571072, 54.8619175], [35.1621331, 54.8650319], [35.1602032, 54.8694736], [35.1580633, 54.8712995], [35.153524, 54.8738252], [35.1533418, 54.8752239], [35.1549398, 54.8783366], [35.1514067, 54.8790857], [35.1447239, 54.8790309], [35.1343944, 54.8765805], [35.1344967, 54.8774261], [35.1370858, 54.8782394], [35.1361142, 54.8785893], [35.1307538, 54.8905082], [35.130339, 54.8928475], [35.1098301, 54.888741], [35.1061078, 54.8888518], [35.1063625, 54.8896487], [35.1013516, 54.8896959], [35.1016742, 54.8940757], [35.0928507, 54.8948083], [35.0869087, 54.8940791], [35.0865952, 54.8935464], [35.0765693, 54.8937044], [35.0742488, 54.8941682], [35.0744388, 54.8965592], [35.0692509, 54.8969784], [35.0690891, 54.8978992], [35.0652843, 54.8983506], [35.0610906, 54.9006274], [35.0606816, 54.9018731], [35.0577342, 54.9039502], [35.0553451, 54.9047476], [35.0300545, 54.8978313], [35.0237289, 54.9093289], [35.0314103, 54.9149062], [35.0243361, 54.9188294], [35.0222616, 54.9166761], [35.0169008, 54.9176841], [35.0217763, 54.9230082], [35.0251948, 54.9232826], [35.0298692, 54.9220484], [35.0312045, 54.9236293], [35.0234031, 54.9254245], [35.0220103, 54.9244409], [35.0171368, 54.9235383], [35.0070688, 54.9263142], [35.0039832, 54.92562], [34.9996841, 54.9220389], [34.9993525, 54.9211642], [34.9996473, 54.9200388], [35.0017769, 54.9170894], [35.0016822, 54.9161685], [35.000037, 54.9152355], [34.9886153, 54.9141995], [34.9832673, 54.9152027], [34.9807074, 54.9139512], [34.9762564, 54.9142391], [34.9759782, 54.9135675], [34.9728068, 54.9122242], [34.9744481, 54.9082423], [34.9784819, 54.9060352], [34.9793721, 54.9052515], [34.9796224, 54.9037961], [34.980763, 54.90386], [34.9826825, 54.9019727], [34.9848802, 54.9012689], [34.9856313, 54.9016048], [34.9895816, 54.900837], [34.9906108, 54.8994933], [34.9909411, 54.8978913], [34.9875318, 54.8978169], [34.9863955, 54.8970595], [34.9845162, 54.8946088], [34.9806638, 54.8934002], [34.9693985, 54.8931658], [34.9554997, 54.8940197], [34.9536492, 54.8947976], [34.9527836, 54.8958438], [34.9536148, 54.9013262], [34.9531944, 54.9029711], [34.9439087, 54.9079966], [34.9409255, 54.9116284], [34.9405032, 54.9132803], [34.940865, 54.915096], [34.942171, 54.918135], [34.9441742, 54.9196526], [34.943811, 54.9206331], [34.9409414, 54.9223788], [34.9361568, 54.9243202], [34.9265497, 54.9257384], [34.924315, 54.9264727], [34.9187026, 54.930825], [34.9163876, 54.9349316], [34.9098177, 54.9330755], [34.9061715, 54.9300706], [34.9046367, 54.9269135], [34.908369, 54.9245554], [34.9107817, 54.9237052], [34.9097945, 54.9214003], [34.917957, 54.9183923], [34.9235743, 54.9126943], [34.9078694, 54.9012497], [34.9060939, 54.9030906], [34.8995561, 54.9048414], [34.8937989, 54.9011366], [34.884045, 54.9005716], [34.8768031, 54.9024441], [34.8689392, 54.9026622], [34.8686678, 54.9023178], [34.8728157, 54.9013019], [34.8720391, 54.8991452], [34.8678752, 54.8937291], [34.8702711, 54.8931874], [34.8689974, 54.8909807], [34.8645375, 54.8914769], [34.8629677, 54.8906216], [34.8668012, 54.8888825], [34.8759573, 54.8868245], [34.8766802, 54.8855813], [34.874551, 54.8834017], [34.874993, 54.8819893], [34.8765128, 54.8803067], [34.8769691, 54.8781893], [34.8801239, 54.8769735], [34.8805803, 54.8759062], [34.8796874, 54.8747018], [34.8783283, 54.8740168], [34.8780604, 54.8732405], [34.8768863, 54.8729258], [34.8715889, 54.8680093], [34.8724336, 54.8647407], [34.8748608, 54.8626575], [34.8744539, 54.8612605], [34.876073, 54.8559605], [34.8778695, 54.8533972], [34.8760715, 54.8519295], [34.8878012, 54.8473453], [34.8789484, 54.8411471], [34.8842891, 54.832883], [34.8828392, 54.8327356], [34.8850467, 54.830299], [34.8828315, 54.8292173], [34.8807499, 54.8273715], [34.8798558, 54.8255394], [34.8826378, 54.8200657], [34.8850194, 54.8174517], [34.8890776, 54.8203567], [34.8953636, 54.8222082], [34.8972985, 54.8188634], [34.8994499, 54.8170398], [34.8979731, 54.8152507], [34.8957311, 54.8146791], [34.8883507, 54.8091666], [34.8926726, 54.8015701], [34.9002354, 54.8018403], [34.9045574, 54.7938724], [34.9084738, 54.7931972], [34.9034771, 54.7910364], [34.905368, 54.7875251], [34.9242748, 54.7896862], [34.9284617, 54.7837103], [34.9204939, 54.7804689], [34.9118507, 54.7797936], [34.90348, 54.7780069], [34.9075295, 54.7719268], [34.9067194, 54.7677402], [34.8937356, 54.7575312]]]}}, {"type": "Feature", "properties": {"rda_code": "KG-22", "rda_name": "MOSALSKY AREA / incl. MOSALSK/", "osm_name": "Мосальский муниципальный округ", "match_score": 1.0, "match_reason": "alias:мосалскии"}, "geometry": {"type": "Polygon", "coordinates": [[[34.4158672, 54.5137402], [34.4185261, 54.5136684], [34.426497, 54.5106989], [34.4355423, 54.5103055], [34.4363575, 54.5131293], [34.4386951, 54.5130855], [34.4420422, 54.5140288], [34.4430571, 54.5160093], [34.4487735, 54.5191175], [34.456319, 54.5170624], [34.4590192, 54.5169466], [34.4605374, 54.5137877], [34.4614607, 54.50627], [34.4670193, 54.5013798], [34.4741619, 54.5038767], [34.4760026, 54.5018208], [34.4805002, 54.4994762], [34.4852492, 54.4986562], [34.488311, 54.499061], [34.4898103, 54.5000839], [34.5001709, 54.5037367], [34.5063778, 54.5047175], [34.5101424, 54.5061538], [34.5114875, 54.5080759], [34.5163702, 54.5122649], [34.5200469, 54.5121348], [34.5324392, 54.5102875], [34.5398877, 54.5106567], [34.5442367, 54.5156798], [34.5440853, 54.5096233], [34.5450121, 54.50689], [34.5443478, 54.50555], [34.5477877, 54.5016581], [34.5530929, 54.4985494], [34.5609649, 54.500626], [34.5611618, 54.4973964], [34.5659896, 54.4965443], [34.5689153, 54.4912915], [34.5662606, 54.4846447], [34.5677455, 54.4855786], [34.5717586, 54.4847967], [34.576233, 54.4847965], [34.5834052, 54.483423], [34.6021017, 54.4749116], [34.6075788, 54.4642575], [34.6097341, 54.45899], [34.6132955, 54.4564963], [34.6154091, 54.452159], [34.617473, 54.4506909], [34.6310688, 54.4490532], [34.637428, 54.4541482], [34.6413872, 54.4532589], [34.6421945, 54.4562481], [34.6445935, 54.4581657], [34.6510336, 54.4605882], [34.6516982, 54.4577273], [34.6563713, 54.4577739], [34.6574417, 54.4573341], [34.6606439, 54.4582041], [34.6627401, 54.457827], [34.6699398, 54.4590869], [34.6713268, 54.4603228], [34.6704753, 54.4617572], [34.6710433, 54.4624418], [34.6700774, 54.4632042], [34.6709434, 54.4635593], [34.6709094, 54.4644356], [34.6682519, 54.4660138], [34.6568188, 54.4688922], [34.6534947, 54.4756564], [34.6737719, 54.480904], [34.6776337, 54.4768232], [34.6942691, 54.4736081], [34.6942567, 54.4725933], [34.6994944, 54.4715173], [34.7218992, 54.4737547], [34.7301712, 54.4737273], [34.7304426, 54.4724806], [34.7336091, 54.4701336], [34.7424747, 54.4682575], [34.7429051, 54.4660965], [34.743719, 54.4653778], [34.7437186, 54.4644011], [34.7430251, 54.4637589], [34.7442445, 54.4612502], [34.7431335, 54.4599085], [34.7415387, 54.4593036], [34.7404904, 54.4581021], [34.7404442, 54.4570532], [34.7413461, 54.4564466], [34.7405035, 54.455924], [34.7418844, 54.4556875], [34.7412068, 54.4543314], [34.7424039, 54.453814], [34.7410397, 54.4527529], [34.7409715, 54.4520749], [34.7389206, 54.4506983], [34.7399401, 54.449955], [34.7416976, 54.4500524], [34.7440633, 54.4491298], [34.7472886, 54.4492416], [34.7526108, 54.4483675], [34.7525765, 54.4472831], [34.7516239, 54.4458245], [34.7534994, 54.4456694], [34.7560668, 54.4462838], [34.7584372, 54.4423935], [34.7605785, 54.4421689], [34.7632727, 54.4406775], [34.7721126, 54.4385566], [34.7734459, 54.4378182], [34.7754142, 54.4355005], [34.7744591, 54.4316759], [34.7698366, 54.4231326], [34.7668432, 54.4253797], [34.763569, 54.4241008], [34.7623448, 54.4215291], [34.7514791, 54.4142443], [34.753463, 54.4135023], [34.7445159, 54.408419], [34.7461713, 54.4062465], [34.7479534, 54.4055328], [34.7498353, 54.4038359], [34.7543044, 54.4066411], [34.7571257, 54.4065199], [34.7623019, 54.4078972], [34.76268, 54.4113123], [34.7639621, 54.4160686], [34.7665581, 54.4155488], [34.7695586, 54.4164778], [34.7699977, 54.4177814], [34.7744916, 54.4179906], [34.7765628, 54.4186382], [34.7863207, 54.407355], [34.787968, 54.4071518], [34.7890972, 54.4083299], [34.7910527, 54.407358], [34.7853787, 54.4001437], [34.7828877, 54.3991316], [34.7842791, 54.3976592], [34.7927369, 54.3990161], [34.7960207, 54.4007877], [34.7991874, 54.4013653], [34.802326, 54.3964549], [34.7954011, 54.394585], [34.7967302, 54.3923287], [34.797259, 54.3902003], [34.7983526, 54.3887568], [34.7967699, 54.3882918], [34.7950936, 54.3868034], [34.7973753, 54.3841457], [34.7981916, 54.3814635], [34.7967042, 54.3791184], [34.792014, 54.3788029], [34.7881154, 54.3750102], [34.7867274, 54.3724076], [34.7880135, 54.3697561], [34.7972054, 54.3695827], [34.808284, 54.3658506], [34.8113589, 54.3625713], [34.8218527, 54.3622032], [34.8187382, 54.3577891], [34.8207376, 54.3564741], [34.8263958, 54.3563635], [34.8286159, 54.3578706], [34.837714, 54.3591199], [34.8398178, 54.3607178], [34.8484199, 54.3630794], [34.8508871, 54.3608324], [34.8541197, 54.356004], [34.8600815, 54.3560354], [34.863031, 54.3552467], [34.8732935, 54.3635952], [34.8676654, 54.3676538], [34.8666745, 54.3676453], [34.8634794, 54.3703739], [34.8610662, 54.3712731], [34.8699194, 54.3756646], [34.868839, 54.3777707], [34.8646362, 54.3786745], [34.863402, 54.3780375], [34.8627118, 54.3781585], [34.8625614, 54.3786703], [34.859682, 54.3790226], [34.8581802, 54.3795937], [34.8557328, 54.3817633], [34.856895, 54.3829939], [34.8569338, 54.3838569], [34.8623648, 54.3850489], [34.8743162, 54.382454], [34.8810181, 54.3828745], [34.8810457, 54.3847365], [34.8774237, 54.3855039], [34.8733275, 54.3890809], [34.8724386, 54.3905229], [34.8752333, 54.393364], [34.8704174, 54.395879], [34.8776607, 54.4010188], [34.8786236, 54.4029189], [34.8829214, 54.4051897], [34.886633, 54.4036678], [34.8889077, 54.404211], [34.8896458, 54.4048276], [34.8953978, 54.4051039], [34.8988117, 54.4045982], [34.9035598, 54.401564], [34.9055053, 54.4011844], [34.9099, 54.4013695], [34.9123016, 54.4007793], [34.9136514, 54.3981797], [34.9168108, 54.39818], [34.9167291, 54.4032064], [34.9172444, 54.4038265], [34.9203224, 54.4031326], [34.9223401, 54.4018185], [34.9242802, 54.3993816], [34.9256277, 54.3987329], [34.935653, 54.3971205], [34.936779, 54.3994485], [34.9420735, 54.4017056], [34.9455677, 54.4047347], [34.9504209, 54.4054135], [34.9568458, 54.4090155], [34.9568031, 54.4106194], [34.9635873, 54.4138782], [34.9647102, 54.415737], [34.9656145, 54.4155995], [34.9672264, 54.4137855], [34.967433, 54.411655], [34.969136, 54.4101177], [34.9668707, 54.4097965], [34.9670825, 54.4073861], [34.9684158, 54.4065862], [34.9693965, 54.404089], [34.9697642, 54.4013419], [34.9756635, 54.4006283], [34.9780692, 54.401663], [34.9787127, 54.4014489], [34.9783909, 54.3998255], [34.9795779, 54.3991755], [34.9870636, 54.3974171], [34.9896225, 54.4000129], [34.9939895, 54.3998791], [34.9912314, 54.4055962], [34.9936984, 54.4057122], [34.998617, 54.4070767], [35.0163799, 54.405369], [35.0196708, 54.406672], [35.0231177, 54.4087794], [35.0308935, 54.4089228], [35.0373583, 54.4071219], [35.0449797, 54.4078072], [35.0467561, 54.4092917], [35.0489836, 54.4086015], [35.0488126, 54.4102193], [35.0479292, 54.4115751], [35.0480859, 54.4122302], [35.0491759, 54.4126116], [35.0492543, 54.4131008], [35.0481748, 54.414465], [35.0484998, 54.4164932], [35.0476379, 54.4197258], [35.0489052, 54.4198476], [35.0524533, 54.422873], [35.0594003, 54.4237732], [35.0643717, 54.4216892], [35.0655136, 54.4225093], [35.1187268, 54.4007629], [35.1252426, 54.4025408], [35.1433635, 54.406275], [35.1456181, 54.4048303], [35.1446461, 54.4039668], [35.1449723, 54.4032203], [35.1479428, 54.4016794], [35.1509712, 54.4038687], [35.1529445, 54.4036078], [35.1541548, 54.4028276], [35.1753511, 54.4022033], [35.1768589, 54.4040868], [35.1692769, 54.4057334], [35.164956, 54.4104647], [35.1721523, 54.409594], [35.1771464, 54.410262], [35.1794188, 54.4110153], [35.1823399, 54.4110664], [35.1866132, 54.4124808], [35.1856474, 54.413341], [35.1852797, 54.4153622], [35.1875556, 54.418104], [35.1867885, 54.4185097], [35.1875922, 54.4188833], [35.1867882, 54.4201306], [35.1868453, 54.421302], [35.187911, 54.4220881], [35.1879, 54.4236153], [35.1887161, 54.4249158], [35.1927662, 54.4275112], [35.1956818, 54.4282062], [35.1965868, 54.428877], [35.1964403, 54.4295955], [35.1968221, 54.4307251], [35.1974135, 54.4310329], [35.1972991, 54.4317248], [35.1986082, 54.4323432], [35.1986105, 54.4328145], [35.2001158, 54.4329361], [35.2003924, 54.4336539], [35.1992462, 54.4341364], [35.2014628, 54.4353099], [35.2023156, 54.4361406], [35.2022153, 54.4368203], [35.2036348, 54.4369401], [35.2033365, 54.4373623], [35.2041879, 54.4375995], [35.2041737, 54.439067], [35.2051258, 54.4408293], [35.213621, 54.4395049], [35.2174884, 54.4441973], [35.2215971, 54.4444723], [35.2221078, 54.4435743], [35.2282855, 54.4454881], [35.2291653, 54.4522905], [35.2173868, 54.4491172], [35.2116359, 54.4497431], [35.2124019, 54.4521502], [35.2122112, 54.4542188], [35.2098081, 54.4553453], [35.2096903, 54.4562393], [35.204075, 54.4600152], [35.2030544, 54.4615163], [35.2051155, 54.467433], [35.2070392, 54.4696205], [35.2065556, 54.4717591], [35.209358, 54.4730519], [35.2106177, 54.4745493], [35.2030129, 54.4841339], [35.2018034, 54.4871587], [35.2025751, 54.489654], [35.2044604, 54.4922027], [35.2102926, 54.4948818], [35.2179769, 54.5045393], [35.218566, 54.5057385], [35.2168462, 54.5086861], [35.2131265, 54.5094294], [35.2164199, 54.5100124], [35.2864939, 54.5088291], [35.2862584, 54.5234796], [35.2850969, 54.5233858], [35.2839025, 54.5254739], [35.2832324, 54.5257637], [35.2829313, 54.5268647], [35.2823371, 54.5271177], [35.282367, 54.5284579], [35.278828, 54.5328665], [35.2650145, 54.547131], [35.2640075, 54.5502549], [35.2643674, 54.5526488], [35.2625232, 54.556481], [35.2627132, 54.558117], [35.2621121, 54.5599407], [35.2552578, 54.5609249], [35.2442013, 54.5643568], [35.2277292, 54.5642995], [35.2236279, 54.5631548], [35.2232745, 54.5627094], [35.2174483, 54.5622027], [35.2158087, 54.5610332], [35.2150169, 54.5595793], [35.2108802, 54.5576038], [35.2067216, 54.55809], [35.2044818, 54.5626531], [35.1922277, 54.5666065], [35.1866033, 54.5691355], [35.1843858, 54.5707069], [35.1806906, 54.5764992], [35.1788088, 54.5782357], [35.1766786, 54.5825214], [35.1794715, 54.5902592], [35.1612608, 54.592539], [35.1599335, 54.5890372], [35.1556214, 54.5888904], [35.1555841, 54.5945773], [35.1537865, 54.5997485], [35.1510518, 54.6034756], [35.1507262, 54.6049737], [35.150674, 54.6060796], [35.1521957, 54.608388], [35.1483194, 54.6126188], [35.1481057, 54.6140476], [35.1467051, 54.6158031], [35.1561012, 54.6280017], [35.1575526, 54.6319083], [35.1627913, 54.6363513], [35.1558455, 54.6384205], [35.1486875, 54.6387039], [35.1431915, 54.6360165], [35.1404076, 54.6340908], [35.1298662, 54.6304715], [35.1286012, 54.6267422], [35.1267143, 54.6267617], [35.1247786, 54.6256605], [35.1229657, 54.6234632], [35.1247245, 54.6212095], [35.1337386, 54.6149303], [35.1311455, 54.6145136], [35.1290908, 54.6111402], [35.1259366, 54.611363], [35.1243429, 54.6061668], [35.118914, 54.6036507], [35.1031706, 54.6044463], [35.0973541, 54.6084737], [35.1029861, 54.6109348], [35.0983771, 54.6135633], [35.1001037, 54.6166112], [35.1029845, 54.619011], [35.1033177, 54.6215379], [35.1063475, 54.6222079], [35.1040748, 54.6265724], [35.1083189, 54.6344856], [35.08806, 54.6377551], [35.0816979, 54.641014], [35.0796339, 54.6376914], [35.0732127, 54.6367327], [35.0732048, 54.6359668], [35.0716823, 54.6344479], [35.0673791, 54.6351571], [35.0662335, 54.6346806], [35.0652849, 54.6320119], [35.0606303, 54.6290791], [35.0597799, 54.6275526], [35.0589356, 54.6272618], [35.0570035, 54.6274636], [35.0560709, 54.6281589], [35.0541864, 54.6271448], [35.0523852, 54.627752], [35.0496636, 54.6265724], [35.0466413, 54.6270798], [35.0437553, 54.6285117], [35.0411237, 54.628946], [35.0411883, 54.6304452], [35.0399167, 54.6316509], [35.039941, 54.6335187], [35.0371915, 54.633743], [35.0381902, 54.6350783], [35.0376065, 54.6365616], [35.0381716, 54.6367744], [35.0390194, 54.6397538], [35.0400357, 54.6404368], [35.0401043, 54.6418188], [35.0362362, 54.6436626], [35.0364772, 54.6443163], [35.0356998, 54.6448467], [35.0341888, 54.6447007], [35.0308635, 54.6459453], [35.0285274, 54.6456945], [35.0273421, 54.6462161], [35.0260583, 54.6460853], [35.0246368, 54.6473074], [35.0231058, 54.647318], [35.0188439, 54.6460048], [35.0159737, 54.6464339], [35.015167, 54.6469801], [35.0148192, 54.6485491], [35.0124376, 54.649237], [35.0105341, 54.6510809], [35.0098766, 54.6521837], [35.0100569, 54.6537735], [35.0094922, 54.6542478], [35.0091968, 54.6560005], [35.0059249, 54.657256], [35.0053085, 54.6570547], [35.0053124, 54.6575322], [35.0039169, 54.6583174], [35.0030654, 54.6607549], [35.0051381, 54.662516], [35.0040522, 54.6630558], [35.0041548, 54.6638227], [35.0049801, 54.6644469], [35.0025254, 54.6657324], [35.0014477, 54.6669845], [35.001534, 54.6691218], [34.9994225, 54.67237], [34.9994208, 54.6736838], [35.0016744, 54.6774745], [34.9991569, 54.6768026], [35.000853, 54.6867724], [34.9967994, 54.6870157], [34.964179, 54.668888], [34.9616083, 54.6682987], [34.9447319, 54.714433], [34.9222082, 54.7145544], [34.9212891, 54.7174402], [34.9223223, 54.7188364], [34.9239037, 54.7198523], [34.9256234, 54.7202313], [34.9264014, 54.7213284], [34.9273943, 54.7215336], [34.9286231, 54.7225805], [34.9291594, 54.7230595], [34.9292394, 54.7245349], [34.9273083, 54.7261534], [34.9217537, 54.7292257], [34.9157878, 54.7314577], [34.9152014, 54.7362038], [34.9167014, 54.7388519], [34.91667, 54.7404338], [34.9173102, 54.7419541], [34.9149116, 54.7473716], [34.9137876, 54.748421], [34.9137672, 54.7497064], [34.909972, 54.7510998], [34.9079869, 54.7513041], [34.8974617, 54.7571519], [34.8937356, 54.7575312], [34.8829707, 54.7563427], [34.8823791, 54.7557603], [34.8746462, 54.7536413], [34.8714304, 54.7538794], [34.870956, 54.7528136], [34.8713134, 54.7518228], [34.8710399, 54.7503376], [34.8664588, 54.745452], [34.8666765, 54.743363], [34.8652385, 54.7395664], [34.8658851, 54.7377423], [34.8673824, 54.7364349], [34.8591735, 54.7321156], [34.8506657, 54.7290852], [34.8420218, 54.7278877], [34.8409625, 54.7263208], [34.839472, 54.7255173], [34.836757, 54.7250541], [34.8354189, 54.7234736], [34.8338798, 54.7230127], [34.8326011, 54.7220105], [34.8318491, 54.7195251], [34.832656, 54.7178825], [34.8340161, 54.7177355], [34.8333586, 54.7165807], [34.8341078, 54.716005], [34.8340506, 54.7152276], [34.8319253, 54.7145993], [34.8315458, 54.7138834], [34.8301743, 54.7134491], [34.8297693, 54.7130266], [34.8300537, 54.7126141], [34.8292561, 54.7119387], [34.8299845, 54.711629], [34.8300262, 54.7111174], [34.8310165, 54.7110185], [34.8307557, 54.710126], [34.8333401, 54.7097058], [34.8339861, 54.708861], [34.8329283, 54.7078642], [34.8335385, 54.7069935], [34.8319786, 54.706722], [34.8315877, 54.7060424], [34.8300106, 54.7055396], [34.8298103, 54.7045921], [34.8285818, 54.7039039], [34.8286208, 54.7034685], [34.8266945, 54.703108], [34.8268089, 54.7026265], [34.8276422, 54.7028381], [34.8265779, 54.7020294], [34.826719, 54.7015023], [34.8254255, 54.7003324], [34.8247316, 54.7003394], [34.824889, 54.6998837], [34.8239182, 54.69959], [34.8234305, 54.6988896], [34.8246276, 54.6976814], [34.8240643, 54.6969645], [34.8201136, 54.6964667], [34.8173981, 54.6966669], [34.8186906, 54.695501], [34.8154009, 54.6952061], [34.8141592, 54.6944296], [34.8144093, 54.6935513], [34.8125628, 54.6947516], [34.8111806, 54.6966819], [34.8114366, 54.6992261], [34.8110628, 54.6995957], [34.8046128, 54.700614], [34.8019778, 54.7015683], [34.7992514, 54.702712], [34.7991762, 54.7042581], [34.7949126, 54.7047298], [34.7899361, 54.7075208], [34.7837763, 54.7071573], [34.7809953, 54.70765], [34.7776119, 54.70932], [34.7734561, 54.7099098], [34.7715708, 54.7092444], [34.7722329, 54.70865], [34.7715416, 54.7076472], [34.7730608, 54.7070969], [34.77147, 54.7054872], [34.7661712, 54.7070227], [34.7587886, 54.7050383], [34.7502586, 54.7059257], [34.7451459, 54.7076774], [34.7437276, 54.7073542], [34.7411724, 54.7077372], [34.7401615, 54.7082679], [34.7390207, 54.7101755], [34.7341209, 54.7111591], [34.7250933, 54.7095053], [34.7190015, 54.7099999], [34.7183931, 54.7107189], [34.7165621, 54.7105141], [34.7161638, 54.7108277], [34.7172901, 54.7112997], [34.7156477, 54.7117582], [34.7153085, 54.7113785], [34.7113211, 54.7111955], [34.7105846, 54.7107106], [34.7086692, 54.7117155], [34.7063374, 54.7115526], [34.7056017, 54.7112511], [34.7042897, 54.709037], [34.704001, 54.7073406], [34.7034242, 54.7066213], [34.7048168, 54.703532], [34.7043106, 54.7016093], [34.7048631, 54.7011189], [34.7043659, 54.700688], [34.7046384, 54.7002394], [34.7042601, 54.6995813], [34.7056857, 54.6976726], [34.7027501, 54.6944706], [34.7035556, 54.6937343], [34.7031477, 54.6917128], [34.7021822, 54.6910118], [34.7023865, 54.6824684], [34.6961124, 54.682403], [34.693347, 54.6797086], [34.6910232, 54.6789301], [34.6846161, 54.6745759], [34.6776868, 54.6745394], [34.6764066, 54.6764749], [34.6748956, 54.6775585], [34.6696301, 54.679804], [34.6635024, 54.6769057], [34.6479838, 54.6731928], [34.641951, 54.6697785], [34.636341, 54.6678113], [34.6357119, 54.6690833], [34.6331803, 54.6662575], [34.6327683, 54.6635135], [34.6320034, 54.6624064], [34.6276894, 54.6608812], [34.6258575, 54.6606499], [34.6256306, 54.6610907], [34.6209993, 54.6613327], [34.6188915, 54.6622046], [34.6124784, 54.6633811], [34.6115834, 54.6643999], [34.6080925, 54.6648413], [34.6085549, 54.6661002], [34.6066922, 54.6691255], [34.6054826, 54.6697426], [34.6056663, 54.6707025], [34.6045859, 54.6709922], [34.6040974, 54.6718287], [34.605067, 54.6731386], [34.6042705, 54.6730503], [34.6031627, 54.6741659], [34.6024866, 54.6737809], [34.6015446, 54.6740454], [34.601418, 54.6743998], [34.6022077, 54.6750335], [34.6014407, 54.6748902], [34.600478, 54.6754507], [34.5997551, 54.6774328], [34.5975051, 54.6772924], [34.5968097, 54.6777997], [34.5965263, 54.6788002], [34.5951069, 54.6789275], [34.5960013, 54.6795483], [34.5940375, 54.6801694], [34.5930794, 54.6799125], [34.5919191, 54.6812358], [34.5884975, 54.6829787], [34.5877583, 54.6828145], [34.5870513, 54.6835307], [34.5861502, 54.6834848], [34.5856687, 54.6820838], [34.5842497, 54.6812068], [34.5846869, 54.6805193], [34.5827102, 54.6787114], [34.5806499, 54.6787559], [34.5779433, 54.6779217], [34.575505, 54.6761004], [34.5727352, 54.6757791], [34.5723448, 54.676398], [34.571504, 54.675792], [34.569456, 54.676076], [34.5682264, 54.675419], [34.5682642, 54.6773201], [34.542704, 54.6811387], [34.5341205, 54.6717615], [34.5328884, 54.6727909], [34.5303958, 54.6730988], [34.5310726, 54.6735294], [34.5308137, 54.6741716], [34.5296837, 54.6745345], [34.5276663, 54.6744407], [34.5264675, 54.6752695], [34.5256049, 54.6748131], [34.5232245, 54.6749336], [34.521937, 54.6754348], [34.5217298, 54.6764214], [34.5184485, 54.676609], [34.5178978, 54.6772062], [34.5144611, 54.676601], [34.5129419, 54.6768818], [34.5116304, 54.6776706], [34.5093296, 54.6858272], [34.4991664, 54.6913353], [34.475936, 54.6913125], [34.4752522, 54.6883832], [34.4641084, 54.6831167], [34.4589561, 54.6815229], [34.447369, 54.6798544], [34.4412747, 54.6797377], [34.4420637, 54.6851734], [34.4347981, 54.6888726], [34.4205756, 54.6912372], [34.4061221, 54.6887055], [34.4050913, 54.68366], [34.4057202, 54.6836805], [34.4056525, 54.6831049], [34.4027195, 54.682732], [34.4028966, 54.6806781], [34.4196172, 54.6790644], [34.4409978, 54.6784439], [34.4413689, 54.6792263], [34.4486725, 54.6793643], [34.4596589, 54.6814112], [34.4643261, 54.6828304], [34.4704185, 54.6756844], [34.4690617, 54.6715714], [34.4734139, 54.6678573], [34.4776826, 54.6691883], [34.478689, 54.6702755], [34.479893, 54.6704472], [34.4831271, 54.6644656], [34.4801757, 54.6634467], [34.4767565, 54.6614366], [34.4770729, 54.6596976], [34.4812436, 54.6585954], [34.4867614, 54.6580006], [34.4959764, 54.6578505], [34.50093, 54.6584883], [34.5047289, 54.6609252], [34.5178703, 54.660966], [34.5184628, 54.6519142], [34.5185561, 54.648688], [34.5124677, 54.6485165], [34.5124709, 54.646878], [34.5131484, 54.6372123], [34.5189737, 54.637374], [34.5206895, 54.598645], [34.4881923, 54.597902], [34.489236, 54.5872434], [34.4893502, 54.5784942], [34.4583127, 54.5778148], [34.458531, 54.576104], [34.4672552, 54.5655202], [34.4652457, 54.5640252], [34.4660089, 54.5624316], [34.4628335, 54.5613302], [34.4582925, 54.5588799], [34.4526583, 54.5534083], [34.4470465, 54.5523553], [34.4458127, 54.5481423], [34.4428747, 54.5454847], [34.4350758, 54.5451376], [34.439596, 54.5315333], [34.4277933, 54.5302776], [34.4246974, 54.5349346], [34.4210254, 54.5349891], [34.4143546, 54.5364017], [34.4123743, 54.5321114], [34.4129147, 54.5310434], [34.4112151, 54.5264774], [34.4111155, 54.5238851], [34.4184535, 54.5232753], [34.4158672, 54.5137402]]]}}, {"type": "Feature", "properties": {"rda_code": "KG-10", "rda_name": "DZERZHINSKY DISTRICT / incl. KONDROVO/", "osm_name": "Дзержинский муниципальный округ", "match_score": 1.0, "match_reason": "alias:dzerzhinskii"}, "geometry": {"type": "Polygon", "coordinates": [[[35.5076968, 54.6625878], [35.5130388, 54.6628976], [35.5170842, 54.6645036], [35.5214932, 54.6653057], [35.5303704, 54.6653925], [35.5587213, 54.6594734], [35.5759456, 54.6582993], [35.5796246, 54.6588674], [35.581399, 54.6601256], [35.5820127, 54.6628429], [35.5815122, 54.6650812], [35.5886812, 54.6662495], [35.5901334, 54.6654164], [35.5916587, 54.662443], [35.5907039, 54.6605423], [35.590949, 54.6589841], [35.5850967, 54.6569963], [35.5845648, 54.6563078], [35.5904826, 54.6546851], [35.5929221, 54.6519097], [35.595641, 54.6522613], [35.595571, 54.6527184], [35.5934767, 54.6527115], [35.5948887, 54.6540684], [35.5985665, 54.6543054], [35.6085737, 54.6580592], [35.6114296, 54.657994], [35.6140322, 54.6570779], [35.6138358, 54.656295], [35.6091897, 54.6528443], [35.6107024, 54.6503072], [35.6112904, 54.6471904], [35.6195725, 54.6473086], [35.6206143, 54.6461543], [35.6229322, 54.6462648], [35.6266186, 54.6455766], [35.6279232, 54.643515], [35.6298896, 54.6435633], [35.6299026, 54.642541], [35.6321794, 54.6410977], [35.6316873, 54.6399288], [35.6329174, 54.6391162], [35.6358693, 54.6413433], [35.6379454, 54.6413883], [35.6380831, 54.6422673], [35.6394384, 54.6433025], [35.6414442, 54.643773], [35.6439922, 54.6431456], [35.6450764, 54.6422045], [35.6448595, 54.6412634], [35.6404684, 54.6399458], [35.6396553, 54.6390987], [35.6400347, 54.6377182], [35.6431248, 54.6376555], [35.6433416, 54.6371849], [35.6426369, 54.6355847], [35.6433958, 54.6332942], [35.6448595, 54.6325725], [35.6517245, 54.6354512], [35.655206, 54.635517], [35.6565168, 54.6351385], [35.6561328, 54.6339694], [35.6565825, 54.6334598], [35.6585191, 54.6329382], [35.6592799, 54.6318897], [35.6617472, 54.6303947], [35.669499, 54.6294056], [35.6639321, 54.6233467], [35.6568242, 54.6218295], [35.6471941, 54.624219], [35.6433945, 54.6260773], [35.6381209, 54.6232329], [35.633011, 54.6186055], [35.6325852, 54.6173158], [35.630063, 54.6142431], [35.6272133, 54.6135033], [35.6318973, 54.6096526], [35.6309147, 54.6077176], [35.6328805, 54.6056595], [35.6356974, 54.6040848], [35.6391695, 54.6050714], [35.6419865, 54.6073669], [35.6435587, 54.6095296], [35.6494547, 54.6127164], [35.6535164, 54.6104781], [35.657316, 54.6103453], [35.662, 54.6094537], [35.6705819, 54.6026998], [35.6734972, 54.6026618], [35.6744143, 54.5983546], [35.6807689, 54.5916368], [35.6807402, 54.5903965], [35.679932, 54.5898819], [35.6777271, 54.589648], [35.6783869, 54.5877729], [35.6771803, 54.5865648], [35.6770329, 54.5850502], [35.6765419, 54.5846721], [35.6746059, 54.5846492], [35.6750551, 54.5853933], [35.6746846, 54.5857177], [35.6731093, 54.585229], [35.6694991, 54.5857588], [35.6706748, 54.5837697], [35.6714518, 54.5834937], [35.6746102, 54.5792518], [35.6747104, 54.5774067], [35.6763899, 54.5763897], [35.6807762, 54.5753687], [35.6812767, 54.5746944], [35.6788734, 54.5728495], [35.6790029, 54.5714918], [35.6796438, 54.5705479], [35.6770051, 54.5705302], [35.6757944, 54.5711464], [35.6737468, 54.5705184], [35.6730899, 54.5698514], [35.6736112, 54.5687629], [35.6726661, 54.5671707], [35.6753951, 54.5671706], [35.6761968, 54.5659394], [35.6843871, 54.564815], [35.6858385, 54.5638378], [35.7024807, 54.5600003], [35.7068139, 54.5594572], [35.7040941, 54.5565668], [35.6986637, 54.5556952], [35.6955206, 54.5569002], [35.6923165, 54.5520346], [35.6937969, 54.551693], [35.6930292, 54.5506018], [35.7036623, 54.548503], [35.7043715, 54.5516278], [35.7053153, 54.5527944], [35.7133555, 54.5575028], [35.7188921, 54.5594372], [35.72057, 54.5605617], [35.7298624, 54.5628689], [35.7309858, 54.5624005], [35.7334636, 54.5629201], [35.7378814, 54.5653582], [35.7405571, 54.5652925], [35.7427569, 54.564253], [35.7428305, 54.5634311], [35.7450603, 54.5625553], [35.7459003, 54.5626307], [35.7470425, 54.5635626], [35.7511252, 54.5640298], [35.7524251, 54.5625171], [35.7508909, 54.561203], [35.7528195, 54.5598148], [35.7532547, 54.5591193], [35.7529053, 54.5586606], [35.7626221, 54.5554835], [35.7694185, 54.5555421], [35.7786014, 54.5486167], [35.7782342, 54.5483608], [35.7825614, 54.5438822], [35.7868325, 54.5437012], [35.7904014, 54.5454256], [35.792808, 54.5435573], [35.7934944, 54.5417916], [35.7957877, 54.5405752], [35.7869607, 54.5347712], [35.7918766, 54.5339198], [35.8045537, 54.5287997], [35.8135131, 54.5284988], [35.8260825, 54.5219865], [35.8221259, 54.5189358], [35.8271951, 54.5190182], [35.8337886, 54.5175161], [35.8392619, 54.5183886], [35.8521064, 54.5227831], [35.8578354, 54.5290249], [35.8617781, 54.532332], [35.8808038, 54.5371438], [35.8696169, 54.5418375], [35.8640405, 54.5468248], [35.86514, 54.5477344], [35.8691606, 54.547347], [35.870426, 54.548092], [35.8776661, 54.5480715], [35.8787621, 54.5475727], [35.8814442, 54.5432495], [35.8972923, 54.5378385], [35.9007294, 54.5372579], [35.9022141, 54.5404626], [35.9260234, 54.5363237], [35.9288716, 54.5334549], [35.9360746, 54.5323164], [35.9455539, 54.5338312], [35.9575365, 54.5349668], [35.9619513, 54.5346417], [35.9661467, 54.5287366], [35.9733072, 54.5202175], [35.9850508, 54.5270708], [35.9877056, 54.5267675], [35.9900093, 54.5281175], [35.9977394, 54.52794], [35.9879869, 54.5289206], [36.0008503, 54.5366077], [36.0053935, 54.5342812], [36.0095301, 54.5367261], [36.0162124, 54.5377138], [36.015431, 54.53617], [36.018156, 54.5375765], [36.0196833, 54.5376823], [36.0226242, 54.5359948], [36.0263655, 54.5364578], [36.0287801, 54.5285969], [36.0323698, 54.5294738], [36.0362327, 54.5235585], [36.0559274, 54.5251084], [36.0702373, 54.5268178], [36.0698022, 54.5327058], [36.0625232, 54.535453], [36.0595975, 54.5373107], [36.0592467, 54.5383163], [36.0594754, 54.5403884], [36.0607302, 54.54314], [36.0605603, 54.5446319], [36.059268, 54.5464708], [36.0413103, 54.5600675], [36.0450654, 54.5623787], [36.0469579, 54.5613756], [36.0460567, 54.5605793], [36.0467434, 54.5596337], [36.0486531, 54.5584765], [36.0517859, 54.5588249], [36.0526432, 54.5583391], [36.0561171, 54.5583518], [36.0580445, 54.5589859], [36.0592103, 54.5600318], [36.0626006, 54.5603429], [36.0631907, 54.5613196], [36.0712695, 54.557282], [36.0761082, 54.5563425], [36.0768163, 54.5661965], [36.0615921, 54.5666008], [36.0531943, 54.5686102], [36.0617633, 54.575342], [36.0771837, 54.5749355], [36.0784725, 54.5914827], [36.0978972, 54.5914111], [36.1087297, 54.5921352], [36.1421908, 54.5917697], [36.1424005, 54.5927687], [36.143331, 54.5927847], [36.143288, 54.5938508], [36.1438914, 54.5947046], [36.1438367, 54.5972138], [36.1385514, 54.6075879], [36.1381073, 54.6093106], [36.1376724, 54.6092796], [36.1366895, 54.6139795], [36.1358839, 54.6218552], [36.1362224, 54.6238332], [36.1375496, 54.6259234], [36.1374536, 54.6271184], [36.1403814, 54.630114], [36.1382156, 54.6332086], [36.137453, 54.6331358], [36.137893, 54.6335776], [36.1368599, 54.6333834], [36.1363374, 54.6340122], [36.1374079, 54.6343918], [36.1322867, 54.6417585], [36.1339532, 54.6423071], [36.1345638, 54.6439719], [36.1377649, 54.6433768], [36.1416227, 54.6475214], [36.1424078, 54.6476106], [36.1436039, 54.6486469], [36.1521133, 54.6519208], [36.155822, 54.6527481], [36.1593754, 54.6585629], [36.1603921, 54.6590545], [36.1594669, 54.6596937], [36.1655383, 54.6625211], [36.1684776, 54.6630642], [36.1751615, 54.6680072], [36.1766348, 54.669995], [36.1768505, 54.6719721], [36.1759387, 54.6752672], [36.1672823, 54.6767864], [36.1671698, 54.6779362], [36.1646154, 54.6817859], [36.1606381, 54.6864838], [36.1608412, 54.6874353], [36.165376, 54.6878169], [36.1676152, 54.6899968], [36.1602227, 54.7145414], [36.1667108, 54.7165137], [36.1669746, 54.7172991], [36.1712162, 54.7174164], [36.1713646, 54.7178763], [36.1698665, 54.7210709], [36.16249, 54.721001], [36.1593737, 54.7221233], [36.1555688, 54.7220699], [36.1518964, 54.7212575], [36.1496897, 54.7233965], [36.1512087, 54.7326746], [36.1462853, 54.7418737], [36.1643639, 54.7487639], [36.1650528, 54.7505187], [36.1648503, 54.7517049], [36.1618565, 54.7510064], [36.1601992, 54.7514152], [36.1587035, 54.7528752], [36.1561993, 54.7529798], [36.1550627, 54.7546124], [36.1565236, 54.7647662], [36.1547815, 54.7715133], [36.1538614, 54.786345], [36.1506366, 54.7947221], [36.151972, 54.7949437], [36.1527509, 54.798703], [36.1592992, 54.7998664], [36.1589038, 54.8018877], [36.1596961, 54.8040886], [36.1581094, 54.8119429], [36.1603018, 54.8128817], [36.1646665, 54.8124181], [36.1827763, 54.8134815], [36.1849607, 54.8146478], [36.1811577, 54.8179127], [36.1730395, 54.8187485], [36.1648177, 54.8180655], [36.1638533, 54.8199391], [36.1562046, 54.820915], [36.15409, 54.820375], [36.1502688, 54.8170948], [36.1448879, 54.814878], [36.1331845, 54.8193416], [36.1233367, 54.8259629], [36.1201137, 54.8292635], [36.1267746, 54.8387924], [36.1350519, 54.8411919], [36.132722, 54.8449948], [36.1310344, 54.8463126], [36.1263877, 54.8461395], [36.1171868, 54.8505451], [36.1188975, 54.8528476], [36.113881, 54.8523152], [36.1014204, 54.8522487], [36.1005824, 54.8560542], [36.094024, 54.8571144], [36.0985385, 54.86023], [36.0988754, 54.860941], [36.0966069, 54.8626086], [36.1039065, 54.8702993], [36.1057707, 54.875249], [36.1044231, 54.8758305], [36.1059452, 54.88051], [36.109228, 54.8817202], [36.1026356, 54.8824081], [36.0947331, 54.881667], [36.0870811, 54.8841006], [36.0883063, 54.8942458], [36.0852085, 54.899816], [36.0856478, 54.900906], [36.0852316, 54.9019974], [36.0836356, 54.9029337], [36.084465, 54.9051063], [36.0806391, 54.9072219], [36.0848733, 54.9116033], [36.0843196, 54.9130075], [36.0829842, 54.9143929], [36.0831145, 54.9172571], [36.0745485, 54.9176128], [36.0745159, 54.9203926], [36.0716663, 54.9221544], [36.0619065, 54.9244869], [36.0548269, 54.924921], [36.0526833, 54.9297962], [36.0429653, 54.9279688], [36.0341559, 54.9276207], [36.0353423, 54.9294626], [36.0319599, 54.9294772], [36.0291833, 54.9318847], [36.027694, 54.9318266], [36.0276436, 54.931203], [36.0259271, 54.9310145], [36.0242145, 54.929853], [36.0183497, 54.9288124], [36.0112486, 54.9293113], [36.0070219, 54.9286487], [36.0269464, 54.9115528], [36.0286516, 54.9087292], [36.024954, 54.9038638], [36.007428, 54.9025498], [36.0049596, 54.8985354], [35.994838, 54.8991318], [35.9931638, 54.9030631], [35.9856118, 54.9045972], [35.981872, 54.9092799], [35.9871422, 54.9148527], [35.9811888, 54.9172649], [35.9780657, 54.9172836], [35.9731859, 54.9152641], [35.9694447, 54.9161429], [35.961702, 54.9155259], [35.9602381, 54.9136372], [35.9582536, 54.9128331], [35.9571475, 54.9087189], [35.9544473, 54.9075219], [35.9534388, 54.9060818], [35.949535, 54.9033884], [35.9469324, 54.8998344], [35.9524629, 54.8968039], [35.9539594, 54.8954756], [35.9519335, 54.8947885], [35.9292402, 54.8937197], [35.9258878, 54.8892576], [35.9259357, 54.8881007], [35.9265583, 54.8871779], [35.9241877, 54.8806213], [35.9228228, 54.8779901], [35.9192309, 54.8731956], [35.9222892, 54.8684729], [35.9072033, 54.8637146], [35.8798787, 54.869719], [35.8635077, 54.8671949], [35.86151, 54.8684338], [35.8606958, 54.8671109], [35.8537755, 54.8650852], [35.8538473, 54.8634894], [35.8472503, 54.8630277], [35.8424971, 54.8639924], [35.840785, 54.8650467], [35.8399948, 54.8672515], [35.8405934, 54.867913], [35.8401265, 54.8718538], [35.8394321, 54.8727425], [35.8377319, 54.8731765], [35.8348465, 54.8760354], [35.8161911, 54.8722245], [35.8066955, 54.8764538], [35.8002987, 54.8719595], [35.8043375, 54.8685449], [35.8016861, 54.8655442], [35.8033874, 54.8628738], [35.8052655, 54.8614113], [35.7958529, 54.8591222], [35.7746416, 54.8526611], [35.7650302, 54.8538822], [35.7600367, 54.8536405], [35.7566119, 54.8550905], [35.7529441, 54.855294], [35.7399743, 54.863535], [35.7292626, 54.8599948], [35.7286174, 54.8614368], [35.7216795, 54.8666377], [35.7142997, 54.8642217], [35.7137473, 54.8644379], [35.7118913, 54.8633697], [35.6984354, 54.858817], [35.7058814, 54.8439598], [35.6961154, 54.8411608], [35.6952537, 54.8474965], [35.6919836, 54.8505241], [35.6905695, 54.8524957], [35.6722968, 54.8491503], [35.6696233, 54.8476746], [35.6659113, 54.848069], [35.6653589, 54.8452957], [35.66421, 54.8437054], [35.6547974, 54.8423695], [35.6531624, 54.8448122], [35.6503121, 54.8513128], [35.6513064, 54.8517453], [35.6511959, 54.853119], [35.6520576, 54.8537804], [35.6457605, 54.856515], [35.6398169, 54.8582447], [35.6364142, 54.8617038], [35.6372318, 54.8641073], [35.6387267, 54.8653814], [35.6203564, 54.8649753], [35.6171691, 54.8635187], [35.615638, 54.860929], [35.6100409, 54.8552025], [35.6106595, 54.8527858], [35.6023296, 54.8528621], [35.5941616, 54.8551292], [35.5965407, 54.8581786], [35.5938893, 54.8603915], [35.5842869, 54.8650861], [35.5774063, 54.8647406], [35.5498315, 54.8541139], [35.5467272, 54.8521233], [35.546915, 54.8515445], [35.545998, 54.8506159], [35.5462742, 54.8497382], [35.5488814, 54.8496873], [35.5502513, 54.8486697], [35.5525051, 54.8498336], [35.5545599, 54.8494329], [35.5553111, 54.8498463], [35.5561618, 54.8490895], [35.5576422, 54.8492358], [35.5573991, 54.8476647], [35.5579847, 54.8473138], [35.5607686, 54.8471611], [35.5612989, 54.8475936], [35.5631107, 54.8476191], [35.5637736, 54.8472374], [35.5637736, 54.8464741], [35.5651877, 54.8464741], [35.5588243, 54.8403418], [35.5579405, 54.8389167], [35.5578521, 54.8358119], [35.5544494, 54.8327323], [35.5554658, 54.8290162], [35.5558757, 54.8217998], [35.533459, 54.8188331], [35.5336814, 54.8178953], [35.5401228, 54.8090326], [35.5422397, 54.8074616], [35.5494258, 54.8002603], [35.5513631, 54.7996771], [35.5506729, 54.7976419], [35.5544386, 54.7951649], [35.558814, 54.7910392], [35.5533317, 54.7850606], [35.5465398, 54.7802427], [35.5435267, 54.7774395], [35.5420591, 54.7756044], [35.5431308, 54.7742687], [35.5453214, 54.7729757], [35.5559802, 54.772648], [35.560349, 54.7711392], [35.5695406, 54.7711094], [35.5759144, 54.7716218], [35.5809514, 54.7699794], [35.5834882, 54.7700353], [35.5834107, 54.769438], [35.5822904, 54.7683592], [35.580721, 54.7677155], [35.580816, 54.7668942], [35.5800905, 54.766468], [35.5807013, 54.7662446], [35.5795755, 54.7652506], [35.5776453, 54.7645279], [35.5752221, 54.7620237], [35.5766695, 54.7605436], [35.5799331, 54.7600698], [35.5789374, 54.7581649], [35.5761342, 54.757618], [35.575749, 54.7552197], [35.5708298, 54.7519222], [35.5723084, 54.7507962], [35.5595697, 54.7402788], [35.5582045, 54.7385724], [35.551621, 54.7381304], [35.5401821, 54.7407537], [35.5404204, 54.7391087], [35.5388355, 54.7371756], [35.5335927, 54.7339249], [35.5318937, 54.7340353], [35.5290864, 54.7164337], [35.5333922, 54.7150428], [35.5325576, 54.7145314], [35.5345213, 54.7136385], [35.535, 54.7126397], [35.537814, 54.709945], [35.5383173, 54.7081287], [35.5369303, 54.7039199], [35.5375465, 54.7010868], [35.5373475, 54.6998932], [35.536776, 54.6986211], [35.5338181, 54.6961007], [35.5314748, 54.6931965], [35.5258569, 54.6895241], [35.5155081, 54.6799566], [35.5127667, 54.6786264], [35.5087028, 54.6774608], [35.5041871, 54.6780828], [35.5022842, 54.6774471], [35.5000738, 54.673629], [35.5000713, 54.6695983], [35.5006643, 54.6669209], [35.5016077, 54.6659465], [35.5076968, 54.6625878]]]}}, {"type": "Feature", "properties": {"rda_code": "KG-26", "rda_name": "TARUSSKY AREA / incl. TARUSA/", "osm_name": "Тарусский муниципальный округ", "match_score": 1.0, "match_reason": "alias:тарусскии"}, "geometry": {"type": "Polygon", "coordinates": [[[36.707867, 54.7876296], [36.7148989, 54.7872143], [36.7225908, 54.7854477], [36.7241118, 54.7855605], [36.7231322, 54.7838294], [36.7274202, 54.7831011], [36.7335306, 54.7810847], [36.7389586, 54.7806474], [36.7422758, 54.7809177], [36.7402043, 54.7785188], [36.7406182, 54.7746398], [36.7380211, 54.7739094], [36.7349922, 54.7715799], [36.7317405, 54.7699205], [36.7333237, 54.7678657], [36.7312544, 54.7630604], [36.7353413, 54.7592396], [36.7345676, 54.7573247], [36.7304784, 54.7583739], [36.7268374, 54.757455], [36.7204315, 54.7569945], [36.7153049, 54.7497972], [36.715377, 54.7478618], [36.7138987, 54.7455309], [36.7133578, 54.7429292], [36.7119939, 54.7404502], [36.7089387, 54.7401723], [36.7090739, 54.737942], [36.7132275, 54.7350895], [36.7183089, 54.7355542], [36.7215768, 54.7363604], [36.7242145, 54.7360021], [36.7260278, 54.7351175], [36.7316134, 54.7345296], [36.7369469, 54.732066], [36.7468177, 54.7292032], [36.7486142, 54.7282925], [36.7492588, 54.7265661], [36.7519193, 54.7241031], [36.7515291, 54.7218468], [36.7526811, 54.7211418], [36.7525234, 54.7206626], [36.7532154, 54.7202017], [36.7536973, 54.7189607], [36.758626, 54.7204726], [36.7598534, 54.7216092], [36.7602649, 54.7232803], [36.760978, 54.7230467], [36.7672795, 54.7259454], [36.7703651, 54.719762], [36.7713937, 54.7153736], [36.7712754, 54.7101851], [36.7781519, 54.7029871], [36.7877449, 54.6911228], [36.7838993, 54.6893499], [36.7846366, 54.6886597], [36.78394, 54.6875092], [36.7849214, 54.6855842], [36.7845914, 54.6852082], [36.7830578, 54.6851547], [36.7820537, 54.6868189], [36.7820718, 54.6876399], [36.7805565, 54.6868843], [36.7793199, 54.6868951], [36.7794301, 54.6880295], [36.7801946, 54.6888584], [36.7797196, 54.6893551], [36.7777293, 54.6891591], [36.7773086, 54.6877864], [36.7763859, 54.6875981], [36.7752867, 54.6886126], [36.7684156, 54.6895748], [36.7679135, 54.6882361], [36.770044, 54.6879563], [36.7698721, 54.6871092], [36.7673345, 54.6870804], [36.7670224, 54.6868686], [36.7672712, 54.6856318], [36.7624582, 54.6845859], [36.7604315, 54.6849244], [36.7593597, 54.6844237], [36.7590928, 54.683906], [36.7594275, 54.6837752], [36.761653, 54.6838302], [36.7620466, 54.6827659], [36.7611236, 54.6818437], [36.7590476, 54.6813563], [36.7585907, 54.6805064], [36.7590114, 54.6802109], [36.7587481, 54.6786731], [36.7564573, 54.677486], [36.7560372, 54.6764156], [36.7581318, 54.6760792], [36.76011, 54.672928], [36.7637658, 54.6723336], [36.7683235, 54.6686718], [36.7825445, 54.6668411], [36.7862473, 54.6674121], [36.785781, 54.6680862], [36.7868781, 54.669141], [36.7855342, 54.6723211], [36.7886061, 54.6731062], [36.7880712, 54.6745415], [36.7869741, 54.6752789], [36.7866038, 54.677063], [36.7890586, 54.6773485], [36.7912254, 54.6754534], [36.792638, 54.6752076], [36.7941876, 54.675604], [36.7986858, 54.6732014], [36.8017577, 54.6709333], [36.8034171, 54.6689031], [36.8118237, 54.6700848], [36.8132499, 54.6686414], [36.8233062, 54.6712466], [36.823128, 54.67583], [36.8254319, 54.6764485], [36.8282707, 54.6730309], [36.8316032, 54.6737525], [36.8382681, 54.6742203], [36.8380898, 54.6711831], [36.8347162, 54.6708501], [36.8352785, 54.6702711], [36.8331254, 54.6693909], [36.8298478, 54.6690657], [36.8307239, 54.6670618], [36.830016, 54.6653233], [36.8320427, 54.66077], [36.8338214, 54.6545722], [36.8304341, 54.6546555], [36.8283359, 54.6532037], [36.8279244, 54.6514661], [36.8258948, 54.6490501], [36.8251131, 54.6455769], [36.8299652, 54.6388028], [36.8338188, 54.6402542], [36.8517909, 54.6439444], [36.8553359, 54.643127], [36.8558708, 54.6427421], [36.8551371, 54.6397145], [36.851544, 54.6396113], [36.8500492, 54.6376906], [36.848431, 54.6374644], [36.8455922, 54.6353691], [36.8451876, 54.6342102], [36.8521089, 54.6337918], [36.8575945, 54.6320296], [36.8600904, 54.6317597], [36.8609955, 54.6308547], [36.8584584, 54.6259407], [36.8642614, 54.6258658], [36.8711368, 54.6273001], [36.8732604, 54.6272608], [36.8822434, 54.6306927], [36.8997649, 54.632793], [36.895252, 54.6288212], [36.8924837, 54.6280233], [36.8949789, 54.6264971], [36.8947278, 54.622327], [36.8981018, 54.6196739], [36.8973642, 54.6183564], [36.9004871, 54.6171842], [36.8992003, 54.6159211], [36.8994043, 54.6152396], [36.8981645, 54.6146944], [36.8982744, 54.6136766], [36.8934966, 54.611862], [36.8915578, 54.6103868], [36.8929231, 54.6094688], [36.8871913, 54.6078495], [36.8877538, 54.6099163], [36.8870944, 54.6106239], [36.8805778, 54.6095681], [36.8779596, 54.6076698], [36.8786578, 54.6061758], [36.8823621, 54.6041538], [36.8835148, 54.6053187], [36.8857561, 54.6047717], [36.8857755, 54.6034573], [36.8875404, 54.6012105], [36.8889593, 54.6029277], [36.9027068, 54.6042212], [36.9066827, 54.6034461], [36.9062799, 54.6052393], [36.9072536, 54.6086865], [36.9111072, 54.6103146], [36.912598, 54.6043111], [36.9165242, 54.602332], [36.9167025, 54.601339], [36.9207892, 54.5995277], [36.9206932, 54.5986856], [36.9218863, 54.5960639], [36.9222964, 54.592826], [36.9207344, 54.5902318], [36.9207269, 54.5894949], [36.924195, 54.5898041], [36.9306291, 54.5894313], [36.9335323, 54.5898496], [36.9316335, 54.5923318], [36.9329987, 54.5925137], [36.9370789, 54.5924682], [36.9382716, 54.5917681], [36.9435287, 54.5919863], [36.9434973, 54.596205], [36.9478599, 54.5970868], [36.9509985, 54.5985414], [36.9504336, 54.5999141], [36.9515948, 54.6005141], [36.9634587, 54.6009868], [36.9662207, 54.6016049], [36.9711012, 54.6045864], [36.9824157, 54.60535], [36.985727, 54.6046046], [36.9858839, 54.6023776], [36.9909998, 54.6027867], [36.9912509, 54.5994323], [36.9935891, 54.597696], [37.00029, 54.5992414], [36.999882, 54.5988596], [37.0013108, 54.5979647], [37.0014897, 54.595466], [37.0020755, 54.5948951], [37.0017162, 54.5942627], [37.002469, 54.5931727], [37.0038384, 54.593139], [37.0045202, 54.591671], [37.0086028, 54.5909567], [37.0099521, 54.5913476], [37.0131604, 54.5909496], [37.0161871, 54.5923358], [37.0166244, 54.5930152], [37.0270944, 54.5937993], [37.0259462, 54.5902399], [37.0293052, 54.5869345], [37.0315878, 54.5857557], [37.0394943, 54.5865823], [37.0406609, 54.5859226], [37.050322, 54.5901805], [37.0542573, 54.5866787], [37.0548897, 54.584838], [37.057546, 54.5823458], [37.0552832, 54.58079], [37.0557892, 54.580342], [37.053681, 54.5790795], [37.0513058, 54.5767172], [37.0499988, 54.5745095], [37.0510248, 54.5733935], [37.051081, 54.5723914], [37.0518118, 54.5720574], [37.0513199, 54.5713241], [37.0539762, 54.5710227], [37.0559719, 54.5689614], [37.0575038, 54.5682933], [37.0587687, 54.5686681], [37.0595417, 54.5683096], [37.0589655, 54.5677962], [37.0615656, 54.5673726], [37.0596823, 54.5641377], [37.0568292, 54.5622064], [37.0576725, 54.5605032], [37.0612564, 54.5595335], [37.0617483, 54.5587429], [37.0629569, 54.5585881], [37.0627632, 54.5577298], [37.0634769, 54.5574308], [37.0620978, 54.5568315], [37.0617916, 54.55602], [37.0628577, 54.55596], [37.0661239, 54.5524186], [37.0680192, 54.5535995], [37.0701406, 54.5537059], [37.0730489, 54.5526653], [37.0725547, 54.5511739], [37.0748293, 54.5503602], [37.0770355, 54.5475474], [37.0766092, 54.5455278], [37.0785841, 54.5450798], [37.099654, 54.5481688], [37.1144651, 54.5495049], [37.1206768, 54.5507481], [37.1256427, 54.5531979], [37.132437, 54.5588174], [37.1373879, 54.5642978], [37.1411214, 54.5675608], [37.1431109, 54.5707973], [37.1448928, 54.5775246], [37.1491436, 54.5887799], [37.1476387, 54.6063948], [37.1478232, 54.6077324], [37.1512123, 54.6128803], [37.1584248, 54.6187438], [37.1765504, 54.628128], [37.1926511, 54.6350785], [37.1984876, 54.6413995], [37.2009998, 54.6493458], [37.2040867, 54.6644396], [37.2076076, 54.6719927], [37.2126698, 54.6785105], [37.2177147, 54.6833277], [37.229891, 54.6965224], [37.2419412, 54.7049353], [37.2453914, 54.7082766], [37.2460417, 54.709282], [37.2459516, 54.710261], [37.243221, 54.7132141], [37.2331281, 54.7179539], [37.2286527, 54.7193883], [37.222786, 54.7203891], [37.2069207, 54.7221404], [37.2078095, 54.7237746], [37.2040398, 54.7249826], [37.1982427, 54.7284147], [37.1954048, 54.7328248], [37.1968275, 54.7355453], [37.2034042, 54.7391507], [37.2103518, 54.7412124], [37.2061106, 54.7449993], [37.2370457, 54.7536958], [37.2415089, 54.7570639], [37.2434658, 54.7626983], [37.2431808, 54.7684672], [37.2421955, 54.7719196], [37.2365776, 54.785391], [37.230207, 54.7956908], [37.2284599, 54.8015959], [37.2288305, 54.8033962], [37.2300217, 54.8057914], [37.2360303, 54.8135102], [37.2418802, 54.8194432], [37.2465653, 54.8227677], [37.2548239, 54.8275557], [37.2565636, 54.83028], [37.2687091, 54.8418015], [37.2754303, 54.8473298], [37.2742716, 54.8478379], [37.270892, 54.8472697], [37.2681483, 54.8474054], [37.2651704, 54.8483731], [37.2613686, 54.8507958], [37.2567929, 54.8508321], [37.2538878, 54.8504655], [37.2511864, 54.8485565], [37.2399665, 54.8462437], [37.2326564, 54.8453915], [37.2301132, 54.8465603], [37.2293355, 54.8472863], [37.2289832, 54.8486785], [37.2303989, 54.8498009], [37.2331078, 54.8500138], [37.2335594, 54.8502816], [37.2333342, 54.8507071], [37.229791, 54.8514396], [37.2280726, 54.8499092], [37.2266372, 54.8498845], [37.2272667, 54.8519492], [37.2267264, 54.852564], [37.223933, 54.8532033], [37.2198993, 54.8524384], [37.2192929, 54.8515059], [37.2202197, 54.8505674], [37.219661, 54.8497735], [37.2184558, 54.8496159], [37.217565, 54.8502396], [37.2174794, 54.8515029], [37.215607, 54.85279], [37.2097399, 54.8534616], [37.2089264, 54.8531343], [37.2086873, 54.8514493], [37.2051768, 54.848997], [37.2038192, 54.8487832], [37.2002488, 54.8496033], [37.1966883, 54.8513747], [37.1966838, 54.8517783], [37.1986141, 54.852067], [37.2006259, 54.8516507], [37.2014874, 54.8521679], [37.2012007, 54.8534767], [37.1957058, 54.8576239], [37.1946579, 54.8575703], [37.1932558, 54.8554918], [37.1903405, 54.8558193], [37.1900366, 54.856257], [37.1907233, 54.8578153], [37.189093, 54.8581108], [37.1881007, 54.857373], [37.1848441, 54.8596712], [37.185275, 54.8611884], [37.1717537, 54.8642871], [37.1666152, 54.8658293], [37.1655448, 54.8665854], [37.1635789, 54.8654366], [37.1616639, 54.8631211], [37.1652066, 54.8614645], [37.1664149, 54.8614486], [37.167056, 54.8589579], [37.1684367, 54.8581803], [37.1650919, 54.8537949], [37.162918, 54.8525825], [37.1606372, 54.8531784], [37.1578848, 54.8509095], [37.1557081, 54.8514909], [37.1541405, 54.8501819], [37.15377, 54.8487659], [37.1571292, 54.8473671], [37.136818, 54.8378859], [37.1300982, 54.8411865], [37.1241701, 54.8422508], [37.1216594, 54.8446402], [37.1147259, 54.8438358], [37.1111326, 54.8437775], [37.1095833, 54.8442049], [37.1089461, 54.8432211], [37.1083491, 54.8430927], [37.0830216, 54.8400678], [37.0782841, 54.8384825], [37.0766358, 54.8335006], [37.0771268, 54.8314816], [37.0762152, 54.8299245], [37.0799429, 54.8291481], [37.080086, 54.8287359], [37.0791457, 54.8285953], [37.0797103, 54.8283236], [37.0733761, 54.8289214], [37.0699227, 54.8302819], [37.0617653, 54.8309419], [37.0581669, 54.8319206], [37.0553864, 54.8339162], [37.0510454, 54.8347856], [37.0446578, 54.834262], [37.0435291, 54.8337338], [37.046411, 54.8311067], [37.0450302, 54.8296777], [37.0373263, 54.8276095], [37.032986, 54.8274904], [37.0265054, 54.8243922], [37.0256477, 54.823657], [37.0249141, 54.8219149], [37.024431, 54.8187397], [37.0231784, 54.8177603], [37.0187477, 54.8178771], [37.0179241, 54.8172777], [37.0125678, 54.81642], [37.0121205, 54.8169252], [37.0089176, 54.8169871], [37.0071462, 54.8131413], [37.0029234, 54.8143373], [37.0025118, 54.8096767], [37.0081278, 54.8104837], [37.0080229, 54.8092539], [37.0066988, 54.8065521], [37.0095978, 54.8059703], [37.0087526, 54.8047587], [37.0040928, 54.8034095], [37.0043096, 54.8026225], [37.0137711, 54.803879], [37.0148438, 54.802925], [37.0220467, 54.8047976], [37.0231808, 54.803561], [37.0212804, 54.8012466], [37.0175411, 54.8007873], [37.0040242, 54.7944971], [37.0001009, 54.7931011], [36.9987216, 54.7914754], [37.0002235, 54.789125], [36.9923983, 54.7846485], [36.9896892, 54.785161], [36.9895877, 54.7860321], [36.9886376, 54.7861205], [36.9885763, 54.791387], [36.9906428, 54.7916343], [36.9908595, 54.7921466], [36.9810199, 54.7968946], [36.9816701, 54.7978941], [36.9778556, 54.7982565], [36.9766852, 54.7963824], [36.976035, 54.7964198], [36.9756883, 54.7970196], [36.9735209, 54.79597], [36.9711586, 54.79607], [36.9696631, 54.7968946], [36.9592116, 54.7978383], [36.9589081, 54.7947647], [36.9558089, 54.7946522], [36.9560039, 54.7933777], [36.9544218, 54.7928404], [36.9545952, 54.7922031], [36.9526446, 54.7919157], [36.9531647, 54.790106], [36.9477464, 54.7899039], [36.9473563, 54.7948896], [36.946186, 54.7959891], [36.9383836, 54.7943295], [36.938557, 54.7938547], [36.9362813, 54.7932278], [36.9316432, 54.7905662], [36.9372566, 54.7863673], [36.9333239, 54.7845981], [36.918489, 54.782371], [36.9184584, 54.7806741], [36.9176308, 54.7791539], [36.9174163, 54.7749112], [36.9161596, 54.7739565], [36.9089556, 54.7802817], [36.9060431, 54.7787678], [36.898229, 54.7840148], [36.8984742, 54.7860297], [36.8909955, 54.7852697], [36.8889419, 54.7843683], [36.889175, 54.7828396], [36.8865697, 54.7832639], [36.8860792, 54.781673], [36.8848226, 54.7809483], [36.8859566, 54.7775366], [36.8826464, 54.7788448], [36.8779508, 54.7820314], [36.8726543, 54.7842537], [36.8713363, 54.7859327], [36.8666101, 54.7858038], [36.8639783, 54.7865219], [36.8630015, 54.7876684], [36.8712327, 54.7907199], [36.8772471, 54.7937814], [36.8761942, 54.7960513], [36.8747536, 54.7968111], [36.874539, 54.7975356], [36.8762248, 54.79826], [36.8761942, 54.7989844], [36.8623401, 54.7986091], [36.8636581, 54.8006099], [36.8672135, 54.8024649], [36.8703705, 54.8036486], [36.8730678, 54.8037193], [36.8744777, 54.8046866], [36.8719644, 54.8079723], [36.8684702, 54.8106572], [36.8620029, 54.8072877], [36.8600106, 54.8050442], [36.8569762, 54.8028889], [36.8515511, 54.8023059], [36.8510913, 54.8014579], [36.8513365, 54.8007159], [36.8450948, 54.7995101], [36.8379532, 54.8029376], [36.8337404, 54.8035577], [36.8336928, 54.8012592], [36.8311181, 54.7996868], [36.8297082, 54.7982203], [36.8279611, 54.7983263], [36.8273481, 54.798927], [36.8252639, 54.7986797], [36.8249267, 54.7992981], [36.8236394, 54.7991744], [36.8177545, 54.8020542], [36.8169269, 54.8017362], [36.8120535, 54.8039092], [36.8095401, 54.8028669], [36.8083754, 54.8028846], [36.8029589, 54.8044895], [36.7982301, 54.8018245], [36.7971388, 54.8007248], [36.8007741, 54.7988033], [36.7952821, 54.7961254], [36.7948492, 54.7967043], [36.7950916, 54.7974329], [36.7922695, 54.7977324], [36.7899321, 54.7984709], [36.7893954, 54.7992295], [36.7847553, 54.8000478], [36.7840974, 54.8011955], [36.7801672, 54.802443], [36.7782973, 54.8023931], [36.7771893, 54.8028921], [36.7765313, 54.8026127], [36.7753034, 54.8053225], [36.7680699, 54.8073187], [36.7633804, 54.8101273], [36.7594264, 54.812812], [36.7590586, 54.8140484], [36.7570663, 54.8150904], [36.752622, 54.8198764], [36.752714, 54.8218365], [36.7504152, 54.8230196], [36.7506297, 54.8242203], [36.7515799, 54.8246088], [36.7510871, 54.825354], [36.7399731, 54.8233075], [36.7375071, 54.8210028], [36.7363004, 54.818609], [36.7322131, 54.8135991], [36.7247088, 54.8075665], [36.7127119, 54.8009042], [36.7140353, 54.7996163], [36.7180992, 54.7983791], [36.7200695, 54.7971077], [36.7178123, 54.7953963], [36.7171828, 54.7942441], [36.7157134, 54.7934794], [36.7111361, 54.7925648], [36.708688, 54.7910442], [36.7078915, 54.7893871], [36.707867, 54.7876296]]]}}, {"type": "Feature", "properties": {"rda_code": "KG-28", "rda_name": "FERZIKOVSKY AREA", "osm_name": "Ферзиковский муниципальный округ", "match_score": 1.0, "match_reason": "alias:ferzikovsky"}, "geometry": {"type": "Polygon", "coordinates": [[[36.3372632, 54.496018], [36.3536152, 54.4893985], [36.361676, 54.4831618], [36.3708095, 54.474955], [36.3759385, 54.4688028], [36.3765967, 54.4663162], [36.3756367, 54.458951], [36.3760323, 54.4564075], [36.3780536, 54.4564421], [36.379334, 54.4535554], [36.3814187, 54.4514784], [36.3829728, 54.4507567], [36.3934911, 54.4492306], [36.4155417, 54.4510983], [36.4399848, 54.447389], [36.4494229, 54.4466727], [36.4610972, 54.4472237], [36.4830481, 54.4497054], [36.5022324, 54.4502595], [36.5083444, 54.4498243], [36.5151103, 54.4485571], [36.5339973, 54.4384317], [36.5387542, 54.4370429], [36.5431321, 54.4365689], [36.5540863, 54.4379798], [36.5774351, 54.4434354], [36.5818319, 54.4436338], [36.5842333, 54.4432625], [36.5888062, 54.4414737], [36.5949656, 54.4361391], [36.5980358, 54.4323691], [36.6003859, 54.4278382], [36.6029823, 54.4240785], [36.6052986, 54.4217782], [36.6082699, 54.420087], [36.61297, 54.4193923], [36.6180555, 54.4199763], [36.6205193, 54.4205938], [36.6325284, 54.4257434], [36.6382329, 54.4269782], [36.6418338, 54.4265372], [36.6637043, 54.4191386], [36.6674947, 54.4188299], [36.6703944, 54.4195124], [36.6713536, 54.4184036], [36.6731622, 54.4180392], [36.6727782, 54.4176482], [36.6729907, 54.4170138], [36.6701701, 54.4159123], [36.6705085, 54.4150826], [36.66876, 54.414137], [36.6687326, 54.4126446], [36.6638299, 54.4106414], [36.6648995, 54.4102064], [36.6662092, 54.410789], [36.6705702, 54.4106015], [36.6711051, 54.4102742], [36.6712422, 54.4092686], [36.6748421, 54.4077481], [36.6750135, 54.4058644], [36.673937, 54.4049225], [36.6779826, 54.4042041], [36.6770158, 54.4036254], [36.6779072, 54.4033021], [36.677338, 54.4021726], [36.6775506, 54.4013783], [36.6788054, 54.4009592], [36.6784969, 54.4006358], [36.6787977, 54.3997388], [36.6803485, 54.398439], [36.6803929, 54.3977748], [36.6818499, 54.3975104], [36.6814316, 54.3968397], [36.6819528, 54.3966322], [36.6835299, 54.3967439], [36.6854199, 54.395895], [36.6847778, 54.3948198], [36.6855732, 54.3944206], [36.6851138, 54.3938217], [36.6860532, 54.3929914], [36.6852853, 54.3920132], [36.6864784, 54.3914982], [36.688364, 54.3919773], [36.6912851, 54.3909992], [36.6920205, 54.3899269], [36.6954533, 54.3893961], [36.7063336, 54.3930887], [36.7074778, 54.3925015], [36.7074584, 54.3908416], [36.7095336, 54.3873149], [36.7183876, 54.3844798], [36.7199784, 54.3850708], [36.7200058, 54.3845916], [36.7212949, 54.383777], [36.7245588, 54.384352], [36.7263175, 54.3830188], [36.7379985, 54.3838409], [36.7379235, 54.3812351], [36.7300718, 54.371588], [36.7345974, 54.369479], [36.7239664, 54.3621538], [36.7212127, 54.3584365], [36.7186344, 54.356135], [36.7155625, 54.3573018], [36.7121615, 54.3574936], [36.710461, 54.3591717], [36.7078827, 54.3535136], [36.708349, 54.3493095], [36.7076633, 54.3474231], [36.712518, 54.3461761], [36.7110329, 54.3452431], [36.7107352, 54.3424669], [36.7091719, 54.3405002], [36.7136552, 54.3283029], [36.7102415, 54.3264111], [36.7114209, 54.3249715], [36.7142734, 54.3237878], [36.7146026, 54.3220922], [36.7137249, 54.3209404], [36.7062097, 54.3174529], [36.7086233, 54.315629], [36.7107352, 54.3148611], [36.714822, 54.310957], [36.7130117, 54.3087008], [36.7107352, 54.3070046], [36.7024795, 54.3081888], [36.7005047, 54.3058204], [36.6986944, 54.3046842], [36.6921118, 54.3083328], [36.6892193, 54.3066816], [36.6883176, 54.3055246], [36.6904131, 54.3052866], [36.6907404, 54.3031318], [36.6952111, 54.3019635], [36.7002692, 54.2993526], [36.6978007, 54.2940384], [36.715711, 54.2880832], [36.7126117, 54.2858417], [36.7128585, 54.284801], [36.7135991, 54.2841285], [36.7120631, 54.2821751], [36.7125294, 54.2804297], [36.7142848, 54.2792288], [36.7148333, 54.2774833], [36.7188927, 54.2776594], [36.7202092, 54.278268], [36.722952, 54.2803337], [36.7219097, 54.2815026], [36.7245976, 54.2846889], [36.730522, 54.2859218], [36.7382567, 54.2824473], [36.748021, 54.2823833], [36.7489261, 54.2838083], [36.7568527, 54.2830878], [36.7578401, 54.282047], [36.7654376, 54.2796931], [36.767961, 54.2794529], [36.7676592, 54.275941], [36.7708859, 54.2749343], [36.7784932, 54.2743604], [36.7836497, 54.2751932], [36.7886329, 54.2766059], [36.7910686, 54.276412], [36.7948951, 54.2683062], [36.7988172, 54.2670729], [36.8002709, 54.2687227], [36.8016149, 54.2736077], [36.8061405, 54.2733194], [36.8085267, 54.2738319], [36.8111049, 54.2719421], [36.8125438, 54.2719777], [36.818867, 54.2789405], [36.8297558, 54.2790526], [36.8338974, 54.279549], [36.8363659, 54.2829117], [36.8379567, 54.2836162], [36.8391361, 54.2853134], [36.8407543, 54.2856816], [36.8405075, 54.2869945], [36.8454445, 54.2880832], [36.8497087, 54.2846121], [36.8540413, 54.2858842], [36.8600909, 54.2858898], [36.8651102, 54.2865302], [36.8716655, 54.2823512], [36.8842548, 54.2792128], [36.8863942, 54.2814385], [36.8884513, 54.281967], [36.8891918, 54.28336], [36.8918249, 54.2860819], [36.8965973, 54.2883073], [36.899395, 54.2886435], [36.9020006, 54.2896041], [36.906197, 54.2889797], [36.9262468, 54.2917333], [36.9364079, 54.2890672], [36.9454462, 54.289428], [36.9514803, 54.2916532], [36.9556768, 54.2915412], [36.9584744, 54.2906127], [36.9630242, 54.2929019], [36.9668461, 54.2916582], [36.974841, 54.2996281], [36.9714901, 54.3010029], [36.9713229, 54.3024116], [36.9720289, 54.3061464], [36.9695248, 54.3051071], [36.9671208, 54.3053926], [36.9651851, 54.3049757], [36.9637637, 54.3073027], [36.9689313, 54.3094257], [36.9652272, 54.3159397], [36.9643544, 54.3197538], [36.9676765, 54.3228281], [36.96821, 54.3259897], [36.9663347, 54.3276645], [36.9677615, 54.3307517], [36.9684914, 54.3313947], [36.9674342, 54.3328164], [36.9625971, 54.3314585], [36.9584732, 54.3332663], [36.9550445, 54.3340379], [36.9495085, 54.3337212], [36.9436388, 54.3370784], [36.9405926, 54.3398471], [36.9458789, 54.3421173], [36.9343811, 54.3418026], [36.9324372, 54.3421434], [36.9311418, 54.3429833], [36.94009, 54.3472584], [36.9385392, 54.3486835], [36.9384157, 54.3491202], [36.9393947, 54.3493169], [36.9371884, 54.3502925], [36.9373849, 54.3506399], [36.9386462, 54.3505597], [36.9399596, 54.3511548], [36.9417292, 54.3509222], [36.9421305, 54.3500234], [36.9430377, 54.3500344], [36.9441321, 54.3510435], [36.9478328, 54.3526584], [36.950238, 54.356062], [36.9526616, 54.3582442], [36.9543642, 54.359108], [36.9521845, 54.3624358], [36.959641, 54.3635877], [36.9593022, 54.3649594], [36.962116, 54.3657239], [36.9621644, 54.3662637], [36.97372, 54.3778537], [36.9802228, 54.3836238], [36.9796264, 54.3847249], [36.9801912, 54.3854984], [36.984222, 54.3884198], [36.9827195, 54.3906753], [36.9819796, 54.3939639], [36.9793642, 54.3952992], [36.9780749, 54.3954072], [36.9695287, 54.4026174], [36.9685934, 54.4026237], [36.9676013, 54.40447], [36.9688665, 54.4044966], [36.9696315, 54.4058993], [36.9719188, 54.4060815], [36.9651215, 54.4113049], [36.9627429, 54.415164], [36.9612465, 54.4160073], [36.9585281, 54.4190104], [36.9651125, 54.4220715], [36.969271, 54.4256455], [36.9720748, 54.4293659], [36.9673177, 54.4322979], [36.9503464, 54.4350712], [36.9428351, 54.435136], [36.9415385, 54.4392793], [36.941946, 54.4418825], [36.9429531, 54.4439236], [36.9417279, 54.4450894], [36.9413547, 54.4468379], [36.9132583, 54.441254], [36.9104893, 54.4401043], [36.9020111, 54.4337063], [36.8932264, 54.4282683], [36.8918841, 54.4276549], [36.8900379, 54.4282791], [36.8813504, 54.434093], [36.8781623, 54.4410919], [36.8784139, 54.4433799], [36.8769783, 54.4433551], [36.8762924, 54.4472359], [36.8798874, 54.4482258], [36.8787181, 54.4495852], [36.8813017, 54.4512694], [36.8804349, 54.4519568], [36.8801303, 54.4534318], [36.8818459, 54.4535883], [36.8850962, 54.4565712], [36.8881394, 54.4555263], [36.8905212, 54.4605557], [36.8804534, 54.4636125], [36.8774148, 54.4699253], [36.8726953, 54.4714796], [36.8664722, 54.4698714], [36.8612986, 54.473645], [36.8601564, 54.4765339], [36.8571006, 54.4794633], [36.8630868, 54.4820506], [36.8647727, 54.4818633], [36.8721481, 54.4837999], [36.8750388, 54.4838966], [36.878441, 54.4850298], [36.8797716, 54.4844805], [36.8818187, 54.4851877], [36.8782996, 54.4870644], [36.8753519, 54.4919194], [36.870825, 54.4934575], [36.8713795, 54.4949233], [36.8746502, 54.4989916], [36.8757027, 54.5017519], [36.8772193, 54.5028822], [36.8742881, 54.5039402], [36.8748313, 54.504847], [36.8782391, 54.5039362], [36.879528, 54.5050836], [36.882131, 54.5046039], [36.8927466, 54.5063649], [36.8971604, 54.5078697], [36.8969227, 54.5096437], [36.9038034, 54.5113206], [36.9051399, 54.5109617], [36.907195, 54.5090559], [36.9121045, 54.5070473], [36.91576, 54.5063031], [36.9171531, 54.5064412], [36.9189988, 54.5096254], [36.9234246, 54.5097108], [36.9248233, 54.5087727], [36.9249772, 54.5080126], [36.9317857, 54.5064569], [36.9335269, 54.5064682], [36.9366965, 54.5084948], [36.9419259, 54.5097501], [36.9375228, 54.5165681], [36.9385321, 54.5177152], [36.9425901, 54.5188432], [36.9445396, 54.5207447], [36.9403399, 54.521068], [36.9388113, 54.521935], [36.9374119, 54.5238717], [36.9405858, 54.5252327], [36.94164, 54.524633], [36.9432804, 54.525592], [36.9416861, 54.5268246], [36.9453515, 54.5276778], [36.9479533, 54.5273661], [36.9505879, 54.5261506], [36.9498091, 54.5256748], [36.9506929, 54.524822], [36.9495249, 54.5245952], [36.9461861, 54.5224736], [36.9494118, 54.521268], [36.9508708, 54.5213826], [36.954883, 54.5241447], [36.9570728, 54.5241653], [36.957813, 54.524861], [36.9618758, 54.5220839], [36.9629645, 54.5254697], [36.9614845, 54.5262288], [36.9603177, 54.5280353], [36.9557909, 54.5274131], [36.9527009, 54.5295818], [36.9513221, 54.5290968], [36.9489241, 54.5301715], [36.9479422, 54.5293477], [36.9433645, 54.5288763], [36.942882, 54.5280158], [36.9340587, 54.5300278], [36.9277427, 54.533611], [36.9289418, 54.5352046], [36.9342613, 54.5371924], [36.922713, 54.5437903], [36.9192323, 54.5449099], [36.916211, 54.5439776], [36.9136528, 54.5455689], [36.9142389, 54.5473878], [36.9179155, 54.5492661], [36.9220827, 54.5500731], [36.9234829, 54.5492978], [36.9245627, 54.5494827], [36.9258984, 54.5484031], [36.9267096, 54.548339], [36.9273495, 54.5475003], [36.9295531, 54.5492241], [36.9292854, 54.5495856], [36.9274452, 54.5495012], [36.9276053, 54.5499529], [36.9262813, 54.5500632], [36.9243425, 54.5515335], [36.922823, 54.5517597], [36.9185993, 54.5538068], [36.913831, 54.5543607], [36.9132697, 54.5558706], [36.910868, 54.55804], [36.9057935, 54.5612439], [36.9024674, 54.5592302], [36.8949683, 54.563494], [36.8972471, 54.5653718], [36.8988666, 54.568121], [36.907531, 54.5708643], [36.9057225, 54.5718846], [36.9055285, 54.5727756], [36.9045125, 54.5729876], [36.907507, 54.5754739], [36.9083232, 54.5800669], [36.9107026, 54.5803173], [36.9147825, 54.5794688], [36.9151082, 54.5808677], [36.916315, 54.5819168], [36.9159516, 54.5833752], [36.9189141, 54.5856527], [36.9186261, 54.5862209], [36.9191952, 54.5877387], [36.9202855, 54.5886724], [36.9222964, 54.592826], [36.9218863, 54.5960639], [36.9206932, 54.5986856], [36.9207892, 54.5995277], [36.9167025, 54.601339], [36.9165242, 54.602332], [36.912598, 54.6043111], [36.9111072, 54.6103146], [36.9072536, 54.6086865], [36.9062799, 54.6052393], [36.9066827, 54.6034461], [36.9027068, 54.6042212], [36.8889593, 54.6029277], [36.8875404, 54.6012105], [36.8857755, 54.6034573], [36.8857561, 54.6047717], [36.8835148, 54.6053187], [36.8823621, 54.6041538], [36.8786578, 54.6061758], [36.8779596, 54.6076698], [36.8805778, 54.6095681], [36.8870944, 54.6106239], [36.8877538, 54.6099163], [36.8871913, 54.6078495], [36.8929231, 54.6094688], [36.8915578, 54.6103868], [36.8934966, 54.611862], [36.8982744, 54.6136766], [36.8981645, 54.6146944], [36.8994043, 54.6152396], [36.8992003, 54.6159211], [36.9004871, 54.6171842], [36.8973642, 54.6183564], [36.8981018, 54.6196739], [36.8947278, 54.622327], [36.8949789, 54.6264971], [36.8924837, 54.6280233], [36.895252, 54.6288212], [36.8997649, 54.632793], [36.8822434, 54.6306927], [36.8732604, 54.6272608], [36.8711368, 54.6273001], [36.8642614, 54.6258658], [36.8584584, 54.6259407], [36.8609955, 54.6308547], [36.8600904, 54.6317597], [36.8575945, 54.6320296], [36.8521089, 54.6337918], [36.8451876, 54.6342102], [36.8455922, 54.6353691], [36.848431, 54.6374644], [36.8500492, 54.6376906], [36.851544, 54.6396113], [36.8551371, 54.6397145], [36.8558708, 54.6427421], [36.8553359, 54.643127], [36.8517909, 54.6439444], [36.8338188, 54.6402542], [36.8299652, 54.6388028], [36.8251131, 54.6455769], [36.8258948, 54.6490501], [36.8279244, 54.6514661], [36.8283359, 54.6532037], [36.8304341, 54.6546555], [36.8338214, 54.6545722], [36.8320427, 54.66077], [36.830016, 54.6653233], [36.8307239, 54.6670618], [36.8298478, 54.6690657], [36.8331254, 54.6693909], [36.8352785, 54.6702711], [36.8347162, 54.6708501], [36.8380898, 54.6711831], [36.8382681, 54.6742203], [36.8316032, 54.6737525], [36.8282707, 54.6730309], [36.8254319, 54.6764485], [36.823128, 54.67583], [36.8233062, 54.6712466], [36.8132499, 54.6686414], [36.8118237, 54.6700848], [36.8034171, 54.6689031], [36.8017577, 54.6709333], [36.7986858, 54.6732014], [36.7941876, 54.675604], [36.792638, 54.6752076], [36.7912254, 54.6754534], [36.7890586, 54.6773485], [36.7866038, 54.677063], [36.7869741, 54.6752789], [36.7880712, 54.6745415], [36.7886061, 54.6731062], [36.7855342, 54.6723211], [36.7868781, 54.669141], [36.785781, 54.6680862], [36.7862473, 54.6674121], [36.7825445, 54.6668411], [36.7683235, 54.6686718], [36.7637658, 54.6723336], [36.76011, 54.672928], [36.7581318, 54.6760792], [36.7560372, 54.6764156], [36.7564573, 54.677486], [36.7587481, 54.6786731], [36.7590114, 54.6802109], [36.7585907, 54.6805064], [36.7590476, 54.6813563], [36.7611236, 54.6818437], [36.7620466, 54.6827659], [36.761653, 54.6838302], [36.7594275, 54.6837752], [36.7590928, 54.683906], [36.7593597, 54.6844237], [36.7604315, 54.6849244], [36.7624582, 54.6845859], [36.7672712, 54.6856318], [36.7670224, 54.6868686], [36.7673345, 54.6870804], [36.7698721, 54.6871092], [36.770044, 54.6879563], [36.7679135, 54.6882361], [36.7684156, 54.6895748], [36.7752867, 54.6886126], [36.7763859, 54.6875981], [36.7773086, 54.6877864], [36.7777293, 54.6891591], [36.7797196, 54.6893551], [36.7801946, 54.6888584], [36.7791271, 54.687083], [36.7805565, 54.6868843], [36.7820718, 54.6876399], [36.7826734, 54.6856527], [36.7835005, 54.6850382], [36.7849214, 54.6855842], [36.78394, 54.6875092], [36.7846366, 54.6886597], [36.7838993, 54.6893499], [36.7877449, 54.6911228], [36.7781519, 54.7029871], [36.7712754, 54.7101851], [36.7713937, 54.7153736], [36.7703651, 54.719762], [36.7672795, 54.7259454], [36.760978, 54.7230467], [36.7602649, 54.7232803], [36.7598534, 54.7216092], [36.758626, 54.7204726], [36.7536973, 54.7189607], [36.7532154, 54.7202017], [36.7525234, 54.7206626], [36.7526811, 54.7211418], [36.7515291, 54.7218468], [36.7519193, 54.7241031], [36.7492588, 54.7265661], [36.7486142, 54.7282925], [36.7468177, 54.7292032], [36.7369469, 54.732066], [36.7316134, 54.7345296], [36.7260278, 54.7351175], [36.7242145, 54.7360021], [36.7215768, 54.7363604], [36.7183089, 54.7355542], [36.7132275, 54.7350895], [36.7084823, 54.7387448], [36.7077341, 54.7377747], [36.7039384, 54.7389841], [36.6927794, 54.7391071], [36.684357, 54.7354462], [36.6830492, 54.7270935], [36.6886918, 54.7266794], [36.6882598, 54.7246797], [36.6912495, 54.7246797], [36.6872999, 54.7202918], [36.6827194, 54.7229016], [36.6796064, 54.7215869], [36.6781664, 54.718074], [36.6786601, 54.7164382], [36.6796338, 54.7157174], [36.6798944, 54.7143548], [36.6798532, 54.7133171], [36.6787972, 54.7123783], [36.6790715, 54.7108651], [36.6797572, 54.710362], [36.6799355, 54.7094469], [36.6827469, 54.7074979], [36.6850234, 54.7088131], [36.6868816, 54.7090864], [36.6884244, 54.7106472], [36.6922643, 54.7124535], [36.7024674, 54.7100134], [36.7045245, 54.7105284], [36.7056765, 54.708722], [36.7002617, 54.7072231], [36.6997216, 54.7066122], [36.7004031, 54.7036799], [36.6999813, 54.7034166], [36.6942308, 54.7034894], [36.6925584, 54.7055056], [36.688088, 54.7071136], [36.6858674, 54.7073881], [36.6837942, 54.7067713], [36.6843178, 54.7057292], [36.6839687, 54.7041716], [36.6759201, 54.7052698], [36.6737285, 54.7039811], [36.67272, 54.7024347], [36.6688782, 54.6992519], [36.6665349, 54.6943234], [36.6540858, 54.6973365], [36.6541523, 54.6999946], [36.6521226, 54.7018885], [36.6332224, 54.710359], [36.6319618, 54.7095747], [36.629295, 54.7092049], [36.6244658, 54.7097035], [36.6244658, 54.7101797], [36.6204318, 54.7109192], [36.617959, 54.709978], [36.6068751, 54.7167506], [36.6072921, 54.7148517], [36.6068266, 54.7128239], [36.6050327, 54.7127959], [36.6024241, 54.714426], [36.5990495, 54.714045], [36.5987295, 54.7157983], [36.5949379, 54.7155631], [36.5961985, 54.7180052], [36.5950736, 54.7187502], [36.5955876, 54.7206825], [36.5925718, 54.7227547], [36.5908887, 54.7236366], [36.5875151, 54.7231138], [36.5834018, 54.724806], [36.5787866, 54.7258673], [36.5677584, 54.7227119], [36.5675116, 54.7198368], [36.5661128, 54.7197655], [36.5637265, 54.718316], [36.5602706, 54.7150523], [36.5536605, 54.7175872], [36.5513155, 54.7164228], [36.5500264, 54.7143552], [36.5498206, 54.7125173], [36.5524263, 54.7121608], [36.5492413, 54.7071203], [36.5421838, 54.7072577], [36.5416523, 54.7065347], [36.5426055, 54.7058473], [36.5446728, 54.7059364], [36.5457031, 54.704631], [36.5466099, 54.7047469], [36.5464865, 54.7053947], [36.5479607, 54.7052362], [36.5484202, 54.7043071], [36.5466751, 54.7031627], [36.5465928, 54.7017026], [36.5451507, 54.7016534], [36.5456591, 54.7003343], [36.5446942, 54.6996436], [36.5455936, 54.6990006], [36.5444881, 54.6981895], [36.5458263, 54.6978813], [36.5448954, 54.6961398], [36.5434311, 54.6955135], [36.5408687, 54.6957013], [36.5395886, 54.6953286], [36.5385147, 54.6963374], [36.5373704, 54.69642], [36.5358511, 54.6955789], [36.5367837, 54.6948466], [36.5351279, 54.6941923], [36.5357986, 54.6929573], [36.5335055, 54.6906227], [36.5321616, 54.6903532], [36.5320056, 54.6912063], [36.5309839, 54.691348], [36.5311193, 54.6908357], [36.5299416, 54.690803], [36.5292697, 54.6893574], [36.5273806, 54.6887906], [36.526988, 54.6874302], [36.5226246, 54.6868147], [36.5214658, 54.6870782], [36.521427, 54.6878489], [36.5207482, 54.6876864], [36.5200888, 54.6882245], [36.5152741, 54.686669], [36.5146826, 54.685901], [36.5151626, 54.6852816], [36.5135916, 54.6838438], [36.5141007, 54.683314], [36.5134365, 54.6828964], [36.5129565, 54.6813295], [36.5116134, 54.6796784], [36.5106437, 54.6795775], [36.509577, 54.6785123], [36.5095297, 54.6776757], [36.5080449, 54.6751629], [36.5068018, 54.6751262], [36.5061908, 54.6742964], [36.5074612, 54.6728497], [36.5064236, 54.6714703], [36.5059581, 54.671846], [36.5010998, 54.671403], [36.49565, 54.6750757], [36.4906172, 54.6769316], [36.4860595, 54.6768475], [36.4892566, 54.6792577], [36.4848338, 54.6804509], [36.4824716, 54.6816184], [36.4763484, 54.6816818], [36.4741919, 54.6826748], [36.4720525, 54.6806016], [36.469271, 54.6802776], [36.4671724, 54.6764579], [36.4623177, 54.6769733], [36.4580458, 54.6786265], [36.4562425, 54.6815006], [36.451662, 54.6831219], [36.4475067, 54.6830109], [36.4462793, 54.6839583], [36.44342, 54.684874], [36.4399298, 54.6841486], [36.4377493, 54.6851356], [36.4304055, 54.694643], [36.4251244, 54.6930436], [36.4177258, 54.6930238], [36.4160458, 54.6932457], [36.4115957, 54.6963011], [36.4105808, 54.6964041], [36.4072895, 54.6954015], [36.404245, 54.693638], [36.4015275, 54.6931826], [36.3989446, 54.6912364], [36.40022, 54.690638], [36.39998, 54.6901822], [36.4006177, 54.6900395], [36.4007548, 54.6888347], [36.4012828, 54.6885017], [36.3998248, 54.6869299], [36.401066, 54.6861339], [36.4007072, 54.6856519], [36.4015703, 54.6841327], [36.4024236, 54.6839533], [36.403597, 54.6821314], [36.4022297, 54.6805392], [36.4027824, 54.6771417], [36.4022879, 54.6719944], [36.390884, 54.6724261], [36.3936574, 54.6697121], [36.3951604, 54.6696728], [36.3967993, 54.6651751], [36.3932404, 54.6616697], [36.3920089, 54.6586969], [36.3946756, 54.6556061], [36.3974587, 54.6533621], [36.3973132, 54.6506187], [36.3966538, 54.649261], [36.3900791, 54.6463882], [36.3958101, 54.6412202], [36.3844353, 54.6412875], [36.3813904, 54.6429878], [36.3796643, 54.6413998], [36.3729539, 54.6411977], [36.3731348, 54.639694], [36.3726533, 54.6380494], [36.3688035, 54.6396938], [36.3642216, 54.6395639], [36.3632874, 54.636247], [36.3637545, 54.6357687], [36.3610955, 54.6348328], [36.3561548, 54.6310268], [36.3538731, 54.6303612], [36.3562626, 54.628458], [36.3581311, 54.6278236], [36.3632514, 54.6289156], [36.3635018, 54.6251089], [36.3588034, 54.62447], [36.3577612, 54.6254783], [36.3565818, 54.6250972], [36.3560058, 54.6245652], [36.3560332, 54.623811], [36.3545795, 54.6236125], [36.3528653, 54.6201189], [36.3513156, 54.6201666], [36.3508768, 54.6208812], [36.3479105, 54.6208109], [36.3487237, 54.6198569], [36.3495602, 54.6165457], [36.3439238, 54.615966], [36.3458026, 54.6127259], [36.3451992, 54.6089931], [36.3444724, 54.6082544], [36.3445684, 54.6076826], [36.3466529, 54.6081273], [36.3507945, 54.6069439], [36.3548949, 54.6017172], [36.3551418, 54.598317], [36.3583373, 54.5956552], [36.3421881, 54.5915851], [36.3466735, 54.5894047], [36.3519268, 54.5878444], [36.3512707, 54.5886886], [36.3515257, 54.5895483], [36.3534498, 54.5903866], [36.3557767, 54.5908706], [36.3581333, 54.5905854], [36.3618808, 54.591548], [36.3623214, 54.5901775], [36.3674981, 54.5898661], [36.3722528, 54.5880461], [36.3737508, 54.5885194], [36.3758875, 54.5875381], [36.3826632, 54.5866619], [36.3862252, 54.5867614], [36.3888456, 54.5860042], [36.3873092, 54.5852263], [36.3893676, 54.5843879], [36.3888605, 54.583705], [36.391057, 54.582118], [36.393436, 54.5834119], [36.3917524, 54.5809938], [36.3933811, 54.580315], [36.3933811, 54.5799225], [36.3945707, 54.5798695], [36.3957236, 54.5783315], [36.3969681, 54.5779921], [36.3974073, 54.5770693], [36.3970779, 54.5768253], [36.3994569, 54.5747357], [36.3994935, 54.5740992], [36.4005916, 54.5735264], [36.400972, 54.5717756], [36.399585, 54.5706313], [36.3995049, 54.5697657], [36.4027363, 54.570089], [36.4007065, 54.5697656], [36.4011955, 54.5685084], [36.4005367, 54.5676809], [36.3992922, 54.5675217], [36.3998962, 54.5662273], [36.4017994, 54.5662804], [36.4043066, 54.5631503], [36.4036478, 54.56245], [36.3979563, 54.5613677], [36.3972397, 54.5617921], [36.3974988, 54.5611342], [36.3914596, 54.5588103], [36.3888779, 54.5610863], [36.3884373, 54.5630781], [36.3887518, 54.5631893], [36.3860975, 54.5671442], [36.3826478, 54.5794284], [36.3797289, 54.5780708], [36.37781, 54.5786433], [36.3778278, 54.5805659], [36.374566, 54.5805666], [36.3740251, 54.5821676], [36.3731969, 54.5819936], [36.3732718, 54.5812395], [36.3743229, 54.5801897], [36.374955, 54.5776461], [36.3741951, 54.5778336], [36.3732596, 54.5794496], [36.3690687, 54.5776571], [36.3681755, 54.5753082], [36.366233, 54.5746911], [36.3671362, 54.5727706], [36.3650652, 54.5667223], [36.3645124, 54.5667071], [36.3641001, 54.5656959], [36.3657424, 54.5604456], [36.3669583, 54.560422], [36.3716637, 54.5620635], [36.3712139, 54.5625025], [36.3724262, 54.5628774], [36.3723207, 54.5633127], [36.3756282, 54.5637574], [36.3751918, 54.5654792], [36.3782176, 54.5657913], [36.3797391, 54.5666682], [36.3804733, 54.5654061], [36.381666, 54.5649676], [36.3825631, 54.5625544], [36.383138, 54.5623675], [36.3842009, 54.5605148], [36.3795244, 54.5602404], [36.3800661, 54.5598925], [36.3770608, 54.5600619], [36.3780848, 54.559336], [36.3763892, 54.5591093], [36.3769961, 54.5583843], [36.3757574, 54.5580177], [36.3746564, 54.5559177], [36.3758443, 54.5495008], [36.3752819, 54.5492173], [36.3774977, 54.5479569], [36.377488, 54.5475114], [36.3918352, 54.5364335], [36.3945722, 54.5361357], [36.3945508, 54.53509], [36.399148, 54.5352876], [36.3949799, 54.5343041], [36.3969555, 54.5330136], [36.3977583, 54.5319309], [36.3840146, 54.5290475], [36.3828248, 54.5283619], [36.3793388, 54.5240551], [36.3789478, 54.5235047], [36.3795635, 54.521409], [36.3769094, 54.5185309], [36.3779078, 54.5182267], [36.3792889, 54.5193277], [36.3801874, 54.5184923], [36.3847145, 54.5174746], [36.384048, 54.5158712], [36.3842336, 54.5148343], [36.3835041, 54.5143869], [36.3839806, 54.512553], [36.3801848, 54.512185], [36.3797528, 54.51175], [36.3799031, 54.509408], [36.3789479, 54.5102525], [36.3791176, 54.5093151], [36.3762604, 54.5126173], [36.3688447, 54.5095249], [36.3682884, 54.5098065], [36.3689002, 54.5109977], [36.3654298, 54.5103426], [36.3603404, 54.5104789], [36.3608606, 54.5089562], [36.3598575, 54.5082281], [36.3588355, 54.5086266], [36.3573679, 54.5082306], [36.355265, 54.508636], [36.3547896, 54.5081983], [36.3500132, 54.5090383], [36.3466407, 54.5070544], [36.346177, 54.506535], [36.3463515, 54.5060493], [36.343672, 54.5059857], [36.3414985, 54.5042782], [36.3416743, 54.5039381], [36.3409153, 54.5033299], [36.3425917, 54.5026955], [36.3429946, 54.5020813], [36.3416649, 54.5014071], [36.3399887, 54.5015106], [36.3406176, 54.5000917], [36.3390527, 54.4996149], [36.3387943, 54.4976822], [36.3372632, 54.496018]]]}}, {"type": "Feature", "properties": {"rda_code": "KG-19", "rda_name": "MALOYAROSLAVETSKY AREA / incl. MALOYAROSLAVETS /", "osm_name": "Малоярославецкий муниципальный округ", "match_score": 1.0, "match_reason": "alias:maloyaroslavetskii"}, "geometry": {"type": "Polygon", "coordinates": [[[36.0526833, 54.9297962], [36.0548269, 54.924921], [36.0619065, 54.9244869], [36.0716663, 54.9221544], [36.0745159, 54.9203926], [36.0745485, 54.9176128], [36.0831145, 54.9172571], [36.0829842, 54.9143929], [36.0843196, 54.9130075], [36.0848733, 54.9116033], [36.0806391, 54.9072219], [36.084465, 54.9051063], [36.0836356, 54.9029337], [36.0852316, 54.9019974], [36.0856478, 54.900906], [36.0852085, 54.899816], [36.0883063, 54.8942458], [36.0870811, 54.8841006], [36.0947331, 54.881667], [36.1026356, 54.8824081], [36.109228, 54.8817202], [36.1059452, 54.88051], [36.1044231, 54.8758305], [36.1057707, 54.875249], [36.1039065, 54.8702993], [36.0966069, 54.8626086], [36.0988754, 54.860941], [36.0985385, 54.86023], [36.094024, 54.8571144], [36.1005824, 54.8560542], [36.1014204, 54.8522487], [36.113881, 54.8523152], [36.1188975, 54.8528476], [36.1171868, 54.8505451], [36.1263877, 54.8461395], [36.1310344, 54.8463126], [36.132722, 54.8449948], [36.1350519, 54.8411919], [36.1267746, 54.8387924], [36.1201137, 54.8292635], [36.1233367, 54.8259629], [36.1331845, 54.8193416], [36.1448879, 54.814878], [36.1502688, 54.8170948], [36.15409, 54.820375], [36.1562046, 54.820915], [36.1638533, 54.8199391], [36.1648177, 54.8180655], [36.1730395, 54.8187485], [36.1811577, 54.8179127], [36.1849607, 54.8146478], [36.1827763, 54.8134815], [36.1646665, 54.8124181], [36.1603018, 54.8128817], [36.1581094, 54.8119429], [36.1596961, 54.8040886], [36.1589038, 54.8018877], [36.1592992, 54.7998664], [36.1527509, 54.798703], [36.151972, 54.7949437], [36.1506366, 54.7947221], [36.1538614, 54.786345], [36.1547815, 54.7715133], [36.1565236, 54.7647662], [36.1550627, 54.7546124], [36.1561993, 54.7529798], [36.1587035, 54.7528752], [36.1601992, 54.7514152], [36.1618565, 54.7510064], [36.1648503, 54.7517049], [36.1650528, 54.7505187], [36.1643639, 54.7487639], [36.1462853, 54.7418737], [36.1512087, 54.7326746], [36.1496897, 54.7233965], [36.1518964, 54.7212575], [36.1555688, 54.7220699], [36.1593737, 54.7221233], [36.16249, 54.721001], [36.1698665, 54.7210709], [36.1713646, 54.7178763], [36.1712162, 54.7174164], [36.1669746, 54.7172991], [36.1667108, 54.7165137], [36.1602227, 54.7145414], [36.1676152, 54.6899968], [36.165376, 54.6878169], [36.1608412, 54.6874353], [36.1606381, 54.6864838], [36.1646154, 54.6817859], [36.1671698, 54.6779362], [36.1672823, 54.6767864], [36.1759387, 54.6752672], [36.1784429, 54.6753097], [36.1794301, 54.6738758], [36.1799093, 54.6702718], [36.1781035, 54.6677304], [36.1854766, 54.6685282], [36.1893543, 54.6695923], [36.190244, 54.6706933], [36.1889934, 54.6713685], [36.1818235, 54.6708892], [36.1814468, 54.6738376], [36.1843729, 54.6781928], [36.190138, 54.6760153], [36.1972318, 54.6766556], [36.2010387, 54.6813693], [36.2035736, 54.6830441], [36.2067715, 54.6822704], [36.209421, 54.679157], [36.211039, 54.678987], [36.2083085, 54.6775222], [36.2137941, 54.674219], [36.2259556, 54.6746405], [36.2272296, 54.676991], [36.2267892, 54.6777414], [36.2270442, 54.6791618], [36.2283189, 54.6807965], [36.2280639, 54.6818148], [36.2285043, 54.6828465], [36.2277858, 54.6841595], [36.2268588, 54.6842935], [36.226627, 54.6847624], [36.2271601, 54.6852045], [36.2261635, 54.6858342], [36.2264648, 54.6874016], [36.2261171, 54.6884466], [36.2252364, 54.6893843], [36.2236888, 54.6932137], [36.227373, 54.705758], [36.2300138, 54.7102928], [36.2293128, 54.7112014], [36.2410149, 54.7122563], [36.2404123, 54.7112387], [36.2440018, 54.7097575], [36.2440481, 54.707508], [36.2466266, 54.7075631], [36.2498429, 54.7069113], [36.2522341, 54.7058699], [36.2603542, 54.7093467], [36.2575707, 54.7207631], [36.2657369, 54.7192007], [36.2707093, 54.7169519], [36.2672238, 54.7145987], [36.2688986, 54.7138927], [36.2854209, 54.7151478], [36.2897917, 54.7148159], [36.2896337, 54.7077306], [36.291378, 54.7031798], [36.2922122, 54.7033729], [36.2930987, 54.701362], [36.2956626, 54.7002667], [36.2972443, 54.6969272], [36.3004073, 54.6927354], [36.306839, 54.6961885], [36.3083909, 54.6950341], [36.3118887, 54.6938403], [36.3203314, 54.6953051], [36.3224465, 54.6966126], [36.3229643, 54.6986008], [36.3257725, 54.6972511], [36.3312466, 54.6972337], [36.3309875, 54.6965137], [36.3329718, 54.693843], [36.3327095, 54.6922357], [36.3343941, 54.6921026], [36.3373017, 54.6928976], [36.3384286, 54.6920619], [36.3421419, 54.6920944], [36.3430831, 54.693343], [36.3449082, 54.6937951], [36.3487067, 54.6988606], [36.3499524, 54.6986262], [36.3507209, 54.699731], [36.3554024, 54.6986784], [36.3540528, 54.6973257], [36.3557413, 54.6971917], [36.3576584, 54.6985362], [36.3585799, 54.6982913], [36.3593977, 54.6988142], [36.3569928, 54.7005693], [36.357338, 54.7025511], [36.3583474, 54.7038498], [36.3646606, 54.7033788], [36.3692177, 54.7043073], [36.3714955, 54.7089445], [36.3710986, 54.7112459], [36.3697927, 54.7112542], [36.3686623, 54.7127291], [36.3612285, 54.710929], [36.3601656, 54.7122813], [36.3559752, 54.7112223], [36.3551749, 54.7119187], [36.360031, 54.7142079], [36.3596834, 54.7159617], [36.3617747, 54.7169218], [36.3619877, 54.7184383], [36.3716844, 54.7207605], [36.3708781, 54.7213372], [36.3719837, 54.7213876], [36.3702536, 54.7220557], [36.3710857, 54.7228205], [36.3702333, 54.7231106], [36.370766, 54.723512], [36.3702637, 54.7240922], [36.3724154, 54.7250768], [36.3785818, 54.723466], [36.378542, 54.7223666], [36.3794135, 54.7209852], [36.3796203, 54.7194259], [36.3865642, 54.7193172], [36.3885554, 54.7182471], [36.3914644, 54.7181171], [36.3912393, 54.7165769], [36.3922089, 54.7156467], [36.3993948, 54.7159368], [36.3972304, 54.7112656], [36.4045374, 54.7100453], [36.4046413, 54.7096351], [36.4089008, 54.7081646], [36.4166927, 54.7089949], [36.4166061, 54.7116758], [36.4159828, 54.7131862], [36.4144071, 54.7134062], [36.4139569, 54.7165569], [36.4217314, 54.7166069], [36.4232205, 54.7184171], [36.4225452, 54.7165769], [36.4241909, 54.7149903], [36.4238266, 54.7141664], [36.4254888, 54.7104954], [36.4270126, 54.7096151], [36.4212649, 54.7071912], [36.4179221, 54.7064539], [36.4190995, 54.7053034], [36.4188052, 54.7014015], [36.4140261, 54.7001408], [36.4052646, 54.7028923], [36.4036889, 54.702232], [36.4032561, 54.7013815], [36.400399, 54.6998807], [36.4019747, 54.6988], [36.4034812, 54.6994604], [36.4046586, 54.69877], [36.4027886, 54.6965586], [36.4039487, 54.6953078], [36.40078, 54.6938267], [36.4015275, 54.6931826], [36.4024553, 54.6931308], [36.4105808, 54.6964041], [36.4115957, 54.6963011], [36.4160458, 54.6932457], [36.4177258, 54.6930238], [36.4251244, 54.6930436], [36.4304055, 54.694643], [36.4377493, 54.6851356], [36.4399298, 54.6841486], [36.44342, 54.684874], [36.4462793, 54.6839583], [36.4475067, 54.6830109], [36.451662, 54.6831219], [36.4562425, 54.6815006], [36.4580458, 54.6786265], [36.4623177, 54.6769733], [36.4671724, 54.6764579], [36.469271, 54.6802776], [36.4720525, 54.6806016], [36.4741919, 54.6826748], [36.4763484, 54.6816818], [36.4824716, 54.6816184], [36.4848338, 54.6804509], [36.4892566, 54.6792577], [36.4860595, 54.6768475], [36.4906172, 54.6769316], [36.49565, 54.6750757], [36.5006537, 54.6716161], [36.5020889, 54.6712011], [36.5069278, 54.6717787], [36.5074612, 54.6728497], [36.5061908, 54.6742964], [36.5068018, 54.6751262], [36.5080449, 54.6751629], [36.5095297, 54.6776757], [36.509577, 54.6785123], [36.5106437, 54.6795775], [36.5116134, 54.6796784], [36.5129565, 54.6813295], [36.5134365, 54.6828964], [36.5141007, 54.683314], [36.5135916, 54.6838438], [36.5151626, 54.6852816], [36.5146826, 54.685901], [36.5152741, 54.686669], [36.5200888, 54.6882245], [36.5207482, 54.6876864], [36.521427, 54.6878489], [36.5214658, 54.6870782], [36.5226246, 54.6868147], [36.526988, 54.6874302], [36.5273806, 54.6887906], [36.5292697, 54.6893574], [36.5299416, 54.690803], [36.5311193, 54.6908357], [36.5309839, 54.691348], [36.5320056, 54.6912063], [36.5321616, 54.6903532], [36.5335055, 54.6906227], [36.5357986, 54.6929573], [36.5351279, 54.6941923], [36.5367837, 54.6948466], [36.5358511, 54.6955789], [36.5373704, 54.69642], [36.5385147, 54.6963374], [36.5395886, 54.6953286], [36.5408687, 54.6957013], [36.5434311, 54.6955135], [36.5448954, 54.6961398], [36.5458263, 54.6978813], [36.5444881, 54.6981895], [36.5455936, 54.6990006], [36.5446942, 54.6996436], [36.5456591, 54.7003343], [36.5451507, 54.7016534], [36.5465928, 54.7017026], [36.5466751, 54.7031627], [36.5484202, 54.7043071], [36.5479607, 54.7052362], [36.5464865, 54.7053947], [36.5466099, 54.7047469], [36.5457031, 54.704631], [36.5446728, 54.7059364], [36.5426055, 54.7058473], [36.5416523, 54.7065347], [36.5421838, 54.7072577], [36.5492413, 54.7071203], [36.5524263, 54.7121608], [36.5498206, 54.7125173], [36.5500264, 54.7143552], [36.5513155, 54.7164228], [36.5536605, 54.7175872], [36.5602706, 54.7150523], [36.5637265, 54.718316], [36.5661128, 54.7197655], [36.5675116, 54.7198368], [36.5677584, 54.7227119], [36.5787866, 54.7258673], [36.5834018, 54.724806], [36.5875151, 54.7231138], [36.5908887, 54.7236366], [36.5925718, 54.7227547], [36.5955876, 54.7206825], [36.5950736, 54.7187502], [36.5961985, 54.7180052], [36.5949379, 54.7155631], [36.5987295, 54.7157983], [36.5990495, 54.714045], [36.6024241, 54.714426], [36.6050327, 54.7127959], [36.6068266, 54.7128239], [36.6072921, 54.7148517], [36.6068751, 54.7167506], [36.617959, 54.709978], [36.6204318, 54.7109192], [36.6244658, 54.7101797], [36.6244658, 54.7097035], [36.629295, 54.7092049], [36.6319618, 54.7095747], [36.6332224, 54.710359], [36.6521226, 54.7018885], [36.6541523, 54.6999946], [36.6540858, 54.6973365], [36.6665349, 54.6943234], [36.6688782, 54.6992519], [36.67272, 54.7024347], [36.6737285, 54.7039811], [36.6759201, 54.7052698], [36.6839687, 54.7041716], [36.6843178, 54.7057292], [36.6837942, 54.7067713], [36.6858674, 54.7073881], [36.688088, 54.7071136], [36.6925584, 54.7055056], [36.6942308, 54.7034894], [36.6999813, 54.7034166], [36.7004031, 54.7036799], [36.6997216, 54.7066122], [36.7002617, 54.7072231], [36.7056765, 54.708722], [36.7045245, 54.7105284], [36.7024674, 54.7100134], [36.6922643, 54.7124535], [36.6884244, 54.7106472], [36.6868816, 54.7090864], [36.6850234, 54.7088131], [36.6827469, 54.7074979], [36.6799355, 54.7094469], [36.6797572, 54.710362], [36.6790715, 54.7108651], [36.6787972, 54.7123783], [36.6798532, 54.7133171], [36.6798944, 54.7143548], [36.6796338, 54.7157174], [36.6786601, 54.7164382], [36.6781664, 54.718074], [36.6796064, 54.7215869], [36.6827194, 54.7229016], [36.6872999, 54.7202918], [36.6912495, 54.7246797], [36.6882598, 54.7246797], [36.6886918, 54.7266794], [36.6830492, 54.7270935], [36.684357, 54.7354462], [36.6927794, 54.7391071], [36.7039384, 54.7389841], [36.7077341, 54.7377747], [36.7084823, 54.7387448], [36.7090165, 54.7383106], [36.7089387, 54.7401723], [36.7119939, 54.7404502], [36.7133578, 54.7429292], [36.7138987, 54.7455309], [36.715377, 54.7478618], [36.7153049, 54.7497972], [36.7204315, 54.7569945], [36.7268374, 54.757455], [36.7304784, 54.7583739], [36.7345676, 54.7573247], [36.7353413, 54.7592396], [36.7312544, 54.7630604], [36.7333237, 54.7678657], [36.7317405, 54.7699205], [36.7349922, 54.7715799], [36.7380211, 54.7739094], [36.7406182, 54.7746398], [36.7402043, 54.7785188], [36.7422758, 54.7809177], [36.7389586, 54.7806474], [36.7335306, 54.7810847], [36.7274202, 54.7831011], [36.7231322, 54.7838294], [36.7241118, 54.7855605], [36.7225908, 54.7854477], [36.7148989, 54.7872143], [36.707867, 54.7876296], [36.7078915, 54.7893871], [36.708688, 54.7910442], [36.7111361, 54.7925648], [36.7157134, 54.7934794], [36.7171828, 54.7942441], [36.7178123, 54.7953963], [36.7200695, 54.7971077], [36.7180992, 54.7983791], [36.7140353, 54.7996163], [36.7127119, 54.8009042], [36.7247088, 54.8075665], [36.7322131, 54.8135991], [36.7363004, 54.818609], [36.7375071, 54.8210028], [36.7399731, 54.8233075], [36.7545865, 54.8257987], [36.7634771, 54.8335155], [36.7647957, 54.8340529], [36.7711524, 54.834232], [36.7748346, 54.835235], [36.7712644, 54.8364386], [36.7708525, 54.8407592], [36.7674396, 54.8423193], [36.7642202, 54.842765], [36.7582915, 54.8446694], [36.7490203, 54.841367], [36.7441296, 54.8421471], [36.7437249, 54.8446188], [36.744411, 54.8452975], [36.739925, 54.845966], [36.7409288, 54.8469525], [36.7419635, 54.8465951], [36.7427398, 54.8483565], [36.7334333, 54.850767], [36.7298093, 54.8493896], [36.7287889, 54.8498048], [36.7301084, 54.8505949], [36.7300908, 54.8515975], [36.7348583, 54.8536737], [36.7402944, 54.8578764], [36.7405759, 54.8628076], [36.7437249, 54.8628785], [36.7463638, 54.8636581], [36.7593998, 54.8624431], [36.7609656, 54.8660475], [36.7661553, 54.8741765], [36.7641498, 54.8750267], [36.7600508, 54.8758162], [36.7535415, 54.8790045], [36.7508675, 54.8827896], [36.7514304, 54.8848136], [36.7479572, 54.8885078], [36.7464415, 54.8877056], [36.7454085, 54.8885256], [36.7424231, 54.8919472], [36.7429333, 54.8924734], [36.7405759, 54.8931108], [36.7335037, 54.8937785], [36.730425, 54.8931006], [36.7263964, 54.8913402], [36.7114603, 54.89477], [36.7082409, 54.8947396], [36.6989873, 54.8921901], [36.6983188, 54.8937077], [36.6939558, 54.8936267], [36.6938327, 54.8929489], [36.6880975, 54.8912896], [36.6866022, 54.8916943], [36.6812541, 54.8913907], [36.679055, 54.8959436], [36.6698935, 54.9066569], [36.6704347, 54.9069693], [36.670681, 54.908001], [36.6693088, 54.9095281], [36.6693691, 54.9112551], [36.6717438, 54.9131885], [36.649007, 54.9237753], [36.6457348, 54.9242707], [36.6442395, 54.9239169], [36.6421988, 54.9245639], [36.6292787, 54.9393143], [36.6174829, 54.9495319], [36.6205487, 54.9678614], [36.6062411, 54.9745427], [36.6063219, 54.9859539], [36.5995204, 55.0037449], [36.6029269, 55.0070052], [36.6180428, 55.0078396], [36.619785, 55.0106719], [36.6235958, 55.0125607], [36.6255548, 55.0186706], [36.6276109, 55.0202341], [36.6306258, 55.0243352], [36.6292116, 55.026023], [36.6284467, 55.0293373], [36.6267301, 55.0313049], [36.6242086, 55.0331615], [36.6230447, 55.0349229], [36.6227939, 55.0365882], [36.618864, 55.0426849], [36.6170698, 55.0476106], [36.6140983, 55.0480761], [36.6121421, 55.0477064], [36.6089484, 55.0489649], [36.6064496, 55.0502183], [36.606044, 55.0524781], [36.6048054, 55.0530642], [36.5973137, 55.0519827], [36.5941555, 55.0525197], [36.5875193, 55.0524542], [36.5855781, 55.0534292], [36.5857825, 55.0539868], [36.5870453, 55.0545492], [36.5908148, 55.0544143], [36.5934605, 55.0550932], [36.5960892, 55.0574288], [36.5958651, 55.0580842], [36.5944511, 55.0589621], [36.5871068, 55.0583106], [36.5767249, 55.0599683], [36.5776348, 55.0613907], [36.5785204, 55.0613005], [36.5788404, 55.0621463], [36.5781109, 55.0672867], [36.5785975, 55.0688244], [36.5795528, 55.0699699], [36.5831098, 55.0717152], [36.5829007, 55.0723648], [36.5850707, 55.0731106], [36.5863118, 55.0751948], [36.5845125, 55.0759936], [36.58098, 55.0760765], [36.573667, 55.0776412], [36.5639856, 55.0776159], [36.5599412, 55.0798162], [36.5576861, 55.0826859], [36.5574978, 55.0838374], [36.556646, 55.0848936], [36.556516, 55.0864967], [36.5571524, 55.0889987], [36.5582197, 55.090379], [36.5613361, 55.0900314], [36.5629047, 55.0912261], [36.5658719, 55.091235], [36.5683201, 55.0899845], [36.5751861, 55.0883675], [36.5767746, 55.0892549], [36.5768347, 55.0909887], [36.5789863, 55.0922887], [36.5792082, 55.0968751], [36.5787865, 55.0975327], [36.5724337, 55.0956937], [36.5610604, 55.0957175], [36.5519286, 55.0963588], [36.5452042, 55.092891], [36.5324611, 55.0935323], [36.5322841, 55.0926491], [36.5247465, 55.0819364], [36.5148138, 55.0773314], [36.5146352, 55.0784904], [36.5137823, 55.0786128], [36.5070599, 55.077576], [36.5068018, 55.0780857], [36.5078574, 55.0794277], [36.507152, 55.0796648], [36.5078615, 55.080186], [36.5073389, 55.0810973], [36.5059888, 55.0803244], [36.5050643, 55.0806767], [36.5029803, 55.0800808], [36.5021879, 55.0803916], [36.5012498, 55.0796789], [36.5013647, 55.0791365], [36.5008848, 55.0791929], [36.4996215, 55.0796765], [36.4998471, 55.0807965], [36.4881288, 55.0838189], [36.4803091, 55.0758792], [36.4755517, 55.0750511], [36.4736423, 55.077261], [36.4713593, 55.0764056], [36.4639293, 55.0764056], [36.462186, 55.077166], [36.4628916, 55.0787105], [36.4595294, 55.0784254], [36.4542163, 55.0787818], [36.4508542, 55.0781402], [36.4462467, 55.0781878], [36.4449184, 55.0773086], [36.4383601, 55.0773086], [36.4351224, 55.0755976], [36.4212171, 55.0771185], [36.4093668, 55.0736375], [36.4046872, 55.0742834], [36.404278, 55.0757592], [36.3992323, 55.0771995], [36.396444, 55.0798374], [36.3956515, 55.0795182], [36.3908673, 55.0807111], [36.3853787, 55.0804254], [36.379215, 55.075536], [36.3767788, 55.069167], [36.3739011, 55.0698728], [36.3717305, 55.0697888], [36.3566148, 55.0676209], [36.3500861, 55.0656318], [36.3499719, 55.0662439], [36.3516115, 55.0682998], [36.3514455, 55.0691733], [36.3484258, 55.0702072], [36.3461739, 55.0693516], [36.3443375, 55.0657997], [36.3392304, 55.0638248], [36.3341967, 55.0643963], [36.3319514, 55.0656568], [36.3347397, 55.0665728], [36.3356936, 55.0673291], [36.3358577, 55.0684584], [36.3393184, 55.0729086], [36.3401696, 55.0747738], [36.3400962, 55.0755468], [36.3377482, 55.0775631], [36.3368383, 55.0824019], [36.3354588, 55.0842163], [36.3326584, 55.0850625], [36.3201963, 55.083116], [36.3122948, 55.0831209], [36.3068062, 55.0839273], [36.2994978, 55.086086], [36.2961518, 55.0849436], [36.2917198, 55.0850528], [36.2901202, 55.0846832], [36.2885059, 55.0860944], [36.2885793, 55.0887653], [36.2876254, 55.0896052], [36.2863193, 55.0900671], [36.2818359, 55.0899579], [36.2806766, 55.0901091], [36.2804417, 55.0905374], [36.2791356, 55.0900251], [36.2782184, 55.0890089], [36.2749825, 55.0894666], [36.2698094, 55.0918854], [36.2688775, 55.0928679], [36.2734117, 55.09402], [36.2725608, 55.0946494], [36.2772305, 55.0957183], [36.275025, 55.0990652], [36.2711801, 55.1000896], [36.2722023, 55.1016626], [36.2694043, 55.1031668], [36.2687586, 55.1042121], [36.2695511, 55.1050558], [36.2695364, 55.1058366], [36.2759936, 55.1081536], [36.2777843, 55.1109331], [36.2751015, 55.1101866], [36.2687763, 55.1099263], [36.2648433, 55.1090869], [36.2617028, 55.1052252], [36.2592373, 55.1042177], [36.2582247, 55.102463], [36.2584742, 55.1016822], [36.2593253, 55.1012708], [36.249421, 55.0918688], [36.2482932, 55.0913453], [36.2466952, 55.0932036], [36.2455122, 55.0935005], [36.2452009, 55.0943556], [36.2426066, 55.0969585], [36.2400954, 55.0969802], [36.2359964, 55.0957095], [36.2288569, 55.0914518], [36.226906, 55.0898306], [36.2256712, 55.0903413], [36.2225373, 55.0932452], [36.2208043, 55.0937499], [36.2186147, 55.0926751], [36.2176081, 55.0930789], [36.2163006, 55.0926395], [36.2124403, 55.0932096], [36.211496, 55.0936668], [36.2111328, 55.0945575], [36.2114932, 55.0957307], [36.2165066, 55.1004087], [36.2170375, 55.1015093], [36.2160517, 55.1025899], [36.2150269, 55.1028778], [36.2132634, 55.1023548], [36.2116124, 55.102804], [36.2093329, 55.1025168], [36.2089562, 55.1018552], [36.2090981, 55.0999224], [36.2058596, 55.0973379], [36.2046122, 55.094256], [36.2046416, 55.0930887], [36.2066228, 55.0911823], [36.2082224, 55.0885452], [36.2055515, 55.0868402], [36.20087, 55.085597], [36.1996666, 55.086059], [36.1992117, 55.0893263], [36.1987274, 55.0906197], [36.1979936, 55.0909892], [36.1912429, 55.0889651], [36.1882491, 55.0892675], [36.1872805, 55.0901493], [36.1884839, 55.0910732], [36.1884692, 55.0915855], [36.1863544, 55.0922126], [36.1842894, 55.0904429], [36.1838328, 55.0889701], [36.1843724, 55.0876517], [36.1797649, 55.0863391], [36.1789452, 55.0854839], [36.1780942, 55.0860778], [36.1773782, 55.0855314], [36.1747528, 55.0861491], [36.1738656, 55.0854601], [36.1639243, 55.0830749], [36.163712, 55.0809549], [36.162857, 55.0790207], [36.1508818, 55.0734253], [36.1471836, 55.0728204], [36.1377326, 55.0736774], [36.1369299, 55.0732827], [36.1342733, 55.0746313], [36.1365356, 55.0759442], [36.1366393, 55.0784987], [36.135228, 55.0809639], [36.1377913, 55.080012], [36.1396404, 55.0818433], [36.1399046, 55.083497], [36.1344511, 55.0841817], [36.1343888, 55.0857497], [36.1246966, 55.0859754], [36.1220998, 55.0883629], [36.1139826, 55.0867503], [36.1132782, 55.087187], [36.1103137, 55.0868343], [36.1072025, 55.0915208], [36.1050892, 55.0958877], [36.0965475, 55.0991023], [36.0945816, 55.1002876], [36.0811193, 55.1021016], [36.0752395, 55.1012329], [36.0781331, 55.0950585], [36.0789626, 55.0895523], [36.0832427, 55.0825451], [36.098671, 55.084748], [36.099036, 55.0828679], [36.1007281, 55.0817094], [36.1049087, 55.0769611], [36.0990028, 55.0729722], [36.0996, 55.0726682], [36.0988369, 55.0679189], [36.0924665, 55.0679759], [36.0908801, 55.0517871], [36.0933685, 55.0517111], [36.0954588, 55.0523193], [36.1017297, 55.0503046], [36.1026255, 55.0478147], [36.1014974, 55.0475295], [36.1000707, 55.0416176], [36.0995067, 55.0412944], [36.0995151, 55.0326238], [36.0918111, 55.0292053], [36.0926337, 55.0279403], [36.092704, 55.0263131], [36.0948859, 55.0251431], [36.0948859, 55.0213774], [36.102417, 55.0168581], [36.1008216, 55.0154054], [36.1008451, 55.0136297], [36.0951909, 55.0094593], [36.0892083, 55.0097418], [36.0845161, 55.0068358], [36.0881057, 55.0048445], [36.0906864, 55.001023], [36.0889033, 54.9983451], [36.0891614, 54.9957881], [36.0878945, 54.9951691], [36.0874487, 54.9935944], [36.0847976, 54.995196], [36.0854545, 54.9957074], [36.0830146, 54.99743], [36.0780877, 54.9979549], [36.0791435, 54.9963668], [36.0772197, 54.9913198], [36.064926, 54.9881836], [36.0607314, 54.9775844], [36.0600925, 54.9749002], [36.0676574, 54.9721198], [36.0738287, 54.9722531], [36.0747909, 54.9699107], [36.0798673, 54.9676062], [36.0827455, 54.9671327], [36.0865696, 54.9640808], [36.0823344, 54.9562243], [36.0844579, 54.9540143], [36.0756322, 54.9488126], [36.0677356, 54.9467736], [36.0708452, 54.9428318], [36.0732382, 54.9421984], [36.0734728, 54.9402713], [36.0758047, 54.9380333], [36.0732048, 54.9376418], [36.070302, 54.9383088], [36.0713874, 54.9342775], [36.0650265, 54.9335959], [36.0526833, 54.9297962]]]}}, {"type": "Feature", "properties": {"rda_code": "KG-09", "rda_name": "BOROVSKY AREA / incl. BOROVSK /", "osm_name": "Боровский муниципальный округ", "match_score": 1.0, "match_reason": "alias:borovsky"}, "geometry": {"type": "Polygon", "coordinates": [[[36.0178517, 55.1328862], [36.0248052, 55.1318073], [36.0295396, 55.1302818], [36.0358842, 55.1316823], [36.0338088, 55.1347553], [36.0385492, 55.1395163], [36.0447469, 55.1395245], [36.044546, 55.1386798], [36.0422793, 55.1376056], [36.0440224, 55.136806], [36.0422577, 55.1362279], [36.0444779, 55.1363078], [36.0463974, 55.1337934], [36.0461337, 55.1332018], [36.0448656, 55.1334396], [36.044825, 55.1327437], [36.0436381, 55.1313866], [36.0434657, 55.1295829], [36.0438715, 55.1291305], [36.0420876, 55.1266203], [36.0433708, 55.1262447], [36.0493596, 55.1307312], [36.0574651, 55.1272513], [36.0538029, 55.1252502], [36.0535189, 55.1241771], [36.0504552, 55.12246], [36.0503132, 55.1215667], [36.0509625, 55.1198032], [36.0496843, 55.1186371], [36.0474322, 55.1195943], [36.0426135, 55.1192984], [36.0377848, 55.1262594], [36.034853, 55.1251574], [36.0322154, 55.1226399], [36.0244954, 55.1201106], [36.0249114, 55.1185211], [36.0324487, 55.1202034], [36.0417705, 55.1179043], [36.0395184, 55.1154676], [36.0392547, 55.1132976], [36.0416488, 55.1106169], [36.0415271, 55.1080172], [36.0471023, 55.1049665], [36.0639403, 55.1073452], [36.0697158, 55.1056326], [36.0732379, 55.1051737], [36.0735315, 55.1033938], [36.0752395, 55.1012329], [36.0811193, 55.1021016], [36.0945816, 55.1002876], [36.0965475, 55.0991023], [36.1050892, 55.0958877], [36.1072025, 55.0915208], [36.1103137, 55.0868343], [36.1132782, 55.087187], [36.1139826, 55.0867503], [36.1220998, 55.0883629], [36.1246966, 55.0859754], [36.1343888, 55.0857497], [36.1344511, 55.0841817], [36.1399046, 55.083497], [36.1396404, 55.0818433], [36.1377913, 55.080012], [36.135228, 55.0809639], [36.1366393, 55.0784987], [36.1365356, 55.0759442], [36.1342733, 55.0746313], [36.1369299, 55.0732827], [36.1377326, 55.0736774], [36.1471836, 55.0728204], [36.1508818, 55.0734253], [36.162857, 55.0790207], [36.163712, 55.0809549], [36.1639243, 55.0830749], [36.1738656, 55.0854601], [36.1747528, 55.0861491], [36.1773782, 55.0855314], [36.1780942, 55.0860778], [36.1789452, 55.0854839], [36.1797649, 55.0863391], [36.1843724, 55.0876517], [36.1838328, 55.0889701], [36.1842894, 55.0904429], [36.1863544, 55.0922126], [36.1884692, 55.0915855], [36.1884839, 55.0910732], [36.1872805, 55.0901493], [36.1882491, 55.0892675], [36.1912429, 55.0889651], [36.1979936, 55.0909892], [36.1987274, 55.0906197], [36.1992117, 55.0893263], [36.1996666, 55.086059], [36.20087, 55.085597], [36.2044655, 55.0863782], [36.2082224, 55.0885452], [36.2066228, 55.0911823], [36.2046416, 55.0930887], [36.2046122, 55.094256], [36.2058596, 55.0973379], [36.2090981, 55.0999224], [36.2089562, 55.1018552], [36.2093329, 55.1025168], [36.2116124, 55.102804], [36.2132634, 55.1023548], [36.2150269, 55.1028778], [36.2160517, 55.1025899], [36.2170375, 55.1015093], [36.2165066, 55.1004087], [36.2114932, 55.0957307], [36.2111328, 55.0945575], [36.211496, 55.0936668], [36.2124403, 55.0932096], [36.2163006, 55.0926395], [36.2176081, 55.0930789], [36.2186147, 55.0926751], [36.2208043, 55.0937499], [36.2225373, 55.0932452], [36.2256712, 55.0903413], [36.226906, 55.0898306], [36.2288569, 55.0914518], [36.2359964, 55.0957095], [36.2400954, 55.0969802], [36.2426066, 55.0969585], [36.2452009, 55.0943556], [36.2455122, 55.0935005], [36.2466952, 55.0932036], [36.2482932, 55.0913453], [36.249421, 55.0918688], [36.2593253, 55.1012708], [36.2584742, 55.1016822], [36.2582247, 55.102463], [36.2592373, 55.1042177], [36.2617028, 55.1052252], [36.2648433, 55.1090869], [36.2687763, 55.1099263], [36.2751015, 55.1101866], [36.2777843, 55.1109331], [36.2759936, 55.1081536], [36.2695364, 55.1058366], [36.2695511, 55.1050558], [36.2687586, 55.1042121], [36.2694043, 55.1031668], [36.2722023, 55.1016626], [36.2711801, 55.1000896], [36.275025, 55.0990652], [36.2772305, 55.0957183], [36.2725608, 55.0946494], [36.2734117, 55.09402], [36.2688775, 55.0928679], [36.2698094, 55.0918854], [36.2749825, 55.0894666], [36.2782184, 55.0890089], [36.2791356, 55.0900251], [36.2804417, 55.0905374], [36.2806766, 55.0901091], [36.2818359, 55.0899579], [36.2863193, 55.0900671], [36.2876254, 55.0896052], [36.2885793, 55.0887653], [36.2885059, 55.0860944], [36.2901202, 55.0846832], [36.2917198, 55.0850528], [36.2961518, 55.0849436], [36.2994978, 55.086086], [36.3068062, 55.0839273], [36.3122948, 55.0831209], [36.3201963, 55.083116], [36.3326584, 55.0850625], [36.3354588, 55.0842163], [36.3368383, 55.0824019], [36.3377482, 55.0775631], [36.3400962, 55.0755468], [36.3401696, 55.0747738], [36.3393184, 55.0729086], [36.3358577, 55.0684584], [36.3356936, 55.0673291], [36.3347397, 55.0665728], [36.3319514, 55.0656568], [36.3341967, 55.0643963], [36.3365448, 55.0638668], [36.3392304, 55.0638248], [36.3443375, 55.0657997], [36.3461739, 55.0693516], [36.3484258, 55.0702072], [36.3514455, 55.0691733], [36.3516115, 55.0682998], [36.3499719, 55.0662439], [36.3500861, 55.0656318], [36.3566148, 55.0676209], [36.3717305, 55.0697888], [36.3739011, 55.0698728], [36.3767788, 55.069167], [36.379215, 55.075536], [36.3853787, 55.0804254], [36.3908673, 55.0807111], [36.3956515, 55.0795182], [36.396444, 55.0798374], [36.3992323, 55.0771995], [36.404278, 55.0757592], [36.4046872, 55.0742834], [36.4093668, 55.0736375], [36.4212171, 55.0771185], [36.4351224, 55.0755976], [36.4383601, 55.0773086], [36.4449184, 55.0773086], [36.4462467, 55.0781878], [36.4508542, 55.0781402], [36.4542163, 55.0787818], [36.4595294, 55.0784254], [36.4628916, 55.0787105], [36.462186, 55.077166], [36.4639293, 55.0764056], [36.4713593, 55.0764056], [36.4736423, 55.077261], [36.4755517, 55.0750511], [36.4803091, 55.0758792], [36.4881288, 55.0838189], [36.4998471, 55.0807965], [36.4996215, 55.0796765], [36.5008848, 55.0791929], [36.5013647, 55.0791365], [36.5012498, 55.0796789], [36.5021879, 55.0803916], [36.5029803, 55.0800808], [36.5050643, 55.0806767], [36.5059888, 55.0803244], [36.5073389, 55.0810973], [36.5078615, 55.080186], [36.507152, 55.0796648], [36.5078574, 55.0794277], [36.5068018, 55.0780857], [36.5070599, 55.077576], [36.5137823, 55.0786128], [36.5146352, 55.0784904], [36.5148138, 55.0773314], [36.5247465, 55.0819364], [36.5322841, 55.0926491], [36.5324611, 55.0935323], [36.5452042, 55.092891], [36.5519286, 55.0963588], [36.5610604, 55.0957175], [36.5724337, 55.0956937], [36.5787865, 55.0975327], [36.5734928, 55.1049208], [36.5700648, 55.1068308], [36.5682291, 55.1084273], [36.5550764, 55.1073838], [36.5544776, 55.1058344], [36.5516527, 55.1053578], [36.5475383, 55.1025108], [36.539735, 55.101841], [36.5383047, 55.1019532], [36.5372175, 55.1026791], [36.5381086, 55.1044097], [36.5408515, 55.1067329], [36.542884, 55.10986], [36.5431378, 55.1116546], [36.5459753, 55.1138318], [36.5466831, 55.1149953], [36.5444654, 55.1181158], [36.5433389, 55.1210951], [36.5455918, 55.1213367], [36.5442228, 55.1223997], [36.5448357, 55.1244525], [36.5443389, 55.1255428], [36.5445169, 55.1263227], [36.5449051, 55.1269347], [36.5463518, 55.1269692], [36.5485741, 55.1262466], [36.5498833, 55.1267429], [36.5533409, 55.1262466], [36.5544123, 55.1265031], [36.5551103, 55.1276694], [36.5536612, 55.1315477], [36.5562143, 55.1314373], [36.5562987, 55.1320459], [36.5531222, 55.1322519], [36.5528701, 55.1332823], [36.5594883, 55.1392085], [36.5941265, 55.1379294], [36.6026309, 55.1464251], [36.6190838, 55.1412543], [36.6182936, 55.1402442], [36.6157264, 55.1396579], [36.6161458, 55.1378591], [36.6156724, 55.1372489], [36.6172729, 55.1375386], [36.6226895, 55.1353198], [36.6224617, 55.1351203], [36.6238374, 55.1349114], [36.6236297, 55.1342981], [36.6247064, 55.1331644], [36.6236977, 55.1327609], [36.6239246, 55.1305355], [36.6235792, 55.1298562], [36.6223993, 55.1297229], [36.6226419, 55.129082], [36.6220295, 55.1286592], [36.6216196, 55.1263838], [36.6260989, 55.1262168], [36.6266189, 55.1255694], [36.6308593, 55.1267141], [36.6328018, 55.1310355], [36.6371233, 55.1304731], [36.6374135, 55.129357], [36.6390897, 55.1295064], [36.6402326, 55.1319129], [36.6434026, 55.1341972], [36.6433016, 55.1377342], [36.648517, 55.1371222], [36.6496299, 55.1352935], [36.6512773, 55.1338055], [36.6511522, 55.1325053], [36.6535101, 55.1322293], [36.6541663, 55.1339785], [36.6514794, 55.1362973], [36.6493672, 55.1420795], [36.6502688, 55.1430146], [36.6534768, 55.1429499], [36.6576844, 55.141403], [36.6536045, 55.1320206], [36.6529436, 55.1320585], [36.6488079, 55.1226982], [36.649607, 55.1225103], [36.6489799, 55.1203219], [36.6508006, 55.1199694], [36.6512086, 55.1193739], [36.6479308, 55.1176685], [36.645761, 55.1141182], [36.6508212, 55.1117308], [36.6518514, 55.1125454], [36.6599979, 55.1106102], [36.6643554, 55.1179388], [36.6562082, 55.1212156], [36.6540801, 55.1208954], [36.6532289, 55.1217408], [36.6542593, 55.1230345], [36.6510113, 55.1254425], [36.6557602, 55.129733], [36.6531617, 55.1300404], [36.6579778, 55.1404252], [36.6645984, 55.1429942], [36.6643644, 55.1434598], [36.6679684, 55.145303], [36.6855164, 55.1461193], [36.6879304, 55.1466148], [36.687977, 55.1458965], [36.6866487, 55.1453118], [36.6885708, 55.1443399], [36.6933232, 55.147649], [36.6964132, 55.1515275], [36.7008667, 55.1508012], [36.7132854, 55.1532921], [36.7126559, 55.1546619], [36.7101589, 55.1560675], [36.7076862, 55.1598986], [36.7009997, 55.1650584], [36.7018812, 55.1660208], [36.7010301, 55.1694995], [36.7012209, 55.1706645], [36.7053006, 55.1739333], [36.7070617, 55.1733298], [36.7125564, 55.1752851], [36.7125721, 55.1760267], [36.7113084, 55.1779418], [36.7116111, 55.1811151], [36.7127389, 55.1820546], [36.7126623, 55.1834069], [36.7135114, 55.184006], [36.7129674, 55.1857251], [36.7142697, 55.1882144], [36.7145007, 55.1906174], [36.719396, 55.1937234], [36.7200394, 55.1966612], [36.7191259, 55.1980967], [36.7208327, 55.1979769], [36.722177, 55.1994923], [36.7289222, 55.1972298], [36.7338202, 55.199741], [36.736705, 55.1997292], [36.7383238, 55.2007715], [36.7451324, 55.2007918], [36.7448961, 55.2020709], [36.7471236, 55.2053906], [36.7526858, 55.2063143], [36.758746, 55.2082802], [36.7646402, 55.2080552], [36.7637478, 55.209642], [36.76381, 55.2107907], [36.7677118, 55.2101039], [36.7772173, 55.2103644], [36.7802059, 55.2098197], [36.7902294, 55.2122622], [36.7921196, 55.2113916], [36.7928712, 55.2098063], [36.7918008, 55.2036596], [36.7922563, 55.2028668], [36.7941237, 55.2016711], [36.7975171, 55.2029188], [36.8026413, 55.2032827], [36.8023922, 55.2053669], [36.8017903, 55.2060893], [36.805164, 55.2107422], [36.8117168, 55.2125197], [36.8133835, 55.2148325], [36.8118915, 55.2150435], [36.8072595, 55.219756], [36.8050391, 55.2236819], [36.8059459, 55.2251829], [36.7939986, 55.2252075], [36.794543, 55.2354343], [36.799951, 55.2424725], [36.7875271, 55.2466289], [36.788843, 55.2478026], [36.7905557, 55.2517355], [36.787924, 55.2560451], [36.7884971, 55.2567365], [36.777875, 55.2582275], [36.7765691, 55.2600308], [36.7689013, 55.2660848], [36.7632458, 55.2698276], [36.757279, 55.2696225], [36.7528662, 55.2676314], [36.7498373, 55.2668141], [36.7468795, 55.2652081], [36.7424199, 55.2639652], [36.7370844, 55.2641629], [36.7262673, 55.2597715], [36.7191177, 55.261561], [36.7185984, 55.2620552], [36.7188425, 55.2622648], [36.7145629, 55.2636624], [36.7114612, 55.2639684], [36.7068262, 55.2633088], [36.7054543, 55.2642681], [36.6964939, 55.2619891], [36.6928028, 55.2660314], [36.6936258, 55.2664074], [36.691963, 55.2674825], [36.6877638, 55.269125], [36.6805512, 55.2682113], [36.6768061, 55.2684501], [36.6754015, 55.2691661], [36.6728577, 55.268415], [36.6677901, 55.2710387], [36.661577, 55.2751933], [36.6593265, 55.2774903], [36.6460559, 55.277779], [36.6429877, 55.2773842], [36.6409299, 55.2711368], [36.6390989, 55.2672848], [36.6321301, 55.2660235], [36.6216514, 55.2650423], [36.619281, 55.2685264], [36.6162378, 55.2694319], [36.6141387, 55.2694668], [36.6124084, 55.2720288], [36.611736, 55.2740063], [36.6005531, 55.2829004], [36.6060648, 55.286703], [36.6084231, 55.2902316], [36.6065512, 55.2916543], [36.6129895, 55.2943104], [36.6094323, 55.3025941], [36.6078947, 55.3084124], [36.6078371, 55.3111815], [36.6136545, 55.313149], [36.6197178, 55.3133271], [36.6182443, 55.3100813], [36.6240861, 55.3080798], [36.6259384, 55.3104262], [36.6246835, 55.312322], [36.6224187, 55.3138134], [36.625819, 55.3146893], [36.627067, 55.3160181], [36.6229338, 55.316037], [36.6165013, 55.3214491], [36.6158074, 55.3229991], [36.609386, 55.3268861], [36.6096683, 55.3272456], [36.6051063, 55.3312525], [36.6003288, 55.3346929], [36.6029342, 55.3362918], [36.6032915, 55.3359248], [36.6018606, 55.3344601], [36.6049412, 55.3330679], [36.6086285, 55.335376], [36.6121067, 55.3364301], [36.6131547, 55.3381791], [36.6112642, 55.3387138], [36.6107579, 55.3400634], [36.6093332, 55.340548], [36.6200798, 55.3446215], [36.6173433, 55.3487205], [36.6100707, 55.3496693], [36.6093045, 55.3483171], [36.6008253, 55.3512798], [36.5926539, 55.3462302], [36.5900255, 55.3377039], [36.5815609, 55.3365674], [36.5742675, 55.3320245], [36.5738327, 55.3305856], [36.5681283, 55.3292093], [36.5637789, 55.3286383], [36.5629169, 55.3290951], [36.5593289, 55.3281057], [36.5565265, 55.3220337], [36.5546579, 55.3218323], [36.5497923, 55.3196515], [36.5451766, 55.3231262], [36.5369936, 55.3240668], [36.536896, 55.3235837], [36.5326287, 55.3208227], [36.5328966, 55.3195197], [36.5343381, 55.3187401], [36.5342721, 55.3149038], [36.5383563, 55.3121686], [36.5351953, 55.3070732], [36.530872, 55.3047925], [36.5261287, 55.3009064], [36.5164304, 55.2963007], [36.5085542, 55.3027873], [36.5091936, 55.3032812], [36.5023577, 55.3047069], [36.4998738, 55.3035009], [36.4931231, 55.3023364], [36.4855382, 55.3045008], [36.4832948, 55.3024583], [36.4797313, 55.3014854], [36.4785358, 55.3027568], [36.4706721, 55.3017596], [36.4656797, 55.3020439], [36.4611429, 55.3011737], [36.4613973, 55.2968963], [36.4625726, 55.2931344], [36.4508462, 55.2921614], [36.4491155, 55.2924144], [36.446395, 55.2910625], [36.4413108, 55.2911888], [36.4413038, 55.2917078], [36.4374356, 55.2905597], [36.435488, 55.2909082], [36.4361782, 55.293058], [36.4354793, 55.2946705], [36.431434, 55.2955124], [36.4277413, 55.2940162], [36.4234732, 55.2943878], [36.4218913, 55.2976202], [36.4173662, 55.3039839], [36.4229031, 55.3060086], [36.4205241, 55.306761], [36.4178158, 55.3088775], [36.4154938, 55.3086231], [36.4167889, 55.3052625], [36.4089683, 55.3010053], [36.4004649, 55.298913], [36.398502, 55.2976724], [36.3929824, 55.2967913], [36.3849938, 55.2944235], [36.3853644, 55.2941863], [36.3843398, 55.2939774], [36.3852934, 55.2933909], [36.3856261, 55.2925809], [36.3888763, 55.2918616], [36.389821, 55.2902124], [36.3835941, 55.2873494], [36.3859548, 55.2846978], [36.3895068, 55.282997], [36.3898542, 55.2811038], [36.3848081, 55.2798485], [36.3798815, 55.2770874], [36.3752481, 55.2799308], [36.3720566, 55.280774], [36.3692903, 55.280448], [36.3696222, 55.2790071], [36.371013, 55.2778426], [36.368929, 55.2772182], [36.3741886, 55.2741349], [36.3794161, 55.2734802], [36.379921, 55.2728847], [36.3754799, 55.2712837], [36.3721372, 55.2644687], [36.3757363, 55.2630185], [36.3804726, 55.2649463], [36.3830394, 55.2611332], [36.381199, 55.2592958], [36.3835472, 55.2583722], [36.37965, 55.2566583], [36.3799392, 55.2555095], [36.3790773, 55.2549701], [36.3756233, 55.2534934], [36.3689128, 55.2524231], [36.368965, 55.2519963], [36.3675363, 55.251133], [36.366667, 55.2499121], [36.3638133, 55.249118], [36.3625283, 55.2491348], [36.3638421, 55.2503714], [36.3632527, 55.2513879], [36.3626249, 55.2514724], [36.3634694, 55.2524131], [36.3633337, 55.2538302], [36.3627867, 55.2542293], [36.3613358, 55.2540387], [36.359106, 55.2522823], [36.3570043, 55.251949], [36.3550306, 55.2532062], [36.3501309, 55.2550621], [36.3481637, 55.2551682], [36.3477679, 55.2540804], [36.3468341, 55.2538003], [36.3434699, 55.255067], [36.3412056, 55.2510473], [36.341347, 55.2491442], [36.3404182, 55.2458934], [36.3334702, 55.2376917], [36.3326085, 55.232945], [36.3315411, 55.2294233], [36.3309666, 55.2290266], [36.3316773, 55.2274529], [36.3344356, 55.2243022], [36.3332969, 55.220969], [36.3280464, 55.2159136], [36.3273066, 55.2143911], [36.3246201, 55.2144979], [36.3106797, 55.2105447], [36.3122459, 55.2103031], [36.3050836, 55.2027728], [36.295486, 55.1908393], [36.2954166, 55.190131], [36.2979479, 55.1881404], [36.3012284, 55.1895702], [36.3134816, 55.1857403], [36.3059428, 55.1833803], [36.2947095, 55.1809976], [36.2794908, 55.1789646], [36.2755815, 55.1769914], [36.2777934, 55.1738933], [36.2746937, 55.172982], [36.264784, 55.1714839], [36.2628082, 55.1728212], [36.2539373, 55.1793593], [36.2537309, 55.1811969], [36.2542787, 55.1833114], [36.2535214, 55.1839073], [36.250729, 55.1891482], [36.2484951, 55.1910412], [36.2449697, 55.190822], [36.2399733, 55.1896115], [36.2383928, 55.1886409], [36.2360638, 55.1886455], [36.2329373, 55.1898328], [36.2304554, 55.1891283], [36.2299771, 55.1897828], [36.2289498, 55.1899691], [36.2280669, 55.1885492], [36.2302775, 55.188517], [36.2314115, 55.1873478], [36.2314874, 55.1869145], [36.230703, 55.1865452], [36.2258946, 55.1871838], [36.2259097, 55.1878703], [36.2250675, 55.1883004], [36.2248341, 55.1890269], [36.2236234, 55.1891133], [36.2230143, 55.1898287], [36.2198601, 55.1893255], [36.2145301, 55.189722], [36.1999012, 55.1928213], [36.1904508, 55.1933753], [36.174593, 55.1930257], [36.1661934, 55.1909725], [36.1630173, 55.189043], [36.159967, 55.1881895], [36.157489, 55.1856723], [36.1510577, 55.1838415], [36.1469686, 55.1809055], [36.1401766, 55.1739498], [36.1392558, 55.1741348], [36.1293887, 55.177654], [36.1229158, 55.1792256], [36.1230291, 55.18007], [36.126512, 55.1820738], [36.1183161, 55.1837477], [36.1155942, 55.1849882], [36.1161043, 55.1866124], [36.1158468, 55.1881686], [36.1141377, 55.1917626], [36.1133208, 55.19563], [36.1112123, 55.199067], [36.1086284, 55.2012499], [36.106791, 55.2048774], [36.1059624, 55.2058237], [36.0981175, 55.2067015], [36.097152, 55.2076649], [36.0982032, 55.2094037], [36.1040561, 55.2094143], [36.1037506, 55.2108536], [36.1050537, 55.2106607], [36.1052547, 55.2100606], [36.1072561, 55.2099485], [36.1093377, 55.2088681], [36.1119316, 55.2087718], [36.1135756, 55.2100824], [36.1098282, 55.209909], [36.1014411, 55.2130658], [36.0977041, 55.2134102], [36.0956729, 55.2142822], [36.0951077, 55.2139067], [36.0935645, 55.2099391], [36.0870142, 55.210091], [36.0858394, 55.2108597], [36.0843759, 55.2105611], [36.081493, 55.2115808], [36.0768261, 55.214526], [36.0742944, 55.2166003], [36.0742695, 55.2173267], [36.0751829, 55.2180899], [36.0731893, 55.2187668], [36.0707934, 55.2181566], [36.0659947, 55.2154388], [36.0625162, 55.216263], [36.0614855, 55.2174448], [36.0545397, 55.2156223], [36.0486529, 55.215264], [36.0454946, 55.2176108], [36.0455132, 55.2183435], [36.0466887, 55.2182124], [36.0464785, 55.2194203], [36.0453791, 55.2207604], [36.0477986, 55.2226664], [36.0438323, 55.2239424], [36.0453665, 55.2264422], [36.0386649, 55.227703], [36.0311588, 55.225357], [36.0262504, 55.2212309], [36.020911, 55.2204367], [36.0222019, 55.2130822], [36.0236695, 55.213392], [36.0253572, 55.2125966], [36.0282482, 55.2123537], [36.028894, 55.2120523], [36.0291288, 55.2106121], [36.0315355, 55.2095738], [36.0303468, 55.2068691], [36.028894, 55.2060233], [36.0267954, 55.2009315], [36.0224221, 55.1974723], [36.0211747, 55.1945155], [36.0217323, 55.1931082], [36.0252544, 55.1950767], [36.0271035, 55.1956463], [36.0296864, 55.1956212], [36.0330618, 55.1952443], [36.0370829, 55.19377], [36.0288758, 55.1845189], [36.0406227, 55.1796604], [36.0377914, 55.1765504], [36.0377914, 55.1755783], [36.0425022, 55.1732568], [36.0436469, 55.1692001], [36.0410347, 55.1672219], [36.0420913, 55.1668866], [36.0395965, 55.1637515], [36.0392736, 55.1617898], [36.0325229, 55.1599118], [36.0316717, 55.158671], [36.0336089, 55.1577319], [36.0327577, 55.1562059], [36.0319065, 55.1510742], [36.0263592, 55.1475856], [36.0273865, 55.1458914], [36.0263005, 55.1430398], [36.0259483, 55.1391646], [36.0203393, 55.1366772], [36.0178517, 55.1328862]]]}}, {"type": "Feature", "properties": {"rda_code": "KG-13", "rda_name": "ZHUKOVSKY AREA / incl. Bugs /", "osm_name": "Жуковский муниципальный округ", "match_score": 1.0, "match_reason": "alias:zhukovsky"}, "geometry": {"type": "Polygon", "coordinates": [[[36.5808722, 55.0592976], [36.5871068, 55.0583106], [36.5944511, 55.0589621], [36.5960561, 55.0577494], [36.5958745, 55.0570872], [36.5922818, 55.0546105], [36.5861418, 55.0542171], [36.5855781, 55.0534292], [36.5863776, 55.0527201], [36.5953842, 55.0524508], [36.5973137, 55.0519827], [36.6048054, 55.0530642], [36.606044, 55.0524781], [36.6064496, 55.0502183], [36.6089484, 55.0489649], [36.6121421, 55.0477064], [36.6140983, 55.0480761], [36.6170698, 55.0476106], [36.618864, 55.0426849], [36.6227939, 55.0365882], [36.6230447, 55.0349229], [36.6242086, 55.0331615], [36.6267301, 55.0313049], [36.6284467, 55.0293373], [36.6292116, 55.026023], [36.6306258, 55.0243352], [36.6276109, 55.0202341], [36.6255548, 55.0186706], [36.6235958, 55.0125607], [36.619785, 55.0106719], [36.6180428, 55.0078396], [36.6029269, 55.0070052], [36.5995204, 55.0037449], [36.6063219, 54.9859539], [36.6062411, 54.9745427], [36.6205487, 54.9678614], [36.6174829, 54.9495319], [36.6292787, 54.9393143], [36.6421988, 54.9245639], [36.6442395, 54.9239169], [36.6457348, 54.9242707], [36.649007, 54.9237753], [36.6717438, 54.9131885], [36.6693691, 54.9112551], [36.6693088, 54.9095281], [36.670681, 54.908001], [36.6704347, 54.9069693], [36.6698935, 54.9066569], [36.679055, 54.8959436], [36.6812541, 54.8913907], [36.6866022, 54.8916943], [36.6880975, 54.8912896], [36.6938327, 54.8929489], [36.6939558, 54.8936267], [36.6983188, 54.8937077], [36.6989873, 54.8921901], [36.7082409, 54.8947396], [36.7114603, 54.89477], [36.7263964, 54.8913402], [36.730425, 54.8931006], [36.7335037, 54.8937785], [36.7405759, 54.8931108], [36.7429333, 54.8924734], [36.7424231, 54.8919472], [36.7454085, 54.8885256], [36.7464415, 54.8877056], [36.7479572, 54.8885078], [36.7514304, 54.8848136], [36.7508675, 54.8827896], [36.7535415, 54.8790045], [36.7600508, 54.8758162], [36.7641498, 54.8750267], [36.7661553, 54.8741765], [36.7609656, 54.8660475], [36.7593998, 54.8624431], [36.7463638, 54.8636581], [36.7437249, 54.8628785], [36.7405759, 54.8628076], [36.7402944, 54.8578764], [36.7348583, 54.8536737], [36.7300908, 54.8515975], [36.7301084, 54.8505949], [36.7287889, 54.8498048], [36.7298093, 54.8493896], [36.7334333, 54.850767], [36.7427398, 54.8483565], [36.7419635, 54.8465951], [36.7409288, 54.8469525], [36.739925, 54.845966], [36.744411, 54.8452975], [36.7437249, 54.8446188], [36.7441296, 54.8421471], [36.7490203, 54.841367], [36.7582915, 54.8446694], [36.7642202, 54.842765], [36.7674396, 54.8423193], [36.7708525, 54.8407592], [36.7712644, 54.8364386], [36.7748346, 54.835235], [36.7711524, 54.834232], [36.7647957, 54.8340529], [36.7634771, 54.8335155], [36.7545865, 54.8257987], [36.7510871, 54.825354], [36.7515799, 54.8246088], [36.7506297, 54.8242203], [36.7504152, 54.8230196], [36.752714, 54.8218365], [36.752622, 54.8198764], [36.7570663, 54.8150904], [36.7585376, 54.8145606], [36.7594264, 54.812812], [36.7633804, 54.8101273], [36.7680699, 54.8073187], [36.7753034, 54.8053225], [36.7765313, 54.8026127], [36.7771893, 54.8028921], [36.7782973, 54.8023931], [36.7801672, 54.802443], [36.7840974, 54.8011955], [36.7847553, 54.8000478], [36.7893954, 54.7992295], [36.7899321, 54.7984709], [36.7922695, 54.7977324], [36.7950916, 54.7974329], [36.7948492, 54.7967043], [36.7952821, 54.7961254], [36.8007741, 54.7988033], [36.7971388, 54.8007248], [36.7982301, 54.8018245], [36.8029589, 54.8044895], [36.8083754, 54.8028846], [36.8095401, 54.8028669], [36.8120535, 54.8039092], [36.8169269, 54.8017362], [36.8177545, 54.8020542], [36.8236394, 54.7991744], [36.8249267, 54.7992981], [36.8252639, 54.7986797], [36.8273481, 54.798927], [36.8279611, 54.7983263], [36.8297082, 54.7982203], [36.8311181, 54.7996868], [36.8336928, 54.8012592], [36.8337404, 54.8035577], [36.8379532, 54.8029376], [36.8450948, 54.7995101], [36.8513365, 54.8007159], [36.8510913, 54.8014579], [36.8515511, 54.8023059], [36.8569762, 54.8028889], [36.8600106, 54.8050442], [36.8620029, 54.8072877], [36.8684702, 54.8106572], [36.8719644, 54.8079723], [36.8744777, 54.8046866], [36.8730678, 54.8037193], [36.8703705, 54.8036486], [36.8672135, 54.8024649], [36.8636581, 54.8006099], [36.8623401, 54.7986091], [36.8761942, 54.7989844], [36.8762248, 54.79826], [36.874539, 54.7975356], [36.8747536, 54.7968111], [36.8761942, 54.7960513], [36.8772471, 54.7937814], [36.8712327, 54.7907199], [36.8630015, 54.7876684], [36.8639783, 54.7865219], [36.8666101, 54.7858038], [36.8713363, 54.7859327], [36.8726543, 54.7842537], [36.8779508, 54.7820314], [36.8826464, 54.7788448], [36.8859566, 54.7775366], [36.8848226, 54.7809483], [36.8860792, 54.781673], [36.8865697, 54.7832639], [36.889175, 54.7828396], [36.8889419, 54.7843683], [36.8909955, 54.7852697], [36.8984742, 54.7860297], [36.898229, 54.7840148], [36.9060431, 54.7787678], [36.9089556, 54.7802817], [36.9161596, 54.7739565], [36.9174163, 54.7749112], [36.9176308, 54.7791539], [36.9184584, 54.7806741], [36.918489, 54.782371], [36.9333239, 54.7845981], [36.9372566, 54.7863673], [36.9316432, 54.7905662], [36.9362813, 54.7932278], [36.938557, 54.7938547], [36.9383836, 54.7943295], [36.946186, 54.7959891], [36.9473563, 54.7948896], [36.9477464, 54.7899039], [36.9531647, 54.790106], [36.9526446, 54.7919157], [36.9545952, 54.7922031], [36.9544218, 54.7928404], [36.9560039, 54.7933777], [36.9558089, 54.7946522], [36.9589081, 54.7947647], [36.9592116, 54.7978383], [36.9696631, 54.7968946], [36.9711586, 54.79607], [36.9735209, 54.79597], [36.9756883, 54.7970196], [36.976035, 54.7964198], [36.9766852, 54.7963824], [36.9778556, 54.7982565], [36.9816701, 54.7978941], [36.9810199, 54.7968946], [36.9908595, 54.7921466], [36.9906428, 54.7916343], [36.9885763, 54.791387], [36.9886376, 54.7861205], [36.9895877, 54.7860321], [36.9896892, 54.785161], [36.9923983, 54.7846485], [37.0002235, 54.789125], [36.9987216, 54.7914754], [37.0001009, 54.7931011], [37.0040242, 54.7944971], [37.0175411, 54.8007873], [37.0212804, 54.8012466], [37.0231808, 54.803561], [37.0220467, 54.8047976], [37.0148438, 54.802925], [37.0137711, 54.803879], [37.0043096, 54.8026225], [37.0040928, 54.8034095], [37.0087526, 54.8047587], [37.0095978, 54.8059703], [37.0066988, 54.8065521], [37.0080229, 54.8092539], [37.0081278, 54.8104837], [37.0025118, 54.8096767], [37.0029234, 54.8143373], [37.0071462, 54.8131413], [37.0089176, 54.8169871], [37.0121205, 54.8169252], [37.0125678, 54.81642], [37.0179241, 54.8172777], [37.0187477, 54.8178771], [37.0231784, 54.8177603], [37.024431, 54.8187397], [37.0249141, 54.8219149], [37.0256477, 54.823657], [37.0265054, 54.8243922], [37.032986, 54.8274904], [37.0373263, 54.8276095], [37.0450302, 54.8296777], [37.046411, 54.8311067], [37.0435291, 54.8337338], [37.0446578, 54.834262], [37.0510454, 54.8347856], [37.0553864, 54.8339162], [37.0581669, 54.8319206], [37.0617653, 54.8309419], [37.0699227, 54.8302819], [37.0733761, 54.8289214], [37.0797103, 54.8283236], [37.0791457, 54.8285953], [37.080086, 54.8287359], [37.0799429, 54.8291481], [37.0762152, 54.8299245], [37.0771268, 54.8314816], [37.0766358, 54.8335006], [37.0782841, 54.8384825], [37.0830216, 54.8400678], [37.1083491, 54.8430927], [37.1089461, 54.8432211], [37.1095833, 54.8442049], [37.1111326, 54.8437775], [37.1147259, 54.8438358], [37.1216594, 54.8446402], [37.1241701, 54.8422508], [37.1300982, 54.8411865], [37.136818, 54.8378859], [37.1571292, 54.8473671], [37.15377, 54.8487659], [37.1541405, 54.8501819], [37.1557081, 54.8514909], [37.1578848, 54.8509095], [37.1606372, 54.8531784], [37.162918, 54.8525825], [37.1650919, 54.8537949], [37.1684367, 54.8578542], [37.1668464, 54.8592985], [37.1664149, 54.8614486], [37.1652066, 54.8614645], [37.1616639, 54.8631211], [37.1635789, 54.8654366], [37.1655448, 54.8665854], [37.1757741, 54.8785446], [37.1687005, 54.8799177], [37.1694529, 54.8813887], [37.1694088, 54.8834225], [37.1702808, 54.8849581], [37.1722042, 54.8866508], [37.1741524, 54.8895129], [37.1736225, 54.8899834], [37.1739015, 54.890489], [37.173138, 54.8918642], [37.1681953, 54.8938508], [37.1671501, 54.8951087], [37.1687864, 54.8980225], [37.1743414, 54.9027225], [37.1757387, 54.9028047], [37.1763194, 54.9045731], [37.1763472, 54.9072392], [37.1770045, 54.9088499], [37.1929945, 54.9232556], [37.1881449, 54.9288628], [37.1851242, 54.9311151], [37.1732577, 54.9367229], [37.1725073, 54.9373548], [37.173124, 54.9377014], [37.1714746, 54.9383842], [37.1735991, 54.9396547], [37.1739039, 54.9403702], [37.1715221, 54.9438206], [37.1706391, 54.9439006], [37.1684899, 54.9459918], [37.1668941, 54.9462976], [37.1676141, 54.9492957], [37.1604962, 54.9504442], [37.1610946, 54.9518192], [37.1637239, 54.9527908], [37.1644668, 54.9536396], [37.16635, 54.9532813], [37.1687408, 54.956087], [37.1672134, 54.9574962], [37.1623854, 54.9586912], [37.1581582, 54.9576563], [37.1577291, 54.9579767], [37.161291, 54.962498], [37.1612696, 54.9650726], [37.1643595, 54.9654299], [37.1677283, 54.9650603], [37.1660117, 54.9634096], [37.1640805, 54.9631017], [37.1623425, 54.9609088], [37.1621279, 54.9597631], [37.169917, 54.9573483], [37.1736077, 54.9601943], [37.1717409, 54.9681521], [37.1680287, 54.9686818], [37.1674708, 54.9700243], [37.1647028, 54.9710343], [37.1637158, 54.9706894], [37.1624068, 54.97149], [37.1641449, 54.9725122], [37.1613125, 54.9753695], [37.1521501, 54.9801721], [37.1466764, 54.981414], [37.1522915, 54.9831695], [37.1542693, 54.9850999], [37.1389536, 54.987892], [37.1342978, 54.9913977], [37.1566435, 55.0004043], [37.1513668, 54.9996928], [37.1498994, 55.0001591], [37.127839, 55.0185246], [37.1244159, 55.0198404], [37.1223176, 55.0233021], [37.1196288, 55.021913], [37.113193, 55.0235108], [37.0958678, 55.0324086], [37.094554, 55.0366414], [37.0962944, 55.0412665], [37.0968052, 55.0442306], [37.0935577, 55.0483614], [37.0838062, 55.05655], [37.0844975, 55.057676], [37.0928318, 55.0589095], [37.1033858, 55.0616009], [37.1110239, 55.0615102], [37.1181446, 55.0635164], [37.1168692, 55.0648455], [37.1134224, 55.0660505], [37.1119883, 55.0682596], [37.1153759, 55.0703345], [37.1187618, 55.0715427], [37.1203819, 55.073933], [37.114672, 55.0748009], [37.1117519, 55.0765405], [37.1105718, 55.0807769], [37.1106713, 55.0852217], [37.1113145, 55.0874868], [37.1171475, 55.0933516], [37.1170343, 55.096302], [37.1163222, 55.098063], [37.1145589, 55.0992044], [37.1077194, 55.0997278], [37.1011573, 55.0972913], [37.098692, 55.097106], [37.098062, 55.0974638], [37.097323, 55.0991579], [37.0976371, 55.1000884], [37.0972311, 55.1011538], [37.0951288, 55.1038479], [37.097703, 55.1045956], [37.0983001, 55.1054495], [37.0980927, 55.1063604], [37.097198, 55.1068324], [37.0969176, 55.1084304], [37.0814368, 55.1105781], [37.0814344, 55.1112014], [37.0761454, 55.1119591], [37.0728669, 55.1131577], [37.0708249, 55.1144449], [37.0669076, 55.1141573], [37.0630409, 55.1130515], [37.0579742, 55.1108716], [37.0570372, 55.1096477], [37.0524268, 55.1124107], [37.0518245, 55.1133711], [37.0532483, 55.1162129], [37.052714, 55.1170756], [37.0528711, 55.1178934], [37.0551967, 55.1204454], [37.0550492, 55.1212946], [37.0556996, 55.1211463], [37.0556166, 55.121646], [37.0573977, 55.1229282], [37.0550534, 55.1247662], [37.060613, 55.1270786], [37.054792, 55.1283747], [37.0423537, 55.1338897], [37.0417883, 55.1353119], [37.0439496, 55.1370303], [37.0437387, 55.137764], [37.0456319, 55.1421745], [37.041524, 55.1428498], [37.0392054, 55.1425215], [37.0378396, 55.1460157], [37.0325737, 55.147703], [37.0279371, 55.1501468], [37.0274341, 55.1526132], [37.0232266, 55.1555999], [37.0208478, 55.1560649], [37.0181058, 55.1575885], [37.0152269, 55.1599986], [37.0185474, 55.1601772], [37.0198904, 55.1611199], [37.0198202, 55.167195], [37.0192303, 55.1689537], [37.0194652, 55.1714944], [37.0192618, 55.1729636], [37.0182362, 55.1742308], [37.0180939, 55.1772688], [37.0159047, 55.1765187], [37.0146568, 55.1765937], [37.0142189, 55.1773], [37.0197139, 55.1829503], [37.0164739, 55.184019], [37.0103878, 55.1833315], [37.0082314, 55.1828315], [37.0065509, 55.1806037], [37.0012075, 55.1815111], [36.9971734, 55.1801419], [36.99636, 55.1804912], [36.9951645, 55.1821895], [36.9935468, 55.1827974], [36.991471, 55.1828603], [36.990263, 55.1816912], [36.9858813, 55.1809016], [36.9841112, 55.1812787], [36.9826115, 55.1804662], [36.9815935, 55.1822849], [36.9810681, 55.186116], [36.9797655, 55.1862534], [36.9757102, 55.1895425], [36.9750289, 55.1910523], [36.9738279, 55.1920271], [36.9690566, 55.19847], [36.9670967, 55.1997366], [36.9658661, 55.2042117], [36.9663044, 55.2053499], [36.9616364, 55.2089772], [36.9627733, 55.2096038], [36.9650317, 55.21207], [36.9621872, 55.2125713], [36.9622748, 55.2141413], [36.9572593, 55.2166115], [36.9514697, 55.2182124], [36.9470709, 55.2185131], [36.9484587, 55.2203112], [36.9458962, 55.2228045], [36.9496407, 55.2246956], [36.9471149, 55.2278003], [36.9458295, 55.2307229], [36.9459449, 55.231378], [36.9488563, 55.2343118], [36.9489336, 55.2356424], [36.9501322, 55.2382617], [36.9494394, 55.2402372], [36.9467799, 55.2413959], [36.9414029, 55.2416936], [36.9372397, 55.2413907], [36.942001, 55.2395865], [36.9421272, 55.2388425], [36.9407403, 55.2375365], [36.9389468, 55.238069], [36.9382677, 55.2387995], [36.937463, 55.2385647], [36.9366495, 55.2375016], [36.9304717, 55.2391904], [36.9280587, 55.2380622], [36.9261016, 55.2349284], [36.9212284, 55.2352294], [36.9191043, 55.2358585], [36.9112274, 55.234157], [36.9073919, 55.2324212], [36.9037802, 55.2326015], [36.9012279, 55.2332818], [36.8996459, 55.2365839], [36.8853032, 55.2293279], [36.8834731, 55.2300114], [36.8821353, 55.2291978], [36.8777376, 55.2302088], [36.8766071, 55.2296817], [36.875221, 55.2298993], [36.8719855, 55.2326085], [36.8558391, 55.2273425], [36.8592099, 55.2247784], [36.8603024, 55.2251852], [36.8613473, 55.2246787], [36.8637742, 55.2254651], [36.8673432, 55.223848], [36.8691247, 55.2213056], [36.8722187, 55.2182589], [36.8724971, 55.2173526], [36.8721011, 55.2150762], [36.8648609, 55.2146113], [36.8589644, 55.2149629], [36.8580954, 55.2136073], [36.8591294, 55.2134153], [36.8608216, 55.2115669], [36.8602598, 55.2102871], [36.8591613, 55.2098086], [36.8497154, 55.2115605], [36.8500342, 55.210664], [36.8410156, 55.2078701], [36.840879, 55.2051931], [36.8356822, 55.2022981], [36.8316434, 55.1972705], [36.8295177, 55.1973585], [36.8290102, 55.1957943], [36.8248916, 55.1944441], [36.8217943, 55.1938722], [36.814461, 55.1941061], [36.8094507, 55.1955491], [36.8040533, 55.1978108], [36.8076288, 55.2014631], [36.8057072, 55.2037695], [36.7975171, 55.2029188], [36.7941237, 55.2016711], [36.7922563, 55.2028668], [36.7918008, 55.2036596], [36.7928712, 55.2098063], [36.7921196, 55.2113916], [36.7902294, 55.2122622], [36.7802059, 55.2098197], [36.7772173, 55.2103644], [36.7677118, 55.2101039], [36.76381, 55.2107907], [36.7637478, 55.209642], [36.7646402, 55.2080552], [36.758746, 55.2082802], [36.7526858, 55.2063143], [36.7471236, 55.2053906], [36.7448961, 55.2020709], [36.7451324, 55.2007918], [36.7383238, 55.2007715], [36.736705, 55.1997292], [36.7338202, 55.199741], [36.7289222, 55.1972298], [36.722177, 55.1994923], [36.7208327, 55.1979769], [36.7191259, 55.1980967], [36.7200394, 55.1966612], [36.719396, 55.1937234], [36.7145007, 55.1906174], [36.7142697, 55.1882144], [36.7129674, 55.1857251], [36.7135114, 55.184006], [36.7126623, 55.1834069], [36.7127389, 55.1820546], [36.7116111, 55.1811151], [36.7113084, 55.1779418], [36.7125721, 55.1760267], [36.7125564, 55.1752851], [36.7070617, 55.1733298], [36.7053006, 55.1739333], [36.7012209, 55.1706645], [36.7010301, 55.1694995], [36.7018812, 55.1660208], [36.7009997, 55.1650584], [36.7076862, 55.1598986], [36.7101589, 55.1560675], [36.7126559, 55.1546619], [36.7132854, 55.1532921], [36.7008667, 55.1508012], [36.6964132, 55.1515275], [36.6933232, 55.147649], [36.6885708, 55.1443399], [36.6866487, 55.1453118], [36.687977, 55.1458965], [36.6879304, 55.1466148], [36.6855164, 55.1461193], [36.6679684, 55.145303], [36.6643644, 55.1434598], [36.6645984, 55.1429942], [36.6579778, 55.1404252], [36.6531617, 55.1300404], [36.6557602, 55.129733], [36.6510113, 55.1254425], [36.6542593, 55.1230345], [36.6532289, 55.1217408], [36.6540801, 55.1208954], [36.6562082, 55.1212156], [36.6643554, 55.1179388], [36.6599979, 55.1106102], [36.6583979, 55.1093814], [36.6604098, 55.1084993], [36.6596364, 55.1055138], [36.6655719, 55.104449], [36.666559, 55.103737], [36.6640162, 55.1022025], [36.6635871, 55.0990413], [36.6576326, 55.0993973], [36.6500122, 55.1024958], [36.6474135, 55.1027617], [36.6470792, 55.1016127], [36.6454697, 55.1006417], [36.6427844, 55.1023636], [36.6415715, 55.1006442], [36.6326337, 55.0799522], [36.6294157, 55.0786068], [36.6288471, 55.0786313], [36.6291534, 55.0793231], [36.628293, 55.0796459], [36.6254928, 55.0779806], [36.6200178, 55.0820028], [36.6165733, 55.0809967], [36.6150906, 55.0763785], [36.6124763, 55.0733159], [36.6098204, 55.0717054], [36.6047844, 55.0701669], [36.6061861, 55.06891], [36.609387, 55.0702392], [36.6106991, 55.0687779], [36.6120133, 55.0689394], [36.6137129, 55.066556], [36.6147796, 55.0666643], [36.6179019, 55.0654855], [36.6237687, 55.0661198], [36.624958, 55.0656363], [36.6254154, 55.0666848], [36.6287749, 55.0662246], [36.6278783, 55.064245], [36.63523, 55.0629892], [36.6327099, 55.0572601], [36.6281028, 55.0579429], [36.6271962, 55.0559143], [36.6196586, 55.0570211], [36.617719, 55.0546522], [36.6148948, 55.0530512], [36.6122063, 55.0544], [36.6098305, 55.0546436], [36.6071048, 55.0555905], [36.6066688, 55.0550824], [36.6014555, 55.0567296], [36.5978566, 55.0573374], [36.5953332, 55.0590631], [36.5802983, 55.0637193], [36.5804208, 55.0628392], [36.5841912, 55.0614355], [36.5808722, 55.0592976]]]}}, {"type": "Feature", "properties": {"rda_code": "KG-23", "rda_name": "PEREMYSHLSKY AREA", "osm_name": "Перемышльский муниципальный округ", "match_score": 1.0, "match_reason": "alias:перемышлскии"}, "geometry": {"type": "Polygon", "coordinates": [[[35.9292425, 54.2767221], [35.9244491, 54.2717614], [35.9285918, 54.2704412], [35.9310539, 54.2688231], [35.9269563, 54.2659435], [35.9269268, 54.2652636], [35.923008, 54.2631393], [35.9314099, 54.2624826], [35.9384423, 54.2609791], [35.9548342, 54.2587451], [35.9583384, 54.2591453], [35.9607347, 54.2584389], [35.9623516, 54.2576983], [35.9646508, 54.2556694], [35.9666993, 54.2507524], [35.9691508, 54.2483347], [35.971852, 54.2507228], [35.9767583, 54.2519132], [35.978961, 54.2502078], [35.9791292, 54.2446539], [35.9803635, 54.2452367], [35.9820543, 54.2440581], [35.9833362, 54.2441126], [35.9883209, 54.2427132], [35.9845839, 54.2397573], [35.9814897, 54.2385557], [35.9793199, 54.2360354], [35.9712232, 54.2380284], [35.9629231, 54.2389802], [35.9508295, 54.2359269], [35.9482697, 54.2347571], [35.94726, 54.2337066], [35.9471974, 54.2323088], [35.9485552, 54.2292721], [35.9403923, 54.2296631], [35.9452786, 54.2216407], [35.9550476, 54.2192144], [35.964447, 54.218794], [35.9613414, 54.2164097], [35.9572814, 54.2148701], [35.9509494, 54.2149029], [35.9483583, 54.2132772], [35.9449707, 54.2120854], [35.9417184, 54.2135136], [35.9314685, 54.2067586], [35.9444286, 54.2015575], [35.948659, 54.1986571], [35.9570665, 54.1978885], [35.9564956, 54.1968065], [35.9713533, 54.1898194], [35.9660174, 54.1893364], [35.9621863, 54.1875793], [35.9649438, 54.1849784], [35.9652618, 54.1828053], [35.9641791, 54.1812151], [35.9629339, 54.1805765], [35.9609028, 54.1807616], [35.9501524, 54.1728167], [35.9534438, 54.1639605], [35.9643582, 54.1640945], [35.9643782, 54.165224], [35.9626717, 54.1666054], [35.9613112, 54.1707483], [35.9716218, 54.1679028], [35.9649383, 54.1743974], [35.9669672, 54.1748937], [35.96942, 54.1765952], [35.9701468, 54.1779422], [35.968451, 54.1796968], [35.9689355, 54.1806538], [35.9700257, 54.1813272], [35.9714792, 54.1812386], [35.9754462, 54.1795904], [35.9781413, 54.1790942], [35.9802913, 54.1799094], [35.981866, 54.1813272], [35.9832893, 54.1835424], [35.9808667, 54.1924195], [35.9859541, 54.1952542], [35.9907387, 54.1952896], [35.9937063, 54.1935711], [35.9944331, 54.1926499], [36.0081812, 54.1909667], [36.0069858, 54.1931691], [36.0068292, 54.194864], [36.0078471, 54.1958718], [36.0095136, 54.1961222], [36.0173995, 54.1947724], [36.020294, 54.195201], [36.0209229, 54.1975207], [36.0241331, 54.1989406], [36.0294411, 54.1996255], [36.0286744, 54.1982536], [36.0264932, 54.1969057], [36.0223409, 54.1965799], [36.021471, 54.1950931], [36.0197484, 54.194635], [36.0196206, 54.1933543], [36.0167731, 54.1929859], [36.0154705, 54.1911869], [36.0124808, 54.1906686], [36.0123147, 54.1877854], [36.0132559, 54.186522], [36.0151383, 54.1854853], [36.0159688, 54.1840273], [36.0186817, 54.1824722], [36.0195676, 54.1810141], [36.0254363, 54.1809493], [36.0260453, 54.1785516], [36.0280384, 54.1768666], [36.0275955, 54.1761213], [36.0349591, 54.1719732], [36.0391115, 54.1745982], [36.0429972, 54.1755524], [36.0515687, 54.1803013], [36.0558318, 54.1799125], [36.0574374, 54.1809817], [36.0608147, 54.1815002], [36.0620327, 54.1805605], [36.0601503, 54.1778063], [36.0610361, 54.1773526], [36.0628632, 54.1777415], [36.0638044, 54.176737], [36.0630293, 54.1751491], [36.0773689, 54.1769314], [36.078144, 54.1791996], [36.0922067, 54.181889], [36.0951965, 54.1812409], [36.1014527, 54.1810141], [36.1041656, 54.1801717], [36.1085948, 54.1799773], [36.1087056, 54.185712], [36.1155155, 54.1854529], [36.1167335, 54.183023], [36.1196125, 54.1814353], [36.1205537, 54.1788108], [36.1234881, 54.1779683], [36.1259242, 54.1796209], [36.1409281, 54.1771258], [36.1497866, 54.1689267], [36.174258, 54.1736584], [36.1970131, 54.1567709], [36.1989509, 54.1573545], [36.2058666, 54.1558685], [36.2163356, 54.1663986], [36.2344954, 54.1721028], [36.2386478, 54.1750195], [36.2402534, 54.1797829], [36.2421481, 54.1806377], [36.2426976, 54.1821994], [36.235198, 54.1866301], [36.2351598, 54.1872023], [36.2381748, 54.189092], [36.2421597, 54.1927716], [36.2420031, 54.1940771], [36.2431384, 54.195291], [36.2423946, 54.1959781], [36.2437256, 54.1967568], [36.2441171, 54.1982912], [36.2464269, 54.1976041], [36.2490891, 54.1983141], [36.2492848, 54.1995966], [36.2477084, 54.2008749], [36.2471707, 54.2019782], [36.2481495, 54.2033979], [36.2486193, 54.2093283], [36.2471316, 54.211137], [36.2419639, 54.2118238], [36.2413375, 54.2126709], [36.2419248, 54.2155325], [36.2607154, 54.2186193], [36.2611893, 54.2092334], [36.2628143, 54.2091782], [36.262523, 54.2207102], [36.2635659, 54.2252238], [36.2673371, 54.2248523], [36.2685166, 54.2229549], [36.2685117, 54.220848], [36.2830439, 54.2196819], [36.2833849, 54.2205673], [36.2899742, 54.2196443], [36.2901659, 54.2144274], [36.2916547, 54.2141113], [36.2918126, 54.2133418], [36.2996026, 54.2143046], [36.3078484, 54.2161872], [36.3089216, 54.2178307], [36.3113236, 54.2186973], [36.309218, 54.2200334], [36.3090188, 54.2213118], [36.3121925, 54.2219543], [36.3067565, 54.2261126], [36.3041208, 54.2287152], [36.3038842, 54.2339057], [36.3129399, 54.2333858], [36.3159435, 54.2321066], [36.3230415, 54.2208389], [36.3280386, 54.2210446], [36.330509, 54.220423], [36.3322989, 54.2164155], [36.3362763, 54.2133522], [36.3371205, 54.2135175], [36.3370539, 54.2141257], [36.3383905, 54.2141786], [36.3372222, 54.2120878], [36.3404287, 54.2117834], [36.3404841, 54.2125335], [36.3437179, 54.2137975], [36.3480586, 54.2137923], [36.3514651, 54.2115327], [36.3625311, 54.2111634], [36.3626968, 54.2099274], [36.3664954, 54.206408], [36.3699536, 54.2047743], [36.3728227, 54.2046094], [36.3771388, 54.202666], [36.3815253, 54.2063598], [36.3790863, 54.2078611], [36.3778362, 54.209458], [36.377813, 54.2107309], [36.3796034, 54.209972], [36.3801783, 54.2112688], [36.3826423, 54.21319], [36.3821166, 54.2141793], [36.3823795, 54.2145636], [36.385944, 54.2151591], [36.3930566, 54.2178388], [36.3924261, 54.2184549], [36.3922455, 54.2195991], [36.3937301, 54.2216901], [36.3915454, 54.224283], [36.3948799, 54.224235], [36.4065097, 54.2223527], [36.4136223, 54.2216901], [36.4245622, 54.2188761], [36.4245294, 54.2178388], [36.4258599, 54.2175699], [36.4248086, 54.216475], [36.4248415, 54.2154953], [36.4337281, 54.2164462], [36.4360442, 54.2173298], [36.4327261, 54.2203071], [36.4323319, 54.222516], [36.4301636, 54.2240237], [36.4296873, 54.2285081], [36.4304264, 54.2300732], [36.4326276, 54.2314943], [36.4379825, 54.2292763], [36.4420727, 54.2330304], [36.4499738, 54.2323104], [36.4532754, 54.2337601], [36.4467542, 54.2390594], [36.4839762, 54.2472279], [36.4858324, 54.2464025], [36.487705, 54.2476118], [36.491146, 54.2463506], [36.4944287, 54.2486418], [36.49758, 54.2478112], [36.5016838, 54.2490802], [36.5046077, 54.2474007], [36.505199, 54.255318], [36.4922715, 54.2573619], [36.4869494, 54.2646921], [36.4761484, 54.2725356], [36.4745147, 54.2762987], [36.4767487, 54.2783799], [36.4738741, 54.2822447], [36.4717551, 54.284268], [36.4862857, 54.288287], [36.4996663, 54.2878124], [36.5019429, 54.2876497], [36.5048699, 54.28369], [36.5272077, 54.281182], [36.5450613, 54.2797199], [36.5461923, 54.2818894], [36.5513625, 54.2833279], [36.5523117, 54.2829417], [36.5546141, 54.2834722], [36.5508576, 54.2882469], [36.5534225, 54.288129], [36.5535437, 54.2892372], [36.5570175, 54.2899798], [36.5578455, 54.2883648], [36.5620868, 54.2851228], [36.5752952, 54.2823993], [36.5876164, 54.281016], [36.5875392, 54.2791807], [36.5888804, 54.2771496], [36.601071, 54.2830405], [36.6131565, 54.2845736], [36.6150942, 54.2854517], [36.6142528, 54.286315], [36.64156, 54.2870145], [36.6482033, 54.2796179], [36.6604811, 54.284207], [36.6605712, 54.2846069], [36.6648441, 54.2845964], [36.6758418, 54.2897742], [36.679754, 54.2903319], [36.6785461, 54.29271], [36.6732276, 54.2934887], [36.6718213, 54.2995596], [36.6716771, 54.3019162], [36.6755713, 54.3084487], [36.677861, 54.3088484], [36.6837565, 54.3085434], [36.6856135, 54.3092902], [36.6892193, 54.3066816], [36.6926603, 54.3083168], [36.6986944, 54.3046842], [36.7005047, 54.3058204], [36.7024795, 54.3081888], [36.7107352, 54.3070046], [36.7130117, 54.3087008], [36.714822, 54.310957], [36.7107352, 54.3148611], [36.7086233, 54.315629], [36.7062097, 54.3174529], [36.7137249, 54.3209404], [36.7146026, 54.3220922], [36.7142734, 54.3237878], [36.7114209, 54.3249715], [36.7102415, 54.3264111], [36.7136552, 54.3283029], [36.7091719, 54.3405002], [36.7107352, 54.3424669], [36.7110329, 54.3452431], [36.712518, 54.3461761], [36.7076633, 54.3474231], [36.708349, 54.3493095], [36.7078827, 54.3535136], [36.710461, 54.3591717], [36.7121615, 54.3574936], [36.7155625, 54.3573018], [36.7186344, 54.356135], [36.7212127, 54.3584365], [36.7239664, 54.3621538], [36.7345974, 54.369479], [36.7300718, 54.371588], [36.7379235, 54.3812351], [36.7379985, 54.3838409], [36.7263175, 54.3830188], [36.7245588, 54.384352], [36.7212949, 54.383777], [36.7200058, 54.3845916], [36.7199784, 54.3850708], [36.7183876, 54.3844798], [36.7095336, 54.3873149], [36.7074584, 54.3908416], [36.7074778, 54.3925015], [36.7063336, 54.3930887], [36.6954533, 54.3893961], [36.6920205, 54.3899269], [36.6912851, 54.3909992], [36.688364, 54.3919773], [36.6864784, 54.3914982], [36.6852853, 54.3920132], [36.6860532, 54.3929914], [36.6851138, 54.3938217], [36.6855732, 54.3944206], [36.6847778, 54.3948198], [36.6854199, 54.395895], [36.6835299, 54.3967439], [36.6819528, 54.3966322], [36.6814316, 54.3968397], [36.6818499, 54.3975104], [36.6803929, 54.3977748], [36.6803485, 54.398439], [36.6787977, 54.3997388], [36.6784969, 54.4006358], [36.6788054, 54.4009592], [36.6775506, 54.4013783], [36.677338, 54.4021726], [36.6779072, 54.4033021], [36.6770158, 54.4036254], [36.6779826, 54.4042041], [36.673937, 54.4049225], [36.6750135, 54.4058644], [36.6748421, 54.4077481], [36.6712422, 54.4092686], [36.6711051, 54.4102742], [36.6705702, 54.4106015], [36.6662092, 54.410789], [36.6648995, 54.4102064], [36.6638299, 54.4106414], [36.6687326, 54.4126446], [36.66876, 54.414137], [36.6705085, 54.4150826], [36.6701701, 54.4159123], [36.6729907, 54.4170138], [36.6727782, 54.4176482], [36.6731622, 54.4180392], [36.6713536, 54.4184036], [36.6703944, 54.4195124], [36.6674947, 54.4188299], [36.6637043, 54.4191386], [36.6418338, 54.4265372], [36.6382329, 54.4269782], [36.6325284, 54.4257434], [36.6205193, 54.4205938], [36.6180555, 54.4199763], [36.61297, 54.4193923], [36.6082699, 54.420087], [36.6052986, 54.4217782], [36.6029823, 54.4240785], [36.6003859, 54.4278382], [36.5980358, 54.4323691], [36.5949656, 54.4361391], [36.5888062, 54.4414737], [36.5842333, 54.4432625], [36.5818319, 54.4436338], [36.5774351, 54.4434354], [36.5506939, 54.4373074], [36.5466382, 54.4367343], [36.5407793, 54.4366991], [36.5339973, 54.4384317], [36.5174888, 54.4474458], [36.5114715, 54.4494937], [36.5022324, 54.4502595], [36.4869613, 54.449908], [36.4787415, 54.4494276], [36.4610972, 54.4472237], [36.4494229, 54.4466727], [36.4399848, 54.447389], [36.4155417, 54.4510983], [36.3934911, 54.4492306], [36.385836, 54.4500475], [36.3820347, 54.4511038], [36.379334, 54.4535554], [36.3780536, 54.4564421], [36.3750343, 54.4563186], [36.3743928, 54.4564867], [36.3744484, 54.4569847], [36.3731172, 54.4570451], [36.3735881, 54.4559306], [36.3732729, 54.4555964], [36.3688931, 54.4541772], [36.3628096, 54.4555784], [36.3617589, 54.4553377], [36.3604091, 54.4541154], [36.3586996, 54.4539042], [36.3577354, 54.4543569], [36.3517429, 54.454012], [36.3452154, 54.4556684], [36.3413598, 54.4548517], [36.3421608, 54.4538945], [36.3408435, 54.4533487], [36.3424064, 54.4507355], [36.3341631, 54.4463933], [36.3320585, 54.4477477], [36.2932514, 54.4453695], [36.2939801, 54.4388338], [36.27831, 54.4429561], [36.2738577, 54.4364995], [36.2728181, 54.4328948], [36.2626127, 54.432247], [36.2644893, 54.4310163], [36.2632008, 54.4283408], [36.2616944, 54.4270262], [36.258073, 54.4265038], [36.2539882, 54.4267229], [36.2468035, 54.4228801], [36.2226566, 54.4205035], [36.2224538, 54.4214474], [36.2171299, 54.4230735], [36.2171151, 54.423643], [36.2138073, 54.4235913], [36.2105293, 54.4225643], [36.2068655, 54.423643], [36.2057367, 54.4234516], [36.1970635, 54.4257896], [36.195356, 54.4269459], [36.1881858, 54.4283362], [36.186145, 54.4295691], [36.1791024, 54.4278184], [36.1778289, 54.4252184], [36.1791225, 54.4234482], [36.1743524, 54.4201408], [36.1739523, 54.4178024], [36.1726504, 54.4180969], [36.1708035, 54.4171908], [36.1697785, 54.4157007], [36.1724331, 54.4139035], [36.1781462, 54.4085287], [36.1795515, 54.4085702], [36.1890509, 54.4115786], [36.1995113, 54.4121028], [36.2060992, 54.3895025], [36.2041391, 54.3862037], [36.2088347, 54.3850609], [36.2101576, 54.3829548], [36.2196858, 54.3834384], [36.2196322, 54.3813207], [36.2179737, 54.3787349], [36.2118101, 54.3782415], [36.2102168, 54.3715337], [36.2108382, 54.3710623], [36.2079137, 54.3691419], [36.2010548, 54.3696773], [36.2063782, 54.3647406], [36.2089579, 54.359149], [36.2042054, 54.3594656], [36.2038701, 54.3601351], [36.2030885, 54.3600927], [36.2030465, 54.3607316], [36.2007539, 54.3608647], [36.2008505, 54.3615983], [36.1994252, 54.362293], [36.1988527, 54.3631255], [36.198067, 54.363086], [36.1980762, 54.3625644], [36.1956967, 54.3634589], [36.1955561, 54.3654932], [36.1963262, 54.3672315], [36.1941019, 54.3703946], [36.1908509, 54.3733754], [36.1927846, 54.3750559], [36.1920902, 54.3766162], [36.1754373, 54.3850652], [36.1748857, 54.387249], [36.1778852, 54.393878], [36.1770324, 54.3951289], [36.1658609, 54.3942431], [36.1624704, 54.3951366], [36.1635023, 54.3975526], [36.1754726, 54.4030419], [36.1767329, 54.4049671], [36.1757851, 54.406077], [36.1683256, 54.4103708], [36.1576859, 54.4135274], [36.1502948, 54.4178283], [36.1269747, 54.424012], [36.1153665, 54.4254221], [36.1120694, 54.4264251], [36.1102097, 54.4286304], [36.1092321, 54.4327078], [36.110615, 54.4412497], [36.1120932, 54.4453398], [36.1136191, 54.4475094], [36.1180443, 54.4507365], [36.1190135, 54.4536088], [36.1189789, 54.4563651], [36.10618, 54.4563668], [36.1045115, 54.4568023], [36.1032346, 54.456446], [36.1014129, 54.4568419], [36.1013278, 54.4572576], [36.0822208, 54.4571678], [36.0762653, 54.4604295], [36.071155, 54.4641604], [36.0586093, 54.4628101], [36.0571379, 54.463533], [36.0548783, 54.4628305], [36.052496, 54.4647547], [36.0498087, 54.4646982], [36.0431081, 54.4615375], [36.0436327, 54.4609775], [36.0437658, 54.4591774], [36.0413769, 54.4591609], [36.0411999, 54.459832], [36.0309574, 54.4611364], [36.0228148, 54.455921], [36.0236695, 54.4553541], [36.0221887, 54.4541013], [36.0208404, 54.4546542], [36.0129672, 54.4488279], [36.0030533, 54.4444097], [36.0022382, 54.4422487], [36.0051354, 54.4411632], [36.0032257, 54.4393169], [36.0032802, 54.4381705], [36.0069182, 54.4366851], [36.0096545, 54.4365063], [36.0098454, 54.4356713], [36.008613, 54.4348897], [36.0106926, 54.4328285], [36.0037329, 54.4305952], [36.0030269, 54.4309771], [35.9991983, 54.4296873], [35.9993606, 54.4249391], [36.0013052, 54.4250327], [36.0015282, 54.4234402], [36.0001905, 54.4216315], [36.002358, 54.4206153], [36.0004506, 54.4186551], [35.9973789, 54.4182371], [35.9950007, 54.4167092], [35.9919538, 54.4170407], [35.9875444, 54.4146767], [35.9863058, 54.4156281], [35.9843735, 54.4149938], [35.9804596, 54.4124423], [35.9804596, 54.4108277], [35.9817725, 54.4090688], [35.9891793, 54.4105105], [35.9902445, 54.4111881], [35.9898977, 54.4126009], [35.9934896, 54.4126729], [35.9939108, 54.411635], [35.9998808, 54.4138118], [36.0002276, 54.4132352], [36.001626, 54.4129107], [35.9987413, 54.4110295], [35.9965118, 54.4113755], [35.9950751, 54.410078], [35.9962889, 54.4094148], [35.9954714, 54.4083191], [35.999212, 54.4071657], [35.9914831, 54.4062718], [35.9900463, 54.4095157], [35.9890555, 54.4095734], [35.9855131, 54.4081461], [35.97932, 54.4085786], [35.9769667, 54.4095446], [35.975084, 54.4110583], [35.9727802, 54.4104961], [35.976496, 54.4063439], [35.9729895, 54.4010303], [35.9684315, 54.4014629], [35.9658056, 54.3986366], [35.9654564, 54.3976516], [35.9663632, 54.3968447], [35.9642738, 54.3956237], [35.9631189, 54.3960608], [35.962487, 54.3974676], [35.9611576, 54.397306], [35.9602096, 54.3960638], [35.9607598, 54.3947385], [35.9599881, 54.3913929], [35.9594923, 54.3909713], [35.9578398, 54.3902781], [35.9547035, 54.3900473], [35.9528978, 54.3909218], [35.9508962, 54.3909892], [35.9503015, 54.3921646], [35.9478712, 54.3929767], [35.947281, 54.3927133], [35.9470529, 54.3915052], [35.9442809, 54.388999], [35.9427575, 54.3897951], [35.9383446, 54.3907776], [35.9362074, 54.3899112], [35.9378169, 54.3880021], [35.936795, 54.3870393], [35.9373958, 54.3864045], [35.9390817, 54.3864702], [35.9377673, 54.3857085], [35.9380522, 54.3854777], [35.9398606, 54.3848141], [35.9407524, 54.3835302], [35.9433411, 54.3822391], [35.9475042, 54.3815077], [35.9544105, 54.3763949], [35.941028, 54.3716198], [35.9359832, 54.3709668], [35.9352125, 54.36913], [35.9372444, 54.3679871], [35.939977, 54.3636193], [35.9404674, 54.3616597], [35.9393889, 54.3610276], [35.9376053, 54.3613019], [35.9375247, 54.3591693], [35.944251, 54.353698], [35.941098, 54.3463474], [35.9490155, 54.3423041], [35.9471237, 54.3400576], [35.9451619, 54.3392815], [35.9429197, 54.3361361], [35.9413783, 54.3352374], [35.950627, 54.3255545], [35.9543405, 54.3269846], [35.9635892, 54.3288641], [35.9645, 54.3266169], [35.9637293, 54.3243286], [35.9682836, 54.3211413], [35.9693346, 54.3197518], [35.992106, 54.3240017], [35.9953816, 54.323113], [35.9905821, 54.3168706], [35.9886377, 54.3156752], [35.9889355, 54.315011], [35.988445, 54.3147556], [35.9873615, 54.3117088], [35.9853646, 54.3109321], [35.9843837, 54.3095423], [35.9840684, 54.3080503], [35.9833433, 54.307351], [35.9837892, 54.305819], [35.9756144, 54.3055588], [35.973484, 54.3047783], [35.9743263, 54.3033907], [35.9692232, 54.3024078], [35.9670928, 54.2959027], [35.9652102, 54.295816], [35.9595621, 54.2941968], [35.9485138, 54.2929823], [35.9436585, 54.290669], [35.9436853, 54.2884178], [35.9471343, 54.2831935], [35.9499439, 54.280161], [35.9488947, 54.2786483], [35.9470035, 54.2772034], [35.9465574, 54.2758669], [35.940968, 54.2761704], [35.9401454, 54.2763741], [35.9403294, 54.2770259], [35.9396195, 54.277297], [35.9392805, 54.2766231], [35.9382175, 54.2763296], [35.9366389, 54.2766347], [35.9328008, 54.2755017], [35.9321997, 54.2759972], [35.9301561, 54.2759886], [35.9292425, 54.2767221]]]}}, {"type": "Feature", "properties": {"rda_code": "KG-07", "rda_name": "BABYNINSKY AREA", "osm_name": "Бабынинский муниципальный округ", "match_score": 1.0, "match_reason": "alias:бабынинскии"}, "geometry": {"type": "Polygon", "coordinates": [[[35.4527151, 54.4397395], [35.4521007, 54.4315076], [35.4627182, 54.4236672], [35.467069, 54.4196348], [35.4641162, 54.4141405], [35.4644535, 54.4102151], [35.4707388, 54.4081485], [35.4765717, 54.4077624], [35.4774647, 54.4088087], [35.4813035, 54.4101283], [35.4828462, 54.4120074], [35.4912851, 54.4145973], [35.5026662, 54.4085567], [35.5061529, 54.3944366], [35.512651, 54.3951638], [35.5296679, 54.4040091], [35.5440238, 54.418524], [35.5605753, 54.4237216], [35.5675934, 54.4243802], [35.5700461, 54.4209565], [35.5741602, 54.4167475], [35.5716686, 54.4117578], [35.5825605, 54.4102904], [35.5827688, 54.4111028], [35.5840581, 54.4123121], [35.584689, 54.4145459], [35.5980156, 54.4092899], [35.6017045, 54.4043737], [35.6175752, 54.3990018], [35.6194271, 54.3977323], [35.614095, 54.3924905], [35.6101811, 54.3871116], [35.6216168, 54.3828371], [35.6240821, 54.3853199], [35.6299137, 54.387536], [35.6310197, 54.3849204], [35.6332475, 54.3832663], [35.6396333, 54.3816825], [35.6523334, 54.3712082], [35.6630383, 54.3670531], [35.6707604, 54.3615276], [35.6714389, 54.3600014], [35.6729736, 54.3589327], [35.675739, 54.3581017], [35.6756992, 54.3576096], [35.672682, 54.3564765], [35.6700202, 54.3564465], [35.6652444, 54.3547409], [35.6648106, 54.353818], [35.6651284, 54.3515322], [35.6620198, 54.3489018], [35.6686491, 54.3420904], [35.6680922, 54.3405445], [35.6666425, 54.3403543], [35.6654211, 54.3382523], [35.6666325, 54.3364107], [35.6644884, 54.3362129], [35.6700537, 54.3269309], [35.6657065, 54.3258075], [35.6636997, 54.325889], [35.6629356, 54.3246733], [35.6615425, 54.3186869], [35.6867468, 54.3258348], [35.6852056, 54.3238645], [35.6850553, 54.3229657], [35.6894627, 54.3195011], [35.707425, 54.3198043], [35.7080062, 54.3205894], [35.7102851, 54.320188], [35.7110594, 54.3210211], [35.7105511, 54.3221664], [35.7117364, 54.3227712], [35.7131319, 54.3222328], [35.7153384, 54.3225603], [35.7164846, 54.3211113], [35.7193739, 54.319765], [35.7220202, 54.3193213], [35.7207559, 54.3185845], [35.7208321, 54.3179445], [35.7223048, 54.3177964], [35.7254928, 54.3126101], [35.7227766, 54.3119768], [35.7242324, 54.3093231], [35.7255198, 54.3095683], [35.7262781, 54.3083499], [35.7266661, 54.3073526], [35.7265631, 54.3047557], [35.7058097, 54.3063908], [35.7047808, 54.2964913], [35.7014736, 54.2960907], [35.7022959, 54.2938581], [35.6966096, 54.2931415], [35.6893532, 54.2913088], [35.6871694, 54.2894232], [35.6857447, 54.2901281], [35.6827775, 54.2876345], [35.6926974, 54.2860313], [35.6982544, 54.2822916], [35.6962019, 54.2814593], [35.6925517, 54.2808505], [35.6951088, 54.2789666], [35.6978436, 54.2783335], [35.7004399, 54.2793514], [35.7048333, 54.2763426], [35.6980036, 54.26672], [35.7027426, 54.2663611], [35.7112204, 54.2644076], [35.7142639, 54.262551], [35.7164708, 54.2620317], [35.7194318, 54.2595688], [35.7262141, 54.2555546], [35.7278935, 54.2534902], [35.72993, 54.2476507], [35.7281374, 54.2447589], [35.7240431, 54.2434249], [35.7242091, 54.2427713], [35.719524, 54.2394372], [35.7191681, 54.2380269], [35.7161933, 54.2380036], [35.7164985, 54.236305], [35.7122211, 54.2343347], [35.7110702, 54.2333274], [35.7284082, 54.2322047], [35.7323986, 54.233867], [35.7335177, 54.2356613], [35.7422545, 54.2353914], [35.7424502, 54.2377681], [35.7527866, 54.2374035], [35.7593456, 54.2344673], [35.7595614, 54.2335006], [35.7636964, 54.2330803], [35.7665354, 54.2296422], [35.7673473, 54.229226], [35.7723738, 54.2321187], [35.7729683, 54.2334554], [35.7731455, 54.2382913], [35.7763245, 54.2391947], [35.7777299, 54.2390025], [35.7796647, 54.2382249], [35.7815049, 54.2367831], [35.7831261, 54.2364433], [35.7892731, 54.2407758], [35.7905229, 54.2439852], [35.7942184, 54.2468915], [35.8020643, 54.2447972], [35.8060942, 54.2478448], [35.8151263, 54.2487604], [35.8158346, 54.2475577], [35.8177607, 54.2470584], [35.8196374, 54.2459164], [35.821112, 54.2432205], [35.8279673, 54.2418541], [35.8304896, 54.2410528], [35.8317845, 54.2400756], [35.841709, 54.2431052], [35.8405129, 54.2459863], [35.8421144, 54.2467986], [35.8464802, 54.2511208], [35.8483121, 54.2508485], [35.8466407, 54.2531914], [35.8495478, 54.2534628], [35.8494658, 54.2564444], [35.85054, 54.2574617], [35.8487694, 54.2614223], [35.8500394, 54.2639462], [35.8549038, 54.2657656], [35.8604388, 54.2701641], [35.8725342, 54.2708558], [35.8766938, 54.2726041], [35.8802361, 54.2730843], [35.8808524, 54.2726833], [35.8862898, 54.2746248], [35.8892156, 54.2746884], [35.8914157, 54.2755986], [35.8927504, 54.2754664], [35.899684, 54.280885], [35.9011955, 54.2850989], [35.9118247, 54.2866448], [35.9172322, 54.2851781], [35.9217986, 54.2847032], [35.9277881, 54.2849844], [35.9286957, 54.2862352], [35.9415946, 54.2880733], [35.9431023, 54.2875703], [35.9436853, 54.2884178], [35.9436585, 54.290669], [35.9485138, 54.2929823], [35.9595621, 54.2941968], [35.9652102, 54.295816], [35.9670928, 54.2959027], [35.9692232, 54.3024078], [35.9743263, 54.3033907], [35.973484, 54.3047783], [35.9756144, 54.3055588], [35.9837892, 54.305819], [35.9833433, 54.307351], [35.9840684, 54.3080503], [35.9843837, 54.3095423], [35.9853646, 54.3109321], [35.9873615, 54.3117088], [35.988445, 54.3147556], [35.9889355, 54.315011], [35.9886377, 54.3156752], [35.9905821, 54.3168706], [35.9953816, 54.323113], [35.992106, 54.3240017], [35.9693346, 54.3197518], [35.9682836, 54.3211413], [35.9637293, 54.3243286], [35.9645, 54.3266169], [35.9635892, 54.3288641], [35.9543405, 54.3269846], [35.950627, 54.3255545], [35.9413783, 54.3352374], [35.9429197, 54.3361361], [35.9451619, 54.3392815], [35.9471237, 54.3400576], [35.9490155, 54.3423041], [35.941098, 54.3463474], [35.944251, 54.353698], [35.9375247, 54.3591693], [35.9376053, 54.3613019], [35.9393889, 54.3610276], [35.9404674, 54.3616597], [35.939977, 54.3636193], [35.9372444, 54.3679871], [35.9352125, 54.36913], [35.9359832, 54.3709668], [35.941028, 54.3716198], [35.9544105, 54.3763949], [35.9475042, 54.3815077], [35.9433411, 54.3822391], [35.9407524, 54.3835302], [35.9398606, 54.3848141], [35.9380522, 54.3854777], [35.9377673, 54.3857085], [35.9390817, 54.3864702], [35.9373958, 54.3864045], [35.936795, 54.3870393], [35.9378169, 54.3880021], [35.9362533, 54.3899825], [35.9383446, 54.3907776], [35.9427575, 54.3897951], [35.9442809, 54.388999], [35.9470529, 54.3915052], [35.947281, 54.3927133], [35.9478712, 54.3929767], [35.9503015, 54.3921646], [35.9508962, 54.3909892], [35.9528978, 54.3909218], [35.9547035, 54.3900473], [35.9578398, 54.3902781], [35.9594923, 54.3909713], [35.9599881, 54.3913929], [35.9607598, 54.3947385], [35.9602096, 54.3960638], [35.9611576, 54.397306], [35.962487, 54.3974676], [35.9631189, 54.3960608], [35.9642738, 54.3956237], [35.9663632, 54.3968447], [35.9654564, 54.3976516], [35.9658056, 54.3986366], [35.9684315, 54.4014629], [35.9729895, 54.4010303], [35.976496, 54.4063439], [35.9727802, 54.4104961], [35.975084, 54.4110583], [35.9769667, 54.4095446], [35.97932, 54.4085786], [35.9855131, 54.4081461], [35.9890555, 54.4095734], [35.9900463, 54.4095157], [35.9914831, 54.4062718], [35.999212, 54.4071657], [35.9954714, 54.4083191], [35.9962889, 54.4094148], [35.9950751, 54.410078], [35.9965118, 54.4113755], [35.9987413, 54.4110295], [36.001626, 54.4129107], [36.0002276, 54.4132352], [35.9998808, 54.4138118], [35.9939108, 54.411635], [35.9934896, 54.4126729], [35.9898977, 54.4126009], [35.9902445, 54.4111881], [35.9891793, 54.4105105], [35.9817725, 54.4090688], [35.9804596, 54.4108277], [35.9804596, 54.4124423], [35.9843735, 54.4149938], [35.9863058, 54.4156281], [35.9875444, 54.4146767], [35.9919538, 54.4170407], [35.9950007, 54.4167092], [35.9973789, 54.4182371], [36.0004506, 54.4186551], [36.002358, 54.4206153], [36.0001905, 54.4216315], [36.0015282, 54.4234402], [36.0013052, 54.4250327], [35.9993606, 54.4249391], [35.9991983, 54.4296873], [36.0030269, 54.4309771], [36.0037329, 54.4305952], [36.0106926, 54.4328285], [36.008613, 54.4348897], [36.0098454, 54.4356713], [36.0096545, 54.4365063], [36.0069182, 54.4366851], [36.0032802, 54.4381705], [36.0032257, 54.4393169], [36.0051354, 54.4411632], [36.0022382, 54.4422487], [36.0030533, 54.4444097], [36.0129672, 54.4488279], [36.0208404, 54.4546542], [36.0221887, 54.4541013], [36.0236695, 54.4553541], [36.0228148, 54.455921], [36.0309574, 54.4611364], [36.0411999, 54.459832], [36.0413769, 54.4591609], [36.0437658, 54.4591774], [36.0436327, 54.4609775], [36.0431081, 54.4615375], [36.0498087, 54.4646982], [36.052496, 54.4647547], [36.0548783, 54.4628305], [36.0571379, 54.463533], [36.0586093, 54.4628101], [36.0641824, 54.4631835], [36.080408, 54.4658462], [36.0821283, 54.4668765], [36.0896659, 54.468604], [36.0897502, 54.4689453], [36.0950185, 54.4693112], [36.095153, 54.4731136], [36.0722081, 54.4705018], [36.0707786, 54.4734855], [36.069588, 54.4731442], [36.0673977, 54.474647], [36.0714679, 54.4770482], [36.0710544, 54.4795754], [36.0716706, 54.4803454], [36.071411, 54.4815142], [36.0717563, 54.4816719], [36.0711314, 54.4819728], [36.0672335, 54.4792313], [36.0654992, 54.4799952], [36.07675, 54.487814], [36.0730007, 54.4890271], [36.0693119, 54.4895674], [36.0689545, 54.4901596], [36.0680078, 54.4904154], [36.0630666, 54.4896861], [36.0612504, 54.490151], [36.0578575, 54.4896611], [36.0570084, 54.4896576], [36.0570387, 54.4900591], [36.0544266, 54.4900587], [36.0534677, 54.4893687], [36.0545366, 54.4882654], [36.0545119, 54.4872195], [36.0432216, 54.4834054], [36.0348679, 54.4910475], [36.0335772, 54.492952], [36.0319091, 54.5029528], [36.0311294, 54.5044183], [36.0297867, 54.5055045], [36.028833, 54.5051404], [36.0289576, 54.5020414], [36.0285213, 54.5013978], [36.0249725, 54.5014336], [36.0155187, 54.5003269], [36.0111129, 54.4984431], [36.0093299, 54.4995007], [36.0069737, 54.4987091], [35.9990123, 54.4986069], [35.9997161, 54.502949], [35.9985285, 54.5052476], [35.9984845, 54.5075716], [35.9966626, 54.5087923], [35.9951112, 54.5090085], [35.9956254, 54.5118873], [35.9884558, 54.5227127], [35.9820339, 54.5226617], [35.97535, 54.5202919], [35.9733072, 54.5202175], [35.9661467, 54.5287366], [35.9619513, 54.5346417], [35.9575365, 54.5349668], [35.9455539, 54.5338312], [35.9360746, 54.5323164], [35.9288716, 54.5334549], [35.9260234, 54.5363237], [35.9022141, 54.5404626], [35.9007294, 54.5372579], [35.8972923, 54.5378385], [35.8814442, 54.5432495], [35.8787621, 54.5475727], [35.8776661, 54.5480715], [35.870426, 54.548092], [35.8691606, 54.547347], [35.86514, 54.5477344], [35.8640405, 54.5468248], [35.8696169, 54.5418375], [35.8808038, 54.5371438], [35.8617781, 54.532332], [35.8578354, 54.5290249], [35.8521064, 54.5227831], [35.8392619, 54.5183886], [35.8337886, 54.5175161], [35.8271951, 54.5190182], [35.8221259, 54.5189358], [35.8260825, 54.5219865], [35.8135131, 54.5284988], [35.8045537, 54.5287997], [35.7918766, 54.5339198], [35.7869607, 54.5347712], [35.7957877, 54.5405752], [35.7934944, 54.5417916], [35.792808, 54.5435573], [35.7904014, 54.5454256], [35.7868325, 54.5437012], [35.7825614, 54.5438822], [35.7782342, 54.5483608], [35.7786014, 54.5486167], [35.7694185, 54.5555421], [35.7626221, 54.5554835], [35.7529053, 54.5586606], [35.7532547, 54.5591193], [35.7528195, 54.5598148], [35.7508909, 54.561203], [35.7524251, 54.5625171], [35.7511252, 54.5640298], [35.7470425, 54.5635626], [35.7459003, 54.5626307], [35.7450603, 54.5625553], [35.7428305, 54.5634311], [35.7427569, 54.564253], [35.7405571, 54.5652925], [35.7378814, 54.5653582], [35.7334636, 54.5629201], [35.7309858, 54.5624005], [35.7298624, 54.5628689], [35.72057, 54.5605617], [35.7188921, 54.5594372], [35.7133555, 54.5575028], [35.7053153, 54.5527944], [35.7043715, 54.5516278], [35.7036623, 54.548503], [35.6930292, 54.5506018], [35.6937969, 54.551693], [35.6923165, 54.5520346], [35.6955206, 54.5569002], [35.6986637, 54.5556952], [35.7040941, 54.5565668], [35.7068139, 54.5594572], [35.7024807, 54.5600003], [35.6858385, 54.5638378], [35.6843871, 54.564815], [35.6761968, 54.5659394], [35.6756089, 54.5671022], [35.6726661, 54.5671707], [35.6736112, 54.5687629], [35.6730899, 54.5698514], [35.6721928, 54.5690257], [35.6678674, 54.5672187], [35.6669747, 54.5685365], [35.6498567, 54.5702644], [35.6457688, 54.5667526], [35.6437738, 54.5671582], [35.633226, 54.5666223], [35.6220316, 54.566717], [35.6122183, 54.568616], [35.6067115, 54.5713713], [35.602879, 54.5711781], [35.5962685, 54.5737327], [35.5772993, 54.57454], [35.5724137, 54.567502], [35.5747467, 54.5620656], [35.5737847, 54.5605404], [35.5715844, 54.5602078], [35.5715767, 54.5596601], [35.5656118, 54.5580988], [35.5622212, 54.5575563], [35.5569252, 54.5556066], [35.5587144, 54.55315], [35.5650841, 54.5480725], [35.5639217, 54.5418944], [35.5562936, 54.5357244], [35.5340609, 54.5453673], [35.5283209, 54.5371239], [35.5276442, 54.535217], [35.5263718, 54.5335109], [35.5167995, 54.5316699], [35.5123485, 54.5316795], [35.5121835, 54.5305014], [35.5079664, 54.5261333], [35.5071471, 54.5243422], [35.5067922, 54.5194818], [35.5014007, 54.5199066], [35.501503, 54.51804], [35.4990599, 54.5152708], [35.4990835, 54.5145174], [35.4978746, 54.5150478], [35.4906916, 54.5116294], [35.4853201, 54.5113946], [35.47948, 54.5100974], [35.4746025, 54.5098069], [35.4736222, 54.5092416], [35.4715116, 54.5101372], [35.4720548, 54.5084066], [35.4719538, 54.5062846], [35.4721576, 54.5056366], [35.4733053, 54.5051763], [35.4732488, 54.5034129], [35.4763809, 54.5029195], [35.4780259, 54.5020245], [35.4795127, 54.5009982], [35.4800614, 54.4996265], [35.4806888, 54.4974484], [35.4795251, 54.4940138], [35.4804571, 54.4931322], [35.4810907, 54.4903819], [35.4798248, 54.4883848], [35.4789035, 54.4878059], [35.4782424, 54.488464], [35.4765475, 54.4882501], [35.4757954, 54.4885953], [35.4755302, 54.4882662], [35.4698284, 54.4888975], [35.4687712, 54.4895916], [35.4692682, 54.4902069], [35.4689633, 54.4907461], [35.4662222, 54.4910582], [35.4645216, 54.4894891], [35.4620587, 54.4881889], [35.4590348, 54.4888497], [35.4536102, 54.4888878], [35.4483182, 54.4849553], [35.4492836, 54.4821455], [35.4501523, 54.4811097], [35.4484691, 54.4798313], [35.4540028, 54.4771465], [35.4510159, 54.4752376], [35.4526005, 54.4743312], [35.4397578, 54.4663112], [35.4387134, 54.4648853], [35.4411885, 54.4652901], [35.4432569, 54.4641726], [35.4485405, 54.4654416], [35.4512505, 54.4636944], [35.4555937, 54.4650905], [35.4604184, 54.4674772], [35.4641788, 54.4671588], [35.4518243, 54.448647], [35.4527151, 54.4397395]]]}}, {"type": "Feature", "properties": {"rda_code": "KG-21", "rda_name": "MESHCHOVSKY AREA / incl. MEShchOVSK/", "osm_name": "Мещовский муниципальный округ", "match_score": 1.0, "match_reason": "alias:meshchovsky"}, "geometry": {"type": "Polygon", "coordinates": [[[34.8557328, 54.3817633], [34.8581802, 54.3795937], [34.859682, 54.3790226], [34.8625614, 54.3786703], [34.8627118, 54.3781585], [34.863402, 54.3780375], [34.8646362, 54.3786745], [34.868839, 54.3777707], [34.8699194, 54.3756646], [34.8610662, 54.3712731], [34.8634794, 54.3703739], [34.8666745, 54.3676453], [34.8676654, 54.3676538], [34.8732935, 54.3635952], [34.863031, 54.3552467], [34.8645549, 54.3439581], [34.8659702, 54.3388193], [34.8727382, 54.3391553], [34.8752966, 54.3324609], [34.8727518, 54.3320509], [34.871141, 54.3323691], [34.8705788, 54.3331268], [34.8693959, 54.3327094], [34.8693578, 54.3319834], [34.8677292, 54.3314003], [34.8676888, 54.3306278], [34.866806, 54.3305552], [34.8660324, 54.3298697], [34.8664739, 54.3285101], [34.866164, 54.3262627], [34.8743973, 54.3266251], [34.8742253, 54.3171296], [34.8711764, 54.3070474], [34.8733469, 54.3049057], [34.8740647, 54.3035544], [34.8739039, 54.3016163], [34.8724383, 54.2971448], [34.8729219, 54.2932379], [34.8791642, 54.289254], [34.8851767, 54.2900861], [34.8993366, 54.300028], [34.9017365, 54.3053219], [34.9028654, 54.306157], [34.9065107, 54.3070032], [34.9145092, 54.3060135], [34.9172159, 54.3089743], [34.917434, 54.3110194], [34.9206963, 54.3115052], [34.9222702, 54.3098582], [34.9250116, 54.3054109], [34.9304859, 54.3071269], [34.9312801, 54.305435], [34.9308086, 54.3005823], [34.9359906, 54.2997149], [34.9357686, 54.3001885], [34.9402607, 54.3014095], [34.9411454, 54.3020458], [34.9416104, 54.3013776], [34.9409385, 54.300638], [34.9426077, 54.2998571], [34.9420788, 54.2996057], [34.9426066, 54.2990987], [34.9420268, 54.2990378], [34.9436127, 54.2983795], [34.9431793, 54.2978035], [34.9441813, 54.2973997], [34.9424034, 54.2971993], [34.943415, 54.2954258], [34.9425977, 54.2953501], [34.9428289, 54.2951086], [34.9420794, 54.2947155], [34.9426885, 54.2945364], [34.9427591, 54.294003], [34.9420945, 54.2932448], [34.9490567, 54.2919636], [34.951443, 54.2907306], [34.9558578, 54.2901694], [34.9612775, 54.2886026], [34.9643729, 54.2851189], [34.96625, 54.2789092], [34.9586419, 54.276432], [34.9612704, 54.2746363], [34.9641929, 54.2704234], [34.9703623, 54.269431], [34.9760679, 54.2658164], [34.9588267, 54.2544868], [34.9516173, 54.2510285], [34.9597155, 54.2464697], [34.9612935, 54.2449924], [34.988301, 54.2340641], [34.9760966, 54.224546], [34.9769541, 54.2239367], [34.9819598, 54.2222718], [35.001056, 54.2185875], [35.0061288, 54.2224103], [35.013309, 54.2246314], [35.0189211, 54.2273384], [35.0180816, 54.2279934], [35.0125356, 54.2285726], [35.0123111, 54.2292582], [35.0112518, 54.2295702], [35.0090078, 54.2293253], [35.0081175, 54.229819], [35.026536, 54.2366984], [35.0284199, 54.2433681], [35.0323569, 54.2481979], [35.0384778, 54.2544635], [35.0617017, 54.2579469], [35.0647408, 54.2586226], [35.0656596, 54.2596736], [35.0684285, 54.2594924], [35.0697159, 54.257515], [35.0718168, 54.2573366], [35.0731823, 54.2564806], [35.076161, 54.2566257], [35.0787563, 54.2572069], [35.0854284, 54.2606721], [35.0950205, 54.2555037], [35.0944684, 54.254149], [35.0961801, 54.2539806], [35.0981469, 54.2527486], [35.0986107, 54.2513682], [35.0973562, 54.250267], [35.104899, 54.2478895], [35.1038988, 54.2475055], [35.1096839, 54.241237], [35.1151616, 54.2439343], [35.1168153, 54.2410096], [35.1192074, 54.2400057], [35.1137523, 54.2326546], [35.1156616, 54.2301822], [35.1177409, 54.2284299], [35.1226392, 54.2222079], [35.1296953, 54.2165098], [35.1292733, 54.2160776], [35.1396147, 54.2105588], [35.1417199, 54.2109663], [35.1625984, 54.2038569], [35.1715921, 54.2035838], [35.1743419, 54.1990672], [35.1825495, 54.1985745], [35.1942065, 54.1999485], [35.1968769, 54.1966883], [35.1956158, 54.1942111], [35.1946634, 54.1890235], [35.1981172, 54.1870022], [35.2222012, 54.1974203], [35.2217282, 54.201137], [35.2308716, 54.2201367], [35.2332716, 54.2198159], [35.2428432, 54.2216482], [35.2466854, 54.2215078], [35.265728, 54.2186151], [35.2656257, 54.2165426], [35.269275, 54.217589], [35.2697337, 54.2190606], [35.2749054, 54.2167668], [35.2888313, 54.2291158], [35.2985967, 54.2278327], [35.3115246, 54.2288189], [35.3178399, 54.2301835], [35.3209532, 54.2259689], [35.3453802, 54.2212426], [35.3666601, 54.2111533], [35.3631604, 54.2068944], [35.3661997, 54.2013054], [35.3657885, 54.1999401], [35.3670436, 54.2003675], [35.3691339, 54.2000226], [35.3957132, 54.2161061], [35.4288248, 54.2237351], [35.4280656, 54.2249524], [35.4253896, 54.2272103], [35.4432378, 54.2304656], [35.4554841, 54.233544], [35.4581467, 54.2309467], [35.4579277, 54.2302456], [35.4564845, 54.229339], [35.4569567, 54.2289362], [35.456849, 54.2281175], [35.455818, 54.226712], [35.4566739, 54.226286], [35.4563064, 54.2256026], [35.4682421, 54.223567], [35.4729194, 54.219938], [35.4960458, 54.21739], [35.5052691, 54.2147248], [35.5065064, 54.2143109], [35.507435, 54.2128765], [35.5086634, 54.2092434], [35.5152504, 54.2080363], [35.5191032, 54.2068281], [35.5245659, 54.2061027], [35.525831, 54.2076975], [35.5367239, 54.2057801], [35.5398546, 54.2096671], [35.5470063, 54.212969], [35.5489939, 54.2145697], [35.5515508, 54.2123665], [35.5544752, 54.2107178], [35.5551163, 54.2097366], [35.5539359, 54.2091075], [35.5543507, 54.2081054], [35.5599964, 54.2043737], [35.5631712, 54.2035639], [35.5680897, 54.2084442], [35.5700484, 54.2097568], [35.5718234, 54.208317], [35.5777049, 54.2113488], [35.5848765, 54.2135139], [35.5896197, 54.2158142], [35.605657, 54.2263944], [35.6088563, 54.2279041], [35.6425593, 54.2362356], [35.6422374, 54.2411126], [35.643061, 54.2414942], [35.6472765, 54.2413899], [35.6512068, 54.242793], [35.6550413, 54.2430083], [35.6552148, 54.2418899], [35.6559965, 54.2413034], [35.6581151, 54.2402322], [35.6594884, 54.2401825], [35.6614029, 54.2423968], [35.6626273, 54.2426973], [35.6679562, 54.2473822], [35.6689624, 54.2476297], [35.668493, 54.2485481], [35.6704362, 54.2486882], [35.6720862, 54.250821], [35.6743614, 54.25223], [35.6762856, 54.2544658], [35.677371, 54.2538755], [35.6783704, 54.2523522], [35.6841429, 54.2519142], [35.6855785, 54.2512528], [35.6878909, 54.2492033], [35.6901747, 54.248128], [35.6954366, 54.2470669], [35.7030065, 54.2543094], [35.7133116, 54.2517424], [35.7271722, 54.2548284], [35.7194318, 54.2595688], [35.7164708, 54.2620317], [35.7142639, 54.262551], [35.7110936, 54.2644612], [35.7027426, 54.2663611], [35.6980036, 54.26672], [35.7048333, 54.2763426], [35.7004399, 54.2793514], [35.6978436, 54.2783335], [35.6951088, 54.2789666], [35.6925517, 54.2808505], [35.6962019, 54.2814593], [35.6982544, 54.2822916], [35.6926974, 54.2860313], [35.6827775, 54.2876345], [35.6857447, 54.2901281], [35.6871694, 54.2894232], [35.6893532, 54.2913088], [35.6966096, 54.2931415], [35.7022959, 54.2938581], [35.7014736, 54.2960907], [35.7047808, 54.2964913], [35.7058097, 54.3063908], [35.7265631, 54.3047557], [35.7266661, 54.3073526], [35.7262781, 54.3083499], [35.7255198, 54.3095683], [35.7242324, 54.3093231], [35.7227766, 54.3119768], [35.7254928, 54.3126101], [35.7223048, 54.3177964], [35.7208321, 54.3179445], [35.7207559, 54.3185845], [35.7220202, 54.3193213], [35.7193739, 54.319765], [35.7164846, 54.3211113], [35.7153384, 54.3225603], [35.7131319, 54.3222328], [35.7117364, 54.3227712], [35.7105511, 54.3221664], [35.7110594, 54.3210211], [35.7102851, 54.320188], [35.7080062, 54.3205894], [35.707425, 54.3198043], [35.6894627, 54.3195011], [35.6850553, 54.3229657], [35.6852056, 54.3238645], [35.6867468, 54.3258348], [35.6615425, 54.3186869], [35.6629356, 54.3246733], [35.6636997, 54.325889], [35.6657065, 54.3258075], [35.6700537, 54.3269309], [35.6644884, 54.3362129], [35.6666325, 54.3364107], [35.6654211, 54.3382523], [35.6666425, 54.3403543], [35.6680922, 54.3405445], [35.6686491, 54.3420904], [35.6620198, 54.3489018], [35.6651284, 54.3515322], [35.6648106, 54.353818], [35.6652444, 54.3547409], [35.6700202, 54.3564465], [35.672682, 54.3564765], [35.6756992, 54.3576096], [35.675739, 54.3581017], [35.6729736, 54.3589327], [35.6714389, 54.3600014], [35.6707604, 54.3615276], [35.6630383, 54.3670531], [35.6523334, 54.3712082], [35.6396333, 54.3816825], [35.6332475, 54.3832663], [35.6310197, 54.3849204], [35.6299137, 54.387536], [35.6240821, 54.3853199], [35.6216168, 54.3828371], [35.6101811, 54.3871116], [35.614095, 54.3924905], [35.6194271, 54.3977323], [35.6173919, 54.3991112], [35.6017045, 54.4043737], [35.5980156, 54.4092899], [35.584689, 54.4145459], [35.5840581, 54.4123121], [35.5827688, 54.4111028], [35.5825605, 54.4102904], [35.5716686, 54.4117578], [35.5741602, 54.4167475], [35.5700461, 54.4209565], [35.5675934, 54.4243802], [35.5605753, 54.4237216], [35.5440238, 54.418524], [35.5296679, 54.4040091], [35.5122331, 54.3950972], [35.5061529, 54.3944366], [35.5026662, 54.4085567], [35.4912851, 54.4145973], [35.4828462, 54.4120074], [35.4813035, 54.4101283], [35.4774647, 54.4088087], [35.4765717, 54.4077624], [35.4707388, 54.4081485], [35.4644535, 54.4102151], [35.4641162, 54.4141405], [35.467069, 54.4196348], [35.4627182, 54.4236672], [35.4521007, 54.4315076], [35.4527151, 54.4397395], [35.4518097, 54.4485492], [35.4641788, 54.4671588], [35.4604184, 54.4674772], [35.4555937, 54.4650905], [35.4512505, 54.4636944], [35.4485405, 54.4654416], [35.4432569, 54.4641726], [35.4411885, 54.4652901], [35.4387134, 54.4648853], [35.4397578, 54.4663112], [35.4526005, 54.4743312], [35.4510159, 54.4752376], [35.4540028, 54.4771465], [35.4484691, 54.4798313], [35.4501523, 54.4811097], [35.4492836, 54.4821455], [35.4483182, 54.4849553], [35.4536102, 54.4888878], [35.4590348, 54.4888497], [35.4620587, 54.4881889], [35.4645216, 54.4894891], [35.4662222, 54.4910582], [35.4689633, 54.4907461], [35.4692571, 54.4901442], [35.4687206, 54.4897132], [35.4696361, 54.48894], [35.4755302, 54.4882662], [35.4757954, 54.4885953], [35.4765475, 54.4882501], [35.4782424, 54.488464], [35.4789035, 54.4878059], [35.4798248, 54.4883848], [35.4810907, 54.4903819], [35.4804571, 54.4931322], [35.4795251, 54.4940138], [35.4806602, 54.4978305], [35.4795127, 54.5009982], [35.4763809, 54.5029195], [35.4732488, 54.5034129], [35.4733053, 54.5051763], [35.4721576, 54.5056366], [35.4719538, 54.5062846], [35.4720548, 54.5084066], [35.4715116, 54.5101372], [35.4725235, 54.5110533], [35.4736824, 54.5111949], [35.4732243, 54.5124416], [35.4745066, 54.5164475], [35.4739639, 54.5170527], [35.4709099, 54.5171708], [35.4695182, 54.5186082], [35.4658141, 54.519223], [35.4639922, 54.5206672], [35.468804, 54.5222691], [35.4650005, 54.5296681], [35.4588953, 54.5326444], [35.45981, 54.536204], [35.4576722, 54.536386], [35.4561002, 54.5345539], [35.4552369, 54.5346361], [35.4541788, 54.5355277], [35.4517049, 54.5351556], [35.4496067, 54.5362449], [35.4466089, 54.5363346], [35.445674, 54.537032], [35.4458236, 54.5382161], [35.4448993, 54.5386969], [35.4442056, 54.53856], [35.4430834, 54.5372099], [35.4356837, 54.5352643], [35.4196729, 54.5363755], [35.4197736, 54.5350762], [35.4184209, 54.5353714], [35.4141864, 54.5302697], [35.4149618, 54.5300103], [35.4143749, 54.5292863], [35.4166272, 54.5286691], [35.4133797, 54.5247406], [35.4126613, 54.5246056], [35.4110595, 54.5253218], [35.4069639, 54.525635], [35.4013431, 54.5250262], [35.4004083, 54.5257786], [35.4004919, 54.5263479], [35.3987037, 54.527008], [35.3958702, 54.5294865], [35.3930357, 54.5297706], [35.3910291, 54.5309892], [35.3885908, 54.5315003], [35.3840267, 54.5314954], [35.3744643, 54.5298083], [35.3680397, 54.5317913], [35.3610655, 54.535035], [35.3591037, 54.5364282], [35.349632, 54.5386528], [35.348928, 54.5330773], [35.3328067, 54.5333517], [35.3327224, 54.5307458], [35.337539, 54.5303022], [35.3377704, 54.5297498], [35.3397574, 54.5290536], [35.3423438, 54.5272161], [35.3365051, 54.5214687], [35.3389047, 54.5191511], [35.3387725, 54.518429], [35.3337686, 54.5168725], [35.332577, 54.5147899], [35.3272577, 54.5143219], [35.3208538, 54.5153168], [35.3150059, 54.5192107], [35.3105379, 54.5198548], [35.3078201, 54.5182149], [35.3055008, 54.5175251], [35.3047843, 54.5180116], [35.3026511, 54.5170555], [35.2988667, 54.5198582], [35.2931717, 54.5219661], [35.2918932, 54.5237068], [35.2894801, 54.5237377], [35.2862584, 54.5234796], [35.2864939, 54.5088291], [35.2164199, 54.5100124], [35.2131265, 54.5094294], [35.2168462, 54.5086861], [35.218566, 54.5057385], [35.2179769, 54.5045393], [35.2102926, 54.4948818], [35.2044604, 54.4922027], [35.2025751, 54.489654], [35.2018034, 54.4871587], [35.2030129, 54.4841339], [35.2106177, 54.4745493], [35.209358, 54.4730519], [35.2065556, 54.4717591], [35.2070392, 54.4696205], [35.2051155, 54.467433], [35.2030544, 54.4615163], [35.204075, 54.4600152], [35.2096903, 54.4562393], [35.2098081, 54.4553453], [35.2122112, 54.4542188], [35.2124019, 54.4521502], [35.2116359, 54.4497431], [35.2173868, 54.4491172], [35.2291653, 54.4522905], [35.2282855, 54.4454881], [35.2221078, 54.4435743], [35.2215971, 54.4444723], [35.2174884, 54.4441973], [35.213621, 54.4395049], [35.2051258, 54.4408293], [35.2041737, 54.439067], [35.2041879, 54.4375995], [35.2033365, 54.4373623], [35.2036348, 54.4369401], [35.2022153, 54.4368203], [35.2023156, 54.4361406], [35.2014628, 54.4353099], [35.1992462, 54.4341364], [35.2003924, 54.4336539], [35.2001158, 54.4329361], [35.1986105, 54.4328145], [35.1986082, 54.4323432], [35.1972991, 54.4317248], [35.1974135, 54.4310329], [35.1968221, 54.4307251], [35.1964403, 54.4295955], [35.1965868, 54.428877], [35.1956818, 54.4282062], [35.1927662, 54.4275112], [35.1887161, 54.4249158], [35.1879, 54.4236153], [35.187911, 54.4220881], [35.1868453, 54.421302], [35.1867882, 54.4201306], [35.1875922, 54.4188833], [35.1867885, 54.4185097], [35.1875556, 54.418104], [35.1852797, 54.4153622], [35.1856474, 54.413341], [35.1866132, 54.4124808], [35.1823399, 54.4110664], [35.1794188, 54.4110153], [35.1771464, 54.410262], [35.1721523, 54.409594], [35.164956, 54.4104647], [35.1692769, 54.4057334], [35.1768589, 54.4040868], [35.1753511, 54.4022033], [35.1541548, 54.4028276], [35.1529445, 54.4036078], [35.1509712, 54.4038687], [35.1479428, 54.4016794], [35.1449723, 54.4032203], [35.1446461, 54.4039668], [35.1456181, 54.4048303], [35.1433635, 54.406275], [35.1252426, 54.4025408], [35.1187268, 54.4007629], [35.0655136, 54.4225093], [35.0643717, 54.4216892], [35.0594003, 54.4237732], [35.0524533, 54.422873], [35.0489052, 54.4198476], [35.0476379, 54.4197258], [35.0484998, 54.4164932], [35.0481748, 54.414465], [35.0492543, 54.4131008], [35.0491759, 54.4126116], [35.0480859, 54.4122302], [35.0479292, 54.4115751], [35.0488126, 54.4102193], [35.0489836, 54.4086015], [35.0467561, 54.4092917], [35.0449797, 54.4078072], [35.0373583, 54.4071219], [35.0308935, 54.4089228], [35.0231177, 54.4087794], [35.0196708, 54.406672], [35.0163799, 54.405369], [34.998617, 54.4070767], [34.9936984, 54.4057122], [34.9912314, 54.4055962], [34.9939895, 54.3998791], [34.9896225, 54.4000129], [34.9870636, 54.3974171], [34.9795779, 54.3991755], [34.9783909, 54.3998255], [34.9787127, 54.4014489], [34.9780692, 54.401663], [34.9756635, 54.4006283], [34.9697642, 54.4013419], [34.9693965, 54.404089], [34.9684158, 54.4065862], [34.9670825, 54.4073861], [34.9668707, 54.4097965], [34.969136, 54.4101177], [34.967433, 54.411655], [34.9672264, 54.4137855], [34.9656145, 54.4155995], [34.9647102, 54.415737], [34.9635873, 54.4138782], [34.9568031, 54.4106194], [34.9568458, 54.4090155], [34.9504209, 54.4054135], [34.9455677, 54.4047347], [34.9420735, 54.4017056], [34.936779, 54.3994485], [34.935653, 54.3971205], [34.9256277, 54.3987329], [34.9242802, 54.3993816], [34.9223401, 54.4018185], [34.9203224, 54.4031326], [34.9172444, 54.4038265], [34.9167291, 54.4032064], [34.9168108, 54.39818], [34.9136514, 54.3981797], [34.9123016, 54.4007793], [34.9099, 54.4013695], [34.9055053, 54.4011844], [34.9035598, 54.401564], [34.8988117, 54.4045982], [34.8953978, 54.4051039], [34.8896458, 54.4048276], [34.8889077, 54.404211], [34.886633, 54.4036678], [34.8829214, 54.4051897], [34.8786236, 54.4029189], [34.8776607, 54.4010188], [34.8704174, 54.395879], [34.8752333, 54.393364], [34.8724386, 54.3905229], [34.8733275, 54.3890809], [34.8774237, 54.3855039], [34.8810457, 54.3847365], [34.8810181, 54.3828745], [34.8743162, 54.382454], [34.8623648, 54.3850489], [34.8569338, 54.3838569], [34.856895, 54.3829939], [34.8557328, 54.3817633]]]}}, {"type": "Feature", "properties": {"rda_code": "KG-27", "rda_name": "ULYANOVSKY AREA", "osm_name": "Ульяновский муниципальный округ", "match_score": 1.0, "match_reason": "alias:ulyanovskii"}, "geometry": {"type": "Polygon", "coordinates": [[[35.1597296, 53.7194649], [35.1587269, 53.7174364], [35.1594135, 53.7161497], [35.1607486, 53.7151564], [35.1597568, 53.7140051], [35.1609965, 53.7121088], [35.1622935, 53.7114315], [35.1655931, 53.7112847], [35.1667756, 53.7097043], [35.1628466, 53.7050531], [35.1646013, 53.7021289], [35.1639147, 53.6991933], [35.1632662, 53.6984819], [35.1649446, 53.6930954], [35.1682251, 53.6914127], [35.16977, 53.6911416], [35.1733747, 53.6879454], [35.1745954, 53.6859123], [35.1740995, 53.6828174], [35.1744428, 53.6811229], [35.1764645, 53.6788071], [35.182091, 53.6779711], [35.1854668, 53.6769205], [35.1870689, 53.6754292], [35.191532, 53.6727967], [35.1972156, 53.6709098], [35.1993899, 53.668955], [35.2012018, 53.6654859], [35.2055886, 53.6618921], [35.2133321, 53.6595414], [35.2143811, 53.658818], [35.2182528, 53.6582529], [35.2227612, 53.656075], [35.2278957, 53.6561209], [35.2294062, 53.6557053], [35.2316872, 53.6562558], [35.2466402, 53.6550351], [35.2478609, 53.6530908], [35.2549559, 53.6513274], [35.2592269, 53.6491511], [35.2595506, 53.6463372], [35.2580401, 53.6429155], [35.2555586, 53.6417642], [35.2552889, 53.6401651], [35.2582559, 53.6371587], [35.266141, 53.638526], [35.2692308, 53.6369428], [35.27953, 53.6394984], [35.2831539, 53.6365584], [35.2856137, 53.6354139], [35.2902293, 53.6366126], [35.2906489, 53.6369858], [35.2904772, 53.6381731], [35.289886, 53.6388177], [35.2921747, 53.6392926], [35.2915453, 53.6405138], [35.2927278, 53.6409322], [35.2926297, 53.6412491], [35.29618, 53.6415088], [35.2994796, 53.6423682], [35.2994826, 53.6432884], [35.3046074, 53.6450793], [35.3052008, 53.6455429], [35.305039, 53.6473177], [35.3029421, 53.6486363], [35.3086257, 53.6508294], [35.3096629, 53.649967], [35.3101897, 53.648772], [35.3096438, 53.6483504], [35.3078056, 53.6484407], [35.3066422, 53.6470049], [35.3070618, 53.6463492], [35.3093314, 53.6459987], [35.3106284, 53.6474006], [35.3139279, 53.6469823], [35.3151867, 53.6438393], [35.3185078, 53.645829], [35.320153, 53.6456595], [35.3198607, 53.6447617], [35.3203859, 53.643887], [35.3184595, 53.6411546], [35.3193515, 53.6389131], [35.3220776, 53.6395757], [35.3249716, 53.637606], [35.3254031, 53.6370942], [35.3247558, 53.6357828], [35.3272143, 53.6331155], [35.3284922, 53.6301807], [35.3307523, 53.6273814], [35.3306283, 53.6245196], [35.3292837, 53.6245479], [35.3279486, 53.6258374], [35.3274145, 53.625023], [35.3283873, 53.6229812], [35.3310288, 53.6227607], [35.3320015, 53.6211091], [35.3311147, 53.6210355], [35.331601, 53.6203172], [35.3313245, 53.6198421], [35.3299989, 53.6193443], [35.328845, 53.6195196], [35.3277102, 53.6183657], [35.3318299, 53.6188861], [35.3325737, 53.6184166], [35.329894, 53.6176869], [35.3317536, 53.617421], [35.3323258, 53.6167366], [35.3319443, 53.6162557], [35.3267772, 53.6158751], [35.327173, 53.6153943], [35.3299004, 53.6156206], [35.3302341, 53.6151652], [35.329165, 53.613486], [35.3247861, 53.6120445], [35.3231492, 53.6084986], [35.3197712, 53.6051377], [35.3225745, 53.6036406], [35.323981, 53.6041703], [35.3248464, 53.6033295], [35.3257877, 53.6038444], [35.326642, 53.6036806], [35.3267391, 53.6033044], [35.3258374, 53.6031465], [35.3252913, 53.6024418], [35.3254012, 53.6020481], [35.3270279, 53.6014467], [35.3293496, 53.6019433], [35.3307524, 53.6016328], [35.3311497, 53.6014116], [35.3311073, 53.6004681], [35.3336648, 53.6009346], [35.3337727, 53.6018869], [35.3354181, 53.6022071], [35.3355349, 53.5987494], [35.334064, 53.5981908], [35.3359177, 53.5977032], [35.3355311, 53.5966369], [35.3371199, 53.5949191], [35.3391582, 53.5894565], [35.3387967, 53.5884552], [35.3393332, 53.5864209], [35.3380349, 53.5865537], [35.3374082, 53.5856225], [35.3406915, 53.5841131], [35.3408131, 53.5834467], [35.339746, 53.582901], [35.3408839, 53.5818766], [35.3401715, 53.5812711], [35.3398986, 53.5814936], [35.3404014, 53.5817299], [35.3381896, 53.581116], [35.3390395, 53.581066], [35.337728, 53.5751531], [35.3356417, 53.5735023], [35.3370505, 53.5723044], [35.3340622, 53.5697483], [35.3305449, 53.5682241], [35.3244121, 53.5634859], [35.3224877, 53.5628129], [35.3209768, 53.5585126], [35.3199838, 53.557078], [35.3178501, 53.5563676], [35.3301759, 53.5561427], [35.3331616, 53.5612829], [35.3385407, 53.5610697], [35.3370821, 53.5580915], [35.3372725, 53.5533479], [35.3351786, 53.5511125], [35.33512, 53.54998], [35.3367872, 53.5444389], [35.3414785, 53.5375633], [35.3473769, 53.5368141], [35.3539664, 53.5370077], [35.3577881, 53.5365238], [35.3597586, 53.5369569], [35.4336576, 53.576965], [35.4281643, 53.5801171], [35.4313026, 53.5838771], [35.4365378, 53.5882047], [35.4499491, 53.5900594], [35.4502894, 53.5894555], [35.4647072, 53.5887761], [35.4765051, 53.5910812], [35.4758126, 53.5878507], [35.4723792, 53.5841985], [35.4734899, 53.5820048], [35.4912175, 53.5798111], [35.4860456, 53.574915], [35.4815649, 53.5726201], [35.4770427, 53.5688451], [35.4724072, 53.5706837], [35.4643424, 53.5721236], [35.459282, 53.5693474], [35.4573884, 53.5690519], [35.4565483, 53.5679147], [35.4546555, 53.5666763], [35.4535913, 53.5655455], [35.453281, 53.5625599], [35.45614, 53.5585578], [35.459553, 53.5560525], [35.4609181, 53.5530899], [35.4617196, 53.5524504], [35.4510545, 53.547098], [35.4490684, 53.5466429], [35.4446629, 53.5433488], [35.4441631, 53.5376056], [35.4454474, 53.5344676], [35.4484455, 53.5332418], [35.4586736, 53.5389777], [35.4617971, 53.5390293], [35.4784779, 53.5300648], [35.5107402, 53.5235441], [35.5124123, 53.5259454], [35.5107654, 53.5289613], [35.5106337, 53.533138], [35.5085423, 53.5382216], [35.5026599, 53.5401449], [35.48152, 53.5449368], [35.4892224, 53.5562384], [35.4999904, 53.5562131], [35.4998559, 53.5527368], [35.5108807, 53.5521881], [35.5156456, 53.5520519], [35.5276051, 53.5562733], [35.548686, 53.5544086], [35.5490355, 53.5529496], [35.5454714, 53.5505288], [35.5456448, 53.5483543], [35.5463029, 53.5471684], [35.5442795, 53.5459476], [35.5459682, 53.5439017], [35.5532656, 53.543051], [35.5514104, 53.5426453], [35.5515728, 53.5397858], [35.5534193, 53.5399691], [35.5555047, 53.5360742], [35.5554731, 53.5350481], [35.5572565, 53.5349548], [35.555454, 53.5301832], [35.5511242, 53.5231901], [35.5456799, 53.5222292], [35.533991, 53.5211535], [35.5339267, 53.5195322], [35.5382495, 53.5161921], [35.5377227, 53.5148411], [35.5356501, 53.5141167], [35.5378944, 53.5122768], [35.5402789, 53.5118665], [35.5526559, 53.5129379], [35.5630459, 53.5169262], [35.5758047, 53.5172883], [35.5858562, 53.5123237], [35.5924521, 53.5148362], [35.5961058, 53.5188698], [35.5980193, 53.519562], [35.6018481, 53.5195491], [35.608308, 53.5205847], [35.6100609, 53.5226098], [35.6122095, 53.5224632], [35.6128613, 53.5232578], [35.6232682, 53.5238573], [35.622995, 53.5254008], [35.6244337, 53.5256325], [35.6254536, 53.5285641], [35.6186079, 53.5282312], [35.6189587, 53.5267383], [35.6116128, 53.5262197], [35.613009, 53.5294725], [35.6124716, 53.5307395], [35.6140411, 53.5324207], [35.6121332, 53.5330232], [35.6117767, 53.5335656], [35.6126417, 53.5350004], [35.6155709, 53.5345011], [35.6234077, 53.5349052], [35.6237613, 53.5358538], [35.6234433, 53.536327], [35.6260326, 53.5383094], [35.6139816, 53.5372941], [35.6121382, 53.5380534], [35.612016, 53.5385849], [35.6265009, 53.5395757], [35.6279542, 53.5409099], [35.6296666, 53.5415863], [35.6587077, 53.5439776], [35.6851231, 53.5454137], [35.7001184, 53.5301252], [35.6927039, 53.5240752], [35.6905012, 53.5248693], [35.6840636, 53.5193354], [35.6877158, 53.5190143], [35.6984168, 53.5208478], [35.7039308, 53.5262886], [35.7112243, 53.5187806], [35.7138585, 53.5194117], [35.7144647, 53.5202623], [35.7174394, 53.5213752], [35.7238666, 53.522402], [35.7298213, 53.5206934], [35.7333373, 53.5204418], [35.7382541, 53.52125], [35.7433498, 53.5204411], [35.7487018, 53.5208912], [35.7498273, 53.5217262], [35.7534059, 53.5223281], [35.7550126, 53.5220011], [35.7582811, 53.5203296], [35.7582933, 53.5198767], [35.7630386, 53.5156274], [35.7720571, 53.5059516], [35.7830008, 53.512385], [35.7837963, 53.5144567], [35.7830238, 53.5158594], [35.7838077, 53.517569], [35.7882133, 53.5190971], [35.7900067, 53.5204636], [35.7908382, 53.522024], [35.7927859, 53.522816], [35.7949638, 53.5247601], [35.7942531, 53.5281623], [35.795854, 53.532625], [35.7943946, 53.5399023], [35.7985174, 53.5417892], [35.8043082, 53.5461593], [35.8091748, 53.550662], [35.8095768, 53.5533052], [35.8128408, 53.5574313], [35.8091284, 53.5642781], [35.813108, 53.5657929], [35.8151101, 53.5678278], [35.815233, 53.5694475], [35.816375, 53.5705913], [35.823591, 53.5734397], [35.8247055, 53.5821275], [35.8245523, 53.5829761], [35.8234482, 53.5834949], [35.8225181, 53.5876468], [35.8272941, 53.5892811], [35.8286576, 53.5903706], [35.8326808, 53.5911155], [35.8354375, 53.5895484], [35.8458992, 53.5893116], [35.8528455, 53.5906542], [35.8616616, 53.5933222], [35.8654574, 53.5955464], [35.8753312, 53.5962657], [35.8741406, 53.5981887], [35.8748772, 53.5986284], [35.8761814, 53.6008112], [35.8761459, 53.6023611], [35.878094, 53.6066801], [35.878003, 53.6072896], [35.880319, 53.6095408], [35.8848977, 53.6109028], [35.8853413, 53.6114747], [35.8847078, 53.6115927], [35.8878634, 53.6132532], [35.8882821, 53.6143767], [35.8906384, 53.6160032], [35.891262, 53.6206633], [35.8957595, 53.6254711], [35.8982263, 53.6291886], [35.9031467, 53.6314994], [35.9060492, 53.6322663], [35.9057384, 53.6336934], [35.9077235, 53.636576], [35.9091121, 53.6406502], [35.9106841, 53.640947], [35.9264013, 53.6395258], [35.9278267, 53.6403768], [35.9284894, 53.641407], [35.9280725, 53.642138], [35.9309007, 53.6439792], [35.9309705, 53.6458138], [35.9306217, 53.6469407], [35.9276253, 53.6494449], [35.9271003, 53.6506525], [35.9259751, 53.6510748], [35.9253042, 53.6523937], [35.9317218, 53.6514739], [35.9323417, 53.6517805], [35.9423301, 53.6510779], [35.945775, 53.6497885], [35.9514905, 53.6489812], [35.9544766, 53.6471326], [35.9503444, 53.642552], [35.9495007, 53.6403781], [35.9493936, 53.6385442], [35.950186, 53.6376704], [35.9502446, 53.636841], [35.9544009, 53.6365938], [35.9585352, 53.6324889], [35.9615488, 53.628214], [35.9606372, 53.6251555], [35.9835534, 53.6254336], [35.9911887, 53.6262728], [35.9930734, 53.6307494], [35.9959341, 53.6314545], [35.9963255, 53.6329752], [35.9959338, 53.639872], [35.992539, 53.64142], [35.999314, 53.6476007], [36.0032683, 53.6597629], [36.0071631, 53.662289], [36.0114519, 53.6633369], [36.0149422, 53.6662274], [36.027956, 53.6730864], [36.0337068, 53.6749813], [36.0488946, 53.6796555], [36.0740036, 53.6818608], [36.0723851, 53.6931244], [36.0774179, 53.6965051], [36.0790387, 53.6982154], [36.0864931, 53.6980396], [36.0876502, 53.7028853], [36.0798834, 53.7026831], [36.0787895, 53.7012975], [36.0790916, 53.6982936], [36.0707432, 53.6995018], [36.0675152, 53.7023362], [36.066608, 53.7053201], [36.0627267, 53.7068631], [36.0581255, 53.7096333], [36.053901, 53.7152968], [36.0524225, 53.7157624], [36.0509732, 53.7158382], [36.0502975, 53.7150483], [36.0489163, 53.7151547], [36.0485721, 53.7143104], [36.0470413, 53.7142246], [36.0471661, 53.7132052], [36.0434831, 53.7113503], [36.0427012, 53.7106401], [36.0428681, 53.7100134], [36.0410096, 53.7095097], [36.0365, 53.7102686], [36.0329328, 53.7116806], [36.0304254, 53.7120429], [36.0310407, 53.7143051], [36.0309312, 53.7164365], [36.0295791, 53.7184217], [36.0381266, 53.7227683], [36.0312873, 53.7248413], [36.0287517, 53.7261622], [36.0246555, 53.7258672], [36.0201391, 53.7264779], [36.0173228, 53.7263044], [36.0180258, 53.7220964], [36.0095769, 53.7249306], [36.0043273, 53.7237429], [35.9996864, 53.7209988], [35.9926584, 53.7230401], [35.9877567, 53.7238442], [35.9835324, 53.7228247], [35.9839601, 53.7208578], [35.9833428, 53.7208185], [35.9780502, 53.7235244], [35.9745751, 53.7237845], [35.9724605, 53.7207504], [35.9700964, 53.7204185], [35.9665525, 53.717527], [35.9632492, 53.7158676], [35.9584907, 53.7184726], [35.9574068, 53.7195611], [35.9587673, 53.7218885], [35.9576707, 53.7245943], [35.9579335, 53.7280309], [35.9570395, 53.7299807], [35.9553625, 53.7314797], [35.9544009, 53.7332397], [35.9546408, 53.7354751], [35.9556882, 53.7372614], [35.955016, 53.7389998], [35.954912, 53.7417222], [35.9571323, 53.7441249], [35.9540218, 53.7472152], [35.9545743, 53.7489284], [35.9566975, 53.7485935], [35.9590436, 53.7494556], [35.9584488, 53.7501472], [35.9584212, 53.7518626], [35.9488623, 53.7510743], [35.9334505, 53.7527847], [35.9348727, 53.7588325], [35.9312285, 53.7592841], [35.9284114, 53.7610008], [35.9234589, 53.7628549], [35.9220568, 53.7644497], [35.9222185, 53.7652329], [35.9206066, 53.7664092], [35.9213246, 53.7695334], [35.9210946, 53.7705057], [35.9190833, 53.7724473], [35.9188309, 53.7742141], [35.9181389, 53.7748991], [35.9187556, 53.7752984], [35.9185789, 53.7760452], [35.9173935, 53.7769185], [35.9165951, 53.7783241], [35.9161159, 53.7811091], [35.9256381, 53.7915477], [35.922933, 53.798756], [35.9179919, 53.8030581], [35.9154604, 53.8144647], [35.911362, 53.8137355], [35.9079431, 53.8145255], [35.9062381, 53.8142792], [35.904486, 53.8146574], [35.9035888, 53.8134735], [35.8989627, 53.8104758], [35.8967813, 53.8105335], [35.8930457, 53.8096682], [35.8812064, 53.8105918], [35.8710837, 53.8129651], [35.8565081, 53.8114935], [35.8539433, 53.8123966], [35.8453032, 53.8137313], [35.8366433, 53.8137522], [35.8332312, 53.8142126], [35.8306866, 53.8125066], [35.8308287, 53.8121795], [35.8290025, 53.8105869], [35.8247635, 53.8042571], [35.8183963, 53.8040817], [35.8115306, 53.8048002], [35.8101331, 53.8055026], [35.8083476, 53.8056805], [35.8051969, 53.8075779], [35.8008864, 53.8028533], [35.8028006, 53.8009246], [35.8028514, 53.7980813], [35.8056828, 53.7950503], [35.8027737, 53.7901364], [35.8052648, 53.7880889], [35.8069436, 53.7845055], [35.7999035, 53.7811458], [35.7990911, 53.7824257], [35.800445, 53.7854014], [35.7660721, 53.7976013], [35.7663278, 53.7993014], [35.7659138, 53.8004703], [35.7667724, 53.8044656], [35.7629551, 53.8077253], [35.7463852, 53.8142748], [35.7441853, 53.8164672], [35.7413936, 53.8172801], [35.7342465, 53.8153048], [35.7287144, 53.8186742], [35.7271763, 53.8202038], [35.7194077, 53.8247233], [35.7058975, 53.8305882], [35.7056415, 53.8316277], [35.706915, 53.8356539], [35.7071248, 53.8406556], [35.7087817, 53.8431608], [35.7087368, 53.8459983], [35.7005234, 53.8464007], [35.7024968, 53.8516758], [35.7007016, 53.8507192], [35.6994127, 53.852722], [35.6973172, 53.8523845], [35.6951148, 53.8533628], [35.6942937, 53.8529972], [35.6901576, 53.855156], [35.6807419, 53.8582761], [35.6789741, 53.8599108], [35.6769194, 53.8604705], [35.6719093, 53.8636255], [35.6710561, 53.8649384], [35.6699019, 53.8656566], [35.6674514, 53.8662054], [35.665295, 53.8661489], [35.665453, 53.8653416], [35.6646901, 53.8635501], [35.6638169, 53.8631382], [35.6633622, 53.8620643], [35.6643835, 53.8609897], [35.6638232, 53.8595165], [35.652463, 53.8598144], [35.6441344, 53.8577501], [35.6401221, 53.8572363], [35.6385634, 53.8581448], [35.6365697, 53.8579144], [35.6351303, 53.8589238], [35.6356041, 53.8628425], [35.6373576, 53.8646597], [35.6360539, 53.8673087], [35.6316268, 53.8683364], [35.6297522, 53.8723404], [35.6347867, 53.8747883], [35.6351151, 53.8755399], [35.6333239, 53.877862], [35.6340806, 53.8785993], [35.6358688, 53.8784984], [35.6367077, 53.8792388], [35.6345324, 53.8801764], [35.6307478, 53.8800096], [35.6299934, 53.880693], [35.6302465, 53.8814326], [35.631651, 53.8823211], [35.6357265, 53.8826298], [35.6365999, 53.8842541], [35.6337788, 53.8845057], [35.6280472, 53.8873971], [35.6210876, 53.8871481], [35.6176843, 53.8856957], [35.6153083, 53.8857339], [35.6147749, 53.8862762], [35.61471, 53.8874091], [35.6131563, 53.8882639], [35.6090751, 53.8893405], [35.6067249, 53.8912407], [35.6049057, 53.8912692], [35.6008946, 53.8901864], [35.5989487, 53.8904188], [35.5955802, 53.8915581], [35.5828461, 53.8976467], [35.5808483, 53.8981311], [35.5783661, 53.8981315], [35.5781395, 53.8960074], [35.5759979, 53.8951795], [35.5733623, 53.895103], [35.5698372, 53.8958172], [35.5682385, 53.8980226], [35.5667967, 53.8986244], [35.5696059, 53.9011857], [35.569625, 53.9018131], [35.5683249, 53.9028167], [35.5669533, 53.903036], [35.5651675, 53.9029046], [35.5640031, 53.901923], [35.5625692, 53.8980879], [35.5543274, 53.8958265], [35.5493021, 53.896135], [35.5482055, 53.8952478], [35.5477979, 53.8936704], [35.5469758, 53.8932148], [35.544379, 53.8932994], [35.5409531, 53.8957488], [35.5381792, 53.8955754], [35.5363078, 53.8944919], [35.5339539, 53.8940368], [35.533466, 53.893598], [35.5336874, 53.8932752], [35.5264936, 53.8906881], [35.5232735, 53.8886992], [35.522652, 53.8871817], [35.5210062, 53.8867066], [35.5210222, 53.8860841], [35.5198201, 53.8856559], [35.5171434, 53.886192], [35.5125943, 53.8850126], [35.5026726, 53.8850033], [35.4951706, 53.8891111], [35.489067, 53.888894], [35.4872576, 53.8900132], [35.4896606, 53.895155], [35.4912584, 53.8955641], [35.4928551, 53.8976752], [35.4984663, 53.8955796], [35.5053479, 53.8945775], [35.5069125, 53.8966844], [35.5066684, 53.8984383], [35.5075982, 53.9011], [35.5076155, 53.9025717], [35.5081018, 53.9029347], [35.5001933, 53.9040042], [35.4935782, 53.9041173], [35.4915996, 53.9047838], [35.4881104, 53.9027172], [35.488124, 53.9022013], [35.4868724, 53.9014016], [35.4856812, 53.9012019], [35.4854388, 53.9005647], [35.4838533, 53.899985], [35.4835466, 53.8993357], [35.4826608, 53.8990049], [35.4821748, 53.8978527], [35.480102, 53.8971467], [35.4796941, 53.8963074], [35.4785879, 53.8961084], [35.4788453, 53.8957583], [35.4777996, 53.8944516], [35.4783636, 53.8940732], [35.4771453, 53.8934852], [35.4771086, 53.8921478], [35.4759231, 53.8922755], [35.4759725, 53.891631], [35.4772142, 53.8907287], [35.4790995, 53.8875348], [35.4804998, 53.8868605], [35.4809817, 53.885274], [35.4821519, 53.8851471], [35.4815265, 53.8845382], [35.4834303, 53.8836253], [35.4835261, 53.882803], [35.4845566, 53.8821706], [35.4845772, 53.8816758], [35.485256, 53.8815973], [35.4848112, 53.8812965], [35.4818359, 53.8807523], [35.4784624, 53.8812123], [35.4318662, 53.8751157], [35.4263618, 53.8757844], [35.422044, 53.8742491], [35.4212971, 53.8713952], [35.4190598, 53.8714967], [35.4167075, 53.8734223], [35.4151942, 53.8733608], [35.4140975, 53.8721642], [35.4134828, 53.8699079], [35.413711, 53.8684323], [35.4108816, 53.8692311], [35.411634, 53.8708941], [35.410974, 53.8711791], [35.4080291, 53.8699183], [35.4083182, 53.8697074], [35.4074867, 53.8687479], [35.4057136, 53.8680207], [35.4043819, 53.868995], [35.405846, 53.8696282], [35.4038229, 53.870142], [35.4027034, 53.8710234], [35.4036897, 53.8696778], [35.4044119, 53.866891], [35.4073093, 53.8638366], [35.3956096, 53.8625303], [35.3874362, 53.8667854], [35.3861442, 53.8706459], [35.3892375, 53.8733278], [35.3863876, 53.8743978], [35.3732259, 53.8744325], [35.3710302, 53.8733927], [35.3683631, 53.8730003], [35.3657647, 53.8762915], [35.3699373, 53.876096], [35.3708681, 53.8782568], [35.374737, 53.8775158], [35.3790862, 53.8808311], [35.3794428, 53.8817438], [35.3782163, 53.8829111], [35.3754165, 53.8833732], [35.3792669, 53.8865761], [35.3783099, 53.8876068], [35.3750908, 53.8880333], [35.371111, 53.8878105], [35.3702984, 53.8871426], [35.3709897, 53.8855746], [35.370637, 53.8844228], [35.3690459, 53.8836652], [35.3665174, 53.8834097], [35.3622378, 53.8838332], [35.3575249, 53.8872124], [35.355208, 53.8870814], [35.3509262, 53.883725], [35.3476961, 53.878704], [35.3461635, 53.8740803], [35.3423776, 53.8683138], [35.3412045, 53.8676703], [35.3405814, 53.8678588], [35.3399973, 53.8689102], [35.3383977, 53.8686923], [35.338349, 53.86814], [35.3397522, 53.8670969], [35.3399916, 53.866312], [35.3394803, 53.8645932], [35.3375874, 53.8630367], [35.3378158, 53.8606293], [35.3372772, 53.8591986], [35.3339292, 53.8579494], [35.3310802, 53.8584424], [35.3300377, 53.8554078], [35.3279316, 53.8537167], [35.3254215, 53.8534318], [35.3240949, 53.8519799], [35.3199612, 53.852252], [35.3156824, 53.851608], [35.3157705, 53.8507392], [35.318565, 53.8485016], [35.3186336, 53.8474547], [35.317104, 53.8446687], [35.313734, 53.8415969], [35.3127779, 53.83806], [35.311828, 53.8363234], [35.3122744, 53.8354798], [35.3111316, 53.8347791], [35.3120731, 53.8329445], [35.3118034, 53.8325307], [35.3099521, 53.8324762], [35.3058096, 53.8344052], [35.2906533, 53.8289714], [35.2898209, 53.8346052], [35.2815968, 53.8347103], [35.2797424, 53.833735], [35.2743616, 53.8329764], [35.272384, 53.8332829], [35.2596036, 53.8293838], [35.2588229, 53.8308154], [35.2601678, 53.8356113], [35.2585695, 53.8352783], [35.2564948, 53.8329952], [35.2514598, 53.8301467], [35.2508691, 53.8292827], [35.2513088, 53.8282364], [35.251024, 53.8276696], [35.2495096, 53.8274359], [35.2488461, 53.8267066], [35.2498042, 53.8259766], [35.2529375, 53.8270921], [35.2543955, 53.826913], [35.2551309, 53.8264025], [35.254933, 53.8258458], [35.2527322, 53.8247958], [35.2536337, 53.8240206], [35.2564861, 53.8234646], [35.2536781, 53.82027], [35.2550648, 53.819209], [35.2549394, 53.8183937], [35.2554772, 53.8174955], [35.2578971, 53.8167553], [35.2548853, 53.8132719], [35.2550324, 53.8128524], [35.2567259, 53.8124925], [35.2560101, 53.8109346], [35.2563825, 53.8095348], [35.2578943, 53.808374], [35.258717, 53.8070648], [35.2580221, 53.8067158], [35.2566881, 53.8077018], [35.25532, 53.8079217], [35.2548554, 53.8074626], [35.2583884, 53.8048971], [35.2592341, 53.8025804], [35.2590967, 53.8009362], [35.2622787, 53.7963708], [35.2575209, 53.7960112], [35.2594202, 53.7953404], [35.2581502, 53.7940418], [35.2586146, 53.7927497], [35.2572241, 53.7920298], [35.2533473, 53.7912381], [35.2538048, 53.7907344], [35.2550513, 53.7912939], [35.2558823, 53.7909162], [35.2561075, 53.7901768], [35.2556162, 53.7889431], [35.2563866, 53.7870488], [35.2587964, 53.7863466], [35.2590046, 53.7857025], [35.2542021, 53.7832336], [35.2520138, 53.7826412], [35.2494057, 53.7802583], [35.2485696, 53.7786556], [35.2489317, 53.7781048], [35.2521726, 53.778868], [35.2537317, 53.77863], [35.2527469, 53.7777031], [35.2534155, 53.7760216], [35.248797, 53.772897], [35.249501, 53.7722224], [35.252447, 53.7726535], [35.2522402, 53.7710504], [35.2507084, 53.7703544], [35.2510462, 53.7692586], [35.2506926, 53.7687776], [35.2478053, 53.7682936], [35.2472021, 53.7664169], [35.244617, 53.7665163], [35.243375, 53.7657276], [35.2436035, 53.7651385], [35.2454176, 53.7641387], [35.2438655, 53.7632404], [35.2436576, 53.7621257], [35.2458901, 53.7618949], [35.2464796, 53.761182], [35.2456232, 53.7605651], [35.245706, 53.7597145], [35.2418897, 53.7560583], [35.2418979, 53.7551804], [35.2410126, 53.7548177], [35.2403386, 53.7522126], [35.2443088, 53.749836], [35.244766, 53.7493258], [35.2441753, 53.7483616], [35.242674, 53.7468036], [35.2403639, 53.7461771], [35.2395845, 53.7453143], [35.2386435, 53.7455105], [35.2379522, 53.7445169], [35.2327203, 53.7420842], [35.2329739, 53.7416457], [35.2305095, 53.7404373], [35.2206015, 53.739782], [35.2171685, 53.7384717], [35.2116096, 53.7381883], [35.2043903, 53.7365601], [35.2029342, 53.7354538], [35.1993709, 53.7352004], [35.1894007, 53.7296218], [35.1851414, 53.7285674], [35.1815103, 53.7258712], [35.1738005, 53.7257545], [35.1644168, 53.7266444], [35.1625967, 53.7228576], [35.1597296, 53.7194649]]]}}, {"type": "Feature", "properties": {"rda_code": "KG-16", "rda_name": "KOZELSKY AREA / incl. KOZELSK, SOSENSKIY/", "osm_name": "Козельский муниципальный округ", "match_score": 1.0, "match_reason": "alias:козелскии"}, "geometry": {"type": "Polygon", "coordinates": [[[35.4882089, 53.9027721], [35.4915996, 53.9047838], [35.4935782, 53.9041173], [35.5001933, 53.9040042], [35.5081018, 53.9029347], [35.5076155, 53.9025717], [35.5075982, 53.9011], [35.5066684, 53.8984383], [35.5069125, 53.8966844], [35.5053479, 53.8945775], [35.4984663, 53.8955796], [35.4928551, 53.8976752], [35.4912584, 53.8955641], [35.4896606, 53.895155], [35.4872576, 53.8900132], [35.489067, 53.888894], [35.4951706, 53.8891111], [35.5026726, 53.8850033], [35.5125943, 53.8850126], [35.5171434, 53.886192], [35.5198201, 53.8856559], [35.5210222, 53.8860841], [35.5210062, 53.8867066], [35.522652, 53.8871817], [35.5232735, 53.8886992], [35.5264936, 53.8906881], [35.5336874, 53.8932752], [35.533466, 53.893598], [35.5339539, 53.8940368], [35.5363078, 53.8944919], [35.5381792, 53.8955754], [35.5409531, 53.8957488], [35.544379, 53.8932994], [35.5469758, 53.8932148], [35.5477979, 53.8936704], [35.5482055, 53.8952478], [35.5493021, 53.896135], [35.5543274, 53.8958265], [35.5625692, 53.8980879], [35.5640031, 53.901923], [35.5651675, 53.9029046], [35.5669533, 53.903036], [35.5683249, 53.9028167], [35.569625, 53.9018131], [35.5696059, 53.9011857], [35.5667967, 53.8986244], [35.5682385, 53.8980226], [35.5698372, 53.8958172], [35.5733623, 53.895103], [35.5759979, 53.8951795], [35.5781395, 53.8960074], [35.5783661, 53.8981315], [35.5808483, 53.8981311], [35.5828461, 53.8976467], [35.5955802, 53.8915581], [35.5989487, 53.8904188], [35.6008946, 53.8901864], [35.6049057, 53.8912692], [35.6067249, 53.8912407], [35.6090751, 53.8893405], [35.6131563, 53.8882639], [35.61471, 53.8874091], [35.6147749, 53.8862762], [35.6153083, 53.8857339], [35.6176843, 53.8856957], [35.6210876, 53.8871481], [35.6280472, 53.8873971], [35.6337788, 53.8845057], [35.6365999, 53.8842541], [35.6357265, 53.8826298], [35.631651, 53.8823211], [35.6302465, 53.8814326], [35.6299934, 53.880693], [35.6307478, 53.8800096], [35.6345324, 53.8801764], [35.6367077, 53.8792388], [35.6358688, 53.8784984], [35.6340806, 53.8785993], [35.6333239, 53.877862], [35.6351151, 53.8755399], [35.6347867, 53.8747883], [35.6297522, 53.8723404], [35.6316268, 53.8683364], [35.6360539, 53.8673087], [35.6373576, 53.8646597], [35.6356041, 53.8628425], [35.6351303, 53.8589238], [35.6365697, 53.8579144], [35.6385634, 53.8581448], [35.6401221, 53.8572363], [35.6441344, 53.8577501], [35.652463, 53.8598144], [35.6638232, 53.8595165], [35.6643835, 53.8609897], [35.6633622, 53.8620643], [35.6638169, 53.8631382], [35.6646901, 53.8635501], [35.665453, 53.8653416], [35.665295, 53.8661489], [35.6674514, 53.8662054], [35.6699019, 53.8656566], [35.6710561, 53.8649384], [35.6719093, 53.8636255], [35.6769194, 53.8604705], [35.6789741, 53.8599108], [35.6807419, 53.8582761], [35.6901576, 53.855156], [35.6942937, 53.8529972], [35.6951148, 53.8533628], [35.6973172, 53.8523845], [35.6994127, 53.852722], [35.7007016, 53.8507192], [35.7024968, 53.8516758], [35.7005234, 53.8464007], [35.7087368, 53.8459983], [35.7087817, 53.8431608], [35.7071248, 53.8406556], [35.706915, 53.8356539], [35.7056415, 53.8316277], [35.7058975, 53.8305882], [35.7194077, 53.8247233], [35.7271763, 53.8202038], [35.7287144, 53.8186742], [35.7342465, 53.8153048], [35.7413936, 53.8172801], [35.7441853, 53.8164672], [35.7463852, 53.8142748], [35.7629551, 53.8077253], [35.7667724, 53.8044656], [35.7659138, 53.8004703], [35.7663278, 53.7993014], [35.7660721, 53.7976013], [35.800445, 53.7854014], [35.7990911, 53.7824257], [35.7999035, 53.7811458], [35.8069436, 53.7845055], [35.8052648, 53.7880889], [35.8027737, 53.7901364], [35.8056828, 53.7950503], [35.8028514, 53.7980813], [35.8028006, 53.8009246], [35.8008864, 53.8028533], [35.8031806, 53.8056249], [35.8051969, 53.8075779], [35.8083476, 53.8056805], [35.8101331, 53.8055026], [35.8115306, 53.8048002], [35.8183963, 53.8040817], [35.8247635, 53.8042571], [35.8290025, 53.8105869], [35.8308287, 53.8121795], [35.8306866, 53.8125066], [35.8332312, 53.8142126], [35.8366433, 53.8137522], [35.8453032, 53.8137313], [35.8539433, 53.8123966], [35.8565081, 53.8114935], [35.8710837, 53.8129651], [35.8812064, 53.8105918], [35.8930457, 53.8096682], [35.8967813, 53.8105335], [35.8989627, 53.8104758], [35.9035888, 53.8134735], [35.904486, 53.8146574], [35.9062381, 53.8142792], [35.9079431, 53.8145255], [35.911362, 53.8137355], [35.9154604, 53.8144647], [35.9179919, 53.8030581], [35.922933, 53.798756], [35.9256381, 53.7915477], [35.9161159, 53.7811091], [35.9165951, 53.7783241], [35.9175325, 53.777077], [35.9284136, 53.7882518], [35.9314589, 53.7895407], [35.9333889, 53.7875109], [35.9345533, 53.7883578], [35.9361412, 53.7878285], [35.9412223, 53.7904751], [35.9453508, 53.7882521], [35.9492646, 53.7837108], [35.9533961, 53.7870878], [35.9698036, 53.7970387], [35.9731969, 53.800197], [35.9702269, 53.801273], [35.9696975, 53.8028609], [35.9675803, 53.802755], [35.964828, 53.8037077], [35.9614404, 53.8073068], [35.9656746, 53.8099533], [35.9684268, 53.8131291], [35.9728246, 53.8163851], [35.9695909, 53.8188455], [35.9651447, 53.8242442], [35.9569936, 53.8243499], [35.9381508, 53.8274195], [35.9298936, 53.8326064], [35.9255535, 53.8327122], [35.9254474, 53.8375817], [35.9186724, 53.8400163], [35.9006765, 53.8408629], [35.899512, 53.8432976], [35.900147, 53.846791], [35.8985554, 53.8501821], [35.9019221, 53.8481611], [35.9053051, 53.8552164], [35.9179583, 53.8516496], [35.9190227, 53.8536498], [35.9225123, 53.8527935], [35.9236977, 53.8529349], [35.9253637, 53.8548864], [35.9326892, 53.8541951], [35.9324831, 53.8531997], [35.9343949, 53.8527997], [35.9368907, 53.8514719], [35.9394553, 53.8514296], [35.9406008, 53.8506282], [35.9521457, 53.8520128], [35.9587007, 53.8506017], [35.9697575, 53.8525684], [35.971189, 53.853535], [35.9709065, 53.8542239], [35.9731103, 53.8556237], [35.9772731, 53.8567458], [35.9817184, 53.8624447], [36.0007616, 53.872674], [35.9990099, 53.8747507], [36.0008181, 53.8768272], [35.9994318, 53.8783292], [35.9974088, 53.8819571], [35.9952803, 53.8821791], [35.994395, 53.8831562], [35.9921536, 53.884333], [35.98865, 53.8841554], [35.9886124, 53.8850436], [35.9900062, 53.8865978], [35.9875199, 53.8902946], [35.9831876, 53.8919596], [35.9816242, 53.8943461], [35.9829239, 53.8973096], [35.9842612, 53.8980199], [35.9875387, 53.8975538], [35.9868041, 53.8990188], [35.9825557, 53.9013581], [35.982395, 53.9019989], [35.9836084, 53.9038395], [35.9851002, 53.9047183], [35.9846207, 53.9065308], [35.9835551, 53.9081472], [35.9850202, 53.9094966], [35.9890624, 53.9089699], [35.9924987, 53.9103507], [35.9926852, 53.912061], [35.9936974, 53.9130338], [35.9956366, 53.9138333], [36.0099413, 53.9163279], [36.0114863, 53.9185714], [36.0126318, 53.9184616], [36.0136174, 53.9198264], [36.0124453, 53.9209088], [36.0160681, 53.9222109], [36.022408, 53.9237011], [36.0260308, 53.9216461], [36.0275225, 53.9235913], [36.0290676, 53.9239834], [36.0331432, 53.9235128], [36.0355673, 53.9239834], [36.0343419, 53.9262579], [36.0343952, 53.9272303], [36.0323174, 53.9286576], [36.0337026, 53.9293164], [36.0322375, 53.9306966], [36.0240862, 53.9346173], [36.030506, 53.936013], [36.0360734, 53.9383338], [36.036276, 53.9418007], [36.0464383, 53.9429653], [36.0517311, 53.9443415], [36.0558595, 53.9463529], [36.0570238, 53.9495287], [36.0537421, 53.9503755], [36.0482376, 53.9482582], [36.046332, 53.9512222], [36.0479199, 53.9513281], [36.0471787, 53.95588], [36.0542711, 53.9569387], [36.0637806, 53.9566954], [36.0652803, 53.9573623], [36.0628456, 53.9579974], [36.0660212, 53.9612791], [36.0770303, 53.9621261], [36.0802649, 53.9606927], [36.0822175, 53.9604325], [36.0827468, 53.9595856], [36.0857109, 53.9582095], [36.0910038, 53.9574686], [36.0943912, 53.9592682], [36.0993665, 53.9578921], [36.1002135, 53.9559867], [36.1043419, 53.9561985], [36.1058239, 53.9567278], [36.1107994, 53.9538697], [36.1129169, 53.9463538], [36.1155634, 53.9446601], [36.1145049, 53.9431781], [36.1201155, 53.9385204], [36.1224442, 53.942596], [36.1319714, 53.9437606], [36.141287, 53.9403732], [36.140334, 53.947995], [36.1432979, 53.9497947], [36.1514489, 53.9518061], [36.1558948, 53.9537116], [36.1567739, 53.9562375], [36.1550478, 53.957099], [36.1531423, 53.959322], [36.1537774, 53.9606982], [36.1504958, 53.9609099], [36.1493312, 53.9624977], [36.1471082, 53.9631328], [36.1454144, 53.9644031], [36.1417094, 53.9647206], [36.135993, 53.9660967], [36.1341935, 53.9646146], [36.1283713, 53.9647733], [36.1261481, 53.9684783], [36.1264655, 53.9727127], [36.1245598, 53.9780056], [36.1274124, 53.9809205], [36.1238499, 53.9826701], [36.1203656, 53.9835679], [36.1161375, 53.9858469], [36.1054106, 53.9873431], [36.0934692, 53.9873392], [36.0933918, 53.9910623], [36.0969153, 53.9941694], [36.0973459, 53.9972762], [36.0955059, 53.9974603], [36.0979723, 54.0056751], [36.1237324, 54.0104605], [36.1211486, 54.0137501], [36.1192694, 54.0177066], [36.1196218, 54.0187876], [36.1219707, 54.0184656], [36.125033, 54.0190959], [36.1301001, 54.0222752], [36.1315486, 54.0221832], [36.1311571, 54.0254719], [36.127986, 54.0269897], [36.1311963, 54.0269667], [36.1343282, 54.0284384], [36.126929, 54.0335661], [36.1343673, 54.0378426], [36.1397699, 54.0373598], [36.1411401, 54.0380265], [36.1424712, 54.0399576], [36.1452508, 54.0423254], [36.1407878, 54.0449], [36.1387129, 54.0446931], [36.1360899, 54.0466239], [36.1383997, 54.0489224], [36.1410618, 54.0503474], [36.1432151, 54.0502555], [36.155547, 54.05476], [36.1724986, 54.0531513], [36.1804067, 54.0532892], [36.1842825, 54.0556333], [36.1902249, 54.0557341], [36.1919921, 54.056679], [36.1925821, 54.0578394], [36.1913293, 54.06039], [36.1896068, 54.0605738], [36.1882365, 54.0634459], [36.1947353, 54.0621592], [36.1966145, 54.0624809], [36.1963013, 54.0615848], [36.2009992, 54.0608725], [36.2042485, 54.0591032], [36.2142707, 54.0628026], [36.2150928, 54.0639054], [36.2113345, 54.0658354], [36.2190078, 54.0699706], [36.2132137, 54.0722908], [36.2080069, 54.0730029], [36.2171286, 54.0891483], [36.209886, 54.0896994], [36.2091813, 54.0930976], [36.1966251, 54.0923115], [36.1894893, 54.0903653], [36.1796237, 54.0902964], [36.1806025, 54.0978041], [36.1766571, 54.1026548], [36.1714024, 54.1019591], [36.1595402, 54.1026019], [36.1580917, 54.1009721], [36.1531981, 54.0997324], [36.1470908, 54.0993422], [36.1449069, 54.1001648], [36.1374073, 54.0969687], [36.1353852, 54.0919266], [36.1318618, 54.0896764], [36.1267724, 54.0896764], [36.1260677, 54.0908245], [36.1247367, 54.0911919], [36.1247367, 54.0921792], [36.1230924, 54.0925466], [36.1232696, 54.0942734], [36.1205014, 54.0962865], [36.1202245, 54.0979747], [36.1191172, 54.0986241], [36.1190065, 54.0997603], [36.1070407, 54.0979317], [36.1057742, 54.1019679], [36.1002931, 54.1020328], [36.1005145, 54.108882], [36.0988536, 54.1088495], [36.0945351, 54.1071617], [36.089861, 54.106566], [36.087393, 54.1049868], [36.073941, 54.106206], [36.0718353, 54.1068371], [36.0728873, 54.1086547], [36.0727765, 54.1106346], [36.0706173, 54.1112513], [36.0698975, 54.1136854], [36.0677383, 54.1162167], [36.0710602, 54.1184559], [36.1057742, 54.1188128], [36.1057188, 54.1161843], [36.1076013, 54.1157624], [36.1082656, 54.1137503], [36.1087363, 54.111657], [36.107795, 54.1098557], [36.1120305, 54.1079731], [36.120446, 54.1125333], [36.121664, 54.114659], [36.1275604, 54.1167197], [36.1289722, 54.1188128], [36.1280034, 54.123534], [36.1322388, 54.1258538], [36.1357268, 54.1262432], [36.1423153, 54.1258214], [36.1423706, 54.1278005], [36.1398792, 54.129163], [36.1411526, 54.1319367], [36.1435056, 54.1335262], [36.1302733, 54.1380511], [36.1314637, 54.1413918], [36.1317405, 54.1439214], [36.109982, 54.1437593], [36.096323, 54.1369741], [36.0861358, 54.1326599], [36.0730142, 54.1279884], [36.0711041, 54.1289779], [36.0667026, 54.1290914], [36.0665365, 54.1308108], [36.0690002, 54.1311677], [36.0694708, 54.1333735], [36.0736509, 54.1332924], [36.0778033, 54.1405351], [36.0831184, 54.1435837], [36.0886549, 54.1449133], [36.0819003, 54.1489992], [36.0816235, 54.1510096], [36.0802394, 54.1529875], [36.0747029, 54.1554516], [36.0654015, 54.1579155], [36.0611668, 54.1529767], [36.0548036, 54.1548912], [36.0608192, 54.1580255], [36.0569306, 54.1593419], [36.0529443, 54.1621622], [36.0464666, 54.1634264], [36.0433661, 54.1658251], [36.0352931, 54.1699335], [36.0296356, 54.170262], [36.0273522, 54.1717921], [36.0257106, 54.1720973], [36.0221946, 54.1743444], [36.0217737, 54.1755154], [36.0185434, 54.1778528], [36.0184765, 54.1785085], [36.0121037, 54.1763442], [36.0099259, 54.1733758], [36.0057527, 54.1722935], [36.004711, 54.1729288], [36.0021525, 54.1728828], [36.002138, 54.1721681], [35.9878291, 54.1642528], [35.9771216, 54.1691395], [35.9778137, 54.1677698], [35.9769988, 54.1670755], [35.9711598, 54.1673409], [35.9708427, 54.1648713], [35.9696205, 54.1642368], [35.9683194, 54.1646582], [35.9676965, 54.1643016], [35.9683748, 54.1632968], [35.9658833, 54.1610276], [35.9631151, 54.1623243], [35.9638902, 54.1630212], [35.9636369, 54.1637998], [35.9580732, 54.1642925], [35.9534438, 54.1639605], [35.9501524, 54.1728167], [35.9609028, 54.1807616], [35.9629339, 54.1805765], [35.9641791, 54.1812151], [35.9652618, 54.1828053], [35.9649438, 54.1849784], [35.9621863, 54.1875793], [35.9660174, 54.1893364], [35.9713533, 54.1898194], [35.9564956, 54.1968065], [35.9570665, 54.1978885], [35.948659, 54.1986571], [35.9444286, 54.2015575], [35.9314685, 54.2067586], [35.9417184, 54.2135136], [35.9449707, 54.2120854], [35.9483583, 54.2132772], [35.9509494, 54.2149029], [35.9572814, 54.2148701], [35.9613414, 54.2164097], [35.964447, 54.218794], [35.9550476, 54.2192144], [35.9452786, 54.2216407], [35.9403923, 54.2296631], [35.9485552, 54.2292721], [35.9471974, 54.2323088], [35.94726, 54.2337066], [35.9482697, 54.2347571], [35.9508295, 54.2359269], [35.9629231, 54.2389802], [35.9712232, 54.2380284], [35.9793199, 54.2360354], [35.9814897, 54.2385557], [35.9845839, 54.2397573], [35.9883209, 54.2427132], [35.9833362, 54.2441126], [35.9820543, 54.2440581], [35.9803635, 54.2452367], [35.9791292, 54.2446539], [35.978961, 54.2502078], [35.9767583, 54.2519132], [35.971852, 54.2507228], [35.9691508, 54.2483347], [35.9666993, 54.2507524], [35.9646508, 54.2556694], [35.9623516, 54.2576983], [35.9607347, 54.2584389], [35.9583384, 54.2591453], [35.9548342, 54.2587451], [35.9384423, 54.2609791], [35.9314099, 54.2624826], [35.923008, 54.2631393], [35.9269268, 54.2652636], [35.9269563, 54.2659435], [35.9310539, 54.2688231], [35.9285918, 54.2704412], [35.9244491, 54.2717614], [35.9291567, 54.2767063], [35.9301561, 54.2759886], [35.9321997, 54.2759972], [35.9328008, 54.2755017], [35.9366389, 54.2766347], [35.9382175, 54.2763296], [35.9392805, 54.2766231], [35.9396195, 54.277297], [35.9403294, 54.2770259], [35.9401454, 54.2763741], [35.940968, 54.2761704], [35.9453685, 54.2761715], [35.9462409, 54.2757323], [35.9471378, 54.2773581], [35.9495566, 54.2793912], [35.9499531, 54.2799936], [35.9496562, 54.2806279], [35.9471343, 54.2831935], [35.9436853, 54.2884178], [35.9431023, 54.2875703], [35.9415946, 54.2880733], [35.9286957, 54.2862352], [35.9277881, 54.2849844], [35.9217986, 54.2847032], [35.9172322, 54.2851781], [35.9118247, 54.2866448], [35.9011955, 54.2850989], [35.899684, 54.280885], [35.8927504, 54.2754664], [35.8914157, 54.2755986], [35.8892156, 54.2746884], [35.8862898, 54.2746248], [35.8808524, 54.2726833], [35.8802361, 54.2730843], [35.8766938, 54.2726041], [35.8725342, 54.2708558], [35.8604388, 54.2701641], [35.8549038, 54.2657656], [35.8500394, 54.2639462], [35.8487694, 54.2614223], [35.85054, 54.2574617], [35.8494658, 54.2564444], [35.8495478, 54.2534628], [35.8466407, 54.2531914], [35.8483121, 54.2508485], [35.8464802, 54.2511208], [35.8421144, 54.2467986], [35.8405129, 54.2459863], [35.841709, 54.2431052], [35.8317845, 54.2400756], [35.8304896, 54.2410528], [35.8279673, 54.2418541], [35.821112, 54.2432205], [35.8196374, 54.2459164], [35.8177607, 54.2470584], [35.8158346, 54.2475577], [35.8151263, 54.2487604], [35.8060942, 54.2478448], [35.8020643, 54.2447972], [35.7942184, 54.2468915], [35.7905229, 54.2439852], [35.7892731, 54.2407758], [35.7831261, 54.2364433], [35.7815049, 54.2367831], [35.7796647, 54.2382249], [35.7777299, 54.2390025], [35.7763245, 54.2391947], [35.7731455, 54.2382913], [35.7729683, 54.2334554], [35.7723738, 54.2321187], [35.7673473, 54.229226], [35.7665354, 54.2296422], [35.7636964, 54.2330803], [35.7595614, 54.2335006], [35.7593456, 54.2344673], [35.7527866, 54.2374035], [35.7424502, 54.2377681], [35.7422545, 54.2353914], [35.7335177, 54.2356613], [35.7323986, 54.233867], [35.7284082, 54.2322047], [35.7110702, 54.2333274], [35.7122211, 54.2343347], [35.7164985, 54.236305], [35.7161933, 54.2380036], [35.7191681, 54.2380269], [35.719524, 54.2394372], [35.7242091, 54.2427713], [35.7240431, 54.2434249], [35.7281374, 54.2447589], [35.72993, 54.2476507], [35.7271722, 54.2548284], [35.7133116, 54.2517424], [35.7030065, 54.2543094], [35.6954366, 54.2470669], [35.6901747, 54.248128], [35.6878909, 54.2492033], [35.6855785, 54.2512528], [35.6841429, 54.2519142], [35.6783704, 54.2523522], [35.677371, 54.2538755], [35.6762856, 54.2544658], [35.6743614, 54.25223], [35.6720862, 54.250821], [35.6704362, 54.2486882], [35.668493, 54.2485481], [35.6689624, 54.2476297], [35.6679562, 54.2473822], [35.6626273, 54.2426973], [35.6614029, 54.2423968], [35.6594884, 54.2401825], [35.6581151, 54.2402322], [35.6559965, 54.2413034], [35.6552148, 54.2418899], [35.6550413, 54.2430083], [35.6512068, 54.242793], [35.6472765, 54.2413899], [35.643061, 54.2414942], [35.6422374, 54.2411126], [35.6425593, 54.2362356], [35.6088563, 54.2279041], [35.605657, 54.2263944], [35.5896197, 54.2158142], [35.5848765, 54.2135139], [35.5777049, 54.2113488], [35.5718234, 54.208317], [35.5700484, 54.2097568], [35.5680897, 54.2084442], [35.5631712, 54.2035639], [35.5693184, 54.2009642], [35.5730551, 54.1987298], [35.5742412, 54.1975234], [35.5804592, 54.1946142], [35.5809435, 54.1929838], [35.5866355, 54.1941749], [35.5935605, 54.1947938], [35.5966156, 54.1935773], [35.6015049, 54.1949803], [35.6021146, 54.1911884], [35.6188653, 54.187774], [35.6157876, 54.1858845], [35.6087985, 54.1837436], [35.6041044, 54.1765724], [35.5977611, 54.1699209], [35.5812272, 54.1712105], [35.5786862, 54.1670937], [35.575349, 54.1666071], [35.5816554, 54.1512119], [35.5748855, 54.1469536], [35.579168, 54.1447825], [35.5762708, 54.141899], [35.5758881, 54.141343], [35.5761409, 54.1404825], [35.5747376, 54.1385826], [35.5729067, 54.1394823], [35.5640491, 54.141421], [35.5632044, 54.142607], [35.5685715, 54.1440619], [35.5672685, 54.1460714], [35.5658349, 54.1468025], [35.5598803, 54.1480694], [35.556519, 54.1477262], [35.5578987, 54.1459538], [35.5545081, 54.1429116], [35.5551238, 54.1397489], [35.5535304, 54.138043], [35.5570576, 54.1368862], [35.5500444, 54.122978], [35.5567051, 54.1204765], [35.566855, 54.1150096], [35.5744202, 54.1093109], [35.5799623, 54.1042595], [35.5804246, 54.1024932], [35.5833262, 54.1007589], [35.5843398, 54.0994538], [35.5896229, 54.0974198], [35.5941742, 54.0974102], [35.5942805, 54.0947742], [35.5951028, 54.0914888], [35.5935799, 54.0888024], [35.5919434, 54.0877924], [35.58952, 54.0883533], [35.5886126, 54.0846791], [35.5890438, 54.0816975], [35.594792, 54.0812169], [35.5996837, 54.0798724], [35.5972507, 54.0771644], [35.5977404, 54.0752436], [35.5971972, 54.0731943], [35.5990624, 54.0710401], [35.6015302, 54.070078], [35.6029085, 54.0688904], [35.6034296, 54.0675089], [35.6161532, 54.0673621], [35.6227575, 54.0666439], [35.6241039, 54.0643653], [35.6222736, 54.0604499], [35.6184448, 54.0588719], [35.6078107, 54.052299], [35.5978775, 54.0525531], [35.5950679, 54.0538139], [35.5777088, 54.0532829], [35.5537087, 54.0511743], [35.5431792, 54.0515115], [35.5366545, 54.0470213], [35.539375, 54.0449452], [35.5316108, 54.04014], [35.5321854, 54.0381207], [35.5319143, 54.0365028], [35.5315739, 54.035527], [35.5300538, 54.0347384], [35.5310264, 54.0336198], [35.532739, 54.0334606], [35.5372541, 54.0314558], [35.5380615, 54.0302474], [35.539966, 54.0288849], [35.55003, 54.0252306], [35.5606718, 54.0242805], [35.5593022, 54.0224928], [35.5595496, 54.0218563], [35.5573461, 54.0205809], [35.556098, 54.0206496], [35.5551122, 54.0214911], [35.5536752, 54.0210626], [35.5528622, 54.02021], [35.555701, 54.0181246], [35.5558192, 54.0166246], [35.5548517, 54.0161125], [35.5603757, 54.015912], [35.563478, 54.0148774], [35.5625678, 54.012728], [35.5699028, 54.0066456], [35.5657535, 54.004699], [35.5677882, 54.0035607], [35.5631512, 54.0019192], [35.5640086, 54.0002772], [35.5587418, 54.0006647], [35.5602103, 53.9931358], [35.5527357, 53.9914423], [35.5424157, 53.9866949], [35.5460611, 53.9839358], [35.5487086, 53.9828242], [35.5520492, 53.9828773], [35.5546069, 53.9839698], [35.5563027, 53.9840189], [35.5607585, 53.9808958], [35.5659252, 53.9783332], [35.5663448, 53.9761796], [35.5623917, 53.9740056], [35.5623825, 53.9720738], [35.5615533, 53.9701709], [35.5595393, 53.970528], [35.5579273, 53.9702476], [35.556757, 53.9708014], [35.5552064, 53.9703285], [35.5472004, 53.9725672], [35.5467831, 53.9732886], [35.5440406, 53.9727677], [35.5410948, 53.9729697], [35.540041, 53.9757639], [35.5343923, 53.9755392], [35.519261, 53.9780884], [35.5149935, 53.9780403], [35.5127322, 53.9770997], [35.5162985, 53.9733865], [35.5133705, 53.9719019], [35.5135779, 53.9666509], [35.5113631, 53.9644714], [35.5064654, 53.9629766], [35.5047017, 53.9596722], [35.5018788, 53.9602855], [35.4996614, 53.9561167], [35.4861501, 53.9567218], [35.485237, 53.9558655], [35.4846968, 53.9545467], [35.4848338, 53.9531511], [35.480676, 53.9510075], [35.4843635, 53.9487863], [35.483722, 53.9474473], [35.4841798, 53.9468626], [35.4900147, 53.9453189], [35.4948044, 53.9427116], [35.4903662, 53.9407769], [35.4909855, 53.9395592], [35.4930902, 53.9383413], [35.4913524, 53.937891], [35.4901393, 53.9357815], [35.4917573, 53.9340154], [35.491491, 53.9315638], [35.4928617, 53.9275239], [35.4951434, 53.9242772], [35.4910512, 53.9241271], [35.4895262, 53.9224477], [35.4895392, 53.9176042], [35.4925717, 53.9169167], [35.4921222, 53.9157394], [35.4931919, 53.9156318], [35.4913109, 53.9131778], [35.488955, 53.9122432], [35.4894985, 53.9101732], [35.4867443, 53.909207], [35.4863964, 53.9075712], [35.4855884, 53.9067481], [35.4871753, 53.9051066], [35.4870739, 53.9041977], [35.4882089, 53.9027721]]]}}, {"type": "Feature", "properties": {"rda_code": "KG-12", "rda_name": "ZHIZDRINSKY AREA / incl. ZhIZDRA/", "osm_name": "Жиздринский муниципальный округ", "match_score": 1.0, "match_reason": "alias:жиздринскии"}, "geometry": {"type": "Polygon", "coordinates": [[[34.4999788, 53.7510003], [34.4018111, 53.7476971], [34.4030622, 53.7461011], [34.4037369, 53.7460691], [34.4043069, 53.7447998], [34.406901, 53.7429559], [34.4086549, 53.7383235], [34.407531, 53.7358106], [34.4079234, 53.7350814], [34.4075441, 53.7344982], [34.4115105, 53.7318697], [34.411354, 53.7307122], [34.4149931, 53.7270854], [34.4159844, 53.7253259], [34.4177752, 53.7244972], [34.4188973, 53.7203691], [34.4202627, 53.7197073], [34.4219715, 53.7173686], [34.4276845, 53.7155237], [34.426315, 53.7146746], [34.4275672, 53.7124823], [34.4254802, 53.7085451], [34.4238889, 53.7083134], [34.4225193, 53.7096027], [34.4219193, 53.7096105], [34.4203541, 53.7086223], [34.4213454, 53.7073329], [34.4186193, 53.7072557], [34.4161018, 53.7055186], [34.4165062, 53.7050399], [34.4178758, 53.7052174], [34.4195584, 53.7038045], [34.4216845, 53.7029783], [34.4171453, 53.7028239], [34.4165062, 53.702376], [34.417654, 53.701627], [34.4171714, 53.7006618], [34.4174323, 53.7003915], [34.4211106, 53.6997892], [34.4214236, 53.6994649], [34.4207454, 53.6984301], [34.425428, 53.6956732], [34.4254671, 53.6949936], [34.4249715, 53.6946846], [34.4254541, 53.693727], [34.4266541, 53.6934721], [34.4274367, 53.6953334], [34.4297846, 53.6962447], [34.432602, 53.692051], [34.4347542, 53.6913328], [34.4396194, 53.6867988], [34.4402846, 53.6845277], [34.4432586, 53.6843269], [34.4431803, 53.6837398], [34.4407803, 53.6830677], [34.4416412, 53.6826351], [34.446363, 53.6833922], [34.4600326, 53.6833304], [34.4653936, 53.684605], [34.4697762, 53.6845895], [34.4705588, 53.6839793], [34.4705849, 53.6833536], [34.4680805, 53.6815922], [34.4684588, 53.6785483], [34.4748762, 53.6772194], [34.4763371, 53.6760219], [34.4754632, 53.6740593], [34.4735458, 53.6737503], [34.4729197, 53.6730239], [34.4748502, 53.6719962], [34.4783719, 53.6722821], [34.4785415, 53.6730317], [34.4776415, 53.6734953], [34.4778502, 53.6740207], [34.4794545, 53.6733562], [34.482872, 53.673333], [34.4882459, 53.6742911], [34.4889894, 53.6739666], [34.4887155, 53.6727921], [34.4892503, 53.672174], [34.4908155, 53.6716562], [34.494559, 53.6725835], [34.4957982, 53.6740902], [34.4967242, 53.6737193], [34.4977025, 53.671834], [34.4998743, 53.6713897], [34.5006634, 53.6707406], [34.5009504, 53.6681827], [34.5006047, 53.6673133], [34.4982569, 53.6658952], [34.4972945, 53.6673171], [34.4965382, 53.6670329], [34.4955236, 53.6654591], [34.4966304, 53.6632841], [34.4941955, 53.6605187], [34.4915208, 53.6591742], [34.4920742, 53.6567802], [34.4931625, 53.6554356], [34.492148, 53.6548234], [34.489713, 53.655206], [34.4883849, 53.6546922], [34.4887723, 53.6531507], [34.4896392, 53.6527681], [34.4903586, 53.6529321], [34.4911703, 53.6540363], [34.4921848, 53.6538176], [34.492978, 53.6528337], [34.4943062, 53.6522433], [34.4958926, 53.6526697], [34.4963537, 53.6521231], [34.4956712, 53.651478], [34.4925353, 53.6506143], [34.4930703, 53.6502644], [34.4965751, 53.6503519], [34.4990654, 53.6493241], [34.5006149, 53.6480777], [34.4984935, 53.647531], [34.4958188, 53.6488102], [34.4943062, 53.6486572], [34.4935868, 53.6477387], [34.4942508, 53.6469405], [34.4965382, 53.6465578], [34.4973867, 53.6457705], [34.4906722, 53.6409372], [34.489879, 53.6397123], [34.4901742, 53.638739], [34.4909858, 53.6381375], [34.4943506, 53.6383651], [34.4950799, 53.637044], [34.4926354, 53.6359304], [34.4902161, 53.6373406], [34.489413, 53.6370718], [34.4883436, 53.6354899], [34.4861662, 53.6350375], [34.4849993, 53.6357117], [34.4846361, 53.6365277], [34.4861955, 53.6367624], [34.4865417, 53.6378301], [34.4826373, 53.6376707], [34.4790886, 53.63674], [34.4788582, 53.6373341], [34.4799246, 53.6382527], [34.4794346, 53.6385213], [34.4756816, 53.6379598], [34.475307, 53.6375364], [34.4756594, 53.6366915], [34.4741411, 53.6358616], [34.472592, 53.6357719], [34.4735653, 53.6344817], [34.4738913, 53.6330521], [34.4759333, 53.6302763], [34.4752983, 53.6278717], [34.4760904, 53.6268639], [34.4774824, 53.6258482], [34.4795198, 53.6252076], [34.4801486, 53.6238126], [34.4812646, 53.622922], [34.4835687, 53.622369], [34.4848247, 53.6206791], [34.4885693, 53.6202524], [34.4876839, 53.6192896], [34.4899159, 53.6180532], [34.4927382, 53.6178891], [34.4972945, 53.6157772], [34.4987887, 53.6156131], [34.5000061, 53.6160289], [34.4983091, 53.6174623], [34.4989916, 53.618272], [34.5039168, 53.6175827], [34.5064808, 53.6179766], [34.509008, 53.6165979], [34.5111293, 53.6169809], [34.5120161, 53.6166935], [34.5119041, 53.6156022], [34.5124206, 53.6145188], [34.5119963, 53.6134683], [34.5130846, 53.6120129], [34.5106682, 53.6115861], [34.5101885, 53.6105136], [34.5107235, 53.6094192], [34.5099856, 53.6090143], [34.5087128, 53.6098789], [34.5074585, 53.6092004], [34.5073662, 53.6084671], [34.5082701, 53.6076353], [34.5062226, 53.6069896], [34.5056692, 53.6060921], [34.5105206, 53.5995794], [34.5100674, 53.5960697], [34.5119587, 53.5940183], [34.5112413, 53.5937706], [34.5093988, 53.5942981], [34.5087922, 53.5936864], [34.51565, 53.5915952], [34.5185848, 53.5920829], [34.519224, 53.5916107], [34.5190414, 53.5898145], [34.5175805, 53.5892029], [34.5173979, 53.5886532], [34.5190414, 53.5882583], [34.5160674, 53.5871743], [34.51445, 53.5855484], [34.5119196, 53.584867], [34.4975783, 53.5830401], [34.5015467, 53.5430761], [34.504912, 53.5436251], [34.5108599, 53.543005], [34.5176947, 53.5439816], [34.5207469, 53.5433306], [34.5281818, 53.5428035], [34.5292513, 53.5410828], [34.5260687, 53.5402457], [34.5220774, 53.5411603], [34.5206426, 53.5406953], [34.5222339, 53.5403852], [34.5217121, 53.5337341], [34.5197556, 53.5313773], [34.5194947, 53.5281365], [34.5185556, 53.5267564], [34.5191769, 53.5224708], [34.5174299, 53.5210416], [34.5186951, 53.5177923], [34.5179647, 53.5166289], [34.5186951, 53.5153493], [34.5160864, 53.513674], [34.5163864, 53.5115565], [34.5152777, 53.5111687], [34.5154733, 53.5083762], [34.5176777, 53.5074996], [34.5196473, 53.5031011], [34.5197125, 53.5008434], [34.5226473, 53.5000598], [34.5234821, 53.4982287], [34.5276039, 53.4981511], [34.53543, 53.4997184], [34.5410388, 53.496995], [34.5475368, 53.4869141], [34.5447194, 53.482754], [34.5446537, 53.4819172], [34.5550607, 53.4784185], [34.5561824, 53.4757325], [34.5557394, 53.4714696], [34.5685366, 53.4704165], [34.5653589, 53.4571937], [34.5560457, 53.4566267], [34.5548327, 53.4546384], [34.5556153, 53.4527821], [34.5605197, 53.4497295], [34.5650197, 53.4492867], [34.5686328, 53.4470961], [34.5652376, 53.4371486], [34.5683919, 53.4342695], [34.5717123, 53.4286536], [34.5740918, 53.4280711], [34.5829461, 53.428181], [34.5876684, 53.4264773], [34.5994741, 53.4277743], [34.6060041, 53.4266752], [34.6081993, 53.4227181], [34.6072401, 53.4224653], [34.6051117, 53.4139148], [34.6056982, 53.4133541], [34.6099962, 53.4122381], [34.6108355, 53.4116664], [34.6115365, 53.410193], [34.6147646, 53.4094782], [34.6157976, 53.4085271], [34.6183801, 53.4080928], [34.6170981, 53.4071691], [34.6192286, 53.4066577], [34.6248917, 53.4066467], [34.6265426, 53.4051402], [34.6323886, 53.4041676], [34.6333147, 53.4035766], [34.6339408, 53.4018269], [34.6349321, 53.4007615], [34.63818, 53.3991128], [34.6386365, 53.398545], [34.6382061, 53.3980551], [34.6390148, 53.3968729], [34.6384475, 53.3946145], [34.639151, 53.3933595], [34.6387175, 53.392683], [34.6390034, 53.391792], [34.6374078, 53.3908514], [34.6370758, 53.3888273], [34.6370204, 53.3879528], [34.6377214, 53.3875127], [34.6377398, 53.386231], [34.637168, 53.3854719], [34.6373064, 53.3840911], [34.6379428, 53.3831614], [34.640018, 53.3833925], [34.6419733, 53.3820061], [34.6442514, 53.3813955], [34.6467198, 53.3816478], [34.6613974, 53.3803502], [34.6735049, 53.3807509], [34.6703068, 53.4096243], [34.6655929, 53.4140641], [34.6573589, 53.4131744], [34.6520211, 53.4161271], [34.6527173, 53.4172893], [34.6525769, 53.4178899], [34.6608528, 53.4216365], [34.6601616, 53.4244807], [34.6625872, 53.4257638], [34.6632109, 53.4254447], [34.6639507, 53.4197864], [34.6661156, 53.4198442], [34.6678697, 53.4216919], [34.6696302, 53.4223087], [34.6692933, 53.4227214], [34.6700225, 53.4239572], [34.6699314, 53.4256767], [34.6745219, 53.4248554], [34.6769333, 53.4263046], [34.6771826, 53.4280638], [34.676636, 53.4291057], [34.6694341, 53.431436], [34.666881, 53.4318229], [34.6666469, 53.4328022], [34.6696583, 53.4348695], [34.6708914, 53.4344025], [34.6737983, 53.4345087], [34.6784736, 53.4334025], [34.681298, 53.4311257], [34.685618, 53.4307406], [34.6879643, 53.4290151], [34.6901419, 53.4287797], [34.6914141, 53.4293939], [34.6920619, 53.4290739], [34.6914344, 53.4266283], [34.6949552, 53.425428], [34.7044118, 53.427312], [34.7050357, 53.4286593], [34.7084006, 53.4287232], [34.7153198, 53.4359281], [34.7153047, 53.441486], [34.7128995, 53.460553], [34.7203274, 53.4639091], [34.727439, 53.4552238], [34.7336194, 53.4577891], [34.7330695, 53.4586978], [34.7372351, 53.4601097], [34.7400828, 53.4704878], [34.74511, 53.4705537], [34.7472917, 53.4716751], [34.7474143, 53.4742216], [34.7609846, 53.4790457], [34.7593362, 53.4893916], [34.7647314, 53.4977683], [34.7741068, 53.4965987], [34.7846622, 53.4971436], [34.7830082, 53.4984273], [34.7833206, 53.5003707], [34.7809738, 53.5004028], [34.7803856, 53.5014085], [34.7783114, 53.5016872], [34.7782965, 53.5023446], [34.77647, 53.5035752], [34.7752191, 53.5051008], [34.7712474, 53.5053636], [34.7718327, 53.5097037], [34.7740159, 53.513008], [34.7728757, 53.5196929], [34.7860295, 53.5249022], [34.7942355, 53.5330269], [34.7977658, 53.5332056], [34.7992776, 53.5337222], [34.8002305, 53.5333847], [34.8130422, 53.5340937], [34.8307504, 53.5463662], [34.8602698, 53.5469086], [34.8750042, 53.5534538], [34.8818207, 53.5540705], [34.8924621, 53.5533844], [34.8932497, 53.553094], [34.8933912, 53.5526871], [34.8927297, 53.5524057], [34.8935821, 53.5519441], [34.8935578, 53.5513464], [34.8948244, 53.550789], [34.8935422, 53.5499303], [34.894691, 53.5489478], [34.8944056, 53.5485784], [34.8955295, 53.5480211], [34.8971651, 53.5481594], [34.8971306, 53.5477112], [34.8980463, 53.5477699], [34.8982686, 53.5474022], [34.8975251, 53.5472603], [34.8985334, 53.5471027], [34.8987228, 53.546557], [34.9014694, 53.5451859], [34.8996669, 53.5438679], [34.900257, 53.5435029], [34.9012053, 53.5437533], [34.9011881, 53.5431273], [34.9017575, 53.542894], [34.9016266, 53.5420458], [34.9045766, 53.5415531], [34.9053783, 53.5407063], [34.9050698, 53.5405326], [34.9059674, 53.5400153], [34.9057893, 53.5395325], [34.9085271, 53.5385551], [34.91073, 53.539088], [34.9138494, 53.538693], [34.9142426, 53.5379226], [34.9151167, 53.5378256], [34.9149923, 53.5373843], [34.9161173, 53.5368058], [34.9199567, 53.5366614], [34.9201765, 53.5361603], [34.9206934, 53.5367959], [34.9218874, 53.5359128], [34.9235095, 53.5364258], [34.9285459, 53.5437701], [34.9399576, 53.5488233], [34.9425194, 53.5502387], [34.94492, 53.5526036], [34.9476171, 53.5517294], [34.9488278, 53.5541422], [34.9398056, 53.5588783], [34.9476965, 53.5661837], [34.9506407, 53.5657736], [34.9506665, 53.5669351], [34.9515433, 53.5685191], [34.9513799, 53.5695744], [34.9524187, 53.5705397], [34.9528697, 53.572409], [34.9536619, 53.5733158], [34.9535272, 53.5749402], [34.9540797, 53.577158], [34.9562053, 53.5797022], [34.9576101, 53.5806048], [34.9425225, 53.581292], [34.9572552, 53.5976486], [34.9620836, 53.6072042], [34.9668131, 53.6151304], [34.9731544, 53.6228838], [34.9709288, 53.6240441], [34.967673, 53.624852], [34.9681266, 53.6259503], [34.971978, 53.6300749], [34.9736771, 53.6350416], [34.9739649, 53.6389381], [34.9763484, 53.6387517], [34.9787821, 53.6397089], [34.9817396, 53.6455469], [34.9812184, 53.6494991], [34.9915231, 53.6495447], [34.9984887, 53.6557382], [35.0002767, 53.6555065], [35.006078, 53.6520538], [35.0135692, 53.6566266], [35.0188485, 53.654269], [35.0181717, 53.6517013], [35.024795, 53.6508147], [35.0294855, 53.6511844], [35.0370579, 53.6538273], [35.0371237, 53.6548318], [35.0327241, 53.6576471], [35.0365685, 53.658797], [35.0436573, 53.6628203], [35.0419624, 53.665688], [35.0525085, 53.66962], [35.0534514, 53.674785], [35.051182, 53.6747007], [35.0506117, 53.6833026], [35.0495403, 53.6862851], [35.0463299, 53.6880823], [35.0589222, 53.689799], [35.0600535, 53.6872939], [35.058752, 53.6832921], [35.061415, 53.6782346], [35.0663428, 53.6763111], [35.0687582, 53.6760932], [35.0866725, 53.6807704], [35.0897454, 53.6823662], [35.0920817, 53.6829133], [35.1042581, 53.6841103], [35.1042162, 53.6849675], [35.1030353, 53.6861742], [35.1030481, 53.6876095], [35.1046721, 53.6907934], [35.1043342, 53.6917038], [35.1050761, 53.6935934], [35.1043948, 53.6946716], [35.100424, 53.6962221], [35.0992619, 53.6974448], [35.0967494, 53.6989092], [35.0953457, 53.7018324], [35.091377, 53.7047131], [35.090864, 53.7075168], [35.0913524, 53.7095117], [35.0925417, 53.7106097], [35.0922099, 53.7118506], [35.0928398, 53.7125595], [35.091093, 53.7161482], [35.0897778, 53.7231248], [35.0926578, 53.7270407], [35.0921109, 53.7282316], [35.0936774, 53.7312117], [35.0898035, 53.7311659], [35.0777413, 53.727803], [35.0711122, 53.7239741], [35.0759896, 53.7190112], [35.0735844, 53.718479], [35.0753316, 53.7151583], [35.0652468, 53.7110359], [35.0599124, 53.7123231], [35.0571476, 53.7123859], [35.0545707, 53.7132574], [35.0438478, 53.7147533], [35.0430162, 53.7156721], [35.0379337, 53.7163633], [35.0359857, 53.7175181], [35.0344735, 53.7174186], [35.0329839, 53.7182766], [35.0314136, 53.7179966], [35.0306473, 53.7186471], [35.0320195, 53.7341036], [35.0358698, 53.7357474], [35.0441165, 53.7415475], [35.0548663, 53.7503997], [35.0551355, 53.7537104], [35.0574981, 53.7567318], [35.0559073, 53.7624852], [35.05649, 53.7702929], [35.0600638, 53.7728366], [35.0643173, 53.774341], [35.0856898, 53.7786058], [35.0843531, 53.7810684], [35.0783694, 53.7847033], [35.0775446, 53.7859822], [35.0750229, 53.7879184], [35.0737222, 53.7900988], [35.072288, 53.7895643], [35.0621579, 53.7895825], [35.0597375, 53.7884225], [35.0568095, 53.7879035], [35.0531083, 53.7854312], [35.0502714, 53.7849795], [35.0446993, 53.7869193], [35.0388514, 53.7875139], [35.0314333, 53.790618], [35.0160503, 53.7988959], [35.0143121, 53.8008007], [35.0083891, 53.8020291], [35.0043817, 53.8007914], [34.9994744, 53.8009722], [34.996372, 53.8023003], [34.9857521, 53.7996902], [34.9805097, 53.7996966], [34.9790199, 53.7990887], [34.9782141, 53.7973783], [34.9757002, 53.7956267], [34.9669834, 53.7923162], [34.966337, 53.7899118], [34.9649295, 53.7879981], [34.9637079, 53.7872877], [34.9564153, 53.7857098], [34.9551491, 53.7858506], [34.953824, 53.7867649], [34.9522833, 53.7867961], [34.9507216, 53.7846828], [34.9480846, 53.7840993], [34.946679, 53.7829674], [34.9398596, 53.7807202], [34.9383999, 53.78124], [34.9343248, 53.7795354], [34.9262251, 53.7798077], [34.9239831, 53.7792779], [34.9223117, 53.7797434], [34.9152721, 53.7782426], [34.9101706, 53.7787187], [34.9004484, 53.7813016], [34.8882624, 53.7823851], [34.8872075, 53.7832199], [34.8810753, 53.7826573], [34.8759541, 53.7828239], [34.8717864, 53.7816439], [34.8626683, 53.7812987], [34.8620416, 53.7817587], [34.8629794, 53.7822327], [34.8627492, 53.7834015], [34.8633917, 53.783907], [34.8626965, 53.784568], [34.8647053, 53.7853823], [34.8645373, 53.7864998], [34.8651881, 53.7876505], [34.8648169, 53.7883813], [34.8632699, 53.7883595], [34.8636199, 53.7896358], [34.8632239, 53.7900938], [34.8613401, 53.7902272], [34.8610353, 53.7907084], [34.8613574, 53.7914604], [34.8626466, 53.7915528], [34.8613438, 53.7920086], [34.8622887, 53.7929345], [34.8613351, 53.793705], [34.8603987, 53.7955734], [34.8595461, 53.7952995], [34.8591114, 53.7956577], [34.8598575, 53.7961167], [34.8589005, 53.7971639], [34.8600354, 53.7980931], [34.8621943, 53.7982232], [34.8621531, 53.7997182], [34.8628482, 53.7990668], [34.8634511, 53.7993173], [34.8632769, 53.8000684], [34.8610417, 53.8002357], [34.8609799, 53.8023831], [34.8646839, 53.8063168], [34.8586241, 53.8079439], [34.8584994, 53.8098977], [34.8544861, 53.8104856], [34.8521999, 53.8121653], [34.8553193, 53.816891], [34.8535736, 53.8201277], [34.8336562, 53.825026], [34.834986, 53.8259163], [34.8294155, 53.8302977], [34.8289819, 53.8350497], [34.8194534, 53.8377772], [34.8138626, 53.8402059], [34.8296868, 53.8550959], [34.828577, 53.8560182], [34.8255496, 53.8553341], [34.8253702, 53.8560217], [34.8229614, 53.8566375], [34.8209231, 53.8564907], [34.8204421, 53.8557005], [34.8198353, 53.8557404], [34.819475, 53.8569585], [34.8164907, 53.857353], [34.8174846, 53.8575465], [34.8152739, 53.8580457], [34.8146323, 53.8590134], [34.8124574, 53.8597493], [34.8131218, 53.8604589], [34.8123188, 53.8606521], [34.8130776, 53.8611517], [34.8117367, 53.8608979], [34.8097807, 53.8613886], [34.8106696, 53.8618425], [34.8092002, 53.8619467], [34.8096358, 53.8622607], [34.8087568, 53.8627414], [34.8074256, 53.8623029], [34.8057998, 53.8632751], [34.8048193, 53.8628483], [34.8048439, 53.8623601], [34.8044254, 53.8626267], [34.8037068, 53.8620879], [34.8037235, 53.8629069], [34.8016145, 53.8634253], [34.8024911, 53.8639202], [34.8022157, 53.8646603], [34.7999228, 53.8647768], [34.7992303, 53.8651263], [34.799827, 53.8653625], [34.7993656, 53.865805], [34.7968644, 53.8661611], [34.7961241, 53.8668026], [34.7945307, 53.8664792], [34.7943776, 53.8672191], [34.7930937, 53.8675008], [34.7924063, 53.8682104], [34.7914528, 53.8681556], [34.7915815, 53.8686848], [34.7909501, 53.8689734], [34.7900751, 53.8688527], [34.7899777, 53.8695303], [34.7877952, 53.8697521], [34.7875631, 53.8705493], [34.7862288, 53.8705638], [34.7854379, 53.871259], [34.7845564, 53.8710433], [34.7845194, 53.8716924], [34.7829836, 53.8723849], [34.7813075, 53.872382], [34.7784615, 53.873395], [34.7782099, 53.8729367], [34.777952, 53.8732631], [34.7775664, 53.8729245], [34.7750207, 53.8731573], [34.7740901, 53.8722393], [34.7735582, 53.8727359], [34.7699366, 53.8726032], [34.767401, 53.874243], [34.7657994, 53.873924], [34.765576, 53.8745381], [34.7643254, 53.8745338], [34.7642155, 53.8762358], [34.761778, 53.8763368], [34.7620031, 53.8756244], [34.7608847, 53.8752931], [34.7564291, 53.8758387], [34.7553972, 53.8766807], [34.7549531, 53.8760897], [34.7539331, 53.8766718], [34.7496729, 53.8767631], [34.7479686, 53.8772265], [34.7479716, 53.8784152], [34.7474418, 53.8789311], [34.7462022, 53.8783696], [34.7445598, 53.8792344], [34.7383107, 53.8798705], [34.7364795, 53.8816074], [34.7343818, 53.8818155], [34.7336267, 53.8824071], [34.7337923, 53.8829435], [34.7331176, 53.8838567], [34.7316966, 53.8833739], [34.732046, 53.884112], [34.7310576, 53.8848549], [34.7293821, 53.8842974], [34.728103, 53.8853595], [34.7259909, 53.8855928], [34.7260921, 53.8861608], [34.7255623, 53.8865095], [34.7215614, 53.8865416], [34.7198537, 53.8868454], [34.7188431, 53.8879073], [34.7173441, 53.8876116], [34.7174218, 53.8881249], [34.7158578, 53.888958], [34.7140876, 53.891296], [34.7106592, 53.8921797], [34.7097803, 53.8933639], [34.7101266, 53.894076], [34.7074037, 53.8952533], [34.7071103, 53.894463], [34.7066406, 53.8947995], [34.7051748, 53.8945947], [34.6968365, 53.8817694], [34.6974053, 53.8706047], [34.695812, 53.8660858], [34.6954385, 53.8630672], [34.6914486, 53.8531956], [34.6840044, 53.8537624], [34.6757757, 53.8508124], [34.6652913, 53.8487238], [34.6632788, 53.8449854], [34.6610927, 53.8423142], [34.6595276, 53.837974], [34.6543037, 53.8381191], [34.6530086, 53.8336543], [34.6385283, 53.8332015], [34.6304667, 53.8310905], [34.6303219, 53.8305468], [34.6288664, 53.8297307], [34.6267095, 53.8290838], [34.6259639, 53.8273455], [34.6262652, 53.825208], [34.6266751, 53.8242806], [34.6275876, 53.8241326], [34.6174158, 53.8158781], [34.6171483, 53.8122866], [34.6164832, 53.8107486], [34.6114951, 53.8083601], [34.6021493, 53.8064448], [34.584171, 53.8062903], [34.5837946, 53.7938166], [34.5842007, 53.7854246], [34.5596966, 53.7853416], [34.5506129, 53.7836354], [34.5471806, 53.7683803], [34.5334061, 53.7689003], [34.5272452, 53.7720576], [34.5261322, 53.7719597], [34.5257093, 53.7714679], [34.5231836, 53.771544], [34.5164492, 53.7646826], [34.5181839, 53.7611692], [34.4977309, 53.7533043], [34.4999788, 53.7510003]], [[34.6798767, 53.4459993], [34.6810097, 53.4471306], [34.6822379, 53.4473982], [34.6824267, 53.446951], [34.6887356, 53.4475287], [34.6914878, 53.4465072], [34.6962226, 53.4478744], [34.6964704, 53.4493037], [34.69934, 53.4489774], [34.699927, 53.4506475], [34.7091488, 53.451098], [34.7096444, 53.450133], [34.7064096, 53.448053], [34.706896, 53.4473374], [34.6978008, 53.4464372], [34.695766, 53.4466781], [34.6944808, 53.4459592], [34.690997, 53.445484], [34.690429, 53.4443562], [34.6886942, 53.4428723], [34.687005, 53.442243], [34.6815202, 53.4416798], [34.6798767, 53.4459993]]]}}, {"type": "Feature", "properties": {"rda_code": "KG-11", "rda_name": "DUMINICHSKY AREA", "osm_name": "Думиничский муниципальный округ", "match_score": 1.0, "match_reason": "alias:duminichsky"}, "geometry": {"type": "Polygon", "coordinates": [[[34.7194543, 53.969729], [34.7201499, 53.9685157], [34.7193699, 53.9652779], [34.7200655, 53.9597028], [34.7176056, 53.949007], [34.7153444, 53.9462877], [34.7347755, 53.9518977], [34.7471081, 53.9536122], [34.7617378, 53.9540851], [34.7660917, 53.9509891], [34.7696127, 53.9499896], [34.7753307, 53.9517611], [34.7884484, 53.9506313], [34.7905193, 53.9511592], [34.8000691, 53.9457784], [34.8121354, 53.9434772], [34.8177027, 53.9389242], [34.815707, 53.9316886], [34.8072805, 53.9282343], [34.8014462, 53.9274732], [34.788282, 53.9192953], [34.7884059, 53.915236], [34.7921899, 53.9011703], [34.7923455, 53.8971679], [34.7853168, 53.8960809], [34.7861367, 53.8950981], [34.78586, 53.8944833], [34.7866159, 53.8940313], [34.7860255, 53.8933939], [34.7861265, 53.8925883], [34.7872589, 53.892079], [34.7876036, 53.8906149], [34.7895149, 53.8910885], [34.7910545, 53.8907861], [34.7910806, 53.8902849], [34.7921087, 53.8901978], [34.7927249, 53.8893539], [34.7952068, 53.8906774], [34.8075, 53.885644], [34.8067771, 53.8807445], [34.8078605, 53.8775477], [34.7971765, 53.8762353], [34.7996311, 53.8741607], [34.7996986, 53.8736274], [34.7987355, 53.8730275], [34.799416, 53.8720781], [34.7990203, 53.8715065], [34.799392, 53.8710356], [34.7989457, 53.870632], [34.7991166, 53.8699715], [34.797694, 53.8695308], [34.7976278, 53.8689765], [34.7968359, 53.8685418], [34.7973385, 53.8681751], [34.7957368, 53.8674834], [34.7965223, 53.866341], [34.7993656, 53.865805], [34.799827, 53.8653625], [34.7992303, 53.8651263], [34.8001368, 53.8647032], [34.8023444, 53.864587], [34.8024911, 53.8639202], [34.8016145, 53.8634253], [34.8037235, 53.8629069], [34.8037068, 53.8620879], [34.8044254, 53.8626267], [34.8048439, 53.8623601], [34.8048193, 53.8628483], [34.8057998, 53.8632751], [34.8074256, 53.8623029], [34.8087568, 53.8627414], [34.8096358, 53.8622607], [34.8092002, 53.8619467], [34.8106696, 53.8618425], [34.8097807, 53.8613886], [34.8117367, 53.8608979], [34.8130776, 53.8611517], [34.8123188, 53.8606521], [34.8131218, 53.8604589], [34.8124574, 53.8597493], [34.8146323, 53.8590134], [34.8152739, 53.8580457], [34.8174846, 53.8575465], [34.8164907, 53.857353], [34.819475, 53.8569585], [34.8198353, 53.8557404], [34.8204421, 53.8557005], [34.8209231, 53.8564907], [34.8233896, 53.856631], [34.8254265, 53.855988], [34.8255496, 53.8553341], [34.8282218, 53.8561189], [34.8296868, 53.8550959], [34.8138626, 53.8402059], [34.8194534, 53.8377772], [34.8289819, 53.8350497], [34.8294155, 53.8302977], [34.834986, 53.8259163], [34.8336562, 53.825026], [34.8535736, 53.8201277], [34.8553193, 53.816891], [34.8521999, 53.8121653], [34.8544861, 53.8104856], [34.8584994, 53.8098977], [34.8586241, 53.8079439], [34.8646839, 53.8063168], [34.8609799, 53.8023831], [34.8610417, 53.8002357], [34.8632769, 53.8000684], [34.8634511, 53.7993173], [34.8628482, 53.7990668], [34.8621531, 53.7997182], [34.8621943, 53.7982232], [34.8600354, 53.7980931], [34.8589005, 53.7971639], [34.8598575, 53.7961167], [34.8591114, 53.7956577], [34.8595461, 53.7952995], [34.8603987, 53.7955734], [34.8613351, 53.793705], [34.8622887, 53.7929345], [34.8613438, 53.7920086], [34.8626466, 53.7915528], [34.8613574, 53.7914604], [34.8610353, 53.7907084], [34.8613401, 53.7902272], [34.8632239, 53.7900938], [34.8636199, 53.7896358], [34.8632699, 53.7883595], [34.8648169, 53.7883813], [34.8651881, 53.7876505], [34.8645373, 53.7864998], [34.8647053, 53.7853823], [34.8626965, 53.784568], [34.8633917, 53.783907], [34.8627492, 53.7834015], [34.8629794, 53.7822327], [34.8620416, 53.7817587], [34.8626683, 53.7812987], [34.8717864, 53.7816439], [34.8759541, 53.7828239], [34.8810753, 53.7826573], [34.8872075, 53.7832199], [34.8882624, 53.7823851], [34.9004484, 53.7813016], [34.9101706, 53.7787187], [34.9152721, 53.7782426], [34.9223117, 53.7797434], [34.9239831, 53.7792779], [34.9262251, 53.7798077], [34.9343248, 53.7795354], [34.9383999, 53.78124], [34.9398596, 53.7807202], [34.946679, 53.7829674], [34.9480846, 53.7840993], [34.9507216, 53.7846828], [34.9522833, 53.7867961], [34.953824, 53.7867649], [34.9551491, 53.7858506], [34.9564153, 53.7857098], [34.9637079, 53.7872877], [34.9649295, 53.7879981], [34.966337, 53.7899118], [34.9669834, 53.7923162], [34.9757002, 53.7956267], [34.9782141, 53.7973783], [34.9790199, 53.7990887], [34.9805097, 53.7996966], [34.9857521, 53.7996902], [34.996372, 53.8023003], [34.9994744, 53.8009722], [35.0043817, 53.8007914], [35.0083891, 53.8020291], [35.0143121, 53.8008007], [35.0160503, 53.7988959], [35.0314333, 53.790618], [35.0388514, 53.7875139], [35.0446993, 53.7869193], [35.0502714, 53.7849795], [35.0531083, 53.7854312], [35.0568095, 53.7879035], [35.0597375, 53.7884225], [35.0621579, 53.7895825], [35.072288, 53.7895643], [35.0737222, 53.7900988], [35.0750229, 53.7879184], [35.0775446, 53.7859822], [35.0783694, 53.7847033], [35.0843531, 53.7810684], [35.0856898, 53.7786058], [35.0643173, 53.774341], [35.0600638, 53.7728366], [35.05649, 53.7702929], [35.0559073, 53.7624852], [35.0574981, 53.7567318], [35.0551355, 53.7537104], [35.0548663, 53.7503997], [35.0441165, 53.7415475], [35.0358698, 53.7357474], [35.0320195, 53.7341036], [35.0306473, 53.7186471], [35.0314136, 53.7179966], [35.0329839, 53.7182766], [35.0344735, 53.7174186], [35.0359857, 53.7175181], [35.0379337, 53.7163633], [35.0430162, 53.7156721], [35.0438478, 53.7147533], [35.0545707, 53.7132574], [35.0571476, 53.7123859], [35.0599124, 53.7123231], [35.0652468, 53.7110359], [35.0753316, 53.7151583], [35.0735844, 53.718479], [35.0759896, 53.7190112], [35.0711122, 53.7239741], [35.0777413, 53.727803], [35.0898035, 53.7311659], [35.0936774, 53.7312117], [35.0921109, 53.7282316], [35.0926578, 53.7270407], [35.0897778, 53.7231248], [35.0907339, 53.7178233], [35.1597296, 53.7194649], [35.1625967, 53.7228576], [35.1644168, 53.7266444], [35.1738005, 53.7257545], [35.1815103, 53.7258712], [35.1851414, 53.7285674], [35.1894007, 53.7296218], [35.1993709, 53.7352004], [35.2029342, 53.7354538], [35.2043903, 53.7365601], [35.2116096, 53.7381883], [35.2171685, 53.7384717], [35.2206015, 53.739782], [35.2305095, 53.7404373], [35.2329739, 53.7416457], [35.2327203, 53.7420842], [35.2379522, 53.7445169], [35.2386435, 53.7455105], [35.2395845, 53.7453143], [35.2403639, 53.7461771], [35.242674, 53.7468036], [35.244766, 53.7493258], [35.2434478, 53.7505838], [35.2403386, 53.7522126], [35.2404654, 53.7536465], [35.2410126, 53.7548177], [35.2418979, 53.7551804], [35.2417394, 53.7558478], [35.242227, 53.7564868], [35.245706, 53.7597145], [35.2456232, 53.7605651], [35.2464796, 53.761182], [35.2458901, 53.7618949], [35.2436576, 53.7621257], [35.2438655, 53.7632404], [35.2454176, 53.7641387], [35.2436035, 53.7651385], [35.243375, 53.7657276], [35.244617, 53.7665163], [35.2470647, 53.7663422], [35.2480819, 53.7685131], [35.2509466, 53.7689988], [35.2507084, 53.7703544], [35.2522402, 53.7710504], [35.2525637, 53.7725397], [35.2512165, 53.7727748], [35.249501, 53.7722224], [35.248797, 53.772897], [35.2535156, 53.7761957], [35.2527447, 53.7776214], [35.2535697, 53.778785], [35.2521726, 53.778868], [35.2493008, 53.7780239], [35.2486974, 53.7782596], [35.2486933, 53.7790011], [35.2495088, 53.7803871], [35.2520138, 53.7826412], [35.2561186, 53.7840782], [35.2590274, 53.7857777], [35.2587964, 53.7863466], [35.2563866, 53.7870488], [35.2556162, 53.7889431], [35.2561075, 53.7901768], [35.2558823, 53.7909162], [35.2550513, 53.7912939], [35.2539305, 53.7907217], [35.2532973, 53.7911353], [35.2586146, 53.7927497], [35.2581502, 53.7940418], [35.2594202, 53.7953404], [35.2575209, 53.7960112], [35.2622787, 53.7963708], [35.2590967, 53.8009362], [35.2592341, 53.8025804], [35.2583884, 53.8048971], [35.2548554, 53.8074626], [35.25532, 53.8079217], [35.2566881, 53.8077018], [35.2580221, 53.8067158], [35.258717, 53.8070648], [35.2578943, 53.808374], [35.2563825, 53.8095348], [35.2560101, 53.8109346], [35.2567259, 53.8124925], [35.2550324, 53.8128524], [35.2548853, 53.8132719], [35.2578971, 53.8167553], [35.2554772, 53.8174955], [35.2549394, 53.8183937], [35.2550648, 53.819209], [35.2536781, 53.82027], [35.2564861, 53.8234646], [35.2536337, 53.8240206], [35.2527322, 53.8247958], [35.2548786, 53.8257819], [35.2551309, 53.8264025], [35.254664, 53.8267882], [35.2530891, 53.8271175], [35.2496497, 53.825982], [35.2489006, 53.8264924], [35.2490952, 53.8271814], [35.251024, 53.8276696], [35.2513088, 53.8282364], [35.2508691, 53.8292827], [35.2524006, 53.8308715], [35.2564948, 53.8329952], [35.2585695, 53.8352783], [35.2601678, 53.8356113], [35.2588229, 53.8308154], [35.2596036, 53.8293838], [35.272384, 53.8332829], [35.2743616, 53.8329764], [35.2797424, 53.833735], [35.2815968, 53.8347103], [35.2898209, 53.8346052], [35.2906533, 53.8289714], [35.3058096, 53.8344052], [35.3099521, 53.8324762], [35.3118034, 53.8325307], [35.3120731, 53.8329445], [35.3111316, 53.8347791], [35.3122744, 53.8354798], [35.311828, 53.8363234], [35.3127779, 53.83806], [35.313734, 53.8415969], [35.317104, 53.8446687], [35.3186336, 53.8474547], [35.318565, 53.8485016], [35.3157705, 53.8507392], [35.3156824, 53.851608], [35.3199612, 53.852252], [35.3240949, 53.8519799], [35.3257022, 53.853573], [35.3279316, 53.8537167], [35.3302679, 53.8556685], [35.3310802, 53.8584424], [35.3339292, 53.8579494], [35.3375074, 53.8594197], [35.3375874, 53.8630367], [35.3394803, 53.8645932], [35.339857, 53.8654691], [35.3399748, 53.8668142], [35.3383199, 53.8682394], [35.3385649, 53.8688731], [35.3396753, 53.8689598], [35.3395495, 53.8700025], [35.3366703, 53.869154], [35.3358517, 53.8696348], [35.334114, 53.8690516], [35.3336825, 53.8694831], [35.3338878, 53.8711344], [35.3360711, 53.8720112], [35.3354106, 53.8722967], [35.3357499, 53.8730847], [35.333419, 53.8725182], [35.3340636, 53.8732419], [35.3330227, 53.8742626], [35.3310867, 53.8730853], [35.3316836, 53.8737572], [35.3314617, 53.8742105], [35.330067, 53.8750465], [35.3289932, 53.874568], [35.3284694, 53.8752514], [35.3271754, 53.8751195], [35.3263469, 53.875962], [35.3265279, 53.8768392], [35.3309486, 53.8783162], [35.3327631, 53.8794805], [35.3387118, 53.8850833], [35.3556989, 53.8966519], [35.3438266, 53.8973874], [35.3435644, 53.8980098], [35.3452708, 53.8982972], [35.3453676, 53.8992417], [35.346246, 53.8985942], [35.3469556, 53.8993115], [35.3478002, 53.8993577], [35.3469413, 53.9001487], [35.331131, 53.9019113], [35.3293459, 53.9051564], [35.3269641, 53.907119], [35.3447781, 53.9090963], [35.343438, 53.911013], [35.341249, 53.9109606], [35.3384498, 53.9117247], [35.3388283, 53.9123873], [35.3383212, 53.9128703], [35.3384057, 53.9137671], [35.3372163, 53.9135587], [35.3364887, 53.915213], [35.3351686, 53.9151248], [35.3346176, 53.916008], [35.3320789, 53.9173188], [35.3317437, 53.9179684], [35.3303754, 53.9183209], [35.3299175, 53.9199205], [35.3290599, 53.918831], [35.3278446, 53.9192831], [35.3274433, 53.9188936], [35.3253758, 53.9197456], [35.324288, 53.9194159], [35.3234545, 53.9199614], [35.3239575, 53.9202378], [35.3237656, 53.9206305], [35.3201773, 53.921858], [35.3136791, 53.9183308], [35.3132349, 53.9170889], [35.3083492, 53.9127898], [35.3069915, 53.9122526], [35.3082137, 53.9046082], [35.3091244, 53.9019403], [35.3059328, 53.8999756], [35.2927808, 53.9101324], [35.3005884, 53.9141722], [35.2990328, 53.9162981], [35.3146686, 53.9263559], [35.3145992, 53.9269137], [35.3120924, 53.9284344], [35.3087068, 53.9258686], [35.3037006, 53.9274938], [35.3071194, 53.9296522], [35.3059639, 53.930734], [35.3058917, 53.9319339], [35.3044797, 53.9343195], [35.3004687, 53.9381131], [35.3001191, 53.9393918], [35.2992451, 53.9399217], [35.2952758, 53.9457997], [35.2990096, 53.9460982], [35.3000624, 53.9466796], [35.2992864, 53.9473568], [35.2983404, 53.9467683], [35.2967171, 53.9471701], [35.2974347, 53.9479208], [35.2960409, 53.9490886], [35.2984339, 53.9501193], [35.2974407, 53.9499763], [35.2943422, 53.9518918], [35.2947762, 53.9523122], [35.2946134, 53.9531528], [35.2938891, 53.9535431], [35.2944798, 53.9542006], [35.2936032, 53.9546132], [35.2939028, 53.9553665], [35.2926366, 53.955827], [35.2924055, 53.956598], [35.2849207, 53.9563184], [35.2823701, 53.9618925], [35.2773684, 53.9701381], [35.2759962, 53.9705684], [35.2717974, 53.9701708], [35.2702567, 53.9709399], [35.2652973, 53.9707992], [35.2645613, 53.971224], [35.2616309, 53.9708661], [35.2581898, 53.9716343], [35.2567918, 53.9714587], [35.2551951, 53.9704975], [35.2544924, 53.9705964], [35.2545149, 53.9712474], [35.2523997, 53.9710428], [35.2517718, 53.9719876], [35.2500125, 53.9714425], [35.2491195, 53.9719453], [35.2475942, 53.9714903], [35.2471557, 53.9718994], [35.2467126, 53.971436], [35.2444457, 53.9715331], [35.2396143, 53.9728684], [35.2331918, 53.9729255], [35.2311156, 53.97377], [35.2232566, 53.9706015], [35.2271679, 53.9771013], [35.2289661, 53.9917447], [35.2201651, 53.9925764], [35.2152496, 53.9955961], [35.2162219, 53.9969995], [35.2183028, 53.9975823], [35.2202863, 53.9988133], [35.2233999, 53.9995446], [35.231293, 54.0006506], [35.2382203, 54.0003496], [35.2406398, 54.0008485], [35.2471106, 54.0048138], [35.2480285, 54.0056081], [35.2423644, 54.006893], [35.244955, 54.0142782], [35.237807, 54.016223], [35.2337311, 54.0191166], [35.2254366, 54.0190659], [35.2187614, 54.0200201], [35.2129708, 54.0219494], [35.2173066, 54.0237873], [35.2227157, 54.0249277], [35.2223322, 54.026162], [35.2251889, 54.0279701], [35.2225036, 54.0311399], [35.2170904, 54.0292529], [35.2138022, 54.028648], [35.2098135, 54.0293174], [35.2046447, 54.029202], [35.1926582, 54.0228092], [35.1874272, 54.0207402], [35.1844853, 54.0196858], [35.181881, 54.0207499], [35.1850273, 54.0231851], [35.1848403, 54.0247444], [35.1864195, 54.0305362], [35.1910039, 54.0335125], [35.1944522, 54.0369776], [35.1910857, 54.0379017], [35.1919159, 54.0394036], [35.194464, 54.0408628], [35.1925416, 54.0418502], [35.1881517, 54.0429869], [35.1863989, 54.044215], [35.1904499, 54.0484077], [35.1885156, 54.0512727], [35.1848242, 54.0511374], [35.184488, 54.054514], [35.1805075, 54.0536526], [35.1772167, 54.0560207], [35.173268, 54.0560567], [35.1717126, 54.0551091], [35.161323, 54.0561741], [35.160507, 54.0581741], [35.1580955, 54.057489], [35.1512145, 54.0536084], [35.1479197, 54.0526671], [35.1486914, 54.0514841], [35.1535577, 54.0512905], [35.1550775, 54.0518355], [35.1561009, 54.0507271], [35.1542143, 54.0472385], [35.1384391, 54.0455884], [35.1329654, 54.0444236], [35.1312636, 54.0429042], [35.1281863, 54.0417558], [35.1267614, 54.041694], [35.1235677, 54.0450557], [35.1222623, 54.0474507], [35.1229938, 54.0486675], [35.1219893, 54.0519966], [35.1214572, 54.0525013], [35.1219539, 54.0538546], [35.1243774, 54.0555218], [35.1251989, 54.0571634], [35.1235228, 54.0593108], [35.1231468, 54.0617848], [35.1211528, 54.0641091], [35.1211728, 54.0646533], [35.1182175, 54.0655889], [35.1166492, 54.0654126], [35.1152113, 54.0661983], [35.1094987, 54.0653761], [35.0919196, 54.0771101], [35.0910085, 54.0796825], [35.088179, 54.0816608], [35.0891963, 54.0853173], [35.0865078, 54.0884716], [35.1037552, 54.0934249], [35.1020226, 54.1001104], [35.0955702, 54.1020239], [35.0942315, 54.1029147], [35.0854844, 54.1051403], [35.0823442, 54.1078831], [35.0822777, 54.109496], [35.0828533, 54.1103186], [35.0702391, 54.114956], [35.0588928, 54.1120892], [35.0512839, 54.106282], [35.0408605, 54.11052], [35.0285572, 54.1089645], [35.0200237, 54.1096225], [35.0097635, 54.1118085], [35.0093672, 54.1132463], [35.0066492, 54.11505], [34.9997383, 54.1155722], [34.9964701, 54.1167048], [34.9922326, 54.1171574], [34.9953795, 54.121205], [35.0025917, 54.1244562], [35.0062927, 54.1252278], [35.008094, 54.1272143], [34.9958091, 54.1357228], [34.9797844, 54.1377441], [34.9787888, 54.1403525], [34.9695183, 54.1437812], [34.9675277, 54.1458111], [34.9584375, 54.1464741], [34.9355328, 54.1524125], [34.930841, 54.1515865], [34.9273669, 54.1531286], [34.9182388, 54.1553987], [34.8966946, 54.1580043], [34.8899323, 54.160629], [34.8890858, 54.159716], [34.8713876, 54.1524819], [34.8563836, 54.1487588], [34.8511485, 54.1466436], [34.8511544, 54.1455448], [34.8496534, 54.1441785], [34.8484405, 54.1399076], [34.8463133, 54.1366627], [34.8489884, 54.1315408], [34.8507515, 54.1241879], [34.8518697, 54.1221675], [34.8474529, 54.1219477], [34.8440316, 54.1185998], [34.8196542, 54.1072365], [34.8169214, 54.1052638], [34.8155483, 54.105003], [34.8173099, 54.1022313], [34.8073447, 54.1003702], [34.8110703, 54.0976261], [34.8156182, 54.0931164], [34.8115025, 54.0926747], [34.8131926, 54.0865792], [34.8100489, 54.0856156], [34.8107796, 54.0831332], [34.8086781, 54.083651], [34.8058219, 54.0833771], [34.8039334, 54.0837352], [34.803584, 54.0833151], [34.8005081, 54.0833834], [34.8004961, 54.082768], [34.7980169, 54.0828323], [34.7926467, 54.083983], [34.7887401, 54.0839605], [34.7887358, 54.0819123], [34.7905765, 54.0774959], [34.7910985, 54.0766093], [34.7921307, 54.0772283], [34.7934802, 54.0754457], [34.7912569, 54.073299], [34.7886872, 54.0727231], [34.7879048, 54.0731375], [34.785485, 54.0718976], [34.7867719, 54.0709128], [34.7843133, 54.0693914], [34.7789826, 54.0694202], [34.7648466, 54.0648488], [34.7647008, 54.0607807], [34.7815761, 54.0542336], [34.7866967, 54.055951], [34.790576, 54.0578801], [34.7939151, 54.0574141], [34.7970648, 54.0549465], [34.7940414, 54.0514586], [34.7932919, 54.0491587], [34.7860666, 54.0456787], [34.7874903, 54.0454778], [34.7963617, 54.037657], [34.8018958, 54.0368743], [34.8060811, 54.0371128], [34.8079939, 54.0298302], [34.8088017, 54.0225091], [34.8110313, 54.0183933], [34.8188502, 54.0156771], [34.8277414, 54.0156993], [34.8296611, 54.0096395], [34.8232264, 54.0009095], [34.8110951, 53.9921643], [34.8017379, 53.9940481], [34.8011964, 53.9957739], [34.8032305, 53.9980987], [34.7984205, 54.0004342], [34.7956931, 53.9990311], [34.7910229, 54.0012514], [34.7854176, 54.001405], [34.774356, 54.0036851], [34.7752599, 54.0043439], [34.7734701, 54.0051702], [34.7667453, 54.0041299], [34.7673438, 54.0020644], [34.7598763, 53.9990213], [34.7624362, 53.9949565], [34.7588002, 53.9850421], [34.7237375, 53.9685999], [34.7194543, 53.969729]]]}}, {"type": "Feature", "properties": {"rda_code": "KG-29", "rda_name": "HVASTOVICHSKY AREA", "osm_name": "Хвастовичский муниципальный округ", "match_score": 1.0, "match_reason": "alias:khvastovichskii"}, "geometry": {"type": "MultiPolygon", "coordinates": [[[[34.6822379, 53.4473982], [34.6810097, 53.4471306], [34.6798767, 53.4459993], [34.6815202, 53.4416798], [34.687005, 53.442243], [34.6886942, 53.4428723], [34.690429, 53.4443562], [34.690997, 53.445484], [34.6923007, 53.4459099], [34.6944808, 53.4459592], [34.695766, 53.4466781], [34.6978008, 53.4464372], [34.706896, 53.4473374], [34.7064096, 53.448053], [34.7096444, 53.450133], [34.7091488, 53.451098], [34.699927, 53.4506475], [34.69934, 53.4489774], [34.6964704, 53.4493037], [34.6962226, 53.4478744], [34.6914878, 53.4465072], [34.6887356, 53.4475287], [34.6824267, 53.446951], [34.6822379, 53.4473982]]], [[[34.6703068, 53.4096243], [34.6735049, 53.3807509], [34.673935, 53.3806274], [34.6823833, 53.3814615], [34.690654, 53.3787664], [34.7011476, 53.3783989], [34.7149414, 53.3816028], [34.7249392, 53.3825975], [34.728868, 53.3824085], [34.7295286, 53.3828405], [34.7304673, 53.3822965], [34.731934, 53.3831144], [34.7335789, 53.3833318], [34.7341741, 53.3828689], [34.7367333, 53.3827022], [34.7374904, 53.3817964], [34.7412379, 53.3804943], [34.7497713, 53.3821111], [34.7511056, 53.3815176], [34.7544375, 53.3818793], [34.7559674, 53.3813929], [34.7605728, 53.3827406], [34.7628646, 53.3824698], [34.7648117, 53.383786], [34.7672333, 53.3839186], [34.7694344, 53.38276], [34.7725852, 53.3826806], [34.7736638, 53.381909], [34.7777121, 53.3821449], [34.7783065, 53.3809629], [34.7800613, 53.3810848], [34.7815769, 53.3805439], [34.7825391, 53.381249], [34.7838145, 53.381001], [34.7844068, 53.3815066], [34.7853484, 53.3811596], [34.7865397, 53.3814245], [34.7876477, 53.381904], [34.7884636, 53.3833782], [34.7913669, 53.3831702], [34.7918528, 53.3836478], [34.7915891, 53.383981], [34.7935411, 53.3842188], [34.7945144, 53.3846691], [34.7944345, 53.385094], [34.7959037, 53.3855852], [34.8001204, 53.3860566], [34.8020668, 53.3853861], [34.80513, 53.3862672], [34.8063392, 53.3860458], [34.8061103, 53.3847953], [34.809665, 53.3797385], [34.8229786, 53.3792994], [34.8325505, 53.3774872], [34.8375391, 53.3777803], [34.8381065, 53.3782924], [34.8395713, 53.3784677], [34.8400597, 53.3789005], [34.8395314, 53.3799433], [34.8412497, 53.3811583], [34.8412513, 53.3821304], [34.8418805, 53.3825591], [34.8413774, 53.3833659], [34.8448214, 53.3847883], [34.8451167, 53.3854789], [34.8464925, 53.3855582], [34.8466316, 53.3863935], [34.8491382, 53.3866567], [34.8500317, 53.3873359], [34.852448, 53.3866718], [34.8538271, 53.387994], [34.856818, 53.387426], [34.8577122, 53.3889263], [34.8607383, 53.3895721], [34.8605842, 53.3890109], [34.8617035, 53.3884142], [34.861948, 53.3848695], [34.85977, 53.3827588], [34.8604658, 53.3807698], [34.8616453, 53.3796486], [34.8654709, 53.3781854], [34.8652187, 53.377022], [34.8577915, 53.3755463], [34.8602172, 53.3715859], [34.8646685, 53.3709435], [34.8598997, 53.3621242], [34.8674144, 53.3613125], [34.8707994, 53.3533575], [34.868976, 53.3503086], [34.8683651, 53.3481851], [34.8638735, 53.3469195], [34.8631189, 53.3440021], [34.8563994, 53.3428651], [34.8639094, 53.3419641], [34.8712757, 53.3476059], [34.8772047, 53.3443024], [34.9064634, 53.3461953], [34.902728, 53.3660531], [34.902728, 53.3682538], [34.9009618, 53.3675099], [34.8985723, 53.3674014], [34.8956115, 53.3658362], [34.8906767, 53.3663941], [34.8911919, 53.3681138], [34.8937073, 53.3690992], [34.8949269, 53.370979], [34.8991448, 53.3732529], [34.9015332, 53.3723434], [34.9051633, 53.3718509], [34.9064182, 53.3735578], [34.9074141, 53.3739144], [34.9112168, 53.3728911], [34.9123668, 53.37396], [34.9138823, 53.3738856], [34.9134495, 53.3743023], [34.9140423, 53.3748655], [34.9160019, 53.374993], [34.9167108, 53.3746632], [34.9171509, 53.3732897], [34.9204183, 53.3727092], [34.9200281, 53.3720582], [34.9208511, 53.3716763], [34.9222836, 53.3722109], [34.924728, 53.3716472], [34.9262702, 53.3726401], [34.9280136, 53.3724655], [34.9301837, 53.3714799], [34.9313663, 53.3716836], [34.9308238, 53.3720327], [34.9320307, 53.3725092], [34.9343471, 53.3724801], [34.9349811, 53.3734365], [34.9359198, 53.3733965], [34.9361027, 53.3725928], [34.9381997, 53.372691], [34.9391933, 53.3738548], [34.9402977, 53.373809], [34.9420593, 53.3749073], [34.9415595, 53.3751655], [34.9433273, 53.3757619], [34.944711, 53.3755655], [34.9454669, 53.3760019], [34.945729, 53.3756455], [34.9466584, 53.3761082], [34.9485312, 53.374981], [34.9500906, 53.3754856], [34.9533424, 53.3751233], [34.9541441, 53.3755339], [34.9550411, 53.3746257], [34.9577854, 53.3746306], [34.9572681, 53.3742658], [34.9580148, 53.3744716], [34.9588878, 53.3756365], [34.9598817, 53.3753344], [34.9629248, 53.3764039], [34.9682784, 53.3742211], [34.9710091, 53.3746953], [34.9709041, 53.3741915], [34.9722486, 53.3737604], [34.9744891, 53.3741669], [34.9761531, 53.3733017], [34.977517, 53.3742766], [34.9802595, 53.3737617], [34.9813338, 53.3730925], [34.9827729, 53.373791], [34.9835651, 53.3735631], [34.9832245, 53.3730488], [34.9849906, 53.3716902], [34.9874307, 53.3712691], [34.9904481, 53.3692683], [34.9937116, 53.3698187], [34.9960105, 53.3690912], [34.9969573, 53.3701945], [34.9982227, 53.3695099], [35.0016732, 53.3699839], [35.0025376, 53.3683054], [35.004707, 53.3682235], [35.0077588, 53.3668552], [35.0098967, 53.3668038], [35.0097909, 53.3658995], [35.0087102, 53.3654237], [35.0083043, 53.3644444], [35.0102392, 53.3633142], [35.0151114, 53.3623268], [35.0215803, 53.3628333], [35.0239968, 53.361912], [35.0243699, 53.3614036], [35.0241534, 53.3602923], [35.0190002, 53.3548781], [35.0208168, 53.3521704], [35.0239101, 53.3504478], [35.0238503, 53.3486628], [35.0206016, 53.3468924], [35.0196708, 53.345183], [35.0202713, 53.3441473], [35.0233795, 53.342481], [35.0238068, 53.3413604], [35.0235275, 53.3402685], [35.0239048, 53.3377064], [35.0251406, 53.3368831], [35.0272377, 53.3370385], [35.0282741, 53.3366004], [35.0304791, 53.3344864], [35.0667263, 53.3338143], [35.0665122, 53.3249203], [35.0842945, 53.3247968], [35.0828769, 53.3220255], [35.0815188, 53.3222004], [35.0795701, 53.3205617], [35.0789078, 53.3206782], [35.0787559, 53.3201134], [35.0793788, 53.3197237], [35.0789002, 53.3194098], [35.079393, 53.3189478], [35.0791207, 53.3186112], [35.0800352, 53.3180429], [35.0799307, 53.3170256], [35.0786492, 53.3166321], [35.0790872, 53.3161704], [35.0788678, 53.3152083], [35.0783937, 53.3152681], [35.076208, 53.313545], [35.0768236, 53.3129901], [35.0757367, 53.3112507], [35.07646, 53.3106626], [35.0756539, 53.3106189], [35.0760079, 53.3098423], [35.0745297, 53.3088157], [35.0752931, 53.3086189], [35.0749848, 53.308291], [35.0756884, 53.306901], [35.075436, 53.3065006], [35.076996, 53.3048312], [35.0774877, 53.3032179], [35.0828668, 53.3003721], [35.0827027, 53.2989796], [35.0889586, 53.2960249], [35.0935734, 53.2948001], [35.0953569, 53.2949006], [35.096031, 53.2937308], [35.0989437, 53.2932767], [35.1027439, 53.2915901], [35.1051302, 53.2913382], [35.1076964, 53.2919441], [35.110998, 53.2902054], [35.1187979, 53.2880131], [35.1201064, 53.2861364], [35.1315751, 53.2825959], [35.1366767, 53.2797174], [35.1410996, 53.2791226], [35.1446499, 53.279109], [35.1451556, 53.2794874], [35.146912, 53.2787941], [35.1528834, 53.2779238], [35.1540798, 53.2771835], [35.1588387, 53.2773047], [35.1600356, 53.2769065], [35.1580675, 53.2814409], [35.1613413, 53.2811923], [35.1646762, 53.2824537], [35.1667193, 53.2827145], [35.1749886, 53.2818072], [35.1791029, 53.2822771], [35.1798656, 53.2836468], [35.1785361, 53.285006], [35.1852882, 53.287291], [35.1871473, 53.2883689], [35.1967482, 53.2903748], [35.2020052, 53.2909752], [35.2024457, 53.2904876], [35.19988, 53.2887754], [35.1991483, 53.2863787], [35.194419, 53.2841621], [35.1881096, 53.2823333], [35.187199, 53.281246], [35.1885761, 53.2803665], [35.1920739, 53.2802188], [35.2002172, 53.282365], [35.2047215, 53.2824893], [35.2110355, 53.2813992], [35.2383809, 53.2803512], [35.2493387, 53.285652], [35.2494167, 53.286557], [35.2512453, 53.287966], [35.2557236, 53.2899142], [35.248686, 53.3104869], [35.250877, 53.3109], [35.2490713, 53.3157496], [35.2474435, 53.3194654], [35.2398339, 53.3274709], [35.2668241, 53.3191397], [35.3062115, 53.3347658], [35.3068888, 53.333934], [35.3788117, 53.3342776], [35.3835638, 53.3373935], [35.3832901, 53.3506332], [35.3841617, 53.397573], [35.4140562, 53.3975829], [35.414289, 53.4066846], [35.4218543, 53.4119815], [35.4261093, 53.4141848], [35.4358088, 53.4152363], [35.4431357, 53.413764], [35.450167, 53.4140088], [35.4574806, 53.4153877], [35.4637842, 53.4181182], [35.4626835, 53.4212257], [35.4663476, 53.4256999], [35.4654095, 53.4285996], [35.4657516, 53.4329066], [35.4503819, 53.4335155], [35.439237, 53.43513], [35.4384088, 53.4358356], [35.4384254, 53.4368287], [35.4376076, 53.4366699], [35.4364612, 53.437284], [35.4430807, 53.4403157], [35.4402809, 53.4442322], [35.4580652, 53.4452489], [35.4784634, 53.4497738], [35.4802719, 53.445975], [35.4940531, 53.4463482], [35.5285021, 53.4439652], [35.5440128, 53.4568403], [35.5439379, 53.4479694], [35.5388325, 53.4438889], [35.538114, 53.4422937], [35.5373929, 53.4419018], [35.5374273, 53.4412347], [35.5355655, 53.4404826], [35.5354006, 53.439687], [35.5337013, 53.4388394], [35.5333332, 53.4378797], [35.5371203, 53.4362203], [35.5372821, 53.4356008], [35.5360453, 53.4352973], [35.5325655, 53.4357096], [35.5321704, 53.4336525], [35.5285098, 53.4307136], [35.5288261, 53.4301854], [35.5220723, 53.428809], [35.5150385, 53.429048], [35.5076637, 53.4321962], [35.5050391, 53.4316032], [35.5057304, 53.4303391], [35.5036366, 53.4264991], [35.5025456, 53.4269821], [35.5002135, 53.4254993], [35.5022967, 53.4244542], [35.5018198, 53.4236723], [35.501566, 53.4221965], [35.5038972, 53.4221606], [35.5040274, 53.4226805], [35.5020297, 53.423703], [35.5051361, 53.4225518], [35.5126159, 53.4247279], [35.5136564, 53.4256617], [35.5137333, 53.4271852], [35.5160094, 53.4274377], [35.5168347, 53.4284103], [35.5210509, 53.4283063], [35.5218248, 53.4276495], [35.519559, 53.4269013], [35.5193961, 53.4263846], [35.5223555, 53.4261274], [35.5263304, 53.4273002], [35.5282061, 53.4290236], [35.5311373, 53.4288324], [35.5353221, 53.4341493], [35.5402112, 53.4345959], [35.5410295, 53.4368646], [35.5432005, 53.4379439], [35.5435793, 53.4385907], [35.5423356, 53.4402676], [35.5395845, 53.4409579], [35.5404793, 53.4416748], [35.543543, 53.4426275], [35.54335, 53.4431654], [35.5412917, 53.4434486], [35.5412545, 53.4440381], [35.5441537, 53.4454009], [35.544064, 53.4471299], [35.5456643, 53.4484051], [35.5496404, 53.4503802], [35.5517938, 53.4508884], [35.5521664, 53.4525646], [35.5543133, 53.4531787], [35.5542916, 53.4547864], [35.5558054, 53.4550936], [35.5560152, 53.4581219], [35.5551826, 53.4585558], [35.5550373, 53.4591575], [35.5559969, 53.4609409], [35.5541065, 53.4616318], [35.5533145, 53.4637526], [35.5523619, 53.4646063], [35.5539187, 53.4660706], [35.5519707, 53.4657079], [35.5545998, 53.4673948], [35.5523128, 53.4677641], [35.5508639, 53.4676412], [35.5504593, 53.4671975], [35.5492156, 53.4673979], [35.548912, 53.4683102], [35.5481738, 53.4685524], [35.5485235, 53.4694919], [35.546927, 53.4695057], [35.5478789, 53.4698246], [35.5477662, 53.4705695], [35.5501064, 53.4711399], [35.5494252, 53.4714945], [35.5494032, 53.47306], [35.5510399, 53.4726313], [35.5514342, 53.4734608], [35.5522925, 53.4736487], [35.5511346, 53.474285], [35.5509793, 53.4755029], [35.551458, 53.4755965], [35.5520112, 53.474849], [35.5539898, 53.4754454], [35.5538998, 53.4767571], [35.5545308, 53.4771829], [35.5556303, 53.4772744], [35.5559554, 53.4763548], [35.5567675, 53.4764756], [35.5571421, 53.4775379], [35.555899, 53.4790986], [35.5567918, 53.4787528], [35.5571861, 53.4794585], [35.5547096, 53.4795724], [35.5545959, 53.4804725], [35.5559191, 53.4805008], [35.5569631, 53.4813937], [35.5558521, 53.4817874], [35.5557281, 53.4829932], [35.558377, 53.4829422], [35.5584829, 53.4822572], [35.5599495, 53.4828402], [35.5597629, 53.4838608], [35.5582074, 53.4836071], [35.5586402, 53.4853163], [35.5635751, 53.4873736], [35.5652859, 53.4865468], [35.5670371, 53.4869782], [35.5670989, 53.4873776], [35.5663023, 53.4877049], [35.5677079, 53.48887], [35.5660134, 53.4890426], [35.567395, 53.4896918], [35.5708617, 53.4901494], [35.5733097, 53.4897805], [35.5757326, 53.4903423], [35.5760454, 53.4907642], [35.5754676, 53.4925477], [35.5734281, 53.492525], [35.5783903, 53.4927573], [35.5793734, 53.4933492], [35.5784882, 53.4946947], [35.5761806, 53.4949036], [35.5760585, 53.4955093], [35.5797312, 53.4956763], [35.5802029, 53.4961587], [35.5791694, 53.4967369], [35.5794823, 53.4971725], [35.5814713, 53.4963614], [35.5828222, 53.4970113], [35.584274, 53.4967521], [35.5842025, 53.4974799], [35.5833928, 53.4980119], [35.5814081, 53.4971863], [35.5804828, 53.4975833], [35.580849, 53.4981879], [35.5831271, 53.4986469], [35.5849741, 53.4980154], [35.5855565, 53.4982656], [35.5846636, 53.4991624], [35.5848783, 53.4999102], [35.5845288, 53.5000827], [35.5806785, 53.4989587], [35.5810639, 53.5008546], [35.5807847, 53.5015349], [35.5817429, 53.501814], [35.5806116, 53.5023308], [35.5814125, 53.5032181], [35.5797242, 53.5027787], [35.5788933, 53.5030187], [35.5788645, 53.5040951], [35.5801954, 53.506021], [35.5785236, 53.5075119], [35.5790248, 53.5077994], [35.5810966, 53.5073877], [35.5809136, 53.5080437], [35.5819021, 53.5090764], [35.5814766, 53.5098563], [35.5842077, 53.5111244], [35.5846107, 53.5117224], [35.5838901, 53.5133606], [35.5758047, 53.5172883], [35.5630459, 53.5169262], [35.5526559, 53.5129379], [35.5402789, 53.5118665], [35.5378944, 53.5122768], [35.5356501, 53.5141167], [35.5377227, 53.5148411], [35.5382495, 53.5161921], [35.5339267, 53.5195322], [35.533991, 53.5211535], [35.5456799, 53.5222292], [35.5511242, 53.5231901], [35.555454, 53.5301832], [35.5572565, 53.5349548], [35.5554731, 53.5350481], [35.5555047, 53.5360742], [35.5534193, 53.5399691], [35.5515728, 53.5397858], [35.5514104, 53.5426453], [35.5532656, 53.543051], [35.5459682, 53.5439017], [35.5442795, 53.5459476], [35.5463029, 53.5471684], [35.5456448, 53.5483543], [35.5454714, 53.5505288], [35.5490355, 53.5529496], [35.548686, 53.5544086], [35.5276051, 53.5562733], [35.5156456, 53.5520519], [35.5108807, 53.5521881], [35.4998559, 53.5527368], [35.4999904, 53.5562131], [35.4892224, 53.5562384], [35.48152, 53.5449368], [35.5026599, 53.5401449], [35.5085423, 53.5382216], [35.5106337, 53.533138], [35.5107654, 53.5289613], [35.5124123, 53.5259454], [35.5107402, 53.5235441], [35.4784779, 53.5300648], [35.4617971, 53.5390293], [35.4586736, 53.5389777], [35.4484455, 53.5332418], [35.4454474, 53.5344676], [35.4441631, 53.5376056], [35.4446629, 53.5433488], [35.4490684, 53.5466429], [35.4510545, 53.547098], [35.4617196, 53.5524504], [35.4609181, 53.5530899], [35.459553, 53.5560525], [35.45614, 53.5585578], [35.453281, 53.5625599], [35.4535913, 53.5655455], [35.4546555, 53.5666763], [35.4565483, 53.5679147], [35.4573884, 53.5690519], [35.459282, 53.5693474], [35.4643424, 53.5721236], [35.4724072, 53.5706837], [35.4770427, 53.5688451], [35.4815649, 53.5726201], [35.4860456, 53.574915], [35.4912175, 53.5798111], [35.4734899, 53.5820048], [35.4723792, 53.5841985], [35.4758126, 53.5878507], [35.4765051, 53.5910812], [35.4647072, 53.5887761], [35.4502894, 53.5894555], [35.4499491, 53.5900594], [35.4365378, 53.5882047], [35.4313026, 53.5838771], [35.4281643, 53.5801171], [35.4336576, 53.576965], [35.3597586, 53.5369569], [35.3577881, 53.5365238], [35.3539664, 53.5370077], [35.3473769, 53.5368141], [35.3414785, 53.5375633], [35.3367872, 53.5444389], [35.33512, 53.54998], [35.3351786, 53.5511125], [35.3372725, 53.5533479], [35.3370821, 53.5580915], [35.3385407, 53.5610697], [35.3331616, 53.5612829], [35.3301759, 53.5561427], [35.3178501, 53.5563676], [35.3199838, 53.557078], [35.3209768, 53.5585126], [35.3224877, 53.5628129], [35.3244121, 53.5634859], [35.3305449, 53.5682241], [35.3340622, 53.5697483], [35.3370505, 53.5723044], [35.3356417, 53.5735023], [35.337728, 53.5751531], [35.3390395, 53.581066], [35.3381896, 53.581116], [35.3404014, 53.5817299], [35.3398986, 53.5814936], [35.3401715, 53.5812711], [35.3408839, 53.5818766], [35.339746, 53.582901], [35.3408131, 53.5834467], [35.3406915, 53.5841131], [35.3374082, 53.5856225], [35.3380349, 53.5865537], [35.3393332, 53.5864209], [35.3387967, 53.5884552], [35.3391582, 53.5894565], [35.3371199, 53.5949191], [35.3355311, 53.5966369], [35.3359177, 53.5977032], [35.334064, 53.5981908], [35.3355349, 53.5987494], [35.3354181, 53.6022071], [35.3337727, 53.6018869], [35.3336648, 53.6009346], [35.3311073, 53.6004681], [35.3311497, 53.6014116], [35.3307524, 53.6016328], [35.3293496, 53.6019433], [35.3270279, 53.6014467], [35.3254012, 53.6020481], [35.3252913, 53.6024418], [35.3258374, 53.6031465], [35.3267391, 53.6033044], [35.326642, 53.6036806], [35.3257877, 53.6038444], [35.3248464, 53.6033295], [35.323981, 53.6041703], [35.3225745, 53.6036406], [35.3197712, 53.6051377], [35.3231492, 53.6084986], [35.3247861, 53.6120445], [35.329165, 53.613486], [35.3302341, 53.6151652], [35.3299004, 53.6156206], [35.327173, 53.6153943], [35.3267772, 53.6158751], [35.3319443, 53.6162557], [35.3323258, 53.6167366], [35.3317536, 53.617421], [35.329894, 53.6176869], [35.3325737, 53.6184166], [35.3318299, 53.6188861], [35.3277102, 53.6183657], [35.328845, 53.6195196], [35.3299989, 53.6193443], [35.3313245, 53.6198421], [35.331601, 53.6203172], [35.3311147, 53.6210355], [35.3320015, 53.6211091], [35.3310288, 53.6227607], [35.3283873, 53.6229812], [35.3274145, 53.625023], [35.3279486, 53.6258374], [35.3292837, 53.6245479], [35.3306283, 53.6245196], [35.3307523, 53.6273814], [35.3284922, 53.6301807], [35.3272143, 53.6331155], [35.3247558, 53.6357828], [35.3254031, 53.6370942], [35.3249716, 53.637606], [35.3220776, 53.6395757], [35.3193515, 53.6389131], [35.3184595, 53.6411546], [35.3203859, 53.643887], [35.3198607, 53.6447617], [35.320153, 53.6456595], [35.3185078, 53.645829], [35.3151867, 53.6438393], [35.3139279, 53.6469823], [35.3106284, 53.6474006], [35.3093314, 53.6459987], [35.3070618, 53.6463492], [35.3066422, 53.6470049], [35.3078056, 53.6484407], [35.3096438, 53.6483504], [35.3101897, 53.648772], [35.3096629, 53.649967], [35.3086257, 53.6508294], [35.3029421, 53.6486363], [35.305039, 53.6473177], [35.3052008, 53.6455429], [35.3046074, 53.6450793], [35.2994826, 53.6432884], [35.2994796, 53.6423682], [35.29618, 53.6415088], [35.2926297, 53.6412491], [35.2927278, 53.6409322], [35.2915453, 53.6405138], [35.2921747, 53.6392926], [35.289886, 53.6388177], [35.2904772, 53.6381731], [35.2906489, 53.6369858], [35.2902293, 53.6366126], [35.2856137, 53.6354139], [35.2831539, 53.6365584], [35.27953, 53.6394984], [35.2692308, 53.6369428], [35.266141, 53.638526], [35.2582559, 53.6371587], [35.2552889, 53.6401651], [35.2555586, 53.6417642], [35.2580401, 53.6429155], [35.2595506, 53.6463372], [35.2592269, 53.6491511], [35.2549559, 53.6513274], [35.2478609, 53.6530908], [35.2466402, 53.6550351], [35.2316872, 53.6562558], [35.2294062, 53.6557053], [35.2278957, 53.6561209], [35.2227612, 53.656075], [35.2182528, 53.6582529], [35.2143811, 53.658818], [35.2133321, 53.6595414], [35.2055886, 53.6618921], [35.2012018, 53.6654859], [35.1993899, 53.668955], [35.1972156, 53.6709098], [35.191532, 53.6727967], [35.1870689, 53.6754292], [35.1854668, 53.6769205], [35.182091, 53.6779711], [35.1764645, 53.6788071], [35.1744428, 53.6811229], [35.1740995, 53.6828174], [35.1745954, 53.6859123], [35.1733747, 53.6879454], [35.16977, 53.6911416], [35.1682251, 53.6914127], [35.1649446, 53.6930954], [35.1632662, 53.6984819], [35.1639147, 53.6991933], [35.1646013, 53.7021289], [35.1628466, 53.7050531], [35.1667756, 53.7097043], [35.1655931, 53.7112847], [35.1622935, 53.7114315], [35.1609965, 53.7121088], [35.1597568, 53.7140051], [35.1607486, 53.7151564], [35.1594135, 53.7161497], [35.1587269, 53.7174364], [35.1597296, 53.7194649], [35.0907339, 53.7178233], [35.0928398, 53.7125595], [35.0922099, 53.7118506], [35.0925417, 53.7106097], [35.0913524, 53.7095117], [35.090864, 53.7075168], [35.091377, 53.7047131], [35.0953457, 53.7018324], [35.0967494, 53.6989092], [35.0992619, 53.6974448], [35.100098, 53.6964111], [35.1043948, 53.6946716], [35.1050451, 53.6940138], [35.1043342, 53.6917038], [35.1046721, 53.6907934], [35.1030481, 53.6876095], [35.1030353, 53.6861742], [35.1042162, 53.6849675], [35.1042581, 53.6841103], [35.0920817, 53.6829133], [35.0897454, 53.6823662], [35.0866725, 53.6807704], [35.0687582, 53.6760932], [35.0663428, 53.6763111], [35.061415, 53.6782346], [35.058752, 53.6832921], [35.0600535, 53.6872939], [35.0589222, 53.689799], [35.0463299, 53.6880823], [35.0495403, 53.6862851], [35.0506117, 53.6833026], [35.051182, 53.6747007], [35.0534514, 53.674785], [35.0525085, 53.66962], [35.0419624, 53.665688], [35.0436573, 53.6628203], [35.0365685, 53.658797], [35.0327241, 53.6576471], [35.0371237, 53.6548318], [35.0370579, 53.6538273], [35.0294855, 53.6511844], [35.024795, 53.6508147], [35.0181717, 53.6517013], [35.0188485, 53.654269], [35.0135692, 53.6566266], [35.006078, 53.6520538], [35.0002767, 53.6555065], [34.9984887, 53.6557382], [34.9915231, 53.6495447], [34.9812184, 53.6494991], [34.9817396, 53.6455469], [34.9787821, 53.6397089], [34.9763484, 53.6387517], [34.9739649, 53.6389381], [34.9736771, 53.6350416], [34.971978, 53.6300749], [34.9681266, 53.6259503], [34.967673, 53.624852], [34.9709288, 53.6240441], [34.9731544, 53.6228838], [34.9668131, 53.6151304], [34.9620836, 53.6072042], [34.9572552, 53.5976486], [34.9425225, 53.581292], [34.9576101, 53.5806048], [34.9562053, 53.5797022], [34.9540797, 53.577158], [34.9535272, 53.5749402], [34.9536619, 53.5733158], [34.9528697, 53.572409], [34.9524187, 53.5705397], [34.9513799, 53.5695744], [34.9515433, 53.5685191], [34.9506665, 53.5669351], [34.9506407, 53.5657736], [34.9476965, 53.5661837], [34.9398056, 53.5588783], [34.9488278, 53.5541422], [34.9476171, 53.5517294], [34.94492, 53.5526036], [34.9425194, 53.5502387], [34.9399576, 53.5488233], [34.9285459, 53.5437701], [34.9235095, 53.5364258], [34.9218874, 53.5359128], [34.9206934, 53.5367959], [34.9201765, 53.5361603], [34.9199567, 53.5366614], [34.9161173, 53.5368058], [34.9149923, 53.5373843], [34.9151167, 53.5378256], [34.9142426, 53.5379226], [34.9138494, 53.538693], [34.91073, 53.539088], [34.9085271, 53.5385551], [34.9057893, 53.5395325], [34.9059674, 53.5400153], [34.9050698, 53.5405326], [34.9053783, 53.5407063], [34.9045766, 53.5415531], [34.9016266, 53.5420458], [34.9017575, 53.542894], [34.9011881, 53.5431273], [34.9012053, 53.5437533], [34.900257, 53.5435029], [34.8996669, 53.5438679], [34.9014694, 53.5451859], [34.8987228, 53.546557], [34.8985334, 53.5471027], [34.8975251, 53.5472603], [34.8982686, 53.5474022], [34.8980463, 53.5477699], [34.8971306, 53.5477112], [34.8971651, 53.5481594], [34.8955295, 53.5480211], [34.8944056, 53.5485784], [34.894691, 53.5489478], [34.8935422, 53.5499303], [34.8948244, 53.550789], [34.8935578, 53.5513464], [34.8935821, 53.5519441], [34.8927297, 53.5524057], [34.8933912, 53.5526871], [34.8932497, 53.553094], [34.8924621, 53.5533844], [34.8818207, 53.5540705], [34.8750042, 53.5534538], [34.8602698, 53.5469086], [34.8307504, 53.5463662], [34.8130422, 53.5340937], [34.8002305, 53.5333847], [34.7992776, 53.5337222], [34.7977658, 53.5332056], [34.7942355, 53.5330269], [34.7860295, 53.5249022], [34.7728757, 53.5196929], [34.7740159, 53.513008], [34.7718327, 53.5097037], [34.7712474, 53.5053636], [34.7752191, 53.5051008], [34.77647, 53.5035752], [34.7782965, 53.5023446], [34.7783114, 53.5016872], [34.7803856, 53.5014085], [34.7809738, 53.5004028], [34.7833206, 53.5003707], [34.7830082, 53.4984273], [34.7846622, 53.4971436], [34.7741068, 53.4965987], [34.7647314, 53.4977683], [34.7593362, 53.4893916], [34.7609846, 53.4790457], [34.7474143, 53.4742216], [34.7472917, 53.4716751], [34.74511, 53.4705537], [34.7400828, 53.4704878], [34.7372351, 53.4601097], [34.7330695, 53.4586978], [34.7336194, 53.4577891], [34.727439, 53.4552238], [34.7203274, 53.4639091], [34.7128995, 53.460553], [34.7153047, 53.441486], [34.7153198, 53.4359281], [34.7084006, 53.4287232], [34.7050357, 53.4286593], [34.7044118, 53.427312], [34.6949552, 53.425428], [34.6914344, 53.4266283], [34.6920619, 53.4290739], [34.6914141, 53.4293939], [34.6901419, 53.4287797], [34.6879643, 53.4290151], [34.685618, 53.4307406], [34.681298, 53.4311257], [34.6784736, 53.4334025], [34.6737983, 53.4345087], [34.6708914, 53.4344025], [34.6696583, 53.4348695], [34.6666469, 53.4328022], [34.666881, 53.4318229], [34.6694341, 53.431436], [34.6764732, 53.4292008], [34.6771826, 53.4280638], [34.6769333, 53.4263046], [34.6745219, 53.4248554], [34.6699314, 53.4256767], [34.6700225, 53.4239572], [34.6692933, 53.4227214], [34.6696302, 53.4223087], [34.6678697, 53.4216919], [34.6661156, 53.4198442], [34.6639507, 53.4197864], [34.6632109, 53.4254447], [34.6625872, 53.4257638], [34.6601616, 53.4244807], [34.6608528, 53.4216365], [34.6525769, 53.4178899], [34.6527173, 53.4172893], [34.6520211, 53.4161271], [34.6573589, 53.4131744], [34.6655929, 53.4140641], [34.6703068, 53.4096243]]]]}}, {"type": "Feature", "properties": {"rda_code": "KG-25", "rda_name": "SUKHINICHSKY AREA / incl. SUHINIChI/", "osm_name": "Сухиничский муниципальный округ", "match_score": 1.0, "match_reason": "alias:sukhinichsky"}, "geometry": {"type": "Polygon", "coordinates": [[[34.7322067, 54.2509926], [34.7325934, 54.2484803], [34.7307702, 54.2467719], [34.7429581, 54.2409699], [34.7422279, 54.2397928], [34.74863, 54.2333575], [34.732814, 54.2279697], [34.7250619, 54.2205348], [34.7160543, 54.2189156], [34.718443, 54.216069], [34.7263527, 54.2134881], [34.7365072, 54.2075502], [34.7376356, 54.2053231], [34.734602, 54.204059], [34.7351404, 54.2027339], [34.7311625, 54.2016078], [34.7336218, 54.2006051], [34.7417415, 54.1957149], [34.7583688, 54.2023479], [34.763015, 54.2037083], [34.7778837, 54.2054564], [34.7846908, 54.2085427], [34.7909156, 54.2079925], [34.793919, 54.2087884], [34.7989505, 54.2092416], [34.8009169, 54.2083568], [34.8021724, 54.2038157], [34.8052719, 54.2004234], [34.8071635, 54.1975029], [34.8125315, 54.1938765], [34.8153175, 54.1947774], [34.8102092, 54.1817107], [34.7954716, 54.1704541], [34.7940285, 54.1653667], [34.7939379, 54.1589719], [34.7951095, 54.1512837], [34.7968367, 54.1453333], [34.7963625, 54.1436274], [34.8015439, 54.1435679], [34.8073544, 54.1449114], [34.8121026, 54.148444], [34.8138139, 54.1515657], [34.8205859, 54.1561159], [34.8224434, 54.1550523], [34.8318039, 54.1549028], [34.8337681, 54.1531588], [34.8369649, 54.1515952], [34.8436026, 54.1469797], [34.8470568, 54.1434023], [34.8496534, 54.1441785], [34.8511544, 54.1455448], [34.8511485, 54.1466436], [34.8563836, 54.1487588], [34.8713876, 54.1524819], [34.8890858, 54.159716], [34.8899323, 54.160629], [34.8966946, 54.1580043], [34.9182388, 54.1553987], [34.9273669, 54.1531286], [34.930841, 54.1515865], [34.9355328, 54.1524125], [34.9584375, 54.1464741], [34.9675277, 54.1458111], [34.9695183, 54.1437812], [34.9787888, 54.1403525], [34.9797844, 54.1377441], [34.9958091, 54.1357228], [35.008094, 54.1272143], [35.0062927, 54.1252278], [35.0025917, 54.1244562], [34.9953795, 54.121205], [34.9922326, 54.1171574], [34.9964701, 54.1167048], [34.9997383, 54.1155722], [35.0066492, 54.11505], [35.0093672, 54.1132463], [35.0097635, 54.1118085], [35.0181953, 54.109951], [35.0285572, 54.1089645], [35.0408605, 54.11052], [35.0512839, 54.106282], [35.0588928, 54.1120892], [35.0702391, 54.114956], [35.0828533, 54.1103186], [35.0822777, 54.109496], [35.0823442, 54.1078831], [35.0854844, 54.1051403], [35.0942315, 54.1029147], [35.0955702, 54.1020239], [35.1020226, 54.1001104], [35.1037552, 54.0934249], [35.0865078, 54.0884716], [35.0891963, 54.0853173], [35.088179, 54.0816608], [35.0910085, 54.0796825], [35.0919196, 54.0771101], [35.1094987, 54.0653761], [35.1152113, 54.0661983], [35.1166492, 54.0654126], [35.1182175, 54.0655889], [35.1211728, 54.0646533], [35.1211528, 54.0641091], [35.1231468, 54.0617848], [35.1235228, 54.0593108], [35.1251989, 54.0571634], [35.1243774, 54.0555218], [35.1219539, 54.0538546], [35.1214572, 54.0525013], [35.1219893, 54.0519966], [35.1229938, 54.0486675], [35.1222623, 54.0474507], [35.1235677, 54.0450557], [35.1267614, 54.041694], [35.1281863, 54.0417558], [35.1312636, 54.0429042], [35.1329654, 54.0444236], [35.1384391, 54.0455884], [35.1542143, 54.0472385], [35.1561009, 54.0507271], [35.1550775, 54.0518355], [35.1535577, 54.0512905], [35.1486914, 54.0514841], [35.1479197, 54.0526671], [35.1512145, 54.0536084], [35.1580955, 54.057489], [35.160507, 54.0581741], [35.161323, 54.0561741], [35.1717126, 54.0551091], [35.173268, 54.0560567], [35.1772167, 54.0560207], [35.1805075, 54.0536526], [35.184488, 54.054514], [35.1848242, 54.0511374], [35.1885156, 54.0512727], [35.1902732, 54.0487226], [35.1904499, 54.0484077], [35.1863989, 54.044215], [35.1881517, 54.0429869], [35.1925416, 54.0418502], [35.194464, 54.0408628], [35.1919159, 54.0394036], [35.1910857, 54.0379017], [35.1944522, 54.0369776], [35.1910039, 54.0335125], [35.1864195, 54.0305362], [35.1848403, 54.0247444], [35.1850273, 54.0231851], [35.181881, 54.0207499], [35.1844853, 54.0196858], [35.1874272, 54.0207402], [35.1926582, 54.0228092], [35.2046447, 54.029202], [35.2098135, 54.0293174], [35.2138022, 54.028648], [35.2170904, 54.0292529], [35.2225036, 54.0311399], [35.2251889, 54.0279701], [35.2223322, 54.026162], [35.2227157, 54.0249277], [35.2173066, 54.0237873], [35.2129708, 54.0219494], [35.2187614, 54.0200201], [35.2254366, 54.0190659], [35.2337311, 54.0191166], [35.237807, 54.016223], [35.244955, 54.0142782], [35.2423644, 54.006893], [35.2481226, 54.0054781], [35.2406398, 54.0008485], [35.2382203, 54.0003496], [35.231293, 54.0006506], [35.2233999, 53.9995446], [35.2202863, 53.9988133], [35.2183028, 53.9975823], [35.2162219, 53.9969995], [35.2152496, 53.9955961], [35.2201651, 53.9925764], [35.2289661, 53.9917447], [35.2271679, 53.9771013], [35.2232566, 53.9706015], [35.2311156, 53.97377], [35.2331918, 53.9729255], [35.2396143, 53.9728684], [35.2444457, 53.9715331], [35.2467126, 53.971436], [35.2471557, 53.9718994], [35.2475942, 53.9714903], [35.2491195, 53.9719453], [35.2500125, 53.9714425], [35.2517718, 53.9719876], [35.2523997, 53.9710428], [35.2545149, 53.9712474], [35.2544924, 53.9705964], [35.2551951, 53.9704975], [35.2567918, 53.9714587], [35.2581898, 53.9716343], [35.2616309, 53.9708661], [35.2645613, 53.971224], [35.2652973, 53.9707992], [35.2702567, 53.9709399], [35.2717974, 53.9701708], [35.2759962, 53.9705684], [35.2773684, 53.9701381], [35.2823701, 53.9618925], [35.2849207, 53.9563184], [35.2924055, 53.956598], [35.2926366, 53.955827], [35.2939028, 53.9553665], [35.2936032, 53.9546132], [35.2944798, 53.9542006], [35.2938891, 53.9535431], [35.2946134, 53.9531528], [35.2947762, 53.9523122], [35.2943422, 53.9518918], [35.2974407, 53.9499763], [35.2984339, 53.9501193], [35.2960409, 53.9490886], [35.2974347, 53.9479208], [35.2967171, 53.9471701], [35.2983404, 53.9467683], [35.2992864, 53.9473568], [35.3000624, 53.9466796], [35.2990096, 53.9460982], [35.2952758, 53.9457997], [35.2992451, 53.9399217], [35.3001191, 53.9393918], [35.3004687, 53.9381131], [35.3044797, 53.9343195], [35.3058917, 53.9319339], [35.3059639, 53.930734], [35.3071194, 53.9296522], [35.3037006, 53.9274938], [35.3087068, 53.9258686], [35.3120924, 53.9284344], [35.3145992, 53.9269137], [35.3146686, 53.9263559], [35.2990328, 53.9162981], [35.3005884, 53.9141722], [35.2927808, 53.9101324], [35.3059328, 53.8999756], [35.3091244, 53.9019403], [35.3082137, 53.9046082], [35.3069915, 53.9122526], [35.3083492, 53.9127898], [35.3132349, 53.9170889], [35.3136791, 53.9183308], [35.3201773, 53.921858], [35.3237656, 53.9206305], [35.3239575, 53.9202378], [35.3234545, 53.9199614], [35.324288, 53.9194159], [35.3253758, 53.9197456], [35.3274433, 53.9188936], [35.3278446, 53.9192831], [35.3290599, 53.918831], [35.3300423, 53.919873], [35.3303754, 53.9183209], [35.3317437, 53.9179684], [35.3320789, 53.9173188], [35.3346176, 53.916008], [35.3351686, 53.9151248], [35.3364887, 53.915213], [35.3372163, 53.9135587], [35.3384057, 53.9137671], [35.3383212, 53.9128703], [35.3388283, 53.9123873], [35.3384498, 53.9117247], [35.341249, 53.9109606], [35.343438, 53.911013], [35.3447781, 53.9090963], [35.3269641, 53.907119], [35.3293459, 53.9051564], [35.331131, 53.9019113], [35.3469413, 53.9001487], [35.3478002, 53.8993577], [35.3469556, 53.8993115], [35.346246, 53.8985942], [35.3453676, 53.8992417], [35.3452708, 53.8982972], [35.3435644, 53.8980098], [35.3438266, 53.8973874], [35.3556989, 53.8966519], [35.3387118, 53.8850833], [35.3327631, 53.8794805], [35.3309486, 53.8783162], [35.3265279, 53.8768392], [35.3263469, 53.875962], [35.3271754, 53.8751195], [35.3284694, 53.8752514], [35.3289932, 53.874568], [35.330067, 53.8750465], [35.3314617, 53.8742105], [35.3316836, 53.8737572], [35.3310867, 53.8730853], [35.3330227, 53.8742626], [35.3340636, 53.8732419], [35.333419, 53.8725182], [35.3357499, 53.8730847], [35.3354106, 53.8722967], [35.3360711, 53.8720112], [35.3338878, 53.8711344], [35.3336825, 53.8694831], [35.3342075, 53.8690252], [35.3358517, 53.8696348], [35.3366703, 53.869154], [35.3394502, 53.8700492], [35.3405814, 53.8678588], [35.3419208, 53.8678426], [35.3456411, 53.8731579], [35.3476961, 53.878704], [35.3509262, 53.883725], [35.3537923, 53.8863416], [35.3564021, 53.8873503], [35.357858, 53.8870518], [35.3622378, 53.8838332], [35.3665174, 53.8834097], [35.3690459, 53.8836652], [35.370637, 53.8844228], [35.3709897, 53.8855746], [35.3702984, 53.8871426], [35.371111, 53.8878105], [35.3750908, 53.8880333], [35.3784511, 53.8875358], [35.3792669, 53.8865761], [35.3754165, 53.8833732], [35.3782163, 53.8829111], [35.3794428, 53.8817438], [35.3790862, 53.8808311], [35.374737, 53.8775158], [35.3708681, 53.8782568], [35.3699373, 53.876096], [35.3657647, 53.8762915], [35.3666631, 53.8747102], [35.3683631, 53.8730003], [35.3740901, 53.8744794], [35.3860796, 53.8744291], [35.3892375, 53.8733278], [35.3861442, 53.8706459], [35.3874362, 53.8667854], [35.3956096, 53.8625303], [35.4073093, 53.8638366], [35.4044119, 53.866891], [35.4036897, 53.8696778], [35.4027034, 53.8710234], [35.4038229, 53.870142], [35.405846, 53.8696282], [35.4043819, 53.868995], [35.4057136, 53.8680207], [35.4074867, 53.8687479], [35.4083182, 53.8697074], [35.4080291, 53.8699183], [35.410974, 53.8711791], [35.411634, 53.8708941], [35.4108816, 53.8692311], [35.413711, 53.8684323], [35.4134828, 53.8699079], [35.4140975, 53.8721642], [35.4151942, 53.8733608], [35.4167075, 53.8734223], [35.4190598, 53.8714967], [35.4212971, 53.8713952], [35.422044, 53.8742491], [35.4263618, 53.8757844], [35.4318662, 53.8751157], [35.4784624, 53.8812123], [35.4818359, 53.8807523], [35.485245, 53.8815504], [35.4835261, 53.882803], [35.4834303, 53.8836253], [35.4815265, 53.8845382], [35.4821519, 53.8851471], [35.4809817, 53.885274], [35.4804998, 53.8868605], [35.4790995, 53.8875348], [35.4772142, 53.8907287], [35.4759725, 53.891631], [35.4759231, 53.8922755], [35.4771086, 53.8921478], [35.4771453, 53.8934852], [35.4783636, 53.8940732], [35.4777996, 53.8944516], [35.4788453, 53.8957583], [35.4785879, 53.8961084], [35.4796941, 53.8963074], [35.480102, 53.8971467], [35.4821748, 53.8978527], [35.4826608, 53.8990049], [35.4835466, 53.8993357], [35.4838533, 53.899985], [35.4881706, 53.9022538], [35.4870739, 53.9041977], [35.4871753, 53.9051066], [35.4855884, 53.9067481], [35.4863964, 53.9075712], [35.4867443, 53.909207], [35.4894985, 53.9101732], [35.488955, 53.9122432], [35.4913109, 53.9131778], [35.4931919, 53.9156318], [35.4921222, 53.9157394], [35.4925717, 53.9169167], [35.4895392, 53.9176042], [35.4895262, 53.9224477], [35.4910512, 53.9241271], [35.4951434, 53.9242772], [35.4928617, 53.9275239], [35.491491, 53.9315638], [35.4917573, 53.9340154], [35.4901393, 53.9357815], [35.4913524, 53.937891], [35.4930902, 53.9383413], [35.4909855, 53.9395592], [35.4903662, 53.9407769], [35.4948044, 53.9427116], [35.4900147, 53.9453189], [35.4841798, 53.9468626], [35.483722, 53.9474473], [35.4843635, 53.9487863], [35.480676, 53.9510075], [35.4848338, 53.9531511], [35.4846968, 53.9545467], [35.4861501, 53.9567218], [35.4996614, 53.9561167], [35.5018788, 53.9602855], [35.5047017, 53.9596722], [35.5064654, 53.9629766], [35.5113631, 53.9644714], [35.5135779, 53.9666509], [35.5133705, 53.9719019], [35.5162985, 53.9733865], [35.5127322, 53.9770997], [35.5149935, 53.9780403], [35.519261, 53.9780884], [35.5343923, 53.9755392], [35.540041, 53.9757639], [35.5410948, 53.9729697], [35.5440406, 53.9727677], [35.5467831, 53.9732886], [35.5472004, 53.9725672], [35.5552064, 53.9703285], [35.556757, 53.9708014], [35.5579273, 53.9702476], [35.5595393, 53.970528], [35.5615533, 53.9701709], [35.5623825, 53.9720738], [35.5623917, 53.9740056], [35.5663448, 53.9761796], [35.5659252, 53.9783332], [35.5607585, 53.9808958], [35.5563027, 53.9840189], [35.5546069, 53.9839698], [35.5520492, 53.9828773], [35.5487086, 53.9828242], [35.5460611, 53.9839358], [35.5424157, 53.9866949], [35.5527357, 53.9914423], [35.5602103, 53.9931358], [35.5587418, 54.0006647], [35.5640086, 54.0002772], [35.5631512, 54.0019192], [35.5677882, 54.0035607], [35.5657535, 54.004699], [35.5699028, 54.0066456], [35.5625678, 54.012728], [35.563478, 54.0148774], [35.5603757, 54.015912], [35.5548517, 54.0161125], [35.5558192, 54.0166246], [35.555701, 54.0181246], [35.5528622, 54.02021], [35.5536752, 54.0210626], [35.5551122, 54.0214911], [35.556098, 54.0206496], [35.5573461, 54.0205809], [35.5595496, 54.0218563], [35.5593022, 54.0224928], [35.5606718, 54.0242805], [35.55003, 54.0252306], [35.539966, 54.0288849], [35.5380615, 54.0302474], [35.5372541, 54.0314558], [35.532739, 54.0334606], [35.5310264, 54.0336198], [35.5300538, 54.0347384], [35.5315739, 54.035527], [35.5319143, 54.0365028], [35.5321854, 54.0381207], [35.5316108, 54.04014], [35.539375, 54.0449452], [35.5366545, 54.0470213], [35.5431792, 54.0515115], [35.5537087, 54.0511743], [35.5777088, 54.0532829], [35.5950679, 54.0538139], [35.5978775, 54.0525531], [35.6078107, 54.052299], [35.6184448, 54.0588719], [35.6222736, 54.0604499], [35.6241039, 54.0643653], [35.6227575, 54.0666439], [35.6161532, 54.0673621], [35.6034296, 54.0675089], [35.6029085, 54.0688904], [35.6015302, 54.070078], [35.5990624, 54.0710401], [35.5971972, 54.0731943], [35.5977404, 54.0752436], [35.5972507, 54.0771644], [35.5996837, 54.0798724], [35.594792, 54.0812169], [35.5890438, 54.0816975], [35.5886126, 54.0846791], [35.58952, 54.0883533], [35.5919434, 54.0877924], [35.5935799, 54.0888024], [35.5951028, 54.0914888], [35.5942805, 54.0947742], [35.5941742, 54.0974102], [35.5896229, 54.0974198], [35.5843398, 54.0994538], [35.5833262, 54.1007589], [35.5804246, 54.1024932], [35.5799623, 54.1042595], [35.5744202, 54.1093109], [35.566855, 54.1150096], [35.5567051, 54.1204765], [35.5500444, 54.122978], [35.5570576, 54.1368862], [35.5535304, 54.138043], [35.5551238, 54.1397489], [35.5545081, 54.1429116], [35.5578987, 54.1459538], [35.556519, 54.1477262], [35.5598803, 54.1480694], [35.5658349, 54.1468025], [35.5672685, 54.1460714], [35.5685715, 54.1440619], [35.5632044, 54.142607], [35.5640491, 54.141421], [35.5729067, 54.1394823], [35.5747376, 54.1385826], [35.5761409, 54.1404825], [35.5758881, 54.141343], [35.5762708, 54.141899], [35.579168, 54.1447825], [35.5748855, 54.1469536], [35.5816554, 54.1512119], [35.575349, 54.1666071], [35.5786862, 54.1670937], [35.5812272, 54.1712105], [35.5977611, 54.1699209], [35.6041044, 54.1765724], [35.6087985, 54.1837436], [35.6157876, 54.1858845], [35.6188653, 54.187774], [35.6021146, 54.1911884], [35.6015049, 54.1949803], [35.5966156, 54.1935773], [35.5935605, 54.1947938], [35.5866355, 54.1941749], [35.5809435, 54.1929838], [35.5804592, 54.1946142], [35.5742412, 54.1975234], [35.5730551, 54.1987298], [35.5693184, 54.2009642], [35.5631712, 54.2035639], [35.5599964, 54.2043737], [35.5543507, 54.2081054], [35.5539359, 54.2091075], [35.5551163, 54.2097366], [35.5544752, 54.2107178], [35.5515508, 54.2123665], [35.5489939, 54.2145697], [35.5470063, 54.212969], [35.5398546, 54.2096671], [35.5367239, 54.2057801], [35.525831, 54.2076975], [35.5245659, 54.2061027], [35.5191032, 54.2068281], [35.5152504, 54.2080363], [35.5086634, 54.2092434], [35.5065064, 54.2143109], [35.4971274, 54.2171643], [35.4729194, 54.219938], [35.4682421, 54.223567], [35.4563064, 54.2256026], [35.4566739, 54.226286], [35.455818, 54.226712], [35.456849, 54.2281175], [35.4569567, 54.2289362], [35.4564845, 54.229339], [35.4579277, 54.2302456], [35.4581467, 54.2309467], [35.4554841, 54.233544], [35.4432378, 54.2304656], [35.4253896, 54.2272103], [35.4280656, 54.2249524], [35.4288248, 54.2237351], [35.3957132, 54.2161061], [35.3691339, 54.2000226], [35.3670436, 54.2003675], [35.3657885, 54.1999401], [35.3661997, 54.2013054], [35.3631604, 54.2068944], [35.3666601, 54.2111533], [35.3453802, 54.2212426], [35.3209532, 54.2259689], [35.3178399, 54.2301835], [35.3115246, 54.2288189], [35.2985967, 54.2278327], [35.2888313, 54.2291158], [35.2749054, 54.2167668], [35.2697337, 54.2190606], [35.269275, 54.217589], [35.2656257, 54.2165426], [35.265728, 54.2186151], [35.2466854, 54.2215078], [35.2428432, 54.2216482], [35.2332716, 54.2198159], [35.2308716, 54.2201367], [35.2217282, 54.201137], [35.2222012, 54.1974203], [35.1981172, 54.1870022], [35.1946634, 54.1890235], [35.1956158, 54.1942111], [35.1968769, 54.1966883], [35.1942065, 54.1999485], [35.1825495, 54.1985745], [35.1743419, 54.1990672], [35.1715921, 54.2035838], [35.1625984, 54.2038569], [35.1417199, 54.2109663], [35.1396147, 54.2105588], [35.1292733, 54.2160776], [35.1296953, 54.2165098], [35.1226392, 54.2222079], [35.1177409, 54.2284299], [35.1156616, 54.2301822], [35.1137523, 54.2326546], [35.1192074, 54.2400057], [35.1168153, 54.2410096], [35.1151616, 54.2439343], [35.1096839, 54.241237], [35.1038988, 54.2475055], [35.104899, 54.2478895], [35.0973562, 54.250267], [35.0986107, 54.2513682], [35.0981469, 54.2527486], [35.0961801, 54.2539806], [35.0944684, 54.254149], [35.0950205, 54.2555037], [35.0854284, 54.2606721], [35.0787563, 54.2572069], [35.076161, 54.2566257], [35.0731823, 54.2564806], [35.0718168, 54.2573366], [35.0697159, 54.257515], [35.0684285, 54.2594924], [35.0656596, 54.2596736], [35.0647408, 54.2586226], [35.0617017, 54.2579469], [35.0384778, 54.2544635], [35.0323569, 54.2481979], [35.0284199, 54.2433681], [35.026536, 54.2366984], [35.0081175, 54.229819], [35.0090078, 54.2293253], [35.0112518, 54.2295702], [35.0123111, 54.2292582], [35.0125356, 54.2285726], [35.0180816, 54.2279934], [35.0189211, 54.2273384], [35.013309, 54.2246314], [35.0061288, 54.2224103], [35.001056, 54.2185875], [34.9819598, 54.2222718], [34.9769541, 54.2239367], [34.9760966, 54.224546], [34.988301, 54.2340641], [34.9612935, 54.2449924], [34.9597155, 54.2464697], [34.9516173, 54.2510285], [34.9588267, 54.2544868], [34.9760679, 54.2658164], [34.9703623, 54.269431], [34.9641929, 54.2704234], [34.9612704, 54.2746363], [34.9586419, 54.276432], [34.96625, 54.2789092], [34.9643729, 54.2851189], [34.9612775, 54.2886026], [34.9558578, 54.2901694], [34.951443, 54.2907306], [34.9490567, 54.2919636], [34.9420945, 54.2932448], [34.9427591, 54.294003], [34.9426885, 54.2945364], [34.9420794, 54.2947155], [34.9428289, 54.2951086], [34.9425977, 54.2953501], [34.943415, 54.2954258], [34.9424034, 54.2971993], [34.9441813, 54.2973997], [34.9431793, 54.2978035], [34.9436127, 54.2983795], [34.9420268, 54.2990378], [34.9426066, 54.2990987], [34.9420788, 54.2996057], [34.9426077, 54.2998571], [34.9409385, 54.300638], [34.9416104, 54.3013776], [34.9412376, 54.3019686], [34.9357686, 54.3001885], [34.9359906, 54.2997149], [34.9308086, 54.3005823], [34.9312801, 54.305435], [34.9304859, 54.3071269], [34.9250116, 54.3054109], [34.9222702, 54.3098582], [34.9206963, 54.3115052], [34.917434, 54.3110194], [34.9172159, 54.3089743], [34.9145092, 54.3060135], [34.9065107, 54.3070032], [34.9028654, 54.306157], [34.9017365, 54.3053219], [34.8993366, 54.300028], [34.8851767, 54.2900861], [34.8791642, 54.289254], [34.8729219, 54.2932379], [34.8724383, 54.2971448], [34.8739039, 54.3016163], [34.8740647, 54.3035544], [34.8733469, 54.3049057], [34.8711764, 54.3070474], [34.8742253, 54.3171296], [34.8743973, 54.3266251], [34.8712382, 54.3267773], [34.8612241, 54.3254957], [34.8525439, 54.3258088], [34.8397661, 54.3218722], [34.8334511, 54.3211112], [34.8293866, 54.3169283], [34.8272008, 54.3163061], [34.8262455, 54.3155602], [34.8357578, 54.3116169], [34.8283257, 54.308803], [34.8206392, 54.3030597], [34.8275702, 54.3009263], [34.8394384, 54.3065751], [34.8408307, 54.3053558], [34.8448544, 54.3036519], [34.8338018, 54.2983684], [34.8329701, 54.2928715], [34.8193329, 54.2930649], [34.8181828, 54.2940229], [34.815262, 54.2978745], [34.8134221, 54.3021157], [34.8165811, 54.3045048], [34.8173919, 54.3071], [34.8118256, 54.3089589], [34.8024266, 54.3101184], [34.7895488, 54.3133237], [34.7861336, 54.3092838], [34.7837344, 54.3098602], [34.7801685, 54.3071655], [34.7776294, 54.3062273], [34.779167, 54.3051682], [34.7790198, 54.3042342], [34.7756367, 54.3044675], [34.7745515, 54.2993146], [34.7782391, 54.2962089], [34.7963991, 54.2917702], [34.7968174, 54.289642], [34.8177131, 54.289747], [34.8212894, 54.2858136], [34.8305579, 54.2882383], [34.8308457, 54.2859078], [34.8179471, 54.2818232], [34.8116091, 54.2792633], [34.8128697, 54.276885], [34.8096209, 54.2755333], [34.8124366, 54.2698262], [34.8105195, 54.2675159], [34.8120023, 54.264717], [34.8115711, 54.2629097], [34.8068735, 54.2615782], [34.7989949, 54.2645714], [34.7899955, 54.2596952], [34.7837584, 54.2630629], [34.7744651, 54.2665333], [34.7754425, 54.2699814], [34.7741811, 54.2701383], [34.7727128, 54.2679148], [34.7608963, 54.271288], [34.7556594, 54.2695723], [34.7496006, 54.2666457], [34.7321492, 54.2671196], [34.7262411, 54.2592028], [34.726283, 54.2586094], [34.7239427, 54.2581234], [34.7213076, 54.2565519], [34.7322067, 54.2509926]]]}}, {"type": "Feature", "properties": {"rda_code": "KG-06", "rda_name": "OBNINSK", "osm_name": "городской округ Обнинск", "match_score": 1.0, "match_reason": "alias:обнинск"}, "geometry": {"type": "Polygon", "coordinates": [[[36.5448357, 55.1244525], [36.5442228, 55.1223997], [36.5455918, 55.1213367], [36.5433389, 55.1210951], [36.5444654, 55.1181158], [36.5466831, 55.1149953], [36.5459753, 55.1138318], [36.5431378, 55.1116546], [36.542884, 55.10986], [36.5408515, 55.1067329], [36.5381086, 55.1044097], [36.5372175, 55.1026791], [36.5383047, 55.1019532], [36.539735, 55.101841], [36.5475383, 55.1025108], [36.5516527, 55.1053578], [36.5544776, 55.1058344], [36.5550764, 55.1073838], [36.5682291, 55.1084273], [36.5700648, 55.1068308], [36.5734928, 55.1049208], [36.5754054, 55.1018315], [36.5770961, 55.1001331], [36.5773156, 55.099105], [36.5789975, 55.0973678], [36.5789863, 55.0922887], [36.5768347, 55.0909887], [36.5767746, 55.0892549], [36.5761671, 55.0887614], [36.5751861, 55.0883675], [36.5683201, 55.0899845], [36.5658719, 55.091235], [36.5629047, 55.0912261], [36.5613361, 55.0900314], [36.5582197, 55.090379], [36.5571524, 55.0889987], [36.556516, 55.0864967], [36.556646, 55.0848936], [36.5574978, 55.0838374], [36.5574701, 55.0830586], [36.5592717, 55.0805917], [36.5632392, 55.0778529], [36.5654396, 55.0774332], [36.573667, 55.0776412], [36.58098, 55.0760765], [36.5847811, 55.0759399], [36.5864095, 55.0750666], [36.5850707, 55.0731106], [36.5829007, 55.0723648], [36.5831098, 55.0717152], [36.5795528, 55.0699699], [36.5785975, 55.0688244], [36.5781109, 55.0672867], [36.5788404, 55.0621463], [36.5785204, 55.0613005], [36.5776348, 55.0613907], [36.5767249, 55.0599683], [36.5808722, 55.0592976], [36.5841912, 55.0614355], [36.5804208, 55.0628392], [36.5802983, 55.0637193], [36.5953332, 55.0590631], [36.5978566, 55.0573374], [36.6014555, 55.0567296], [36.6066688, 55.0550824], [36.6071048, 55.0555905], [36.6098305, 55.0546436], [36.6122063, 55.0544], [36.6148948, 55.0530512], [36.617719, 55.0546522], [36.6196586, 55.0570211], [36.6271962, 55.0559143], [36.6281028, 55.0579429], [36.6327099, 55.0572601], [36.63523, 55.0629892], [36.6278783, 55.064245], [36.6287749, 55.0662246], [36.6254154, 55.0666848], [36.624958, 55.0656363], [36.6237687, 55.0661198], [36.6179019, 55.0654855], [36.6147796, 55.0666643], [36.6137129, 55.066556], [36.6120133, 55.0689394], [36.6106991, 55.0687779], [36.609387, 55.0702392], [36.6061861, 55.06891], [36.6047844, 55.0701669], [36.6098204, 55.0717054], [36.6124763, 55.0733159], [36.6150906, 55.0763785], [36.6165733, 55.0809967], [36.6200178, 55.0820028], [36.6254928, 55.0779806], [36.628293, 55.0796459], [36.6291534, 55.0793231], [36.6288471, 55.0786313], [36.6294157, 55.0786068], [36.6326337, 55.0799522], [36.6415715, 55.1006442], [36.6427844, 55.1023636], [36.6454697, 55.1006417], [36.6470792, 55.1016127], [36.6474135, 55.1027617], [36.6500122, 55.1024958], [36.6576326, 55.0993973], [36.6635871, 55.0990413], [36.6640162, 55.1022025], [36.666559, 55.103737], [36.6655719, 55.104449], [36.6596364, 55.1055138], [36.6604098, 55.1084993], [36.6583979, 55.1093814], [36.6599979, 55.1106102], [36.6518514, 55.1125454], [36.6508212, 55.1117308], [36.645761, 55.1141182], [36.6479308, 55.1176685], [36.6512086, 55.1193739], [36.6508006, 55.1199694], [36.6489799, 55.1203219], [36.649607, 55.1225103], [36.6488079, 55.1226982], [36.6529436, 55.1320585], [36.6536045, 55.1320206], [36.6576844, 55.141403], [36.6534768, 55.1429499], [36.6502688, 55.1430146], [36.6493672, 55.1420795], [36.6514794, 55.1362973], [36.6541663, 55.1339785], [36.6535101, 55.1322293], [36.6511522, 55.1325053], [36.6512773, 55.1338055], [36.6496299, 55.1352935], [36.648517, 55.1371222], [36.6433016, 55.1377342], [36.6434026, 55.1341972], [36.6402326, 55.1319129], [36.6390897, 55.1295064], [36.6374135, 55.129357], [36.6371233, 55.1304731], [36.6328018, 55.1310355], [36.6308593, 55.1267141], [36.6266189, 55.1255694], [36.6260989, 55.1262168], [36.6216196, 55.1263838], [36.6220295, 55.1286592], [36.6226419, 55.129082], [36.6223993, 55.1297229], [36.6235792, 55.1298562], [36.6239246, 55.1305355], [36.6236977, 55.1327609], [36.6247064, 55.1331644], [36.6236297, 55.1342981], [36.6238374, 55.1349114], [36.6224617, 55.1351203], [36.6226895, 55.1353198], [36.6172729, 55.1375386], [36.6156724, 55.1372489], [36.6161458, 55.1378591], [36.6157264, 55.1396579], [36.6182936, 55.1402442], [36.6190838, 55.1412543], [36.6026309, 55.1464251], [36.5941265, 55.1379294], [36.5594883, 55.1392085], [36.5528701, 55.1332823], [36.5531222, 55.1322519], [36.5562987, 55.1320459], [36.5562143, 55.1314373], [36.5536612, 55.1315477], [36.5551103, 55.1276694], [36.5544123, 55.1265031], [36.5533409, 55.1262466], [36.5498833, 55.1267429], [36.5485741, 55.1262466], [36.5463518, 55.1269692], [36.5449051, 55.1269347], [36.5443389, 55.1255428], [36.5448357, 55.1244525]]]}}, {"type": "Feature", "properties": {"rda_code": "KG-18", "rda_name": "LYUDINOVSKY AREA", "osm_name": "Людиновский муниципальный округ", "match_score": 1.0, "match_reason": "alias:людиновскии"}, "geometry": {"type": "Polygon", "coordinates": [[[34.1108475, 53.8921149], [34.1143485, 53.888774], [34.1148143, 53.8868938], [34.1324246, 53.8869697], [34.1582274, 53.8934666], [34.1787889, 53.902786], [34.1806203, 53.9008242], [34.2011817, 53.9121524], [34.2045948, 53.9102401], [34.2122417, 53.901919], [34.2249897, 53.8860095], [34.229152, 53.873938], [34.2329812, 53.8673611], [34.2314828, 53.8638758], [34.227645, 53.8394325], [34.2319823, 53.8356887], [34.2425864, 53.8353303], [34.2428218, 53.8342882], [34.2533583, 53.8302933], [34.2690158, 53.8311271], [34.2714881, 53.8264371], [34.2653075, 53.8221635], [34.2641891, 53.8139973], [34.2668379, 53.8142058], [34.2662493, 53.8148313], [34.2664847, 53.8171597], [34.2686038, 53.8210168], [34.2708406, 53.8224067], [34.2851443, 53.8284868], [34.2917958, 53.8259854], [34.2983296, 53.8145881], [34.2992125, 53.8108346], [34.3029209, 53.8072198], [34.3074534, 53.8071851], [34.3079831, 53.8013104], [34.3214039, 53.7999199], [34.3215216, 53.7932097], [34.3378855, 53.7838902], [34.3416358, 53.7800402], [34.3559564, 53.7678892], [34.3490125, 53.7509615], [34.3567216, 53.7417527], [34.3583109, 53.7377838], [34.35784, 53.7357993], [34.3613718, 53.7341976], [34.3692006, 53.7321432], [34.3736153, 53.7324566], [34.3920394, 53.7321084], [34.4065197, 53.7335709], [34.4078082, 53.7347861], [34.407531, 53.7358106], [34.4086549, 53.7383235], [34.406901, 53.7429559], [34.4043069, 53.7447998], [34.4037369, 53.7460691], [34.4030622, 53.7461011], [34.4018111, 53.7476971], [34.4999788, 53.7510003], [34.4977309, 53.7533043], [34.5181839, 53.7611692], [34.5164492, 53.7646826], [34.5231836, 53.771544], [34.5257093, 53.7714679], [34.5261322, 53.7719597], [34.5272452, 53.7720576], [34.5334061, 53.7689003], [34.5471806, 53.7683803], [34.5506129, 53.7836354], [34.5596966, 53.7853416], [34.5842007, 53.7854246], [34.5837946, 53.7938166], [34.584171, 53.8062903], [34.6021493, 53.8064448], [34.6114951, 53.8083601], [34.6164832, 53.8107486], [34.6171483, 53.8122866], [34.6174158, 53.8158781], [34.6275876, 53.8241326], [34.6266751, 53.8242806], [34.6262652, 53.825208], [34.6259639, 53.8273455], [34.6267095, 53.8290838], [34.6288664, 53.8297307], [34.6303219, 53.8305468], [34.6304667, 53.8310905], [34.6385283, 53.8332015], [34.6530086, 53.8336543], [34.6543037, 53.8381191], [34.6595276, 53.837974], [34.6610927, 53.8423142], [34.6632788, 53.8449854], [34.6652913, 53.8487238], [34.6757757, 53.8508124], [34.6840044, 53.8537624], [34.6914486, 53.8531956], [34.6954385, 53.8630672], [34.695812, 53.8660858], [34.6974053, 53.8706047], [34.6968365, 53.8817694], [34.7055619, 53.8948637], [34.7071103, 53.894463], [34.7074984, 53.8952401], [34.7101266, 53.894076], [34.7097803, 53.8933639], [34.7106592, 53.8921797], [34.7139129, 53.8914158], [34.7158578, 53.888958], [34.7174218, 53.8881249], [34.7173441, 53.8876116], [34.7188431, 53.8879073], [34.7198537, 53.8868454], [34.7215614, 53.8865416], [34.7255623, 53.8865095], [34.7260921, 53.8861608], [34.7259909, 53.8855928], [34.728103, 53.8853595], [34.7293821, 53.8842974], [34.7310576, 53.8848549], [34.732046, 53.884112], [34.7316966, 53.8833739], [34.7331176, 53.8838567], [34.7337923, 53.8829435], [34.7336267, 53.8824071], [34.7343818, 53.8818155], [34.7364795, 53.8816074], [34.7383107, 53.8798705], [34.7445598, 53.8792344], [34.7462022, 53.8783696], [34.7474418, 53.8789311], [34.7479716, 53.8784152], [34.7479686, 53.8772265], [34.7496729, 53.8767631], [34.7539331, 53.8766718], [34.7549531, 53.8760897], [34.7553972, 53.8766807], [34.7564291, 53.8758387], [34.7608847, 53.8752931], [34.7620031, 53.8756244], [34.761778, 53.8763368], [34.7642155, 53.8762358], [34.7643254, 53.8745338], [34.765576, 53.8745381], [34.7657994, 53.873924], [34.767401, 53.874243], [34.7699366, 53.8726032], [34.7735582, 53.8727359], [34.7740901, 53.8722393], [34.7750207, 53.8731573], [34.7775664, 53.8729245], [34.777952, 53.8732631], [34.7782099, 53.8729367], [34.7784615, 53.873395], [34.7813075, 53.872382], [34.7829033, 53.8724051], [34.7845194, 53.8716924], [34.7845564, 53.8710433], [34.7854379, 53.871259], [34.7862288, 53.8705638], [34.7875631, 53.8705493], [34.7877952, 53.8697521], [34.7899777, 53.8695303], [34.7900751, 53.8688527], [34.7909501, 53.8689734], [34.7915815, 53.8686848], [34.7914528, 53.8681556], [34.7924063, 53.8682104], [34.7930937, 53.8675008], [34.7943776, 53.8672191], [34.7945307, 53.8664792], [34.7961241, 53.8668026], [34.7957368, 53.8674834], [34.7973385, 53.8681751], [34.7968382, 53.8684003], [34.7970665, 53.8689983], [34.7991166, 53.8699715], [34.7989457, 53.870632], [34.799392, 53.8710356], [34.7990203, 53.8715065], [34.799416, 53.8720781], [34.7987355, 53.8730275], [34.7996986, 53.8736274], [34.7996311, 53.8741607], [34.7971765, 53.8762353], [34.8078605, 53.8775477], [34.8067771, 53.8807445], [34.8075, 53.885644], [34.7952068, 53.8906774], [34.7927249, 53.8893539], [34.7921087, 53.8901978], [34.7910806, 53.8902849], [34.7910545, 53.8907861], [34.7895149, 53.8910885], [34.7876036, 53.8906149], [34.7872589, 53.892079], [34.7861265, 53.8925883], [34.7860255, 53.8933939], [34.7866159, 53.8940313], [34.78586, 53.8944833], [34.7861367, 53.8950981], [34.7853168, 53.8960809], [34.7923455, 53.8971679], [34.7921899, 53.9011703], [34.7884059, 53.915236], [34.788282, 53.9192953], [34.8014462, 53.9274732], [34.8072805, 53.9282343], [34.815707, 53.9316886], [34.8177027, 53.9389242], [34.8121354, 53.9434772], [34.8000691, 53.9457784], [34.7905193, 53.9511592], [34.7884484, 53.9506313], [34.7753307, 53.9517611], [34.7696127, 53.9499896], [34.7660917, 53.9509891], [34.7617378, 53.9540851], [34.7471081, 53.9536122], [34.7347755, 53.9518977], [34.7153444, 53.9462877], [34.7176056, 53.949007], [34.7200655, 53.9597028], [34.7193699, 53.9652779], [34.7201499, 53.9685157], [34.7194543, 53.969729], [34.7237375, 53.9685999], [34.7588002, 53.9850421], [34.7624362, 53.9949565], [34.7598763, 53.9990213], [34.7673438, 54.0020644], [34.7667453, 54.0041299], [34.7734701, 54.0051702], [34.7752599, 54.0043439], [34.774356, 54.0036851], [34.7854176, 54.001405], [34.7910229, 54.0012514], [34.7956931, 53.9990311], [34.7984205, 54.0004342], [34.8032305, 53.9980987], [34.8011964, 53.9957739], [34.8017379, 53.9940481], [34.8110951, 53.9921643], [34.8232264, 54.0009095], [34.8296611, 54.0096395], [34.8277414, 54.0156993], [34.8188502, 54.0156771], [34.8110313, 54.0183933], [34.8088017, 54.0225091], [34.8079939, 54.0298302], [34.8060811, 54.0371128], [34.8018958, 54.0368743], [34.7963617, 54.037657], [34.7874903, 54.0454778], [34.7711585, 54.0453182], [34.7663245, 54.0460459], [34.7575241, 54.0336723], [34.7377186, 54.0302204], [34.7213098, 54.0291219], [34.7161821, 54.0272084], [34.6966606, 54.0288006], [34.6970445, 54.0306297], [34.6967032, 54.0312059], [34.6822851, 54.0319575], [34.678062, 54.0328344], [34.6720047, 54.0384961], [34.671962, 54.045735], [34.6731991, 54.0495668], [34.6760145, 54.0530226], [34.6739012, 54.0541418], [34.6741376, 54.0549758], [34.6728933, 54.0549907], [34.6724113, 54.0556853], [34.6709213, 54.0548107], [34.666057, 54.0556338], [34.6649176, 54.054965], [34.66185, 54.0556853], [34.6609735, 54.0552737], [34.6581411, 54.0560525], [34.6561092, 54.0560454], [34.6539607, 54.0549508], [34.6516831, 54.0547592], [34.6492258, 54.0553264], [34.6491414, 54.054682], [34.6481773, 54.0546049], [34.6479887, 54.053874], [34.641341, 54.0549136], [34.6402454, 54.0557882], [34.6380981, 54.0552737], [34.6376599, 54.0546306], [34.6363452, 54.0555052], [34.6346799, 54.0554538], [34.633672, 54.055994], [34.6317438, 54.0553251], [34.6295225, 54.0558645], [34.628983, 54.0553509], [34.6277998, 54.0552737], [34.6267028, 54.0542747], [34.6241007, 54.0541745], [34.6238447, 54.0552012], [34.6203468, 54.053849], [34.6200378, 54.0533883], [34.6208486, 54.0529509], [34.6208161, 54.0525218], [34.6178905, 54.053504], [34.6156119, 54.0529225], [34.6156117, 54.0512659], [34.616721, 54.0495167], [34.615064, 54.0490147], [34.6131796, 54.0494007], [34.6126756, 54.0491691], [34.6127852, 54.0485259], [34.6119964, 54.04814], [34.6112733, 54.0485002], [34.6104626, 54.0477926], [34.6085125, 54.0480113], [34.6084467, 54.0474968], [34.6062994, 54.0477026], [34.605905, 54.0485259], [34.6031442, 54.0492977], [34.6027279, 54.048989], [34.6037577, 54.0482686], [34.6034071, 54.0479599], [34.6010188, 54.0483587], [34.5999232, 54.0475482], [34.5989153, 54.0475482], [34.5979731, 54.0488089], [34.5941605, 54.049465], [34.5915093, 54.0492849], [34.5889456, 54.0478184], [34.5876748, 54.0478698], [34.5863163, 54.0467249], [34.5842347, 54.0466606], [34.5831102, 54.0473804], [34.5825201, 54.0471222], [34.58292, 54.0467249], [34.5822787, 54.0468167], [34.5809483, 54.0477489], [34.5808035, 54.0468954], [34.579497, 54.0468126], [34.5770071, 54.0544249], [34.5694568, 54.0526971], [34.5523513, 54.0477135], [34.5480429, 54.0472126], [34.5473604, 54.046286], [34.5231366, 54.0474819], [34.5191268, 54.0444263], [34.5209836, 54.0396063], [34.5238034, 54.0345928], [34.5236359, 54.0339986], [34.5239445, 54.0337236], [34.524888, 54.0344472], [34.5256627, 54.0340742], [34.5234975, 54.0332903], [34.5184571, 54.0345736], [34.5182549, 54.0341924], [34.5195921, 54.033732], [34.516382, 54.0335828], [34.5145622, 54.0341243], [34.5135229, 54.0339347], [34.5140159, 54.0336368], [34.513779, 54.033237], [34.5121679, 54.0333451], [34.5105539, 54.0326222], [34.5083618, 54.033541], [34.5077481, 54.0331722], [34.5069748, 54.0333993], [34.5067407, 54.0328597], [34.5076204, 54.0330451], [34.5080319, 54.031891], [34.5059843, 54.031058], [34.5056231, 54.0314395], [34.5043239, 54.0309475], [34.5038072, 54.0301667], [34.5046661, 54.0302756], [34.504936, 54.0298488], [34.5004308, 54.0284098], [34.4983142, 54.0285697], [34.4974735, 54.0274537], [34.4980708, 54.0269543], [34.5012064, 54.0266293], [34.5010397, 54.0253457], [34.4993974, 54.0235016], [34.4974394, 54.0228181], [34.4976167, 54.022293], [34.4960915, 54.021472], [34.495758, 54.0205863], [34.4944846, 54.0201508], [34.4939348, 54.0188316], [34.4927785, 54.0185315], [34.4899535, 54.0190761], [34.4913975, 54.0366772], [34.4751316, 54.0374703], [34.4762473, 54.047125], [34.4430654, 54.0495038], [34.444707, 54.0468617], [34.4417749, 54.0435442], [34.4417188, 54.0426427], [34.4362576, 54.0375393], [34.435553, 54.0248815], [34.4369623, 54.0158427], [34.4371151, 54.009486], [34.4340849, 54.008493], [34.4237499, 54.0082169], [34.4265278, 54.0038884], [34.3971668, 54.0046476], [34.3982847, 54.0066639], [34.3984093, 54.0099093], [34.3976366, 54.0125846], [34.3942248, 54.0129743], [34.3932305, 54.0124686], [34.3920978, 54.0069323], [34.3912258, 54.006127], [34.3725107, 54.0100531], [34.3742961, 54.0114683], [34.3796526, 54.0122002], [34.3827668, 54.0132982], [34.3867529, 54.0138838], [34.3870021, 54.0182264], [34.384167, 54.0212296], [34.3823815, 54.0207905], [34.3811773, 54.0236202], [34.3776978, 54.0266347], [34.3742353, 54.0312232], [34.3712404, 54.0339478], [34.3666014, 54.0367412], [34.3624405, 54.0378792], [34.3562244, 54.0384626], [34.3525456, 54.0410212], [34.3495361, 54.0399503], [34.3434062, 54.0362929], [34.3401178, 54.0349134], [34.333952, 54.0350514], [34.3332473, 54.0342582], [34.336066, 54.0306368], [34.3533917, 54.0249234], [34.3670806, 54.0253382], [34.3762265, 54.0248294], [34.3809243, 54.021604], [34.3823042, 54.0193616], [34.385578, 54.0187233], [34.3864588, 54.0176624], [34.3864001, 54.0169724], [34.3853431, 54.0163945], [34.383508, 54.0169206], [34.3810123, 54.0166446], [34.3763314, 54.0142417], [34.3588323, 54.0182095], [34.3517396, 54.018374], [34.3462612, 54.0177589], [34.3431535, 54.0142762], [34.339726, 54.0140215], [34.3371856, 54.0125367], [34.3370356, 54.0097156], [34.3362487, 54.0089804], [34.3351674, 54.0044759], [34.3208979, 53.9913592], [34.2943556, 54.0002307], [34.2811432, 54.0040963], [34.2803211, 54.0021636], [34.2796751, 54.002129], [34.2793815, 53.9988156], [34.2821414, 53.9975039], [34.2776786, 53.9934651], [34.2711017, 53.9942246], [34.2670499, 53.9896676], [34.2631155, 53.9880449], [34.281378, 53.9878032], [34.2802451, 53.9694282], [34.2760929, 53.9701365], [34.2667088, 53.9702831], [34.2604803, 53.9648362], [34.2575738, 53.970625], [34.2449509, 53.9704296], [34.1987361, 53.9678406], [34.1842862, 53.9638347], [34.1809229, 53.9624667], [34.1556659, 53.9627392], [34.1553725, 53.958308], [34.1566013, 53.9539419], [34.1642579, 53.9518838], [34.173994, 53.9521063], [34.1805635, 53.9528016], [34.1915284, 53.9559443], [34.2009809, 53.9559721], [34.2043838, 53.9442069], [34.1904414, 53.9423988], [34.1867076, 53.9491581], [34.1713, 53.9473502], [34.1734741, 53.9324663], [34.1773496, 53.9298228], [34.1313631, 53.9319261], [34.1307014, 53.9358215], [34.1293781, 53.935905], [34.1287636, 53.9396609], [34.103809, 53.9342634], [34.1049905, 53.929366], [34.1032891, 53.9262493], [34.1065502, 53.9224365], [34.1109929, 53.9184563], [34.1254553, 53.9142252], [34.1333009, 53.9092977], [34.1325919, 53.9075134], [34.1324501, 53.9062327], [34.1328282, 53.9057733], [34.1309377, 53.903866], [34.1267786, 53.9014574], [34.1245573, 53.9009422], [34.1226431, 53.8997448], [34.1217688, 53.8997309], [34.120729, 53.8986309], [34.1190039, 53.8982132], [34.1178223, 53.8966119], [34.1164517, 53.896041], [34.1164517, 53.8955815], [34.1150102, 53.8953447], [34.1117018, 53.8935344], [34.1117727, 53.8929774], [34.1108475, 53.8921149]]]}}, {"type": "Feature", "properties": {"rda_code": "KG-17", "rda_name": "KUIBYSHEVSKY DISTRICT", "osm_name": "Куйбышевский район", "match_score": 1.0, "match_reason": "alias:kuibyshevskii"}, "geometry": {"type": "Polygon", "coordinates": [[[33.4419297, 54.052956], [33.4489513, 54.0548302], [33.4561687, 54.0522812], [33.4624281, 54.0522511], [33.4627781, 54.0495235], [33.4662009, 54.0496973], [33.4714252, 54.0511401], [33.4753241, 54.0528209], [33.4761863, 54.0534743], [33.4777075, 54.0565178], [33.4795383, 54.0588295], [33.4834758, 54.0588786], [33.4842479, 54.0585274], [33.4841514, 54.057995], [33.4855797, 54.0576588], [33.4892084, 54.0589995], [33.4913895, 54.0585652], [33.4928242, 54.0570168], [33.4923481, 54.0564995], [33.4922838, 54.0548226], [33.4957001, 54.0525225], [33.4960733, 54.0514385], [33.4958803, 54.0503734], [33.494304, 54.0501732], [33.4933132, 54.0488247], [33.4947286, 54.0458179], [33.4967939, 54.0438044], [33.4964207, 54.0429922], [33.496691, 54.0423651], [33.4991101, 54.0417757], [33.501748, 54.0390555], [33.5004419, 54.0366525], [33.4986972, 54.0357376], [33.4927727, 54.0352961], [33.4828131, 54.0360518], [33.4784703, 54.0351563], [33.4749896, 54.0352167], [33.4711743, 54.0345215], [33.4706756, 54.0340945], [33.4708655, 54.0324205], [33.4692828, 54.0321522], [33.4688815, 54.0301268], [33.4694419, 54.0292332], [33.4586616, 54.027775], [33.4591637, 54.0268678], [33.469917, 54.0287989], [33.473497, 54.0306976], [33.4790896, 54.0319366], [33.4926993, 54.0334655], [33.4951075, 54.0259578], [33.5019152, 54.0272093], [33.502475, 54.0270014], [33.502762, 54.0261653], [33.5022562, 54.0248887], [33.5072103, 54.0244994], [33.5089474, 54.0238116], [33.5099511, 54.0241064], [33.5100979, 54.0224192], [33.5088426, 54.0210231], [33.5065412, 54.0199109], [33.5063417, 54.0191889], [33.5069401, 54.0181229], [33.5057177, 54.0169587], [33.5069787, 54.0163123], [33.5100152, 54.0159621], [33.5112485, 54.0142672], [33.5141721, 54.0138779], [33.516165, 54.0121127], [33.516849, 54.0109496], [33.5166317, 54.0101741], [33.5137752, 54.0089242], [33.5111198, 54.0100117], [33.5104251, 54.0093608], [33.5105646, 54.0081518], [33.512485, 54.0063438], [33.5155749, 54.0072108], [33.5183161, 54.0065929], [33.5184932, 54.0061578], [33.5178655, 54.0054342], [33.5149956, 54.0057243], [33.5150749, 54.0052362], [33.5164037, 54.0045672], [33.5178387, 54.0051284], [33.5207409, 54.0048636], [33.5208696, 54.0040612], [33.5200328, 54.0030949], [33.516975, 54.0035284], [33.5158539, 54.0030239], [33.5174096, 54.0004558], [33.5213658, 53.9983258], [33.5274685, 54.0014042], [33.5230813, 54.0027934], [33.5327137, 54.0073223], [33.5261572, 54.0097959], [33.5266914, 54.0102525], [33.5295407, 54.0102906], [33.5359029, 54.0125737], [33.5371657, 54.0125642], [33.549194, 54.0160647], [33.5571282, 54.0175832], [33.5612149, 54.0198094], [33.5650841, 54.0204954], [33.5713458, 54.0199103], [33.5709795, 54.0213091], [33.5749517, 54.0236158], [33.5784087, 54.025539], [33.5823809, 54.0262181], [33.579107, 54.0320948], [33.5891234, 54.034031], [33.589773, 54.0327608], [33.5987423, 54.0295576], [33.5970586, 54.0255352], [33.5986937, 54.0206374], [33.6095888, 54.0209893], [33.6124543, 54.0216741], [33.6143645, 54.0226251], [33.6132961, 54.0245272], [33.6181204, 54.0291773], [33.6217467, 54.0292438], [33.6277042, 54.024822], [33.6272833, 54.0200953], [33.6418047, 54.0200572], [33.6419342, 54.023443], [33.6434884, 54.0223398], [33.6464671, 54.0226061], [33.6503039, 54.0217977], [33.6552415, 54.026334], [33.6559862, 54.0260963], [33.6577346, 54.0267144], [33.6604705, 54.026857], [33.6649063, 54.0257064], [33.6678041, 54.0263435], [33.6752834, 54.0254686], [33.6800591, 54.0256208], [33.6925569, 54.0236998], [33.6979964, 54.0235286], [33.6998257, 54.0227297], [33.702076, 54.0228343], [33.7091505, 54.0245652], [33.7188963, 54.0223398], [33.7196733, 54.0210273], [33.7225064, 54.0197814], [33.7303596, 54.0183597], [33.7331249, 54.0163436], [33.7332856, 54.0155707], [33.7352077, 54.0143512], [33.7349738, 54.013999], [33.7403087, 54.0121826], [33.7414925, 54.0109029], [33.7412879, 54.0102201], [33.7434657, 54.0089532], [33.7428738, 54.0068037], [33.7437681, 54.0056977], [33.7442988, 54.005717], [33.7441782, 54.005279], [33.7456106, 54.0054336], [33.7457096, 54.0044041], [33.7464873, 54.0042735], [33.7461256, 54.0040032], [33.7465648, 54.0036464], [33.7458698, 54.0030268], [33.7465984, 54.0019865], [33.745844, 54.001294], [33.7462507, 54.0008492], [33.7455996, 54.0000929], [33.7468796, 53.9992059], [33.750123, 54.0003359], [33.7510781, 54.0004215], [33.7523166, 53.9997031], [33.752098, 53.9987373], [33.7499206, 53.9989228], [33.7494592, 53.9979665], [33.750042, 53.997543], [33.7510619, 53.9975953], [33.754324, 53.9991179], [33.7548582, 54.0001218], [33.7604988, 54.0018627], [33.761656, 54.0033224], [33.7644587, 54.004893], [33.7658805, 54.004893], [33.7679761, 54.0024591], [33.7638213, 53.9989479], [33.7994981, 53.9913414], [33.8127271, 53.990357], [33.8163237, 53.9916816], [33.8192588, 53.9848273], [33.816489, 53.9824086], [33.8136284, 53.9754907], [33.8107011, 53.9748522], [33.7974975, 53.9655718], [33.7984947, 53.9496895], [33.801173, 53.9472916], [33.8055952, 53.9461706], [33.80709, 53.9464197], [33.8142524, 53.9495963], [33.8199825, 53.9500324], [33.8240309, 53.9496587], [33.8269583, 53.9488491], [33.8315674, 53.9462332], [33.8377336, 53.9418112], [33.8365504, 53.937825], [33.8318169, 53.9379495], [33.8225989, 53.9393196], [33.8198583, 53.9403784], [33.8016717, 53.9375754], [33.8006135, 53.9237484], [33.8069673, 53.9044873], [33.8062203, 53.8963904], [33.8382346, 53.8810224], [33.8480754, 53.8806489], [33.8519993, 53.8795901], [33.8557986, 53.8801507], [33.8614042, 53.8785937], [33.88775, 53.8804626], [33.8896808, 53.8792793], [33.8893694, 53.8780336], [33.8899924, 53.8757914], [33.8882486, 53.8720543], [33.8938541, 53.8718053], [33.8979648, 53.8722102], [33.9018264, 53.8713383], [33.9115428, 53.8672277], [33.915529, 53.8671032], [33.9251206, 53.8680999], [33.9287329, 53.8697193], [33.9314732, 53.8743284], [33.9614167, 53.8744765], [33.9617126, 53.880548], [33.9711184, 53.8800867], [33.9762203, 53.8805849], [33.9784426, 53.8830849], [33.981175, 53.8823014], [33.9884431, 53.8838597], [33.9954074, 53.8826605], [33.9992573, 53.8811384], [34.0025439, 53.8812399], [34.0031073, 53.8808985], [34.0024375, 53.8800921], [34.0034079, 53.880046], [34.0039478, 53.8791926], [34.0029824, 53.8788911], [34.0037913, 53.8782839], [34.0042843, 53.8789666], [34.0051763, 53.8787775], [34.0041591, 53.8775643], [34.003447, 53.877615], [34.0055086, 53.8765231], [34.0038409, 53.8762929], [34.0041356, 53.8759267], [34.0065837, 53.8758007], [34.0065616, 53.8741957], [34.011802, 53.869516], [34.0114889, 53.8681226], [34.0098216, 53.8674187], [34.0104426, 53.8670319], [34.0111757, 53.8674151], [34.011109, 53.8668355], [34.0099095, 53.8666193], [34.0101955, 53.8656795], [34.0092549, 53.8647464], [34.006599, 53.8636043], [34.0058277, 53.8626207], [34.0043948, 53.8622841], [34.0024033, 53.8596216], [34.0225448, 53.859464], [34.0457027, 53.8621203], [34.0463814, 53.8693919], [34.0513321, 53.869373], [34.054862, 53.8681574], [34.0607834, 53.8676101], [34.0668271, 53.8687854], [34.072985, 53.868613], [34.0814165, 53.8699462], [34.0886451, 53.8719834], [34.087128, 53.8769011], [34.0966585, 53.8806631], [34.1065429, 53.881701], [34.1060303, 53.8847071], [34.107112, 53.886061], [34.1080417, 53.8885061], [34.109331, 53.8889084], [34.1103159, 53.8903122], [34.1117018, 53.8935344], [34.1150102, 53.8953447], [34.1164517, 53.8955815], [34.1164517, 53.896041], [34.1178223, 53.8966119], [34.1190039, 53.8982132], [34.120729, 53.8986309], [34.1217688, 53.8997309], [34.1267786, 53.9014574], [34.1309377, 53.903866], [34.1328282, 53.9057733], [34.1324501, 53.9062327], [34.1325919, 53.9075134], [34.1333009, 53.9092977], [34.1254553, 53.9142252], [34.1109929, 53.9184563], [34.1065502, 53.9224365], [34.1032891, 53.9262493], [34.1049905, 53.929366], [34.103809, 53.9342634], [34.1287636, 53.9396609], [34.1293781, 53.935905], [34.1307014, 53.9358215], [34.1313631, 53.9319261], [34.1773496, 53.9298228], [34.1734741, 53.9324663], [34.1713, 53.9473502], [34.1867076, 53.9491581], [34.1904414, 53.9423988], [34.2043838, 53.9442069], [34.2009809, 53.9559721], [34.1915284, 53.9559443], [34.1805635, 53.9528016], [34.173994, 53.9521063], [34.1642579, 53.9518838], [34.1566013, 53.9539419], [34.1553725, 53.958308], [34.155583, 53.9662482], [34.1471971, 53.9756477], [34.1499885, 53.9768037], [34.1505698, 53.9784399], [34.153684, 53.9793922], [34.1550127, 53.9814189], [34.1623207, 53.9857893], [34.1634418, 53.9876692], [34.163774, 53.9892805], [34.1634003, 53.9907208], [34.1611581, 53.9949439], [34.1566321, 53.998898], [34.1545702, 53.9991233], [34.1539474, 54.001027], [34.152411, 54.0028818], [34.1520789, 54.0044193], [34.1497536, 54.0057858], [34.1419473, 54.0072012], [34.1411584, 54.006884], [34.1399542, 54.0086165], [34.1315803, 54.0162649], [34.1284798, 54.017422], [34.1226808, 54.0159119], [34.1174775, 54.0381668], [34.1083425, 54.0379718], [34.1093516, 54.0630118], [34.0761825, 54.0637325], [34.0776157, 54.0812555], [34.0457263, 54.0822298], [34.0467089, 54.0889251], [34.0365344, 54.0888723], [34.0367145, 54.0938362], [34.0342834, 54.0985356], [34.037975, 54.0995387], [34.0346436, 54.1026009], [34.0522014, 54.1094107], [34.0393256, 54.1211801], [34.0650771, 54.1480841], [34.0593145, 54.1556246], [34.0594046, 54.1578918], [34.0563432, 54.1664848], [34.0576038, 54.1686459], [34.0608452, 54.170438], [34.0567073, 54.1735944], [34.0549883, 54.1754763], [34.0561024, 54.1815501], [34.0415459, 54.1952947], [34.0247328, 54.2094099], [34.0204624, 54.2153035], [34.0178643, 54.2145696], [34.003412, 54.2248105], [34.0016, 54.227509], [33.9956897, 54.2271559], [33.9926267, 54.2295769], [33.9885714, 54.2270551], [33.9876223, 54.2278873], [33.9842951, 54.2268355], [33.9827089, 54.2271921], [33.9815496, 54.2260508], [33.9819157, 54.2256228], [33.9695915, 54.222377], [33.9671816, 54.2185424], [33.961712, 54.2158984], [33.9520635, 54.217832], [33.945346, 54.2175108], [33.9305172, 54.223175], [33.9219585, 54.2193707], [33.9207861, 54.2179997], [33.9163895, 54.2175198], [33.9135171, 54.2147433], [33.9099998, 54.2128237], [33.9078308, 54.2135093], [33.9038771, 54.2099644], [33.8999756, 54.210184], [33.8877238, 54.2080242], [33.8807671, 54.2075288], [33.8750182, 54.2085923], [33.8773067, 54.2130856], [33.8658568, 54.2157853], [33.8628184, 54.2226888], [33.8615775, 54.227815], [33.8634049, 54.2300267], [33.8636396, 54.2355121], [33.8615189, 54.2373746], [33.8587051, 54.2374432], [33.8570701, 54.2393515], [33.8588809, 54.2399783], [33.8578913, 54.243876], [33.8549533, 54.246658], [33.8563016, 54.2478568], [33.8553637, 54.2482336], [33.8554223, 54.2488844], [33.8541912, 54.2496036], [33.8595623, 54.2540493], [33.8570609, 54.2575629], [33.8528566, 54.2608661], [33.8247631, 54.256319], [33.8256422, 54.2548114], [33.822863, 54.2527903], [33.8209063, 54.2522767], [33.8161988, 54.2527571], [33.7989568, 54.2505702], [33.7953836, 54.2524755], [33.7896268, 54.2565674], [33.7866775, 54.2553084], [33.7852028, 54.256965], [33.7804593, 54.2650311], [33.7789739, 54.2713462], [33.7667342, 54.2684664], [33.763288, 54.2859159], [33.7909759, 54.2891066], [33.7894905, 54.292956], [33.7868762, 54.2948632], [33.7859849, 54.2979493], [33.7823606, 54.3008617], [33.7796869, 54.3066167], [33.7805423, 54.3083948], [33.7790923, 54.309291], [33.7800829, 54.3103129], [33.7774388, 54.3112204], [33.77797, 54.3118109], [33.777245, 54.3123804], [33.774345, 54.3124893], [33.7737061, 54.3131132], [33.7738425, 54.3137372], [33.7765865, 54.314047], [33.7801503, 54.3173283], [33.781247, 54.3191953], [33.7944517, 54.3312223], [33.7727375, 54.3341389], [33.7620059, 54.3255472], [33.7500977, 54.328361], [33.7408288, 54.3323799], [33.7366536, 54.3335664], [33.7347409, 54.3327189], [33.7349986, 54.3322101], [33.7322523, 54.3312508], [33.7328654, 54.3304519], [33.7317928, 54.3295997], [33.7318938, 54.329031], [33.730957, 54.3285481], [33.7312846, 54.3282715], [33.7306072, 54.3277447], [33.7296732, 54.3279036], [33.7287198, 54.3267524], [33.7265069, 54.3273061], [33.7252841, 54.3265205], [33.72317, 54.3276204], [33.7216985, 54.3263876], [33.7197129, 54.3263916], [33.7192461, 54.3266611], [33.7196395, 54.3272368], [33.7186302, 54.32787], [33.7154912, 54.3281173], [33.6887519, 54.3223222], [33.6821794, 54.3149288], [33.6815857, 54.3117129], [33.6716625, 54.3051318], [33.6877771, 54.2953323], [33.6815811, 54.2919479], [33.6755786, 54.2904911], [33.6734986, 54.287369], [33.6498451, 54.2927804], [33.6449123, 54.2928151], [33.646933, 54.291497], [33.6459227, 54.2910808], [33.646101, 54.2892423], [33.6483593, 54.2856691], [33.6483593, 54.2836569], [33.647349, 54.2816446], [33.654327, 54.2805324], [33.65217, 54.2746619], [33.6518181, 54.269477], [33.6451589, 54.2705944], [33.6212038, 54.2685071], [33.6234997, 54.2663125], [33.6225545, 54.2650971], [33.6241751, 54.2642868], [33.6226896, 54.2633414], [33.6230948, 54.2617208], [33.6302879, 54.2576702], [33.6180981, 54.2586146], [33.6082395, 54.2579392], [33.6033777, 54.2588845], [33.6027026, 54.2551031], [33.6076996, 54.251997], [33.6041887, 54.2424084], [33.6085104, 54.2416994], [33.6095909, 54.2385933], [33.6252567, 54.2368379], [33.6205302, 54.2317059], [33.6113708, 54.2236279], [33.615804, 54.2206317], [33.6286343, 54.2077684], [33.6209366, 54.204257], [33.6337667, 54.1964242], [33.6337669, 54.1932843], [33.6294456, 54.187207], [33.6214777, 54.1854512], [33.6170211, 54.185046], [33.6106739, 54.1807243], [33.5986544, 54.1836952], [33.5642171, 54.175693], [33.558651, 54.1798615], [33.5609759, 54.1751527], [33.5655678, 54.1697508], [33.5635421, 54.1690755], [33.5689443, 54.1642138], [33.5628672, 54.1614789], [33.5592212, 54.1541861], [33.5652986, 54.1499997], [33.5590865, 54.1471635], [33.5638137, 54.1360557], [33.5715119, 54.1297085], [33.569081, 54.128493], [33.5728626, 54.1239014], [33.5363994, 54.1203557], [33.5238401, 54.1133329], [33.5237054, 54.1052299], [33.5270392, 54.1027397], [33.5629863, 54.1061913], [33.5583458, 54.1019534], [33.5391887, 54.0932068], [33.5268376, 54.0917217], [33.5238495, 54.0889959], [33.5204564, 54.0887745], [33.5179581, 54.0895418], [33.5166271, 54.0931504], [33.5120973, 54.0935497], [33.5090137, 54.0900956], [33.5103672, 54.0884077], [33.506555, 54.0857486], [33.4946396, 54.088716], [33.4849231, 54.0981555], [33.4826507, 54.0965523], [33.4785992, 54.0956069], [33.4702307, 54.0971968], [33.4697879, 54.0969576], [33.4702918, 54.0909187], [33.4693942, 54.0859626], [33.4621207, 54.0834026], [33.4575153, 54.0848369], [33.4565839, 54.0846047], [33.4562439, 54.0844381], [33.4564814, 54.0840966], [33.4559645, 54.084042], [33.4564255, 54.0833399], [33.4542879, 54.0829683], [33.4525508, 54.0807253], [33.4526626, 54.0799767], [33.453594, 54.0798374], [33.4532354, 54.0795013], [33.4534403, 54.0788319], [33.4538781, 54.0787991], [33.4532494, 54.0784057], [33.4540876, 54.0780806], [33.4538315, 54.0777117], [33.4530072, 54.0779139], [33.4527278, 54.0773702], [33.4538517, 54.076236], [33.4527715, 54.0758651], [33.4530975, 54.0755559], [33.4517671, 54.0753492], [33.4526167, 54.0748043], [33.451125, 54.074273], [33.4519812, 54.0736412], [33.4517144, 54.0730441], [33.4524488, 54.0728547], [33.4509449, 54.0717868], [33.4522116, 54.0707593], [33.4543403, 54.0714183], [33.4571334, 54.0690719], [33.4561842, 54.0671863], [33.4488576, 54.0622271], [33.4538389, 54.0600426], [33.4494032, 54.0589478], [33.4482386, 54.0590359], [33.4467782, 54.06008], [33.4460002, 54.0599518], [33.4456272, 54.056718], [33.4441805, 54.0564403], [33.4427838, 54.0572308], [33.4417647, 54.0570465], [33.4413923, 54.0547095], [33.4419297, 54.052956]]]}}, {"type": "Feature", "properties": {"rda_code": "KG-15", "rda_name": "CITY OF KIROV AND KIROVSKY DISTRICT", "osm_name": "Кировский муниципальный округ", "match_score": 1.0, "match_reason": "alias:kirovsky"}, "geometry": {"type": "Polygon", "coordinates": [[[34.0204624, 54.2153035], [34.0247328, 54.2094099], [34.0415459, 54.1952947], [34.0561024, 54.1815501], [34.0549883, 54.1754763], [34.0567073, 54.1735944], [34.0608452, 54.170438], [34.0576038, 54.1686459], [34.0563432, 54.1664848], [34.0594046, 54.1578918], [34.0593145, 54.1556246], [34.0650771, 54.1480841], [34.0393256, 54.1211801], [34.0522014, 54.1094107], [34.0346436, 54.1026009], [34.037975, 54.0995387], [34.0342834, 54.0985356], [34.0367145, 54.0938362], [34.0365344, 54.0888723], [34.0467089, 54.0889251], [34.0457263, 54.0822298], [34.0776157, 54.0812555], [34.0761825, 54.0637325], [34.1093516, 54.0630118], [34.1083425, 54.0379718], [34.1174775, 54.0381668], [34.1226808, 54.0159119], [34.1284798, 54.017422], [34.1315803, 54.0162649], [34.1399542, 54.0086165], [34.1411584, 54.006884], [34.1419473, 54.0072012], [34.1497536, 54.0057858], [34.1520789, 54.0044193], [34.152411, 54.0028818], [34.1539474, 54.001027], [34.1545702, 53.9991233], [34.1566321, 53.998898], [34.1611581, 53.9949439], [34.1634003, 53.9907208], [34.163774, 53.9892805], [34.1634418, 53.9876692], [34.1623207, 53.9857893], [34.1550127, 53.9814189], [34.153684, 53.9793922], [34.1505698, 53.9784399], [34.1499885, 53.9768037], [34.1471971, 53.9756477], [34.155583, 53.9662482], [34.1556659, 53.9627392], [34.1809229, 53.9624667], [34.1842862, 53.9638347], [34.1987361, 53.9678406], [34.2449509, 53.9704296], [34.2575738, 53.970625], [34.2604803, 53.9648362], [34.2667088, 53.9702831], [34.2760929, 53.9701365], [34.2802451, 53.9694282], [34.281378, 53.9878032], [34.2631155, 53.9880449], [34.2670499, 53.9896676], [34.2711017, 53.9942246], [34.2776786, 53.9934651], [34.2821414, 53.9975039], [34.2793815, 53.9988156], [34.2796751, 54.002129], [34.2803211, 54.0021636], [34.2811432, 54.0040963], [34.2943556, 54.0002307], [34.3208979, 53.9913592], [34.3351674, 54.0044759], [34.3362487, 54.0089804], [34.3370356, 54.0097156], [34.3371856, 54.0125367], [34.339726, 54.0140215], [34.3431535, 54.0142762], [34.3462612, 54.0177589], [34.3517396, 54.018374], [34.3588323, 54.0182095], [34.3763314, 54.0142417], [34.3810123, 54.0166446], [34.383508, 54.0169206], [34.3853431, 54.0163945], [34.3864001, 54.0169724], [34.3864588, 54.0176624], [34.385578, 54.0187233], [34.3823042, 54.0193616], [34.3809243, 54.021604], [34.3762265, 54.0248294], [34.3670806, 54.0253382], [34.3533917, 54.0249234], [34.336066, 54.0306368], [34.3332473, 54.0342582], [34.333952, 54.0350514], [34.3401178, 54.0349134], [34.3434062, 54.0362929], [34.3495361, 54.0399503], [34.3525456, 54.0410212], [34.3562244, 54.0384626], [34.3624405, 54.0378792], [34.3666014, 54.0367412], [34.3712404, 54.0339478], [34.3742353, 54.0312232], [34.3776978, 54.0266347], [34.3811773, 54.0236202], [34.3823815, 54.0207905], [34.384167, 54.0212296], [34.3870021, 54.0182264], [34.3867529, 54.0138838], [34.3827668, 54.0132982], [34.3796526, 54.0122002], [34.3742961, 54.0114683], [34.3725107, 54.0100531], [34.3912258, 54.006127], [34.3920978, 54.0069323], [34.3932305, 54.0124686], [34.3942248, 54.0129743], [34.3976366, 54.0125846], [34.3984093, 54.0099093], [34.3982847, 54.0066639], [34.3971668, 54.0046476], [34.4265278, 54.0038884], [34.4237499, 54.0082169], [34.4340849, 54.008493], [34.4371151, 54.009486], [34.4369623, 54.0158427], [34.435553, 54.0248815], [34.4362576, 54.0375393], [34.4417188, 54.0426427], [34.4417749, 54.0435442], [34.444707, 54.0468617], [34.4430654, 54.0495038], [34.4762473, 54.047125], [34.4751316, 54.0374703], [34.4913975, 54.0366772], [34.4899535, 54.0190761], [34.4924415, 54.0185461], [34.4939348, 54.0188316], [34.4944846, 54.0201508], [34.495758, 54.0205863], [34.4960915, 54.021472], [34.4976167, 54.022293], [34.4974394, 54.0228181], [34.4993974, 54.0235016], [34.5010397, 54.0253457], [34.5012064, 54.0266293], [34.4980708, 54.0269543], [34.4974735, 54.0274537], [34.4983142, 54.0285697], [34.5004308, 54.0284098], [34.504936, 54.0298488], [34.5046661, 54.0302756], [34.5038072, 54.0301667], [34.5043239, 54.0309475], [34.5056231, 54.0314395], [34.5059843, 54.031058], [34.5080319, 54.031891], [34.5076204, 54.0330451], [34.5067407, 54.0328597], [34.5069748, 54.0333993], [34.5077481, 54.0331722], [34.5083618, 54.033541], [34.5105539, 54.0326222], [34.5121679, 54.0333451], [34.513779, 54.033237], [34.5140159, 54.0336368], [34.5135229, 54.0339347], [34.5145622, 54.0341243], [34.516382, 54.0335828], [34.5195921, 54.033732], [34.5182549, 54.0341924], [34.5184571, 54.0345736], [34.5234975, 54.0332903], [34.5256627, 54.0340742], [34.524888, 54.0344472], [34.5239445, 54.0337236], [34.5236359, 54.0339986], [34.5238034, 54.0345928], [34.5209836, 54.0396063], [34.5191268, 54.0444263], [34.5231366, 54.0474819], [34.5473604, 54.046286], [34.5480429, 54.0472126], [34.5523513, 54.0477135], [34.5694568, 54.0526971], [34.5770071, 54.0544249], [34.579497, 54.0468126], [34.5808035, 54.0468954], [34.5809483, 54.0477489], [34.5822787, 54.0468167], [34.58292, 54.0467249], [34.5825201, 54.0471222], [34.5831102, 54.0473804], [34.5842347, 54.0466606], [34.5869955, 54.0469436], [34.5876748, 54.0478698], [34.5889456, 54.0478184], [34.5922981, 54.0493878], [34.5979731, 54.0488089], [34.5989153, 54.0475482], [34.5999232, 54.0475482], [34.6010188, 54.0483587], [34.6034071, 54.0479599], [34.6037577, 54.0482686], [34.6027279, 54.048989], [34.6031442, 54.0492977], [34.605905, 54.0485259], [34.6062994, 54.0477026], [34.6104626, 54.0477926], [34.6112733, 54.0485002], [34.6119964, 54.04814], [34.6127852, 54.0485259], [34.6126756, 54.0491691], [34.6131796, 54.0494007], [34.615064, 54.0490147], [34.616721, 54.0495167], [34.6156117, 54.0512659], [34.6156119, 54.0529225], [34.6178905, 54.053504], [34.6208161, 54.0525218], [34.6208486, 54.0529509], [34.6200378, 54.0533883], [34.6211772, 54.0539542], [34.6212649, 54.0544944], [34.6238447, 54.0552012], [34.6241007, 54.0541745], [34.6267028, 54.0542747], [34.6277998, 54.0552737], [34.628983, 54.0553509], [34.6295225, 54.0558645], [34.6317438, 54.0553251], [34.633672, 54.055994], [34.6346799, 54.0554538], [34.6363452, 54.0555052], [34.6376599, 54.0546306], [34.6380981, 54.0552737], [34.6402454, 54.0557882], [34.641341, 54.0549136], [34.6479887, 54.053874], [34.6481773, 54.0546049], [34.6491414, 54.054682], [34.6492258, 54.0553264], [34.6516831, 54.0547592], [34.6539607, 54.0549508], [34.6561092, 54.0560454], [34.6581411, 54.0560525], [34.6609735, 54.0552737], [34.66185, 54.0556853], [34.6649176, 54.054965], [34.666057, 54.0556338], [34.6709213, 54.0548107], [34.6724113, 54.0556853], [34.6728933, 54.0549907], [34.6741376, 54.0549758], [34.6739012, 54.0541418], [34.6760145, 54.0530226], [34.6731991, 54.0495668], [34.671962, 54.045735], [34.6720047, 54.0384961], [34.678062, 54.0328344], [34.6822851, 54.0319575], [34.6967032, 54.0312059], [34.6970445, 54.0306297], [34.6966606, 54.0288006], [34.7161821, 54.0272084], [34.7213098, 54.0291219], [34.7377186, 54.0302204], [34.7575241, 54.0336723], [34.7663245, 54.0460459], [34.7711585, 54.0453182], [34.7860666, 54.0456787], [34.7932919, 54.0491587], [34.7940414, 54.0514586], [34.7970648, 54.0549465], [34.7939151, 54.0574141], [34.790576, 54.0578801], [34.7866967, 54.055951], [34.7815761, 54.0542336], [34.7647008, 54.0607807], [34.7648466, 54.0648488], [34.7789826, 54.0694202], [34.7843133, 54.0693914], [34.7867719, 54.0709128], [34.785485, 54.0718976], [34.7879048, 54.0731375], [34.7886872, 54.0727231], [34.7912569, 54.073299], [34.7934802, 54.0754457], [34.7921307, 54.0772283], [34.7910985, 54.0766093], [34.7905765, 54.0774959], [34.7887358, 54.0819123], [34.7887401, 54.0839605], [34.7926467, 54.083983], [34.7980169, 54.0828323], [34.8004961, 54.082768], [34.8005081, 54.0833834], [34.803584, 54.0833151], [34.8039334, 54.0837352], [34.8058219, 54.0833771], [34.8086781, 54.083651], [34.8107796, 54.0831332], [34.8100489, 54.0856156], [34.8131926, 54.0865792], [34.8115025, 54.0926747], [34.8156182, 54.0931164], [34.8110703, 54.0976261], [34.8073447, 54.1003702], [34.8173099, 54.1022313], [34.8155483, 54.105003], [34.8169214, 54.1052638], [34.8196542, 54.1072365], [34.8440316, 54.1185998], [34.8474529, 54.1219477], [34.8518697, 54.1221675], [34.8507515, 54.1241879], [34.8489884, 54.1315408], [34.8463396, 54.1362934], [34.8463904, 54.1370198], [34.8484405, 54.1399076], [34.8496534, 54.1441785], [34.8470568, 54.1434023], [34.8436026, 54.1469797], [34.8369649, 54.1515952], [34.8337681, 54.1531588], [34.8318039, 54.1549028], [34.8224434, 54.1550523], [34.8205859, 54.1561159], [34.8138139, 54.1515657], [34.8121026, 54.148444], [34.8073544, 54.1449114], [34.8015439, 54.1435679], [34.7963625, 54.1436274], [34.7968367, 54.1453333], [34.7951095, 54.1512837], [34.7941839, 54.1577386], [34.7876134, 54.1542585], [34.7828242, 54.1537536], [34.7828242, 54.1456755], [34.7777889, 54.14381], [34.7674028, 54.1441045], [34.7552253, 54.1437554], [34.7442232, 54.1423354], [34.7339671, 54.1431], [34.7255757, 54.1411884], [34.7212867, 54.1388398], [34.7155992, 54.1418438], [34.7059009, 54.1433103], [34.7024545, 54.141447], [34.7024902, 54.140924], [34.7014188, 54.1402127], [34.6999546, 54.139878], [34.6985976, 54.137221], [34.6965977, 54.1360493], [34.6955531, 54.1341967], [34.6839916, 54.1346884], [34.682593, 54.1320116], [34.6738287, 54.1322847], [34.6718707, 54.1332134], [34.6674885, 54.1334866], [34.6630131, 54.1315199], [34.6606002, 54.1316675], [34.659085, 54.1322741], [34.6568594, 54.1321755], [34.6503729, 54.135677], [34.6475447, 54.1381477], [34.6457641, 54.1390583], [34.6498665, 54.1437554], [34.6507057, 54.1470321], [34.660751, 54.1512571], [34.6610551, 54.1518921], [34.6593143, 54.1546642], [34.6592836, 54.1582802], [34.6562067, 54.1612283], [34.6542487, 54.1616104], [34.6508891, 54.1611348], [34.6497894, 54.1596497], [34.6482815, 54.1595905], [34.6440858, 54.1606278], [34.6424461, 54.1621941], [34.6427476, 54.1626406], [34.6420736, 54.1631807], [34.6368146, 54.1642977], [34.6333823, 54.1639907], [34.6283861, 54.1651458], [34.6260391, 54.1651953], [34.6184967, 54.1643352], [34.616993, 54.1656833], [34.6148706, 54.1665353], [34.6088161, 54.167729], [34.6042221, 54.167189], [34.599603, 54.1672901], [34.5961468, 54.1664581], [34.5978609, 54.1642966], [34.5921251, 54.1574254], [34.5807194, 54.1548388], [34.5721486, 54.1617104], [34.5693796, 54.1684265], [34.5702366, 54.1756432], [34.5659248, 54.1776608], [34.5611384, 54.1813539], [34.5621933, 54.1819712], [34.5612703, 54.1832444], [34.5589628, 54.1838617], [34.5471615, 54.1904971], [34.5434694, 54.1889155], [34.5403708, 54.1869481], [34.5389203, 54.1874882], [34.5346349, 54.1859836], [34.5300858, 54.1874882], [34.518746, 54.1974014], [34.513142, 54.1995997], [34.5114279, 54.2023378], [34.4987036, 54.202492], [34.4936621, 54.2045255], [34.4836058, 54.2056541], [34.4785759, 54.2091193], [34.4762877, 54.2114763], [34.4551019, 54.2075369], [34.4540844, 54.2086573], [34.4540927, 54.2092074], [34.4551837, 54.2096847], [34.4542708, 54.2110056], [34.4562903, 54.2114473], [34.45724, 54.2122551], [34.4573263, 54.2126498], [34.4566683, 54.2129529], [34.4582445, 54.2138486], [34.4570901, 54.214251], [34.4571813, 54.216104], [34.4558143, 54.2157874], [34.4558614, 54.2162417], [34.4547325, 54.2160306], [34.453185, 54.2167144], [34.4532635, 54.2181325], [34.4543873, 54.218709], [34.4535604, 54.2195105], [34.4527834, 54.2193223], [34.4522007, 54.2208149], [34.452739, 54.2214736], [34.4470151, 54.221114], [34.4359391, 54.2361827], [34.4432572, 54.2466621], [34.4379829, 54.2531718], [34.4334611, 54.2515031], [34.4100289, 54.2457375], [34.3985952, 54.2492646], [34.3922511, 54.2498373], [34.3923213, 54.250216], [34.3938362, 54.2505455], [34.3934632, 54.2513898], [34.388102, 54.2528605], [34.3879244, 54.2535087], [34.3794437, 54.2553093], [34.3724387, 54.2552329], [34.359422, 54.2523792], [34.3380333, 54.2516077], [34.3342894, 54.2478223], [34.3296298, 54.2445914], [34.3250733, 54.2422919], [34.327331, 54.2372307], [34.3283367, 54.2337038], [34.327311, 54.2311211], [34.3167467, 54.2253053], [34.3121132, 54.2248533], [34.3106644, 54.2260052], [34.3068329, 54.2256972], [34.3032889, 54.2263412], [34.2931357, 54.2244093], [34.2855686, 54.2238773], [34.279582, 54.2226454], [34.2679441, 54.2270691], [34.2642085, 54.2344316], [34.262628, 54.2466342], [34.261193, 54.2512034], [34.2285829, 54.2467751], [34.2211708, 54.2426939], [34.2147089, 54.2399173], [34.2091023, 54.2383623], [34.1984117, 54.2376404], [34.1900017, 54.2346413], [34.180594, 54.2295313], [34.1867708, 54.2256983], [34.171804, 54.2208372], [34.1672902, 54.2248928], [34.1413314, 54.2158829], [34.1385564, 54.2222107], [34.1343939, 54.2286187], [34.1043839, 54.2324211], [34.0976796, 54.2353839], [34.0922835, 54.2342944], [34.0863314, 54.2323829], [34.0844673, 54.2339312], [34.0817529, 54.2334151], [34.0794963, 54.2337783], [34.0638639, 54.2269538], [34.0574213, 54.2277376], [34.058664, 54.2317712], [34.0600193, 54.2327269], [34.0560418, 54.2363491], [34.0545618, 54.2359707], [34.0423518, 54.2279688], [34.0319918, 54.2225612], [34.0373568, 54.2195327], [34.0368018, 54.2185051], [34.0204624, 54.2153035]]]}}, {"type": "Feature", "properties": {"rda_code": "KG-08", "rda_name": "BARYATINSKY AREA", "osm_name": "Барятинский муниципальный округ", "match_score": 1.0, "match_reason": "alias:барятинскии"}, "geometry": {"type": "Polygon", "coordinates": [[[34.2334181, 54.479843], [34.2365527, 54.4752444], [34.2541955, 54.4602781], [34.2704395, 54.4719962], [34.2809996, 54.4682743], [34.2843488, 54.4714211], [34.2886, 54.4690819], [34.2893089, 54.4678435], [34.2919846, 54.4657594], [34.2955205, 54.4643474], [34.3037575, 54.4633827], [34.3062926, 54.4624346], [34.3079396, 54.4613786], [34.3074728, 54.4606238], [34.3081441, 54.4587994], [34.3107288, 54.457119], [34.3109481, 54.4562664], [34.313975, 54.4544608], [34.309161, 54.4495031], [34.3074355, 54.4454638], [34.3078278, 54.4440698], [34.3156737, 54.4411042], [34.3170982, 54.4399067], [34.3235632, 54.4384678], [34.3262221, 54.4361356], [34.3282707, 54.4358821], [34.3298835, 54.4347666], [34.3311528, 54.4326147], [34.3283143, 54.430279], [34.331104, 54.4236355], [34.3325424, 54.4227225], [34.3334283, 54.4208826], [34.3379037, 54.4207698], [34.3393421, 54.4189184], [34.3433959, 54.4172191], [34.3445727, 54.4159256], [34.3429164, 54.4154944], [34.3424369, 54.4161538], [34.3405626, 54.4164075], [34.338296, 54.4157987], [34.3380345, 54.4144544], [34.3356496, 54.4108672], [34.3345474, 54.4040028], [34.3293168, 54.4007044], [34.2933129, 54.4025312], [34.2919181, 54.394589], [34.2808467, 54.3950204], [34.2778391, 54.3893356], [34.2718675, 54.3841831], [34.2615491, 54.3809889], [34.2703419, 54.3791568], [34.2755725, 54.3771766], [34.278275, 54.3742823], [34.2814133, 54.3734698], [34.2812826, 54.3709561], [34.2820672, 54.3690263], [34.2820672, 54.365268], [34.2789288, 54.3627538], [34.2781006, 54.3616363], [34.2785801, 54.360595], [34.278057, 54.3599346], [34.2723912, 54.3617295], [34.270124, 54.3605696], [34.2689471, 54.3592743], [34.2796698, 54.3530511], [34.2794083, 54.3498502], [34.2801493, 54.3493167], [34.2798442, 54.3486053], [34.2817184, 54.348021], [34.2837671, 54.3449976], [34.2833312, 54.3437526], [34.2804108, 54.3442608], [34.2800621, 54.343219], [34.2741777, 54.3429649], [34.2725213, 54.3420502], [34.2731316, 54.3410084], [34.2725649, 54.3391534], [34.2744828, 54.3370442], [34.2731323, 54.3343997], [34.2736062, 54.333505], [34.2788009, 54.3333491], [34.2797872, 54.3326303], [34.2799413, 54.3317137], [34.2808043, 54.3314981], [34.2812358, 54.328299], [34.2773523, 54.3254591], [34.2720818, 54.3183945], [34.2629894, 54.3167046], [34.2613559, 54.3138819], [34.2655168, 54.3099262], [34.264438, 54.3094946], [34.264962, 54.303848], [34.2916535, 54.3053227], [34.2883556, 54.294927], [34.2711571, 54.2964739], [34.2721126, 54.2935959], [34.2651469, 54.2903219], [34.2573491, 54.2855902], [34.2501985, 54.2797424], [34.2623113, 54.2739118], [34.2581196, 54.2668564], [34.2426164, 54.2705822], [34.2407362, 54.2621581], [34.2445889, 54.2623201], [34.2466232, 54.2594216], [34.2486882, 54.2542544], [34.2627737, 54.2528499], [34.261193, 54.2512034], [34.262628, 54.2466342], [34.2642085, 54.2344316], [34.2679441, 54.2270691], [34.279582, 54.2226454], [34.2855686, 54.2238773], [34.2931357, 54.2244093], [34.3032889, 54.2263412], [34.3068329, 54.2256972], [34.3106644, 54.2260052], [34.3121132, 54.2248533], [34.3167467, 54.2253053], [34.327311, 54.2311211], [34.3283367, 54.2337038], [34.327331, 54.2372307], [34.3250733, 54.2422919], [34.3296298, 54.2445914], [34.3342894, 54.2478223], [34.3380333, 54.2516077], [34.359422, 54.2523792], [34.3724387, 54.2552329], [34.3794437, 54.2553093], [34.3879244, 54.2535087], [34.388102, 54.2528605], [34.3934632, 54.2513898], [34.3938362, 54.2505455], [34.3923213, 54.250216], [34.3922511, 54.2498373], [34.3985952, 54.2492646], [34.4100289, 54.2457375], [34.4334611, 54.2515031], [34.4379829, 54.2531718], [34.4432572, 54.2466621], [34.4359391, 54.2361827], [34.4470151, 54.221114], [34.452739, 54.2214736], [34.4522007, 54.2208149], [34.4527834, 54.2193223], [34.4535604, 54.2195105], [34.4543873, 54.218709], [34.4532635, 54.2181325], [34.453185, 54.2167144], [34.4547325, 54.2160306], [34.4558614, 54.2162417], [34.4558143, 54.2157874], [34.4571813, 54.216104], [34.4570901, 54.214251], [34.4582445, 54.2138486], [34.4566683, 54.2129529], [34.4573263, 54.2126498], [34.45724, 54.2122551], [34.4562903, 54.2114473], [34.4542708, 54.2110056], [34.4551837, 54.2096847], [34.4540927, 54.2092074], [34.4540844, 54.2086573], [34.4551019, 54.2075369], [34.4762877, 54.2114763], [34.4785759, 54.2091193], [34.4836058, 54.2056541], [34.4936621, 54.2045255], [34.4987036, 54.202492], [34.5114279, 54.2023378], [34.513142, 54.1995997], [34.518746, 54.1974014], [34.5300858, 54.1874882], [34.5346349, 54.1859836], [34.5389203, 54.1874882], [34.5403708, 54.1869481], [34.5434694, 54.1889155], [34.5471615, 54.1904971], [34.5589628, 54.1838617], [34.5612703, 54.1832444], [34.5621933, 54.1819712], [34.5611384, 54.1813539], [34.5659248, 54.1776608], [34.5702366, 54.1756432], [34.5693796, 54.1684265], [34.5721486, 54.1617104], [34.5807194, 54.1548388], [34.5921251, 54.1574254], [34.5978609, 54.1642966], [34.5961468, 54.1664581], [34.599603, 54.1672901], [34.6042221, 54.167189], [34.6088161, 54.167729], [34.6148706, 54.1665353], [34.616993, 54.1656833], [34.6184967, 54.1643352], [34.6260391, 54.1651953], [34.6283861, 54.1651458], [34.6333823, 54.1639907], [34.6368146, 54.1642977], [34.6420736, 54.1631807], [34.6427476, 54.1626406], [34.6424461, 54.1621941], [34.6440858, 54.1606278], [34.6482815, 54.1595905], [34.6497894, 54.1596497], [34.6508891, 54.1611348], [34.6542487, 54.1616104], [34.6562067, 54.1612283], [34.6592836, 54.1582802], [34.6593143, 54.1546642], [34.6610551, 54.1518921], [34.660751, 54.1512571], [34.6507057, 54.1470321], [34.6498665, 54.1437554], [34.6457641, 54.1390583], [34.6475447, 54.1381477], [34.6503729, 54.135677], [34.6568594, 54.1321755], [34.659085, 54.1322741], [34.6606002, 54.1316675], [34.6630131, 54.1315199], [34.6674885, 54.1334866], [34.6718707, 54.1332134], [34.6738287, 54.1322847], [34.682593, 54.1320116], [34.6839916, 54.1346884], [34.6955531, 54.1341967], [34.6965977, 54.1360493], [34.6985976, 54.137221], [34.6999546, 54.139878], [34.7014188, 54.1402127], [34.7024902, 54.140924], [34.7024545, 54.141447], [34.7059009, 54.1433103], [34.7155992, 54.1418438], [34.7212867, 54.1388398], [34.7255757, 54.1411884], [34.7339671, 54.1431], [34.7442232, 54.1423354], [34.7552253, 54.1437554], [34.7674028, 54.1441045], [34.7777889, 54.14381], [34.7828242, 54.1456755], [34.7828242, 54.1537536], [34.7876134, 54.1542585], [34.7941839, 54.1577386], [34.7940285, 54.1653667], [34.7954716, 54.1704541], [34.8102092, 54.1817107], [34.8153175, 54.1947774], [34.8125315, 54.1938765], [34.8071635, 54.1975029], [34.8052719, 54.2004234], [34.8021724, 54.2038157], [34.8009169, 54.2083568], [34.7989505, 54.2092416], [34.793919, 54.2087884], [34.7909156, 54.2079925], [34.7846908, 54.2085427], [34.7778837, 54.2054564], [34.763015, 54.2037083], [34.7583688, 54.2023479], [34.7417415, 54.1957149], [34.7336218, 54.2006051], [34.7311625, 54.2016078], [34.7351404, 54.2027339], [34.734602, 54.204059], [34.7376356, 54.2053231], [34.7365072, 54.2075502], [34.7263527, 54.2134881], [34.718443, 54.216069], [34.7160543, 54.2189156], [34.7250619, 54.2205348], [34.732814, 54.2279697], [34.74863, 54.2333575], [34.7422279, 54.2397928], [34.7429581, 54.2409699], [34.7307702, 54.2467719], [34.7325934, 54.2484803], [34.7322067, 54.2509926], [34.7213076, 54.2565519], [34.7239427, 54.2581234], [34.726283, 54.2586094], [34.7262411, 54.2592028], [34.7321492, 54.2671196], [34.7496006, 54.2666457], [34.7556594, 54.2695723], [34.7608963, 54.271288], [34.7727128, 54.2679148], [34.7741811, 54.2701383], [34.7754425, 54.2699814], [34.7744651, 54.2665333], [34.7837584, 54.2630629], [34.7899955, 54.2596952], [34.7989949, 54.2645714], [34.8068735, 54.2615782], [34.8115711, 54.2629097], [34.8120023, 54.264717], [34.8105195, 54.2675159], [34.8124366, 54.2698262], [34.8096209, 54.2755333], [34.8128697, 54.276885], [34.8116091, 54.2792633], [34.8179471, 54.2818232], [34.8308457, 54.2859078], [34.8305579, 54.2882383], [34.8212894, 54.2858136], [34.8177131, 54.289747], [34.7968174, 54.289642], [34.7963991, 54.2917702], [34.7782391, 54.2962089], [34.7745515, 54.2993146], [34.7756367, 54.3044675], [34.7790198, 54.3042342], [34.779167, 54.3051682], [34.7776294, 54.3062273], [34.7801685, 54.3071655], [34.7837344, 54.3098602], [34.7861336, 54.3092838], [34.7895488, 54.3133237], [34.8024266, 54.3101184], [34.8118256, 54.3089589], [34.8173919, 54.3071], [34.8165811, 54.3045048], [34.8134221, 54.3021157], [34.815262, 54.2978745], [34.8193329, 54.2930649], [34.8329701, 54.2928715], [34.8338018, 54.2983684], [34.8448544, 54.3036519], [34.8408307, 54.3053558], [34.8394384, 54.3065751], [34.8275702, 54.3009263], [34.8206392, 54.3030597], [34.8283257, 54.308803], [34.8357578, 54.3116169], [34.8262455, 54.3155602], [34.8272008, 54.3163061], [34.8293866, 54.3169283], [34.8334511, 54.3211112], [34.8397661, 54.3218722], [34.8525439, 54.3258088], [34.8612241, 54.3254957], [34.866164, 54.3262627], [34.8664739, 54.3285101], [34.8660687, 54.3299966], [34.8676888, 54.3306278], [34.8677292, 54.3314003], [34.8693578, 54.3319834], [34.8693959, 54.3327094], [34.8706257, 54.3331321], [34.871141, 54.3323691], [34.8727518, 54.3320509], [34.8752966, 54.3324609], [34.8727382, 54.3391553], [34.8659702, 54.3388193], [34.8645549, 54.3439581], [34.863031, 54.3552467], [34.8600815, 54.3560354], [34.8541197, 54.356004], [34.8508871, 54.3608324], [34.8484199, 54.3630794], [34.8398178, 54.3607178], [34.837714, 54.3591199], [34.8286159, 54.3578706], [34.8263958, 54.3563635], [34.8207376, 54.3564741], [34.8187382, 54.3577891], [34.8218527, 54.3622032], [34.8113589, 54.3625713], [34.808284, 54.3658506], [34.7972054, 54.3695827], [34.7880135, 54.3697561], [34.7867274, 54.3724076], [34.7881154, 54.3750102], [34.792014, 54.3788029], [34.7967042, 54.3791184], [34.7981916, 54.3814635], [34.7973753, 54.3841457], [34.7950936, 54.3868034], [34.7967699, 54.3882918], [34.7983526, 54.3887568], [34.797259, 54.3902003], [34.7967302, 54.3923287], [34.7954011, 54.394585], [34.802326, 54.3964549], [34.7991874, 54.4013653], [34.7960207, 54.4007877], [34.7927369, 54.3990161], [34.7842791, 54.3976592], [34.7828877, 54.3991316], [34.7853787, 54.4001437], [34.7910527, 54.407358], [34.7890972, 54.4083299], [34.787968, 54.4071518], [34.7863207, 54.407355], [34.7765628, 54.4186382], [34.7744916, 54.4179906], [34.7699977, 54.4177814], [34.7695586, 54.4164778], [34.7665581, 54.4155488], [34.7639621, 54.4160686], [34.76268, 54.4113123], [34.7623019, 54.4078972], [34.7571257, 54.4065199], [34.7543044, 54.4066411], [34.7498353, 54.4038359], [34.7479534, 54.4055328], [34.7461713, 54.4062465], [34.7445159, 54.408419], [34.753463, 54.4135023], [34.7514791, 54.4142443], [34.7623448, 54.4215291], [34.763569, 54.4241008], [34.7668432, 54.4253797], [34.7698366, 54.4231326], [34.7744591, 54.4316759], [34.7754142, 54.4355005], [34.7734459, 54.4378182], [34.7721126, 54.4385566], [34.7632727, 54.4406775], [34.7605785, 54.4421689], [34.7584372, 54.4423935], [34.7560668, 54.4462838], [34.7534994, 54.4456694], [34.7516239, 54.4458245], [34.7525765, 54.4472831], [34.7526108, 54.4483675], [34.7472886, 54.4492416], [34.7440633, 54.4491298], [34.7416976, 54.4500524], [34.7399401, 54.449955], [34.7389206, 54.4506983], [34.7409715, 54.4520749], [34.7410397, 54.4527529], [34.7424039, 54.453814], [34.7412068, 54.4543314], [34.7418844, 54.4556875], [34.7405035, 54.455924], [34.7413461, 54.4564466], [34.7404442, 54.4570532], [34.7404904, 54.4581021], [34.7415387, 54.4593036], [34.7431335, 54.4599085], [34.7442445, 54.4612502], [34.7430251, 54.4637589], [34.7437186, 54.4644011], [34.743719, 54.4653778], [34.7429051, 54.4660965], [34.7424747, 54.4682575], [34.7336091, 54.4701336], [34.7304426, 54.4724806], [34.7303832, 54.4735992], [34.7294995, 54.4739398], [34.7218992, 54.4737547], [34.6994944, 54.4715173], [34.6942567, 54.4725933], [34.6942691, 54.4736081], [34.6776337, 54.4768232], [34.6737719, 54.480904], [34.6534947, 54.4756564], [34.6568188, 54.4688922], [34.6682519, 54.4660138], [34.6709094, 54.4644356], [34.6709434, 54.4635593], [34.6700774, 54.4632042], [34.6710433, 54.4624418], [34.6704753, 54.4617572], [34.6713268, 54.4603228], [34.6699398, 54.4590869], [34.6627401, 54.457827], [34.6606439, 54.4582041], [34.6574417, 54.4573341], [34.6563713, 54.4577739], [34.6516982, 54.4577273], [34.6510336, 54.4605882], [34.6445935, 54.4581657], [34.6421945, 54.4562481], [34.6413872, 54.4532589], [34.637428, 54.4541482], [34.6310688, 54.4490532], [34.617473, 54.4506909], [34.6154091, 54.452159], [34.6132955, 54.4564963], [34.6097341, 54.45899], [34.6075788, 54.4642575], [34.6021017, 54.4749116], [34.5834052, 54.483423], [34.576233, 54.4847965], [34.5717586, 54.4847967], [34.5677455, 54.4855786], [34.5662606, 54.4846447], [34.5689153, 54.4912915], [34.5659896, 54.4965443], [34.5611618, 54.4973964], [34.5609649, 54.500626], [34.5530929, 54.4985494], [34.5477877, 54.5016581], [34.5443478, 54.50555], [34.5450121, 54.50689], [34.5440853, 54.5096233], [34.5442367, 54.5156798], [34.5398877, 54.5106567], [34.5324392, 54.5102875], [34.5200469, 54.5121348], [34.5163702, 54.5122649], [34.5114875, 54.5080759], [34.5101424, 54.5061538], [34.5063778, 54.5047175], [34.5001709, 54.5037367], [34.4898103, 54.5000839], [34.488311, 54.499061], [34.4852492, 54.4986562], [34.4805002, 54.4994762], [34.4760026, 54.5018208], [34.4741619, 54.5038767], [34.4670193, 54.5013798], [34.4614607, 54.50627], [34.4605374, 54.5137877], [34.4590192, 54.5169466], [34.456319, 54.5170624], [34.4487735, 54.5191175], [34.4430571, 54.5160093], [34.4420422, 54.5140288], [34.4386951, 54.5130855], [34.4363575, 54.5131293], [34.4355423, 54.5103055], [34.426497, 54.5106989], [34.4185261, 54.5136684], [34.3103063, 54.5156992], [34.3019792, 54.5156373], [34.2985393, 54.5147097], [34.2987474, 54.5127296], [34.297351, 54.5116767], [34.2964095, 54.5119334], [34.2960214, 54.5126796], [34.2944543, 54.5125748], [34.2937148, 54.5113843], [34.2923596, 54.5116499], [34.287182, 54.514324], [34.2868914, 54.5167254], [34.2853484, 54.5176322], [34.2824981, 54.5167047], [34.2794876, 54.5171211], [34.2739331, 54.5197529], [34.2726875, 54.4939985], [34.2695174, 54.4951864], [34.2628289, 54.4947466], [34.2427867, 54.4872893], [34.2451378, 54.4835851], [34.2334181, 54.479843]]]}}, {"type": "Feature", "properties": {"rda_code": "KG-24", "rda_name": "SPAS-DEMENSKIY AREA / incl. SPAS-DEMENSK/", "osm_name": "Спас-Деменский муниципальный округ", "match_score": 1.0, "match_reason": "alias:spas demensky"}, "geometry": {"type": "Polygon", "coordinates": [[[33.5743331, 54.3947501], [33.5909532, 54.3880753], [33.5910126, 54.386207], [33.5983208, 54.383266], [33.5995091, 54.3767258], [33.6033712, 54.3744763], [33.6145414, 54.3741648], [33.6291577, 54.3708768], [33.6336139, 54.3673116], [33.6344436, 54.3645467], [33.6338516, 54.3622229], [33.6374759, 54.3594879], [33.6415756, 54.3511779], [33.6382483, 54.3485114], [33.6462695, 54.3457408], [33.6453783, 54.3438706], [33.648819, 54.3415444], [33.6523299, 54.3410651], [33.6565182, 54.3394621], [33.6599469, 54.3401998], [33.6631307, 54.3363922], [33.6678656, 54.3355593], [33.6816394, 54.3359031], [33.6774171, 54.3347501], [33.6762742, 54.3335602], [33.6791315, 54.3323226], [33.6821112, 54.3299901], [33.6849277, 54.3302995], [33.6898259, 54.3300139], [33.6892136, 54.3288], [33.685295, 54.3265149], [33.6887519, 54.3223222], [33.7154912, 54.3281173], [33.7186302, 54.32787], [33.7196395, 54.3272368], [33.7192461, 54.3266611], [33.7197129, 54.3263916], [33.7216985, 54.3263876], [33.72317, 54.3276204], [33.7252841, 54.3265205], [33.7265069, 54.3273061], [33.7287198, 54.3267524], [33.7296732, 54.3279036], [33.7306072, 54.3277447], [33.7312846, 54.3282715], [33.730957, 54.3285481], [33.7318938, 54.329031], [33.7317928, 54.3295997], [33.7328654, 54.3304519], [33.7322523, 54.3312508], [33.7349986, 54.3322101], [33.7347409, 54.3327189], [33.7366536, 54.3335664], [33.7408288, 54.3323799], [33.7500977, 54.328361], [33.7620059, 54.3255472], [33.7727375, 54.3341389], [33.7944517, 54.3312223], [33.781247, 54.3191953], [33.7801503, 54.3173283], [33.7765865, 54.314047], [33.7738425, 54.3137372], [33.7737061, 54.3131132], [33.774345, 54.3124893], [33.777245, 54.3123804], [33.77797, 54.3118109], [33.7774388, 54.3112204], [33.7800829, 54.3103129], [33.7790923, 54.309291], [33.7805423, 54.3083948], [33.7796869, 54.3066167], [33.7823606, 54.3008617], [33.7859849, 54.2979493], [33.7868762, 54.2948632], [33.7894905, 54.292956], [33.7909759, 54.2891066], [33.763288, 54.2859159], [33.7667342, 54.2684664], [33.7789739, 54.2713462], [33.7804593, 54.2650311], [33.7852028, 54.256965], [33.7866775, 54.2553084], [33.7896268, 54.2565674], [33.7953836, 54.2524755], [33.7989568, 54.2505702], [33.8161988, 54.2527571], [33.8209063, 54.2522767], [33.822863, 54.2527903], [33.8256422, 54.2548114], [33.8247631, 54.256319], [33.8528566, 54.2608661], [33.8570609, 54.2575629], [33.8595623, 54.2540493], [33.8541912, 54.2496036], [33.8554223, 54.2488844], [33.8553637, 54.2482336], [33.8563016, 54.2478568], [33.8549533, 54.246658], [33.8578913, 54.243876], [33.8588809, 54.2399783], [33.8570701, 54.2393515], [33.8587051, 54.2374432], [33.8615189, 54.2373746], [33.8636396, 54.2355121], [33.8634049, 54.2300267], [33.8615775, 54.227815], [33.8628184, 54.2226888], [33.8658568, 54.2157853], [33.8773067, 54.2130856], [33.8750182, 54.2085923], [33.8807671, 54.2075288], [33.8877238, 54.2080242], [33.8999756, 54.210184], [33.9038771, 54.2099644], [33.9078308, 54.2135093], [33.9099998, 54.2128237], [33.9135171, 54.2147433], [33.9163895, 54.2175198], [33.9207861, 54.2179997], [33.9219585, 54.2193707], [33.9305172, 54.223175], [33.945346, 54.2175108], [33.9520635, 54.217832], [33.961712, 54.2158984], [33.9671816, 54.2185424], [33.9695915, 54.222377], [33.9819157, 54.2256228], [33.9815496, 54.2260508], [33.9827089, 54.2271921], [33.9842951, 54.2268355], [33.9876223, 54.2278873], [33.9885714, 54.2270551], [33.9926267, 54.2295769], [33.9956897, 54.2271559], [34.0016, 54.227509], [34.003412, 54.2248105], [34.0178643, 54.2145696], [34.0368018, 54.2185051], [34.0373568, 54.2195327], [34.0319918, 54.2225612], [34.0423518, 54.2279688], [34.0545618, 54.2359707], [34.0560418, 54.2363491], [34.0600193, 54.2327269], [34.058664, 54.2317712], [34.0574213, 54.2277376], [34.0638639, 54.2269538], [34.0794963, 54.2337783], [34.0817529, 54.2334151], [34.0844673, 54.2339312], [34.0863314, 54.2323829], [34.0922835, 54.2342944], [34.0976796, 54.2353839], [34.1043839, 54.2324211], [34.1343939, 54.2286187], [34.1385564, 54.2222107], [34.1413314, 54.2158829], [34.1672902, 54.2248928], [34.171804, 54.2208372], [34.1867708, 54.2256983], [34.180594, 54.2295313], [34.1900017, 54.2346413], [34.1984117, 54.2376404], [34.2091023, 54.2383623], [34.2147089, 54.2399173], [34.2211708, 54.2426939], [34.2285829, 54.2467751], [34.261193, 54.2512034], [34.2627737, 54.2528499], [34.2486882, 54.2542544], [34.2466232, 54.2594216], [34.2445889, 54.2623201], [34.2407362, 54.2621581], [34.2426164, 54.2705822], [34.2581196, 54.2668564], [34.2623113, 54.2739118], [34.2501985, 54.2797424], [34.2573491, 54.2855902], [34.2651469, 54.2903219], [34.2721126, 54.2935959], [34.2711571, 54.2964739], [34.2883556, 54.294927], [34.2916535, 54.3053227], [34.264962, 54.303848], [34.264438, 54.3094946], [34.2655168, 54.3099262], [34.2613559, 54.3138819], [34.2629894, 54.3167046], [34.2720818, 54.3183945], [34.2773523, 54.3254591], [34.2812358, 54.328299], [34.2808043, 54.3314981], [34.2799413, 54.3317137], [34.2797872, 54.3326303], [34.2788009, 54.3333491], [34.2736062, 54.333505], [34.2731323, 54.3343997], [34.2744828, 54.3370442], [34.2725649, 54.3391534], [34.2731316, 54.3410084], [34.2725213, 54.3420502], [34.2741777, 54.3429649], [34.2800621, 54.343219], [34.2804108, 54.3442608], [34.2833312, 54.3437526], [34.2837671, 54.3449976], [34.2817184, 54.348021], [34.2798442, 54.3486053], [34.2801493, 54.3493167], [34.2794083, 54.3498502], [34.2796698, 54.3530511], [34.2689471, 54.3592743], [34.270124, 54.3605696], [34.2723912, 54.3617295], [34.278057, 54.3599346], [34.2785801, 54.360595], [34.2781006, 54.3616363], [34.2789288, 54.3627538], [34.2820672, 54.365268], [34.2820672, 54.3690263], [34.2812826, 54.3709561], [34.2814133, 54.3734698], [34.278275, 54.3742823], [34.2755725, 54.3771766], [34.2703419, 54.3791568], [34.2615491, 54.3809889], [34.2718675, 54.3841831], [34.2778391, 54.3893356], [34.2808467, 54.3950204], [34.2919181, 54.394589], [34.2933129, 54.4025312], [34.3293168, 54.4007044], [34.3345474, 54.4040028], [34.3356496, 54.4108672], [34.3380345, 54.4144544], [34.338296, 54.4157987], [34.3405626, 54.4164075], [34.3424369, 54.4161538], [34.3429164, 54.4154944], [34.3445727, 54.4159256], [34.3433959, 54.4172191], [34.3393421, 54.4189184], [34.3379037, 54.4207698], [34.3334283, 54.4208826], [34.3325424, 54.4227225], [34.331104, 54.4236355], [34.3283143, 54.430279], [34.3311528, 54.4326147], [34.3298835, 54.4347666], [34.3282707, 54.4358821], [34.3262221, 54.4361356], [34.3235632, 54.4384678], [34.3170982, 54.4399067], [34.3156737, 54.4411042], [34.3078278, 54.4440698], [34.3074355, 54.4454638], [34.309161, 54.4495031], [34.313975, 54.4544608], [34.3109481, 54.4562664], [34.3107288, 54.457119], [34.3081441, 54.4587994], [34.3074728, 54.4606238], [34.3079396, 54.4613786], [34.3062926, 54.4624346], [34.3037575, 54.4633827], [34.2955205, 54.4643474], [34.2919846, 54.4657594], [34.2893089, 54.4678435], [34.2886, 54.4690819], [34.2843488, 54.4714211], [34.2809996, 54.4682743], [34.2704395, 54.4719962], [34.2541955, 54.4602781], [34.2365527, 54.4752444], [34.2334181, 54.479843], [34.2451378, 54.4835851], [34.2427867, 54.4872893], [34.2628289, 54.4947466], [34.2695174, 54.4951864], [34.2726875, 54.4939985], [34.2739331, 54.5197529], [34.2724861, 54.5208227], [34.2702106, 54.5210299], [34.2634733, 54.5194761], [34.2599746, 54.519502], [34.2524788, 54.5213148], [34.2506941, 54.5203307], [34.2504264, 54.5176892], [34.2469462, 54.5149438], [34.2484632, 54.5123019], [34.2427522, 54.5081574], [34.2312408, 54.5066031], [34.2224957, 54.5042197], [34.2183016, 54.5083646], [34.2128582, 54.5090382], [34.2000083, 54.514374], [34.1968032, 54.5148038], [34.1815837, 54.520074], [34.1745533, 54.5185235], [34.170598, 54.5215207], [34.1692796, 54.5248365], [34.1673019, 54.5259204], [34.167192, 54.5301285], [34.1590617, 54.5334436], [34.1649946, 54.5410928], [34.1598308, 54.5430686], [34.1564248, 54.5468287], [34.1536781, 54.5539657], [34.1403289, 54.5550808], [34.1378907, 54.5587042], [34.1373075, 54.5604325], [34.1346706, 54.5615792], [34.134341, 54.5646051], [34.1270896, 54.5628215], [34.1195237, 54.5624854], [34.1185198, 54.5609103], [34.1162125, 54.5596999], [34.1119276, 54.5588398], [34.1085216, 54.5568329], [34.1054453, 54.5558772], [34.1004462, 54.5550489], [34.0954471, 54.5508434], [34.0884154, 54.5497283], [34.0892395, 54.547944], [34.0872618, 54.5463826], [34.0838009, 54.5460959], [34.0798456, 54.5442795], [34.0772637, 54.5461915], [34.0791445, 54.5482707], [34.0794611, 54.5505567], [34.077813, 54.5571515], [34.0780877, 54.5587442], [34.0695728, 54.5617066], [34.0678149, 54.5628215], [34.065178, 54.5633948], [34.0629378, 54.5647803], [34.0625325, 54.566536], [34.0578059, 54.56424], [34.0494329, 54.5624843], [34.0393042, 54.562214], [34.0355229, 54.5592428], [34.0313931, 54.5576293], [34.0287013, 54.5573745], [34.0258446, 54.5581709], [34.0168353, 54.564414], [34.0093642, 54.5653377], [34.003651, 54.568013], [33.9938176, 54.5761015], [33.9902804, 54.5770687], [33.9854675, 54.5799223], [33.9807981, 54.5798905], [33.9742608, 54.5788716], [33.9734368, 54.5771523], [33.9658008, 54.575401], [33.9627794, 54.5756557], [33.961461, 54.5804954], [33.9615159, 54.5821828], [33.9569563, 54.5838382], [33.9521221, 54.5844749], [33.9503641, 54.582915], [33.9309172, 54.5806546], [33.9152058, 54.5777572], [33.9043287, 54.5687773], [33.9049879, 54.5668665], [33.8986704, 54.5622481], [33.8947701, 54.5583938], [33.889752, 54.555341], [33.8681719, 54.5583086], [33.8636003, 54.5628529], [33.8609302, 54.5693824], [33.8586378, 54.5732468], [33.8513066, 54.5712725], [33.8422437, 54.5705028], [33.8248682, 54.5675579], [33.8240601, 54.5636422], [33.8243487, 54.5627051], [33.8258496, 54.5619352], [33.8225015, 54.560496], [33.8203079, 54.5587219], [33.8081855, 54.559291], [33.7925995, 54.5569478], [33.7925418, 54.5594249], [33.785557, 54.5650144], [33.7762632, 54.5678257], [33.7711833, 54.5738825], [33.7608312, 54.570819], [33.7606964, 54.5648768], [33.7478044, 54.5607637], [33.7362015, 54.5555418], [33.7334884, 54.5527967], [33.724945, 54.550788], [33.7108022, 54.5459331], [33.7078004, 54.5347145], [33.7069801, 54.536253], [33.7059082, 54.5358236], [33.7047661, 54.5362974], [33.7046577, 54.5366824], [33.7054105, 54.5370519], [33.7015058, 54.5409385], [33.7001974, 54.541277], [33.6986087, 54.5408219], [33.6987942, 54.5399468], [33.6981506, 54.5378857], [33.6994564, 54.5375214], [33.7001085, 54.5365265], [33.6957183, 54.5343277], [33.694432, 54.5344387], [33.6959569, 54.5293607], [33.6963509, 54.5250545], [33.6952541, 54.5147349], [33.6673796, 54.5098424], [33.649148, 54.5078164], [33.6596825, 54.4950881], [33.6596309, 54.4934482], [33.6569178, 54.4933812], [33.6536851, 54.4918389], [33.6495289, 54.4917048], [33.6495289, 54.4884189], [33.6482036, 54.48739], [33.6475285, 54.4852292], [33.6442873, 54.4841488], [33.6442874, 54.4818529], [33.6342315, 54.4774135], [33.6706227, 54.4696988], [33.6851675, 54.4755529], [33.6874533, 54.4755529], [33.7029642, 54.4700975], [33.7022245, 54.4658842], [33.6991184, 54.4639934], [33.6962824, 54.4638583], [33.6956072, 54.4622377], [33.6872343, 54.4589964], [33.6834529, 54.4587262], [33.6814273, 54.4567004], [33.6773758, 54.4553498], [33.6764442, 54.4539951], [33.671728, 54.4521478], [33.6656292, 54.4507641], [33.6633444, 54.4493908], [33.6615349, 54.4493751], [33.6609506, 54.4487447], [33.6607684, 54.4473774], [33.6595632, 54.4464866], [33.6600646, 54.4446057], [33.6577205, 54.4427267], [33.6576476, 54.4417463], [33.6525765, 54.4395878], [33.6460847, 54.4351922], [33.6431159, 54.4341383], [33.6404394, 54.4335383], [33.6353102, 54.4389924], [33.6315946, 54.4415065], [33.6187925, 54.4445208], [33.616713, 54.4415494], [33.6267543, 54.4317699], [33.63329, 54.4294888], [33.6280614, 54.4239584], [33.6265166, 54.4208473], [33.6294351, 54.415273], [33.6374032, 54.4106814], [33.6316264, 54.4089535], [33.6306757, 54.4045616], [33.6365933, 54.4019031], [33.6304975, 54.4008956], [33.6297845, 54.39927], [33.6253877, 54.3981632], [33.6168912, 54.3977481], [33.6095831, 54.3980248], [33.6070876, 54.3987512], [33.5989476, 54.3983361], [33.596155, 54.3987512], [33.5943131, 54.3981978], [33.5943726, 54.3973676], [33.5928872, 54.396745], [33.5888469, 54.3961224], [33.5804129, 54.3966015], [33.5762264, 54.3957911], [33.5743331, 54.3947501]]]}}]}