{"type": "FeatureCollection", "name": "mo_moscow", "features": [{"type": "Feature", "properties": {"rda_code": "MA-03", "rda_name": "CITY OF ZELENOGRAD", "osm_name": "Зеленоградский административный округ", "match_score": 1.0, "match_reason": "forced-extra"}, "geometry": {"type": "Polygon", "coordinates": [[[37.1316021, 56.0164459], [37.1390684, 56.0095945], [37.1394169, 56.0097213], [37.1511709, 55.9995486], [37.1491992, 55.9983433], [37.1502483, 55.9975337], [37.1499296, 55.9965725], [37.1513682, 55.9962133], [37.152711, 55.994242], [37.1527443, 55.9930578], [37.150691, 55.9931332], [37.1488217, 55.9921204], [37.1496616, 55.991567], [37.1495825, 55.9911696], [37.1469252, 55.9910209], [37.1456018, 55.990116], [37.1440873, 55.9898821], [37.1487335, 55.9769919], [37.1487736, 55.9702666], [37.1463797, 55.9699697], [37.1455974, 55.9660427], [37.1483029, 55.9656039], [37.1466108, 55.9637194], [37.1492328, 55.9630419], [37.149624, 55.9622873], [37.1507193, 55.9625258], [37.1516231, 55.9617892], [37.1541848, 55.9624265], [37.154456, 55.9619141], [37.1564966, 55.9619784], [37.1568535, 55.9625578], [37.159278, 55.9618903], [37.1590264, 55.9624625], [37.1594204, 55.962495], [37.1603316, 55.9614937], [37.161014, 55.9618615], [37.1616778, 55.9614896], [37.1619132, 55.9600188], [37.1627574, 55.9601202], [37.1623721, 55.9595502], [37.1630573, 55.9590231], [37.1640404, 55.9594924], [37.1640371, 55.9589706], [37.1660268, 55.9590673], [37.1659944, 55.9585137], [37.1672961, 55.9585208], [37.1671846, 55.9589284], [37.1676415, 55.9590573], [37.1691449, 55.9588613], [37.169054, 55.9593206], [37.1681062, 55.9594338], [37.168944, 55.9599154], [37.1686421, 55.9607015], [37.1714702, 55.9606801], [37.1732224, 55.9600607], [37.173791, 55.9593965], [37.1724922, 55.9584742], [37.1725598, 55.9579344], [37.1748638, 55.9574757], [37.1776085, 55.958712], [37.1785276, 55.9583633], [37.1825098, 55.9587334], [37.1844112, 55.9573578], [37.183335, 55.9556326], [37.1842377, 55.9550727], [37.1832169, 55.9542615], [37.1864035, 55.9530893], [37.1875313, 55.9554467], [37.1888245, 55.9561139], [37.1943295, 55.9550392], [37.1938648, 55.9545043], [37.1952343, 55.9537653], [37.1959052, 55.9547182], [37.202851, 55.9532172], [37.2029168, 55.9517714], [37.2015293, 55.949413], [37.2023482, 55.9485977], [37.2049645, 55.9482027], [37.2081036, 55.9491606], [37.2087124, 55.9487559], [37.2084426, 55.9484076], [37.2111045, 55.9480719], [37.2122624, 55.9484883], [37.21199, 55.9487964], [37.2135367, 55.9482854], [37.2144807, 55.9488032], [37.2165072, 55.948724], [37.2174548, 55.9480078], [37.2199076, 55.9502304], [37.2184454, 55.9514662], [37.219285, 55.9530747], [37.2207934, 55.9540293], [37.2185558, 55.9552062], [37.2193881, 55.9571182], [37.2172453, 55.9579073], [37.2153356, 55.9563228], [37.2138271, 55.9566009], [37.212592, 55.9558441], [37.2101783, 55.9573718], [37.2093294, 55.960172], [37.2068763, 55.9614407], [37.2056397, 55.9631208], [37.20928, 55.9644195], [37.2115659, 55.9671511], [37.2091156, 55.9681923], [37.2089162, 55.9686813], [37.2076749, 55.9687217], [37.2085291, 55.9700967], [37.2124004, 55.9692435], [37.2131413, 55.9701733], [37.2113032, 55.9704557], [37.2128397, 55.9765963], [37.2149228, 55.9760791], [37.2155578, 55.9766825], [37.2170014, 55.9759938], [37.2187735, 55.9772412], [37.2170506, 55.9776682], [37.2174582, 55.9783647], [37.2189124, 55.9803601], [37.2205147, 55.9813061], [37.2237723, 55.9817038], [37.2258554, 55.9800801], [37.2273553, 55.9798162], [37.2301717, 55.9802425], [37.2307778, 55.9799001], [37.2306533, 55.9789095], [37.2322105, 55.9790629], [37.233266, 55.9784951], [37.2358184, 55.9797992], [37.2365642, 55.9796589], [37.2367531, 55.9790945], [37.2383718, 55.9787869], [37.2408991, 55.9794826], [37.2419261, 55.979338], [37.2425056, 55.9789814], [37.2423676, 55.9782685], [37.2440778, 55.977189], [37.2436962, 55.9766983], [37.2464974, 55.9757394], [37.25327, 55.9704143], [37.2524878, 55.9678978], [37.2600364, 55.9679085], [37.2622617, 55.9668768], [37.268302, 55.9678365], [37.2681368, 55.9682126], [37.2612918, 55.9680732], [37.2615811, 55.9699104], [37.2610555, 55.9699023], [37.2614608, 55.971425], [37.2631781, 55.9718984], [37.263798, 55.9727113], [37.266438, 55.9794662], [37.2654083, 55.9796474], [37.2661626, 55.9811435], [37.2677431, 55.9819338], [37.2673546, 55.9824283], [37.2651738, 55.9830376], [37.2655035, 55.9844898], [37.2644583, 55.9871372], [37.2630137, 55.9885412], [37.2555496, 55.9872614], [37.2537923, 55.9882694], [37.2573079, 55.9900582], [37.2605357, 55.9931529], [37.2484437, 55.9978412], [37.2485038, 55.9983936], [37.2474509, 55.9990808], [37.2463117, 56.0008098], [37.2443672, 56.0010943], [37.2423008, 56.0002817], [37.2106648, 56.0124305], [37.2113025, 56.0129758], [37.2073752, 56.0171497], [37.2032502, 56.0154857], [37.1889779, 56.0212238], [37.1869984, 56.0199938], [37.1845117, 56.0200182], [37.1842124, 56.0197214], [37.1852849, 56.0189154], [37.1776116, 56.0151322], [37.1677442, 56.0138908], [37.1646153, 56.0142329], [37.1638246, 56.0135953], [37.1626554, 56.0139375], [37.1617302, 56.0132212], [37.1588626, 56.0137002], [37.158661, 56.014142], [37.1599626, 56.0144412], [37.1591858, 56.0153355], [37.1597544, 56.0163625], [37.158256, 56.0179977], [37.1505203, 56.0164989], [37.1500948, 56.0172227], [37.1452354, 56.0180924], [37.1433486, 56.0176918], [37.1387536, 56.0183722], [37.138927, 56.017892], [37.1360907, 56.0191079], [37.1316021, 56.0164459]]]}}, {"type": "Feature", "properties": {"rda_code": "MO-06", "rda_name": "CITY DISTRICT of DZERZHINSK", "osm_name": "Дзержинский", "match_score": 1.0, "match_reason": "forced-extra"}, "geometry": {"type": "Polygon", "coordinates": [[[37.793561, 55.6229597], [37.7964287, 55.6212098], [37.7975125, 55.6199371], [37.7974457, 55.6137665], [37.7975967, 55.6128627], [37.7988837, 55.6113774], [37.8031926, 55.6102509], [37.8097141, 55.6095307], [37.813975, 55.6095726], [37.8180399, 55.6106693], [37.8200032, 55.6115598], [37.8240903, 55.615278], [37.8263387, 55.6165279], [37.8373619, 55.6162518], [37.8476744, 55.6176396], [37.8502915, 55.6175182], [37.8529499, 55.6155729], [37.8555545, 55.6108758], [37.8571289, 55.6100245], [37.8667022, 55.6093449], [37.8692027, 55.607239], [37.8691559, 55.6060521], [37.8679848, 55.6050097], [37.8559136, 55.6028796], [37.8542958, 55.6020865], [37.85377, 55.6011761], [37.8541071, 55.6002959], [37.856743, 55.599181], [37.8704976, 55.5969418], [37.8712686, 55.6016836], [37.8756374, 55.6020571], [37.8750701, 55.6024012], [37.8761326, 55.6038855], [37.8762552, 55.605177], [37.8756729, 55.6073753], [37.8761479, 55.6081406], [37.8756134, 55.6091071], [37.8792978, 55.609172], [37.8802644, 55.609921], [37.8801856, 55.610898], [37.8806837, 55.6114682], [37.8820254, 55.6109806], [37.8825511, 55.6113054], [37.8823542, 55.6126188], [37.8839957, 55.6155962], [37.8871018, 55.6154398], [37.8850992, 55.6173025], [37.8881825, 55.6186431], [37.8879496, 55.6189291], [37.8868508, 55.6185535], [37.8854847, 55.6198137], [37.8854904, 55.6207918], [37.8847966, 55.6205905], [37.8819068, 55.6230346], [37.8831134, 55.6236231], [37.8827436, 55.6243641], [37.8817407, 55.6247675], [37.879451, 55.6240681], [37.8727695, 55.6281264], [37.8705886, 55.6302612], [37.8708631, 55.6312904], [37.8743081, 55.6325058], [37.8754249, 55.6353373], [37.8734144, 55.6361727], [37.868827, 55.635918], [37.8678707, 55.6362554], [37.8673418, 55.6352274], [37.8643035, 55.6354204], [37.860625, 55.6371577], [37.8559716, 55.6378252], [37.8541598, 55.6392624], [37.8482696, 55.6375975], [37.8455091, 55.6394691], [37.8417857, 55.6406752], [37.8426177, 55.6427343], [37.8438859, 55.6436367], [37.8436612, 55.6443373], [37.8414543, 55.6447573], [37.8417022, 55.6450858], [37.8410914, 55.6455148], [37.8387271, 55.6459876], [37.8384904, 55.6477074], [37.8349822, 55.6473779], [37.8352286, 55.6456836], [37.8284407, 55.6456765], [37.8273401, 55.6450855], [37.8225401, 55.6415104], [37.8241147, 55.6405853], [37.8235106, 55.6396749], [37.8217579, 55.6390816], [37.8207199, 55.6394263], [37.8181167, 55.6390925], [37.793561, 55.6229597]]]}}, {"type": "Feature", "properties": {"rda_code": "MA-04", "rda_name": "SEVERNY DISTRICT of MOSCOW", "osm_name": "Северный административный округ", "match_score": 1.0, "match_reason": "alias:severny"}, "geometry": {"type": "MultiPolygon", "coordinates": [[[[37.4413518, 55.8813548], [37.4364835, 55.8795786], [37.437785, 55.8785645], [37.4379783, 55.8772161], [37.4387242, 55.8765343], [37.4514503, 55.8702648], [37.4539735, 55.870116], [37.4560826, 55.8618848], [37.4588211, 55.8576385], [37.4613263, 55.851045], [37.4628942, 55.8500763], [37.4636035, 55.8490863], [37.4634933, 55.8481997], [37.4653798, 55.8462341], [37.4680678, 55.8446782], [37.4688453, 55.8435381], [37.4722678, 55.8417749], [37.4725865, 55.8403538], [37.4716778, 55.8377855], [37.478983, 55.8315541], [37.4791227, 55.830748], [37.4744188, 55.8298286], [37.4782732, 55.8266077], [37.4803853, 55.8270233], [37.4881247, 55.8265415], [37.4910751, 55.8272718], [37.4933657, 55.8244783], [37.4902612, 55.8227664], [37.4875304, 55.8198686], [37.486701, 55.8174275], [37.487224, 55.8132784], [37.5028537, 55.7943493], [37.5065923, 55.7788953], [37.5075657, 55.7769455], [37.5219435, 55.761509], [37.5225622, 55.7616884], [37.5242852, 55.7598459], [37.532202, 55.7634162], [37.5347649, 55.7661935], [37.536061, 55.7661039], [37.5371295, 55.7697608], [37.5418632, 55.7724063], [37.544434, 55.772989], [37.5759936, 55.775608], [37.581307, 55.7775371], [37.58499, 55.7801537], [37.5886333, 55.7920566], [37.5844248, 55.7949956], [37.5823396, 55.8055211], [37.5806522, 55.8082874], [37.5847301, 55.8086824], [37.5793077, 55.8118077], [37.5778185, 55.8166406], [37.5740221, 55.8223928], [37.573685, 55.8318439], [37.5746772, 55.8336306], [37.5781537, 55.8367858], [37.5786726, 55.8394438], [37.5780233, 55.8410257], [37.5752619, 55.8442232], [37.5730897, 55.8506244], [37.5727074, 55.8547347], [37.5745464, 55.8598931], [37.5746003, 55.8621169], [37.5682909, 55.8775903], [37.5670561, 55.8901632], [37.5647478, 55.892842], [37.5416646, 55.901731], [37.5386925, 55.9039985], [37.5363206, 55.9075674], [37.5279378, 55.906015], [37.5244518, 55.9049172], [37.4962542, 55.8924795], [37.4943453, 55.8926768], [37.4928601, 55.8909823], [37.4859353, 55.8883988], [37.4848494, 55.8888036], [37.4839947, 55.8906501], [37.4835978, 55.8906504], [37.4823164, 55.8883802], [37.4759345, 55.8858645], [37.4673166, 55.8837927], [37.4628321, 55.8832171], [37.4477311, 55.8827967], [37.4439641, 55.8831423], [37.4424188, 55.8841651], [37.4415353, 55.883839], [37.4419777, 55.8827631], [37.4413518, 55.8813548]]], [[[37.3658403, 55.9141697], [37.3698614, 55.9081959], [37.3767952, 55.9112439], [37.386724, 55.911657], [37.398713, 55.9166177], [37.3949359, 55.9193292], [37.393851, 55.9211355], [37.3943312, 55.9226576], [37.3968464, 55.9261701], [37.4084134, 55.9241346], [37.4106248, 55.925248], [37.4102691, 55.9272063], [37.4077466, 55.9290304], [37.4094272, 55.9296377], [37.4101622, 55.9304426], [37.4098611, 55.9314065], [37.4101679, 55.9319133], [37.4076688, 55.9346914], [37.4066636, 55.939028], [37.4077198, 55.9392932], [37.4074528, 55.939854], [37.4084228, 55.9411325], [37.4085786, 55.9427713], [37.4103667, 55.945258], [37.415558, 55.9457605], [37.4168021, 55.94674], [37.4192998, 55.9466966], [37.4208886, 55.9471995], [37.4207076, 55.9497164], [37.4217832, 55.9502361], [37.4224581, 55.9513146], [37.4198547, 55.9515805], [37.4204582, 55.952516], [37.4199157, 55.9530314], [37.4167889, 55.9534168], [37.4161184, 55.9543974], [37.4137634, 55.9545265], [37.4131224, 55.9541391], [37.4134013, 55.9537275], [37.4121594, 55.9539063], [37.4121667, 55.9534947], [37.4113789, 55.953187], [37.4097233, 55.9542052], [37.4074765, 55.9533538], [37.4076319, 55.9529377], [37.4086411, 55.9527676], [37.4073959, 55.9513294], [37.3932094, 55.9486359], [37.3920805, 55.9491232], [37.3916139, 55.9500301], [37.3918871, 55.9507314], [37.392985, 55.9512875], [37.3927919, 55.9522727], [37.3902599, 55.9519903], [37.3893801, 55.9523207], [37.3892192, 55.9530836], [37.3847345, 55.9532037], [37.3828826, 55.9526653], [37.3835505, 55.9513137], [37.3815823, 55.9507932], [37.3752549, 55.9535925], [37.3751584, 55.9544109], [37.3762313, 55.9554425], [37.3719719, 55.9561382], [37.358211, 55.9556423], [37.3592083, 55.9547835], [37.3577073, 55.954484], [37.3581766, 55.9534769], [37.3560009, 55.9535438], [37.3547616, 55.9517115], [37.3534926, 55.9511259], [37.3503876, 55.952475], [37.348819, 55.9518948], [37.3464338, 55.953622], [37.346872, 55.9550128], [37.3501948, 55.9569202], [37.3495832, 55.9572896], [37.3445705, 55.9564052], [37.3415703, 55.9568281], [37.3410173, 55.9565621], [37.3417992, 55.9559792], [37.3394677, 55.9548276], [37.3350259, 55.9535891], [37.3364424, 55.9507148], [37.3405276, 55.9462664], [37.3416982, 55.9467499], [37.3479065, 55.9432289], [37.3474532, 55.9429426], [37.3510086, 55.9407866], [37.3503948, 55.940476], [37.3540987, 55.9389069], [37.3514523, 55.9372244], [37.3508811, 55.9374477], [37.3495479, 55.9366301], [37.3432683, 55.9389578], [37.3386657, 55.9370648], [37.3382088, 55.9363776], [37.3358152, 55.9357439], [37.33678, 55.9349949], [37.3363011, 55.9347823], [37.334963, 55.9353847], [37.3313205, 55.9338701], [37.3366865, 55.9326648], [37.3398343, 55.9307309], [37.3435269, 55.9266406], [37.3437067, 55.9241832], [37.3492233, 55.9260385], [37.3497022, 55.9267761], [37.3564628, 55.9299543], [37.377823, 55.9211143], [37.3717351, 55.9196431], [37.3688493, 55.9179563], [37.3696713, 55.9175133], [37.3660258, 55.9153807], [37.3658403, 55.9141697]]]]}}, {"type": "Feature", "properties": {"rda_code": "MA-02", "rda_name": "ZAPADNY DISTRICT of MOSCOW", "osm_name": "Западный административный округ", "match_score": 1.0, "match_reason": "alias:zapadny"}, "geometry": {"type": "MultiPolygon", "coordinates": [[[[37.3298214, 55.6854426], [37.3292925, 55.6856526], [37.3262279, 55.68276], [37.3460859, 55.6762989], [37.3489862, 55.678562], [37.3542991, 55.6763211], [37.3574845, 55.6792432], [37.3580956, 55.6790776], [37.3611, 55.6820978], [37.3550715, 55.6855232], [37.3566586, 55.6877063], [37.3558015, 55.6874558], [37.357973, 55.6917385], [37.3610831, 55.6900911], [37.3596676, 55.6890355], [37.3639508, 55.6877694], [37.3643424, 55.6882166], [37.3626871, 55.6887764], [37.3633645, 55.6899639], [37.3643209, 55.6906915], [37.3660692, 55.6901032], [37.3679036, 55.6917278], [37.372858, 55.6910665], [37.371502, 55.6900401], [37.3748651, 55.6889363], [37.3810709, 55.6926361], [37.3836932, 55.6930726], [37.3841384, 55.6938261], [37.3901959, 55.6967759], [37.3936964, 55.6948131], [37.3943217, 55.6963587], [37.3966154, 55.696523], [37.3952772, 55.6989981], [37.3968641, 55.6965214], [37.4021617, 55.6988389], [37.4116931, 55.6912861], [37.4137834, 55.6881236], [37.41496, 55.685267], [37.4146829, 55.6839548], [37.4151603, 55.6824256], [37.4142093, 55.6820281], [37.4154479, 55.6820433], [37.417481, 55.6807762], [37.410585, 55.6780483], [37.4112905, 55.6774909], [37.4059717, 55.6744578], [37.4057073, 55.673281], [37.4048008, 55.6728286], [37.4040325, 55.6710433], [37.4059429, 55.6701039], [37.4067319, 55.6703729], [37.4073381, 55.6696825], [37.4130736, 55.6674098], [37.4154573, 55.6647647], [37.404661, 55.6619362], [37.3941332, 55.6609367], [37.3890614, 55.6619263], [37.3861581, 55.6645757], [37.3805794, 55.6645089], [37.379712, 55.6640279], [37.3780033, 55.6594828], [37.3769914, 55.659102], [37.370952, 55.6590578], [37.3697653, 55.6595194], [37.3699988, 55.6679968], [37.3690415, 55.6689191], [37.3646174, 55.6691244], [37.358244, 55.6660449], [37.3584524, 55.6625761], [37.3528876, 55.6603377], [37.3502376, 55.6611985], [37.3505088, 55.6624102], [37.3535824, 55.6637243], [37.351702, 55.6648773], [37.3480466, 55.6658288], [37.3484908, 55.6629065], [37.3476527, 55.6620314], [37.3437687, 55.6623309], [37.3438717, 55.6617317], [37.34203, 55.6601291], [37.342325, 55.6595461], [37.3415492, 55.6588625], [37.3418702, 55.6580635], [37.3409501, 55.65773], [37.3415289, 55.6560662], [37.3423664, 55.655497], [37.3421265, 55.6550268], [37.3430571, 55.6540578], [37.33786, 55.652824], [37.3360925, 55.6518785], [37.3328449, 55.6483677], [37.3308994, 55.6473055], [37.3320472, 55.6459378], [37.3306524, 55.6422503], [37.3299897, 55.6418396], [37.3302905, 55.6409153], [37.3298184, 55.6398738], [37.3303472, 55.6393239], [37.3324398, 55.6395477], [37.3344062, 55.6384799], [37.3360563, 55.635179], [37.3388586, 55.6353942], [37.3421195, 55.6337877], [37.3437832, 55.6324281], [37.3561172, 55.6305762], [37.3598713, 55.6297248], [37.3638921, 55.6279324], [37.3686851, 55.6248944], [37.3709544, 55.6227779], [37.3722889, 55.620327], [37.374229, 55.6146963], [37.3880903, 55.6182012], [37.4417401, 55.6321821], [37.4485741, 55.6342436], [37.4557187, 55.6370488], [37.5016534, 55.6585246], [37.5200937, 55.6708846], [37.5240099, 55.6737058], [37.5116624, 55.6797306], [37.5365712, 55.6935632], [37.5592321, 55.7102802], [37.552897, 55.7109726], [37.5485159, 55.7122628], [37.5433307, 55.7156172], [37.5418853, 55.7175946], [37.5410812, 55.7201251], [37.5418635, 55.7240396], [37.5449026, 55.7270557], [37.5530345, 55.7299466], [37.5657503, 55.736401], [37.5683267, 55.7385525], [37.5738914, 55.7447089], [37.5744493, 55.7463273], [37.5744922, 55.7488635], [37.5740201, 55.7503369], [37.5730331, 55.751472], [37.5708015, 55.7527279], [37.5640208, 55.7535974], [37.5601783, 55.7530784], [37.5545352, 55.7514364], [37.5403745, 55.7454577], [37.5357486, 55.7445821], [37.527972, 55.7446122], [37.5255687, 55.7453369], [37.5220496, 55.7475834], [37.5185027, 55.7525846], [37.516299, 55.7568334], [37.5116641, 55.7596587], [37.5058276, 55.7617836], [37.4981458, 55.7655019], [37.4897158, 55.7679596], [37.4845108, 55.76817], [37.4788659, 55.7673434], [37.476388, 55.7645104], [37.4761731, 55.7617112], [37.4767739, 55.7569059], [37.4761731, 55.7522932], [37.4751432, 55.749878], [37.4727828, 55.7472693], [37.4673755, 55.7440325], [37.4617965, 55.7418583], [37.4553163, 55.7406021], [37.4525268, 55.7406021], [37.4444587, 55.7426072], [37.4373777, 55.7464239], [37.4363477, 55.7478732], [37.4373764, 55.7496856], [37.4392216, 55.7505309], [37.4530833, 55.753888], [37.4576323, 55.75582], [37.4634259, 55.7601907], [37.4645205, 55.7623834], [37.4642718, 55.7652279], [37.4629397, 55.7669505], [37.4552656, 55.7741771], [37.4506431, 55.7768688], [37.4473534, 55.7772534], [37.4341209, 55.7741996], [37.4085801, 55.7757622], [37.4018275, 55.7717981], [37.3982596, 55.7711769], [37.3867388, 55.7709266], [37.3834025, 55.7721825], [37.3797521, 55.7723483], [37.3788354, 55.7716773], [37.3708646, 55.7710135], [37.3702608, 55.7713623], [37.3702616, 55.7730269], [37.3688853, 55.7730383], [37.3687433, 55.7724986], [37.3678722, 55.7721208], [37.3652599, 55.771728], [37.3667564, 55.7709031], [37.3665267, 55.7700084], [37.3686444, 55.76869], [37.3686078, 55.7669409], [37.3656124, 55.7644124], [37.367905, 55.7641355], [37.367872, 55.7630371], [37.368489, 55.7625565], [37.3683119, 55.75013], [37.3689477, 55.745982], [37.3745176, 55.7343246], [37.3739824, 55.7325129], [37.3747956, 55.7318736], [37.3757427, 55.7318875], [37.3792684, 55.7250186], [37.3792148, 55.7241949], [37.378454, 55.7233384], [37.3811235, 55.7213834], [37.3843099, 55.7151659], [37.381352, 55.7130943], [37.3815623, 55.7126033], [37.3826351, 55.7126392], [37.386661, 55.7111475], [37.3924774, 55.7059193], [37.3879413, 55.7043201], [37.3885622, 55.7035562], [37.3882393, 55.7032332], [37.3904837, 55.7024365], [37.3886458, 55.7007934], [37.3921625, 55.6984232], [37.3898298, 55.6969492], [37.3878858, 55.6981045], [37.3854471, 55.6969691], [37.382014, 55.6985367], [37.3790342, 55.6973127], [37.3795116, 55.6969227], [37.3791575, 55.6967504], [37.3786586, 55.6971253], [37.3781937, 55.6968433], [37.3774809, 55.7093972], [37.3767396, 55.7106743], [37.37606, 55.7107201], [37.3754669, 55.7114978], [37.3718947, 55.7109556], [37.3644213, 55.7089047], [37.3651927, 55.7080444], [37.3675067, 55.7079718], [37.3693474, 55.7084951], [37.3690857, 55.7074115], [37.3661551, 55.7070035], [37.368481, 55.7036899], [37.3704149, 55.7041782], [37.3709402, 55.7036925], [37.36774, 55.7032986], [37.3679514, 55.7026652], [37.3691059, 55.702475], [37.3668194, 55.7021291], [37.3664989, 55.7030851], [37.365914, 55.7029208], [37.3656043, 55.7020509], [37.3646683, 55.701862], [37.365595, 55.7009431], [37.364439, 55.7008773], [37.3633127, 55.7018251], [37.3633195, 55.7007325], [37.3573203, 55.7005489], [37.3574355, 55.6995235], [37.355769, 55.6994601], [37.3556302, 55.7005218], [37.3533615, 55.7004503], [37.3531138, 55.7017954], [37.3541338, 55.7023401], [37.353968, 55.7031365], [37.3563797, 55.7046023], [37.3560893, 55.7047715], [37.3514621, 55.7022513], [37.3518141, 55.7001658], [37.347376, 55.6976493], [37.3449652, 55.6983969], [37.3445685, 55.6969048], [37.3423737, 55.6932191], [37.3423516, 55.6925536], [37.3439443, 55.6905941], [37.3438553, 55.6892225], [37.3397625, 55.6881671], [37.3394208, 55.6873443], [37.3385424, 55.6872882], [37.3387602, 55.6886541], [37.3378599, 55.6901498], [37.3387, 55.6913651], [37.3386913, 55.6925674], [37.3376329, 55.6935156], [37.3294276, 55.6857865], [37.3339095, 55.6842], [37.3336066, 55.6832286], [37.3348271, 55.6824529], [37.3341064, 55.6820478], [37.3325117, 55.6829408], [37.3309701, 55.6815531], [37.3268711, 55.6829631], [37.3298214, 55.6854426]]], [[[36.9159827, 55.7466723], [36.9080791, 55.7487516], [36.9077905, 55.7473194], [36.9060491, 55.7469566], [36.9047551, 55.7453943], [36.9028742, 55.7449123], [36.8997474, 55.7453672], [36.8985833, 55.7418064], [36.8971979, 55.7424455], [36.8968708, 55.7421693], [36.8991221, 55.7411836], [36.8999158, 55.7388466], [36.9005548, 55.7351641], [36.8999302, 55.7351417], [36.899555, 55.7336575], [36.8983105, 55.7332947], [36.8936164, 55.7338769], [36.8904871, 55.7336011], [36.8900381, 55.7343595], [36.8893441, 55.7340301], [36.8885414, 55.7348575], [36.8880788, 55.7344361], [36.8895754, 55.7330266], [36.8960645, 55.7332726], [36.904074, 55.7321513], [36.9093029, 55.7320917], [36.9141952, 55.7328392], [36.9177549, 55.7320781], [36.9189142, 55.7310489], [36.9193905, 55.7312466], [36.917579, 55.7330759], [36.9177111, 55.7334413], [36.9208708, 55.732897], [36.9237123, 55.7368148], [36.9162379, 55.7369018], [36.910926, 55.7362016], [36.9107236, 55.7362346], [36.9102614, 55.7365133], [36.9101237, 55.736857], [36.9104673, 55.7385651], [36.9067721, 55.7386015], [36.9063896, 55.7395704], [36.904718, 55.7408697], [36.9047674, 55.7413271], [36.9080318, 55.7412453], [36.9094437, 55.7390942], [36.9105616, 55.7385928], [36.9101958, 55.7368593], [36.9107647, 55.7362825], [36.9162043, 55.7369542], [36.9240219, 55.7368892], [36.9340787, 55.7435035], [36.937655, 55.7539187], [36.9408181, 55.7539135], [36.9410639, 55.7543163], [36.9436315, 55.7546611], [36.9438108, 55.7536499], [36.94566, 55.7512278], [36.948236, 55.7517362], [36.9486079, 55.7511871], [36.9479688, 55.7503205], [36.9484381, 55.7500398], [36.944602, 55.7482261], [36.9458608, 55.747483], [36.9448014, 55.7469737], [36.9453832, 55.7455499], [36.9432126, 55.743399], [36.9438571, 55.7432325], [36.9426226, 55.7420828], [36.941123, 55.7423217], [36.9408813, 55.7390788], [36.9396924, 55.7388605], [36.9360069, 55.7395585], [36.9352279, 55.7371427], [36.9460306, 55.7367582], [36.9468661, 55.7358523], [36.9476722, 55.7317613], [36.9619978, 55.7327527], [36.9638787, 55.7350955], [36.9638402, 55.7361599], [36.9719209, 55.7380879], [36.9763911, 55.7384217], [36.9748891, 55.7396001], [36.9754663, 55.7400903], [36.9743208, 55.7411057], [36.9775837, 55.7421556], [36.9813821, 55.7386657], [36.9828107, 55.7392104], [36.9832381, 55.7387938], [36.9900524, 55.739648], [36.9905671, 55.7399161], [36.9891432, 55.7414516], [36.9901775, 55.7418442], [36.9927944, 55.7414164], [36.9940932, 55.7405823], [36.9925202, 55.7398484], [36.9839527, 55.7385296], [36.9856075, 55.737032], [36.9895569, 55.734738], [36.9901005, 55.7350657], [36.9908798, 55.7346242], [36.9923999, 55.7356209], [36.9918082, 55.7359216], [36.9935304, 55.7374355], [36.9953439, 55.73834], [37.0025452, 55.7398403], [37.0056864, 55.7396562], [37.005114, 55.738015], [37.0031706, 55.7351713], [37.0023432, 55.7351307], [36.9993559, 55.7383563], [36.9965947, 55.7366338], [36.9960126, 55.7369615], [36.9942712, 55.7365282], [36.9954305, 55.7359188], [36.9908558, 55.7334623], [36.9935544, 55.7315609], [36.9856481, 55.7273289], [36.9849746, 55.7273343], [36.9839163, 55.7295502], [36.9806645, 55.7321126], [36.9803566, 55.7327464], [36.9807126, 55.7331798], [36.9797216, 55.7347561], [36.9738432, 55.7362565], [36.9706298, 55.7363649], [36.9652517, 55.7354494], [36.9632698, 55.7337161], [36.9620864, 55.7299294], [36.9633949, 55.7295068], [36.9622211, 55.7279574], [36.9625675, 55.7277732], [36.9679937, 55.7278057], [36.9722269, 55.7257848], [36.9751613, 55.7250859], [36.9762966, 55.7241539], [36.9773645, 55.7241973], [36.977403, 55.7235146], [36.9815688, 55.7225447], [36.9846475, 55.7209462], [36.9852055, 55.7213417], [36.9912379, 55.7189466], [36.9967025, 55.7192609], [36.9989827, 55.7210491], [36.9998871, 55.7229565], [37.0060733, 55.7253243], [37.0067179, 55.7247933], [37.0065411, 55.7236815], [37.0070581, 55.7232026], [37.0093235, 55.7229842], [37.0083235, 55.7198193], [37.0096637, 55.7197005], [37.01214, 55.7204247], [37.0127999, 55.7185663], [37.0116706, 55.7158647], [37.0147591, 55.7162173], [37.0173715, 55.7156616], [37.0148396, 55.7107633], [37.0197019, 55.7107038], [37.0242523, 55.7095857], [37.0207248, 55.7084159], [37.0206459, 55.7069193], [37.0159304, 55.7070567], [37.0158612, 55.7066014], [37.0152353, 55.7066014], [37.013521, 55.7067854], [37.013521, 55.7072952], [37.0094324, 55.7074907], [37.0110855, 55.7104036], [37.0130244, 55.7103538], [37.0132216, 55.7121589], [37.0119359, 55.7146499], [37.0110243, 55.7152286], [37.0078132, 55.7147496], [37.0066907, 55.7158303], [37.005058, 55.715447], [37.0033505, 55.713803], [37.0029763, 55.7141632], [36.9989761, 55.713186], [37.000017, 55.711561], [37.0020783, 55.7119366], [37.0013258, 55.7111267], [37.0033641, 55.7107485], [37.0029355, 55.7098747], [37.0019422, 55.7095834], [37.0020443, 55.7080848], [37.0002415, 55.7078854], [36.9975067, 55.711059], [36.9979693, 55.7113234], [36.997908, 55.712477], [36.9920438, 55.7120899], [37.0001598, 55.707391], [37.0029219, 55.7070039], [37.0023572, 55.7062488], [37.003711, 55.7060341], [37.0041736, 55.7054131], [37.0172354, 55.7053671], [37.0174123, 55.7065554], [37.0200859, 55.7064787], [37.0201063, 55.7067931], [37.0344352, 55.7066217], [37.0337804, 55.7071993], [37.0350798, 55.7071189], [37.0352703, 55.7075022], [37.0291475, 55.7118178], [37.0283176, 55.7115572], [37.0284574, 55.7110331], [37.0275626, 55.7104911], [37.026716, 55.7108271], [37.0262926, 55.7103176], [37.0270286, 55.7099707], [37.0266438, 55.7095588], [37.0246619, 55.7097268], [37.0275145, 55.7123285], [37.0338403, 55.7139869], [37.035394, 55.7110656], [37.0379436, 55.7091739], [37.0399688, 55.7088433], [37.0464822, 55.7090709], [37.0545397, 55.7097566], [37.0583929, 55.712052], [37.0591818, 55.7134016], [37.0601391, 55.7188833], [37.0616544, 55.7203735], [37.0679025, 55.7228781], [37.0788462, 55.7154165], [37.0963994, 55.7155826], [37.0964024, 55.7162999], [37.1041179, 55.7163682], [37.1058073, 55.7157871], [37.1076764, 55.7160637], [37.1076668, 55.7156382], [37.1130095, 55.7161027], [37.1120866, 55.7170626], [37.1167376, 55.7199401], [37.1188975, 55.7208232], [37.1194844, 55.7200132], [37.1230623, 55.7212047], [37.1192901, 55.7238615], [37.1277753, 55.7280823], [37.121588, 55.7338884], [37.1220161, 55.7348608], [37.1169218, 55.736586], [37.1164023, 55.7375041], [37.1116255, 55.7380078], [37.1120681, 55.738999], [37.1073875, 55.7415743], [37.0969672, 55.7437903], [37.0924909, 55.7436487], [37.0897839, 55.7413193], [37.0858717, 55.741638], [37.084327, 55.7390383], [37.081503, 55.7361524], [37.0796637, 55.7357381], [37.0803827, 55.7353694], [37.080015, 55.7351446], [37.0794847, 55.7354089], [37.082354, 55.7325818], [37.0877789, 55.730724], [37.0913412, 55.7302886], [37.0943494, 55.7287203], [37.0958803, 55.7306109], [37.096697, 55.7306011], [37.0968781, 55.7309173], [37.0961019, 55.7309438], [37.0962655, 55.73171], [37.0999867, 55.7317497], [37.1032833, 55.7326267], [37.1051824, 55.7326387], [37.1028701, 55.7342177], [37.1050672, 55.7339193], [37.1076652, 55.7347674], [37.1102543, 55.7332288], [37.1110085, 55.7322845], [37.1158835, 55.7361734], [37.1194743, 55.734789], [37.1206477, 55.7327893], [37.1203158, 55.7317722], [37.1159645, 55.7287447], [37.1125706, 55.7271232], [37.1081949, 55.7263805], [37.104137, 55.7264495], [37.1017724, 55.7256202], [37.0969849, 55.7261353], [37.0950375, 55.7282274], [37.0888284, 55.7279198], [37.0884741, 55.72737], [37.0851969, 55.7280204], [37.0809928, 55.7280767], [37.0737775, 55.7301381], [37.070237, 55.7290194], [37.069299, 55.7259854], [37.0691643, 55.7234714], [37.0682754, 55.7231292], [37.0653773, 55.7223701], [37.0645853, 55.7231905], [37.0548139, 55.7236971], [37.0520351, 55.7223199], [37.048983, 55.7219833], [37.0488262, 55.7213876], [37.0542571, 55.720357], [37.0525396, 55.7183531], [37.0409758, 55.7192852], [37.04219, 55.7194428], [37.0427511, 55.7202131], [37.0426585, 55.7210281], [37.0447642, 55.7208031], [37.0473855, 55.7218452], [37.0477575, 55.723524], [37.0467747, 55.7268231], [37.043381, 55.7285276], [37.0414517, 55.7303537], [37.038907, 55.7316322], [37.0359293, 55.7321848], [37.0332835, 55.7318949], [37.0297623, 55.7322119], [37.0272512, 55.7335201], [37.0240186, 55.7322579], [37.0233049, 55.7331091], [37.0248364, 55.7337855], [37.0291177, 55.7339643], [37.0219665, 55.7349139], [37.0229166, 55.7365324], [37.0242715, 55.7408832], [37.0238426, 55.7429299], [37.0204704, 55.7454183], [37.0202347, 55.7450013], [37.0163334, 55.7462604], [37.0124514, 55.7466503], [37.0101808, 55.7463877], [37.0066403, 55.745394], [37.0016663, 55.7416437], [36.9992755, 55.7422746], [36.999492, 55.7431492], [37.0001077, 55.7429705], [36.9993958, 55.7436096], [37.0006561, 55.7436745], [37.0012334, 55.7441836], [37.0007667, 55.7443813], [37.0009544, 55.7449905], [37.0015124, 55.7453994], [37.0030084, 55.745421], [37.0081556, 55.7477279], [37.0060342, 55.749596], [37.0045814, 55.7485672], [36.9959948, 55.7473461], [36.9950134, 55.7483046], [36.9926082, 55.7491656], [36.9915739, 55.7488271], [36.9926467, 55.7490654], [36.9951626, 55.74769], [36.993349, 55.7469535], [36.9920502, 55.7447089], [36.9882726, 55.7449323], [36.9861771, 55.7445116], [36.9850081, 55.7454836], [36.9911174, 55.7484322], [36.9899966, 55.7493987], [36.989554, 55.7487137], [36.9888469, 55.7486136], [36.9845415, 55.7502597], [36.9873075, 55.7517866], [36.986711, 55.7528776], [36.9869564, 55.7546642], [36.9827135, 55.7576446], [36.9840749, 55.7581047], [36.9836419, 55.758684], [36.9787545, 55.7604866], [36.9757432, 55.7583754], [36.974935, 55.7572142], [36.9807915, 55.7559098], [36.9801621, 55.7542061], [36.9776597, 55.7515842], [36.9781789, 55.7511847], [36.9718338, 55.7521907], [36.9722925, 55.7533992], [36.9720134, 55.7539217], [36.9703896, 55.7495426], [36.9681319, 55.7495498], [36.9682773, 55.7487923], [36.9669592, 55.7474575], [36.9644145, 55.7476768], [36.9612733, 55.7494691], [36.9590075, 55.7498752], [36.9606094, 55.7506549], [36.9581946, 55.7512045], [36.9563714, 55.7539658], [36.9576736, 55.7556788], [36.9571074, 55.7582455], [36.957574, 55.757317], [36.95816, 55.7574756], [36.9593587, 55.755276], [36.9706585, 55.7557498], [36.9718082, 55.757945], [36.968056, 55.7600373], [36.9332186, 55.7544071], [36.9329204, 55.7526366], [36.9285044, 55.7511747], [36.9210193, 55.7465802], [36.9159827, 55.7466723]]], [[[37.3143061, 55.7981332], [37.3079191, 55.7972282], [37.3091117, 55.7971259], [37.3093392, 55.7959742], [37.3116774, 55.7963949], [37.3114403, 55.7967947], [37.3118836, 55.7968584], [37.3126617, 55.7956909], [37.315274, 55.7968902], [37.3152007, 55.796163], [37.3162922, 55.7963769], [37.3167382, 55.7957912], [37.319386, 55.7966376], [37.3191509, 55.7972729], [37.3209466, 55.7978523], [37.3240838, 55.7971166], [37.3249703, 55.7966009], [37.3245271, 55.796288], [37.3246147, 55.7966965], [37.3231509, 55.7970297], [37.3170698, 55.7950391], [37.3143887, 55.7936861], [37.3164453, 55.7927791], [37.3115333, 55.7925879], [37.3100592, 55.7920866], [37.3128219, 55.7908116], [37.315399, 55.7884035], [37.3128801, 55.7877903], [37.310606, 55.7844642], [37.3115518, 55.7841496], [37.3118433, 55.7801654], [37.3131458, 55.7797513], [37.3128271, 55.7863845], [37.3283121, 55.781108], [37.3270408, 55.7795343], [37.3243366, 55.7786025], [37.3234666, 55.7777055], [37.3240236, 55.7775334], [37.3229729, 55.7767335], [37.322415, 55.7769447], [37.3153018, 55.7746034], [37.3108516, 55.7754361], [37.3098117, 55.7719721], [37.3084937, 55.7705913], [37.3127565, 55.769081], [37.3189369, 55.7695065], [37.3207023, 55.7668207], [37.3287193, 55.7672931], [37.3322475, 55.767984], [37.3319586, 55.7713753], [37.3323016, 55.7719341], [37.3382839, 55.7712914], [37.3403335, 55.7704036], [37.3383438, 55.7692766], [37.3398609, 55.7690197], [37.3444969, 55.7685981], [37.3445145, 55.7697565], [37.3470671, 55.7695512], [37.3484687, 55.7701745], [37.3506306, 55.7728787], [37.3524395, 55.7737624], [37.3522319, 55.7780272], [37.3605084, 55.7830987], [37.3594889, 55.7839671], [37.3705101, 55.7880302], [37.3680103, 55.7899212], [37.3578174, 55.7925683], [37.3486793, 55.7964211], [37.352094, 55.797147], [37.3538935, 55.798865], [37.3575402, 55.8000128], [37.3594884, 55.8012546], [37.3582512, 55.8033426], [37.3494535, 55.8064784], [37.3478479, 55.8066493], [37.3427758, 55.8051114], [37.3361042, 55.8020658], [37.3349988, 55.8010969], [37.334486, 55.7996108], [37.32179, 55.8007522], [37.3147699, 55.7992573], [37.3143061, 55.7981332]]], [[[37.2931684, 55.7963971], [37.3023539, 55.7986335], [37.3029227, 55.8024772], [37.3035641, 55.8035588], [37.2977692, 55.803354], [37.290502, 55.8019897], [37.2932645, 55.7980647], [37.2931684, 55.7963971]]], [[[37.3738627, 55.8125917], [37.3717466, 55.8092419], [37.3729467, 55.8087717], [37.3720858, 55.8033929], [37.3723787, 55.8031748], [37.3735617, 55.8029868], [37.3752774, 55.8045172], [37.3758233, 55.8043714], [37.3760573, 55.8046013], [37.3754202, 55.8047682], [37.376167, 55.805729], [37.3785716, 55.80568], [37.3791232, 55.8065438], [37.3778686, 55.8069855], [37.3778959, 55.8076942], [37.3793519, 55.8091719], [37.3850513, 55.8093072], [37.3807281, 55.8096574], [37.3810808, 55.8106454], [37.3796746, 55.8106902], [37.3801967, 55.8113191], [37.3774474, 55.8126881], [37.3764306, 55.8120872], [37.3738627, 55.8125917]]]]}}, {"type": "Feature", "properties": {"rda_code": "MA-06", "rda_name": "SEVEROZAPADNY DISTRICT of MOSCOW", "osm_name": "Северо-Западный административный округ", "match_score": 1.0, "match_reason": "alias:severo zapadny"}, "geometry": {"type": "Polygon", "coordinates": [[[37.3329203, 55.8452958], [37.3428857, 55.84484], [37.3490019, 55.8437918], [37.3480271, 55.8409993], [37.3474647, 55.8406036], [37.3406559, 55.840255], [37.3403714, 55.8390079], [37.3450013, 55.8364662], [37.341868, 55.8341905], [37.3439355, 55.8330958], [37.3487294, 55.8322171], [37.3481358, 55.8310258], [37.3486509, 55.8307152], [37.3485673, 55.8290754], [37.3448235, 55.826067], [37.3497145, 55.8263737], [37.3515886, 55.8243916], [37.3491556, 55.8222253], [37.3523121, 55.8212845], [37.3546059, 55.8217604], [37.3541462, 55.8223551], [37.3563725, 55.8226601], [37.3540129, 55.8263994], [37.3568826, 55.8265268], [37.3589247, 55.8228877], [37.3622219, 55.8221992], [37.3635376, 55.8243612], [37.365873, 55.8264811], [37.3689161, 55.8280237], [37.3799375, 55.8306661], [37.3854286, 55.8306599], [37.3939187, 55.829862], [37.3878905, 55.8097622], [37.3861685, 55.8098155], [37.3849343, 55.8090023], [37.3862501, 55.8087495], [37.3859825, 55.8073094], [37.3867855, 55.8069524], [37.3846538, 55.8032365], [37.3744812, 55.7923635], [37.3721524, 55.7916076], [37.3678444, 55.791361], [37.36724, 55.7903819], [37.370601, 55.7881919], [37.3690717, 55.7827259], [37.3688853, 55.7730383], [37.3702616, 55.7730269], [37.3702608, 55.7713623], [37.3708646, 55.7710135], [37.3788354, 55.7716773], [37.3797521, 55.7723483], [37.3834025, 55.7721825], [37.3867388, 55.7709266], [37.4005183, 55.7714337], [37.4085801, 55.7757622], [37.4341209, 55.7741996], [37.4473534, 55.7772534], [37.4506431, 55.7768688], [37.4552656, 55.7741771], [37.4629397, 55.7669505], [37.4642718, 55.7652279], [37.4645205, 55.7623834], [37.4634259, 55.7601907], [37.4576323, 55.75582], [37.4530833, 55.753888], [37.4392216, 55.7505309], [37.4373764, 55.7496856], [37.4363477, 55.7478732], [37.4373777, 55.7464239], [37.4444587, 55.7426072], [37.4525268, 55.7406021], [37.4591357, 55.7412061], [37.4648006, 55.7428971], [37.4710233, 55.7461099], [37.4741561, 55.7485012], [37.4761731, 55.7522932], [37.476731, 55.7559641], [37.4761731, 55.7617112], [37.476388, 55.7645104], [37.4780555, 55.7666923], [37.4794184, 55.7675454], [37.4871806, 55.7681941], [37.4920518, 55.7673608], [37.501064, 55.7643671], [37.5058276, 55.7617836], [37.5139298, 55.7584219], [37.5219435, 55.761509], [37.5074274, 55.777151], [37.5065923, 55.7788953], [37.5028537, 55.7943493], [37.487224, 55.8132784], [37.486701, 55.8174275], [37.4875304, 55.8198686], [37.4902612, 55.8227664], [37.4933657, 55.8244783], [37.4910751, 55.8272718], [37.4881247, 55.8265415], [37.4803853, 55.8270233], [37.4782732, 55.8266077], [37.4744188, 55.8298286], [37.4791227, 55.830748], [37.478983, 55.8315541], [37.4716778, 55.8377855], [37.4725865, 55.8403538], [37.4722678, 55.8417749], [37.4688453, 55.8435381], [37.4680678, 55.8446782], [37.4653798, 55.8462341], [37.4634933, 55.8481997], [37.4636035, 55.8490863], [37.4628942, 55.8500763], [37.4613263, 55.851045], [37.4588211, 55.8576385], [37.4560826, 55.8618848], [37.4539735, 55.870116], [37.4514503, 55.8702648], [37.4426198, 55.874411], [37.4387242, 55.8765343], [37.4379783, 55.8772161], [37.437785, 55.8785645], [37.4364835, 55.8795786], [37.4309505, 55.8778512], [37.4264475, 55.8774698], [37.4240955, 55.8780005], [37.4211622, 55.8779213], [37.4211552, 55.8783224], [37.4171635, 55.8783095], [37.4155185, 55.879189], [37.4143735, 55.8788674], [37.4141258, 55.8790939], [37.4149316, 55.8793108], [37.4094205, 55.8806876], [37.4093978, 55.8849173], [37.4055779, 55.8862348], [37.4042239, 55.8875213], [37.4041816, 55.8920695], [37.3992913, 55.9007554], [37.3984488, 55.901531], [37.3974783, 55.9011959], [37.3923927, 55.9021208], [37.3902275, 55.9033576], [37.3900178, 55.9128443], [37.386724, 55.911657], [37.377709, 55.9114228], [37.3729634, 55.9096375], [37.3662836, 55.9067026], [37.3678461, 55.9053439], [37.3685896, 55.9055779], [37.3706763, 55.9036305], [37.3637998, 55.9021711], [37.3628089, 55.9014568], [37.3618136, 55.9015719], [37.3618446, 55.9009716], [37.362693, 55.9003088], [37.3647991, 55.9000741], [37.3676335, 55.8980386], [37.3674044, 55.8970732], [37.3655227, 55.8966179], [37.365638, 55.8947333], [37.3672753, 55.8942673], [37.3741352, 55.8950696], [37.3773568, 55.8927083], [37.3766153, 55.8921191], [37.3729403, 55.8911014], [37.3734752, 55.8900743], [37.3726855, 55.8892582], [37.3725592, 55.8876481], [37.3747747, 55.8869266], [37.3711942, 55.8839596], [37.3728638, 55.8815439], [37.3758465, 55.8812893], [37.378165, 55.8801579], [37.3798326, 55.8799355], [37.3810568, 55.878284], [37.3821655, 55.8778687], [37.3944357, 55.8772425], [37.404035, 55.8759958], [37.411428, 55.8709576], [37.4068486, 55.8684287], [37.4016622, 55.8644698], [37.3976398, 55.8599735], [37.3945561, 55.8544023], [37.3920551, 55.8550098], [37.3899694, 55.8541642], [37.3871672, 55.8558609], [37.3855164, 55.85451], [37.3819717, 55.854568], [37.3798725, 55.8534722], [37.3749347, 55.8551704], [37.3761554, 55.8561788], [37.3758579, 55.8569941], [37.3765154, 55.8581766], [37.3800303, 55.8594722], [37.3784965, 55.8608482], [37.3781735, 55.8619917], [37.3797707, 55.8632944], [37.3774496, 55.8647195], [37.3783515, 55.8660894], [37.3780191, 55.8665727], [37.3793053, 55.8669384], [37.3794062, 55.8673525], [37.3774889, 55.8683619], [37.3731226, 55.8671531], [37.3723143, 55.8676862], [37.3706176, 55.8673116], [37.3692386, 55.8677947], [37.3678568, 55.8675786], [37.3673514, 55.868019], [37.3652052, 55.8678988], [37.3649318, 55.8674018], [37.3628222, 55.8676471], [37.3578908, 55.8642649], [37.349819, 55.8637988], [37.3458799, 55.8629437], [37.3465853, 55.8622364], [37.3420223, 55.8602068], [37.3414536, 55.8586909], [37.3406337, 55.8580491], [37.3402903, 55.8560015], [37.3395515, 55.8551761], [37.3404194, 55.8529675], [37.3409418, 55.8526499], [37.3404435, 55.8515384], [37.3376436, 55.8498363], [37.3382777, 55.84896], [37.3373335, 55.8487991], [37.3369193, 55.8484643], [37.3371557, 55.8481635], [37.3341284, 55.8477278], [37.3320767, 55.8462996], [37.332095, 55.8458012], [37.3329203, 55.8452958]]]}}, {"type": "Feature", "properties": {"rda_code": "MA-05", "rda_name": "SEVEROVOSTOCHNY DISTRICT of MOSCOW", "osm_name": "Северо-Восточный административный округ", "match_score": 1.0, "match_reason": "alias:северо восточныи"}, "geometry": {"type": "Polygon", "coordinates": [[[37.5192349, 55.9419381], [37.5359884, 55.908151], [37.5386925, 55.9039985], [37.5428854, 55.9011424], [37.5640581, 55.8932732], [37.5667552, 55.8908373], [37.5682909, 55.8775903], [37.5746003, 55.8621169], [37.5745464, 55.8598931], [37.5727074, 55.8547347], [37.5729058, 55.8514198], [37.5752619, 55.8442232], [37.5780233, 55.8410257], [37.5787192, 55.8390322], [37.5781537, 55.8367858], [37.5746772, 55.8336306], [37.573685, 55.8318439], [37.5741424, 55.8219591], [37.5778185, 55.8166406], [37.5793077, 55.8118077], [37.5847301, 55.8086824], [37.5806522, 55.8082874], [37.5823396, 55.8055211], [37.5845314, 55.7948087], [37.5877997, 55.7926366], [37.5891654, 55.7924206], [37.5992958, 55.7924817], [37.6017199, 55.7851689], [37.6046083, 55.7853117], [37.6123334, 55.7825515], [37.6130528, 55.783401], [37.6146295, 55.7835], [37.615482, 55.7826854], [37.6151361, 55.7835353], [37.6168144, 55.7865337], [37.6163097, 55.793116], [37.6346377, 55.7918923], [37.6344313, 55.7944611], [37.635, 55.7971703], [37.640486, 55.7946125], [37.6460562, 55.7909368], [37.651542, 55.78936], [37.6501162, 55.7927927], [37.65072, 55.7994188], [37.6538241, 55.8038637], [37.6680768, 55.819874], [37.6706941, 55.8243936], [37.6715749, 55.8290255], [37.6702104, 55.8387396], [37.6735686, 55.8383359], [37.6763165, 55.8388216], [37.6781648, 55.8401721], [37.6783464, 55.8418159], [37.6903183, 55.8480056], [37.6922264, 55.8503067], [37.6899704, 55.8512231], [37.6922843, 55.8529088], [37.6867679, 55.8545129], [37.6878597, 55.8554916], [37.6886034, 55.8552849], [37.6894096, 55.8559566], [37.6925215, 55.8561333], [37.6931332, 55.8557966], [37.6924303, 55.8553303], [37.6947455, 55.8533753], [37.6937646, 55.8520726], [37.6968229, 55.8481609], [37.7035867, 55.8487733], [37.7056434, 55.8479445], [37.7125031, 55.8475275], [37.7140751, 55.8469149], [37.7171278, 55.8490573], [37.7193496, 55.8500088], [37.7201692, 55.8505716], [37.719405, 55.8514226], [37.7216393, 55.8529241], [37.7180173, 55.8606073], [37.7094382, 55.8609111], [37.7091864, 55.8629558], [37.7068126, 55.8644903], [37.7076994, 55.8655185], [37.7158133, 55.8701542], [37.719672, 55.8736992], [37.7210651, 55.8732066], [37.7218128, 55.873875], [37.7242557, 55.873008], [37.7279265, 55.8739005], [37.7290472, 55.874647], [37.7318197, 55.8749452], [37.7310769, 55.875716], [37.7310102, 55.8768929], [37.7328953, 55.8780489], [37.7347837, 55.8784053], [37.730375, 55.8806067], [37.7294495, 55.8815687], [37.7296648, 55.8830907], [37.7320995, 55.8853158], [37.7315551, 55.8856186], [37.7275238, 55.8839511], [37.7243624, 55.8838019], [37.7075818, 55.8917661], [37.7071883, 55.8923311], [37.7030517, 55.8934116], [37.694288, 55.8948748], [37.6769548, 55.8954621], [37.6731529, 55.8970332], [37.6726695, 55.8978367], [37.6718408, 55.8977269], [37.6715638, 55.8969057], [37.6691834, 55.8956784], [37.6632928, 55.8959169], [37.6473691, 55.8972854], [37.6292697, 55.8999289], [37.6175125, 55.9024203], [37.5931529, 55.9089479], [37.5903936, 55.9115316], [37.5912017, 55.9135942], [37.5907353, 55.9136561], [37.5898758, 55.9123897], [37.5887127, 55.9119308], [37.587256, 55.9104216], [37.5786006, 55.9114343], [37.5741491, 55.9112732], [37.5559156, 55.9092832], [37.5613846, 55.9280589], [37.5609557, 55.9322714], [37.5659213, 55.933349], [37.5665274, 55.9364735], [37.5702148, 55.9364521], [37.5700906, 55.9409267], [37.5675405, 55.9407314], [37.5645841, 55.9414007], [37.5628076, 55.9476678], [37.5624642, 55.9510736], [37.5794223, 55.9494679], [37.5800379, 55.9520246], [37.5791196, 55.9536733], [37.580707, 55.9539887], [37.5784053, 55.9555754], [37.5747378, 55.9561865], [37.5744299, 55.9577717], [37.5551537, 55.951529], [37.555104, 55.9535347], [37.5516576, 55.953631], [37.5518937, 55.951221], [37.5485507, 55.9511581], [37.5469335, 55.9542957], [37.5423512, 55.9541421], [37.5374401, 55.9528431], [37.5435935, 55.9428103], [37.5383321, 55.9427433], [37.5381358, 55.9432877], [37.5347848, 55.9429289], [37.530555, 55.9435748], [37.5192349, 55.9419381]]]}}, {"type": "Feature", "properties": {"rda_code": "MA-08", "rda_name": "JUGOVOSTOCHNY DISTRICT of MOSCOW", "osm_name": "Юго-Восточный административный округ", "match_score": 1.0, "match_reason": "alias:yugo vostochnyi"}, "geometry": {"type": "MultiPolygon", "coordinates": [[[[37.9219165, 55.7079613], [37.9070118, 55.7069911], [37.9061276, 55.7062585], [37.9073625, 55.7046228], [37.9114697, 55.7047888], [37.9122367, 55.7029951], [37.913525, 55.7021999], [37.9134366, 55.6978652], [37.9151667, 55.6970473], [37.9189383, 55.6994252], [37.924743, 55.6970422], [37.9266095, 55.6982211], [37.9398067, 55.6980146], [37.939877, 55.696504], [37.9358711, 55.696811], [37.9282528, 55.6949993], [37.9231927, 55.6892714], [37.9186031, 55.68826], [37.9177251, 55.6876942], [37.9172582, 55.6862674], [37.9132908, 55.6833168], [37.9142673, 55.6830077], [37.9137928, 55.6816045], [37.9189453, 55.6805191], [37.9204717, 55.676143], [37.9486257, 55.6755023], [37.9637963, 55.6739042], [37.9613556, 55.6756369], [37.9618591, 55.6777142], [37.9644024, 55.6798146], [37.9633796, 55.680907], [37.9635879, 55.6815758], [37.9630378, 55.6828163], [37.9637986, 55.6845183], [37.9629849, 55.6850358], [37.9628732, 55.6856636], [37.9647713, 55.6861743], [37.9632451, 55.6865588], [37.9634548, 55.6873656], [37.9611673, 55.6880814], [37.9611844, 55.6890271], [37.9578801, 55.6894508], [37.9602039, 55.692774], [37.9575785, 55.6938492], [37.9563543, 55.6927429], [37.9539295, 55.692726], [37.9556123, 55.6945131], [37.9508767, 55.6961866], [37.9497773, 55.6952421], [37.9486602, 55.6950725], [37.9447161, 55.6971238], [37.9448393, 55.697767], [37.9455387, 55.6980898], [37.945237, 55.6991227], [37.9466318, 55.7000094], [37.9533496, 55.7006091], [37.9529031, 55.7013629], [37.9542086, 55.7027752], [37.9557559, 55.7027316], [37.9565075, 55.7022066], [37.9560377, 55.7011036], [37.9570098, 55.7008737], [37.9589259, 55.7026134], [37.9582197, 55.7029398], [37.9597448, 55.7045084], [37.9579107, 55.7059401], [37.947302, 55.7085965], [37.9496668, 55.7113411], [37.9530979, 55.7112623], [37.964077, 55.7093106], [37.9667063, 55.7104986], [37.9598592, 55.7140911], [37.9606662, 55.7147541], [37.9674277, 55.716249], [37.9584742, 55.7176168], [37.9555126, 55.720222], [37.9474751, 55.7200604], [37.9451088, 55.7208715], [37.9365872, 55.7162384], [37.9280699, 55.716159], [37.9262538, 55.7151497], [37.9261146, 55.7121868], [37.9219165, 55.7079613]]], [[[37.6608171, 55.7307343], [37.6627185, 55.7276605], [37.6635975, 55.7252212], [37.6636775, 55.718132], [37.667811, 55.7052824], [37.6672891, 55.7007415], [37.6709548, 55.7005007], [37.6744855, 55.6985085], [37.6842701, 55.6974223], [37.7075727, 55.6932705], [37.7121217, 55.6884568], [37.7123792, 55.6846586], [37.71195, 55.6813198], [37.7026565, 55.6765772], [37.6907475, 55.6732397], [37.6874025, 55.6711564], [37.6824243, 55.6706239], [37.6750428, 55.6676469], [37.6732404, 55.6651055], [37.6723821, 55.6619828], [37.6716505, 55.6543508], [37.6745688, 55.65176], [37.6889454, 55.6452218], [37.6994168, 55.6421218], [37.7132784, 55.6394575], [37.7295024, 55.6408925], [37.7453811, 55.6398994], [37.7495868, 55.640626], [37.766195, 55.6454457], [37.7797992, 55.6487391], [37.783447, 55.6485454], [37.7853353, 55.6473346], [37.7855069, 55.6451066], [37.7838332, 55.6425879], [37.7850349, 55.6332623], [37.7897556, 55.6257517], [37.793561, 55.6229597], [37.8181167, 55.6390925], [37.8207199, 55.6394263], [37.8217579, 55.6390816], [37.8235106, 55.6396749], [37.824164, 55.6404868], [37.8226572, 55.6416176], [37.8351163, 55.6502424], [37.8390998, 55.6554662], [37.8412659, 55.6553475], [37.840962, 55.6555593], [37.8416266, 55.6578452], [37.840133, 55.6582724], [37.8395998, 55.6640071], [37.832464, 55.6830379], [37.8327674, 55.6840322], [37.8346578, 55.6846435], [37.8368553, 55.684258], [37.8568896, 55.6757013], [37.8589569, 55.6772117], [37.864792, 55.6873501], [37.8647451, 55.6882644], [37.8600053, 55.6910309], [37.8640933, 55.6936883], [37.8561665, 55.6987648], [37.858407, 55.7001245], [37.8573155, 55.7006976], [37.858176, 55.7012543], [37.8534354, 55.7037885], [37.7758967, 55.7299391], [37.7622053, 55.7367079], [37.74935, 55.7391567], [37.7467226, 55.7403678], [37.7423739, 55.7436661], [37.7393417, 55.745177], [37.7244463, 55.7492324], [37.7213653, 55.7506351], [37.7183854, 55.753419], [37.7176602, 55.7559645], [37.7181798, 55.7580182], [37.7206319, 55.7624647], [37.7207817, 55.7658833], [37.7136135, 55.7753027], [37.7025185, 55.770029], [37.6972239, 55.7668218], [37.6921989, 55.7694899], [37.6890397, 55.7677739], [37.6858452, 55.7639835], [37.6858386, 55.7620447], [37.6841593, 55.7602741], [37.682588, 55.7595356], [37.6802155, 55.7590725], [37.6730154, 55.7593289], [37.6712776, 55.758803], [37.6704937, 55.7579563], [37.6730606, 55.7534343], [37.6725497, 55.7523878], [37.6705308, 55.7507488], [37.6832039, 55.7480005], [37.6937029, 55.7431755], [37.6970804, 55.7407909], [37.6998353, 55.7363169], [37.6988622, 55.7364362], [37.6937001, 55.7293029], [37.6921577, 55.7295403], [37.6854092, 55.7330418], [37.6858384, 55.7301132], [37.6840596, 55.7300307], [37.6841025, 55.7295836], [37.68333, 55.7291456], [37.6814418, 55.7290399], [37.6815705, 55.728472], [37.6804055, 55.7284116], [37.6805828, 55.7276832], [37.6789183, 55.7282645], [37.6777335, 55.7273551], [37.6705808, 55.7258255], [37.6674635, 55.7308639], [37.6662402, 55.7315357], [37.6608171, 55.7307343]]]]}}, {"type": "Feature", "properties": {"rda_code": "MA-10", "rda_name": "JUZHNY DISTRICT of MOSCOW", "osm_name": "Южный административный округ", "match_score": 1.0, "match_reason": "alias:южныи"}, "geometry": {"type": "Polygon", "coordinates": [[[37.5700162, 55.6071992], [37.5718677, 55.6059887], [37.573616, 55.60595], [37.5739863, 55.6066513], [37.5748996, 55.606596], [37.5778221, 55.6043664], [37.5815648, 55.6043428], [37.5817703, 55.6034936], [37.5792964, 55.6010331], [37.5767147, 55.5992866], [37.5766634, 55.5978687], [37.580571, 55.5977608], [37.5802368, 55.5958133], [37.578974, 55.5959134], [37.5771393, 55.5916342], [37.5768643, 55.5893149], [37.5776217, 55.5892199], [37.5767866, 55.5878666], [37.5774788, 55.5863496], [37.5729399, 55.5809669], [37.5900931, 55.5768957], [37.5915216, 55.576076], [37.5971963, 55.5690831], [37.5974676, 55.5668718], [37.6022876, 55.5663727], [37.6010966, 55.568416], [37.6005631, 55.5707353], [37.5985121, 55.5721869], [37.597788, 55.57378], [37.6003203, 55.5753745], [37.603685, 55.5752108], [37.6041629, 55.5744194], [37.6055416, 55.5750574], [37.6350402, 55.5734491], [37.6496649, 55.5724788], [37.6507517, 55.5717346], [37.653897, 55.572285], [37.6707236, 55.5716683], [37.6760494, 55.5720884], [37.6851823, 55.5741203], [37.6891553, 55.5734796], [37.6909246, 55.5723191], [37.6917206, 55.5729498], [37.6913799, 55.5747848], [37.6917887, 55.5764074], [37.6925643, 55.5771246], [37.7263489, 55.5900666], [37.7302523, 55.5897125], [37.7321735, 55.5887973], [37.7328042, 55.5891672], [37.7320406, 55.5899349], [37.7320986, 55.5909144], [37.7325459, 55.5921338], [37.733529, 55.5929779], [37.7538314, 55.6015974], [37.7800723, 55.6158902], [37.7840116, 55.6168207], [37.7869299, 55.6166549], [37.7871859, 55.6169067], [37.7868296, 55.6171254], [37.7843611, 55.6174671], [37.7837364, 55.618106], [37.793561, 55.6229597], [37.7897556, 55.6257517], [37.7850349, 55.6332623], [37.7838332, 55.6425879], [37.7855069, 55.6451066], [37.7853353, 55.6473346], [37.783447, 55.6485454], [37.7797992, 55.6487391], [37.766195, 55.6454457], [37.7495868, 55.640626], [37.7453811, 55.6398994], [37.7295024, 55.6408925], [37.7132784, 55.6394575], [37.6944815, 55.6432843], [37.6889454, 55.6452218], [37.6745688, 55.65176], [37.6716505, 55.6543508], [37.6715218, 55.6557793], [37.6732404, 55.6651055], [37.6750428, 55.6676469], [37.6824243, 55.6706239], [37.6874025, 55.6711564], [37.6907475, 55.6732397], [37.7026565, 55.6765772], [37.71195, 55.6813198], [37.7123792, 55.6846586], [37.7121217, 55.6884568], [37.7075727, 55.6932705], [37.6842701, 55.6974223], [37.6744855, 55.6985085], [37.6709548, 55.7005007], [37.6672891, 55.7007415], [37.667811, 55.7052824], [37.6636775, 55.718132], [37.6636755, 55.7245641], [37.6631267, 55.7267583], [37.6567176, 55.7263724], [37.6542108, 55.7288214], [37.6522857, 55.7280661], [37.645995, 55.729465], [37.6449111, 55.7280119], [37.6437423, 55.7224038], [37.6417645, 55.7222109], [37.6364244, 55.7235433], [37.6358021, 55.72202], [37.6330619, 55.7225646], [37.6278928, 55.7213649], [37.6155773, 55.7200829], [37.6143041, 55.7210255], [37.6100957, 55.7214266], [37.6093473, 55.7195213], [37.60031, 55.7213012], [37.5981281, 55.7198467], [37.5968554, 55.7201303], [37.5940838, 55.7183252], [37.5925649, 55.719146], [37.5929726, 55.7195751], [37.5922285, 55.7194285], [37.5921327, 55.7188278], [37.5908118, 55.7177465], [37.5926713, 55.7168706], [37.5879384, 55.7139531], [37.5884454, 55.7137628], [37.5878737, 55.7132951], [37.5883361, 55.7130959], [37.585594, 55.711091], [37.5821396, 55.7109925], [37.5887529, 55.7071218], [37.5873424, 55.7063265], [37.5961214, 55.6961337], [37.6015422, 55.6915516], [37.6037863, 55.6906298], [37.6035132, 55.6903468], [37.6052442, 55.688807], [37.6049148, 55.6863256], [37.605713, 55.6849572], [37.6086084, 55.6838867], [37.6137024, 55.6844758], [37.6147607, 55.6819975], [37.6146941, 55.6805557], [37.6117107, 55.6786056], [37.6112922, 55.6772175], [37.6089553, 55.6763047], [37.6085902, 55.6753362], [37.6073783, 55.6746682], [37.6066247, 55.6728679], [37.6056311, 55.6723005], [37.6066929, 55.6711721], [37.6057896, 55.6705589], [37.6059069, 55.6690658], [37.6116452, 55.66608], [37.6106892, 55.664966], [37.6088349, 55.6651531], [37.6076464, 55.6640831], [37.6135718, 55.6634793], [37.6054137, 55.65653], [37.6056701, 55.6413716], [37.5902236, 55.6423972], [37.5803884, 55.6453262], [37.5792904, 55.6428012], [37.5807067, 55.6423332], [37.5820011, 55.6412222], [37.5812618, 55.6408951], [37.5821553, 55.6396523], [37.5814477, 55.6394871], [37.5814907, 55.63896], [37.5822546, 55.638467], [37.5816659, 55.6372003], [37.5811043, 55.6372784], [37.5798446, 55.6360226], [37.5805944, 55.635911], [37.5801576, 55.6355636], [37.5792798, 55.6357807], [37.577406, 55.6343603], [37.5772657, 55.6326769], [37.5852426, 55.6314864], [37.5858754, 55.6308714], [37.5851468, 55.6292006], [37.5841652, 55.6286932], [37.5850272, 55.628723], [37.5847405, 55.6279252], [37.5840882, 55.627995], [37.5841914, 55.6275846], [37.5846823, 55.6277039], [37.5843505, 55.6266836], [37.5838164, 55.6269123], [37.5820298, 55.6245849], [37.5823542, 55.6243623], [37.5813932, 55.6240714], [37.5819264, 55.6236362], [37.5816589, 55.6229194], [37.5826329, 55.6232446], [37.5805352, 55.6217889], [37.5787148, 55.6222363], [37.578308, 55.622052], [37.5788428, 55.6217451], [37.5769209, 55.6219629], [37.5750562, 55.6205442], [37.5749918, 55.6198233], [37.5769766, 55.6193083], [37.5778948, 55.619345], [37.5788852, 55.6200949], [37.5804987, 55.6193862], [37.5794247, 55.6196914], [37.5759344, 55.6155066], [37.5780867, 55.614758], [37.5746262, 55.6132284], [37.5757104, 55.6122829], [37.5746859, 55.6088169], [37.5736164, 55.6083608], [37.5699163, 55.6084693], [37.5700162, 55.6071992]]]}}, {"type": "Feature", "properties": {"rda_code": "MA-09", "rda_name": "JUGOZAPADNY DISTRICT of MOSCOW", "osm_name": "Юго-Западный административный округ", "match_score": 1.0, "match_reason": "alias:yugo zapadnyi"}, "geometry": {"type": "Polygon", "coordinates": [[[37.4557187, 55.6370488], [37.4579587, 55.637385], [37.4607823, 55.6370638], [37.4644825, 55.6336958], [37.4659737, 55.633139], [37.4693924, 55.6297153], [37.4876936, 55.6143544], [37.4888953, 55.6132759], [37.4891195, 55.6107224], [37.487842, 55.6083904], [37.4887893, 55.608164], [37.4898454, 55.609611], [37.491179, 55.6101003], [37.4927469, 55.6087716], [37.4940975, 55.6085736], [37.5065527, 55.5982494], [37.5118794, 55.5955961], [37.5262906, 55.5916192], [37.5274129, 55.590362], [37.5272405, 55.5896631], [37.5290791, 55.5895265], [37.5304243, 55.5906958], [37.5472658, 55.586663], [37.5454146, 55.5849398], [37.5462463, 55.5841122], [37.5491709, 55.5829504], [37.5495153, 55.5822685], [37.5489921, 55.5824649], [37.5496407, 55.5814151], [37.5511787, 55.5803213], [37.545742, 55.5783573], [37.5419016, 55.5785535], [37.540913, 55.5788372], [37.5410234, 55.5792324], [37.5386505, 55.5795598], [37.5368462, 55.577289], [37.5392964, 55.5767203], [37.5387246, 55.5759206], [37.539947, 55.5760432], [37.5395423, 55.573263], [37.5368835, 55.5730962], [37.5372358, 55.5723867], [37.5389077, 55.5722054], [37.5406863, 55.5711273], [37.5461161, 55.5699389], [37.5475033, 55.5703996], [37.5488783, 55.5699379], [37.5478851, 55.5689233], [37.5534945, 55.5676245], [37.5531575, 55.5640597], [37.5505874, 55.5636035], [37.5503542, 55.5629287], [37.5520122, 55.561846], [37.554799, 55.5614779], [37.5521474, 55.554869], [37.5494658, 55.5541314], [37.5488225, 55.5526259], [37.544878, 55.55202], [37.5291881, 55.5552455], [37.5144961, 55.548505], [37.511115, 55.544986], [37.5077676, 55.5429454], [37.4934494, 55.5396458], [37.4887675, 55.5396281], [37.4874804, 55.540092], [37.4755165, 55.5372951], [37.475709, 55.5353874], [37.4701898, 55.5340521], [37.4708997, 55.5296048], [37.4712826, 55.5295634], [37.4709829, 55.5288439], [37.4723087, 55.5288203], [37.4741501, 55.5273481], [37.4763788, 55.5264205], [37.480173, 55.526205], [37.4829393, 55.5271589], [37.4831153, 55.5286047], [37.4854807, 55.5296237], [37.4882321, 55.5294575], [37.4893642, 55.5299971], [37.4902945, 55.5293308], [37.494018, 55.5284414], [37.494803, 55.5275321], [37.4973117, 55.5273089], [37.4977189, 55.5267656], [37.4991688, 55.5267545], [37.5019197, 55.5276842], [37.5025317, 55.5266753], [37.5041282, 55.5268588], [37.5044957, 55.5264095], [37.5082003, 55.5270867], [37.5193687, 55.5254967], [37.5202022, 55.5238681], [37.5201236, 55.5224844], [37.5228099, 55.5216342], [37.5274982, 55.5211929], [37.5351234, 55.5179618], [37.534419, 55.5200753], [37.534544, 55.5228191], [37.5360308, 55.5253215], [37.537967, 55.5269385], [37.543658, 55.5293622], [37.5471561, 55.5299458], [37.5524825, 55.5299552], [37.5578827, 55.5287255], [37.5623241, 55.526277], [37.564203, 55.5240451], [37.564958, 55.5220146], [37.5640992, 55.5184948], [37.5647788, 55.518411], [37.5653604, 55.5204367], [37.5668751, 55.5202911], [37.5661789, 55.5170806], [37.5676921, 55.516684], [37.5771272, 55.5172033], [37.5803221, 55.5277603], [37.58072, 55.5277172], [37.5839151, 55.5371993], [37.5833174, 55.5378616], [37.589454, 55.557683], [37.5942413, 55.5608762], [37.6035767, 55.5645916], [37.6022876, 55.5663727], [37.5974676, 55.5668718], [37.5971963, 55.5690831], [37.5922404, 55.5753999], [37.5900931, 55.5768957], [37.5729399, 55.5809669], [37.5774788, 55.5863496], [37.5767866, 55.5878666], [37.5776217, 55.5892199], [37.5768643, 55.5893149], [37.5771393, 55.5916342], [37.578974, 55.5959134], [37.5802368, 55.5958133], [37.580571, 55.5977608], [37.5766634, 55.5978687], [37.5767147, 55.5992866], [37.5792964, 55.6010331], [37.5817703, 55.6034936], [37.5815648, 55.6043428], [37.5778221, 55.6043664], [37.5748996, 55.606596], [37.5739863, 55.6066513], [37.573616, 55.60595], [37.5718677, 55.6059887], [37.571299, 55.6067179], [37.5698955, 55.607243], [37.5697983, 55.6080693], [37.5699163, 55.6084693], [37.5736164, 55.6083608], [37.5746859, 55.6088169], [37.5757104, 55.6122829], [37.5746262, 55.6132284], [37.5780867, 55.614758], [37.5759344, 55.6155066], [37.5794247, 55.6196914], [37.5804987, 55.6193862], [37.5788852, 55.6200949], [37.5775513, 55.6192541], [37.574745, 55.6200474], [37.5763973, 55.6217558], [37.5788428, 55.6217451], [37.578308, 55.622052], [37.5787148, 55.6222363], [37.5805352, 55.6217889], [37.5826329, 55.6232446], [37.5816589, 55.6229194], [37.5819264, 55.6236362], [37.5813932, 55.6240714], [37.5823542, 55.6243623], [37.5820298, 55.6245849], [37.5838164, 55.6269123], [37.5843505, 55.6266836], [37.5846823, 55.6277039], [37.5841914, 55.6275846], [37.5840882, 55.627995], [37.5847405, 55.6279252], [37.5850272, 55.628723], [37.5841652, 55.6286932], [37.5851468, 55.6292006], [37.5858754, 55.6308714], [37.5852426, 55.6314864], [37.5772657, 55.6326769], [37.577406, 55.6343603], [37.5792798, 55.6357807], [37.5801576, 55.6355636], [37.5805944, 55.635911], [37.5798446, 55.6360226], [37.5811043, 55.6372784], [37.5816659, 55.6372003], [37.5822546, 55.638467], [37.5814907, 55.63896], [37.5814477, 55.6394871], [37.5821553, 55.6396523], [37.5812618, 55.6408951], [37.5820011, 55.6412222], [37.5807067, 55.6423332], [37.5792904, 55.6428012], [37.5803884, 55.6453262], [37.5902236, 55.6423972], [37.6056701, 55.6413716], [37.6054137, 55.65653], [37.6135718, 55.6634793], [37.6076464, 55.6640831], [37.6088349, 55.6651531], [37.6106892, 55.664966], [37.6116452, 55.66608], [37.6059069, 55.6690658], [37.6057896, 55.6705589], [37.6066929, 55.6711721], [37.6056311, 55.6723005], [37.6066247, 55.6728679], [37.6073783, 55.6746682], [37.6085902, 55.6753362], [37.6089553, 55.6763047], [37.6112922, 55.6772175], [37.6117107, 55.6786056], [37.6146941, 55.6805557], [37.6147607, 55.6819975], [37.6137024, 55.6844758], [37.6086084, 55.6838867], [37.605713, 55.6849572], [37.6049491, 55.6860546], [37.6051012, 55.6891501], [37.6035132, 55.6903468], [37.6037863, 55.6906298], [37.6015422, 55.6915516], [37.5961214, 55.6961337], [37.5873424, 55.7063265], [37.5887529, 55.7071218], [37.584227, 55.7095136], [37.5776083, 55.7142058], [37.5696101, 55.7116173], [37.5654006, 55.7107574], [37.5592321, 55.7102802], [37.5365712, 55.6935632], [37.5116624, 55.6797306], [37.5240099, 55.6737058], [37.5200937, 55.6708846], [37.5016534, 55.6585246], [37.4557187, 55.6370488]]]}}, {"type": "Feature", "properties": {"rda_code": "MA-01", "rda_name": "VOSTOCHNY DISTRICT of MOSCOW", "osm_name": "Восточный административный округ", "match_score": 1.0, "match_reason": "alias:восточныи"}, "geometry": {"type": "MultiPolygon", "coordinates": [[[[37.6501162, 55.7927927], [37.6518163, 55.7890984], [37.6882667, 55.781899], [37.7012436, 55.7818505], [37.7077419, 55.7801608], [37.7099197, 55.7788745], [37.7136135, 55.7753027], [37.7206276, 55.7663184], [37.7206319, 55.7624647], [37.7181798, 55.7580182], [37.7176811, 55.755507], [37.7191682, 55.7524109], [37.7224005, 55.7500624], [37.7393417, 55.745177], [37.7423739, 55.7436661], [37.7467226, 55.7403678], [37.74935, 55.7391567], [37.7622053, 55.7367079], [37.7758967, 55.7299391], [37.85234, 55.7041954], [37.8587815, 55.7009951], [37.8600534, 55.7011368], [37.8715322, 55.6952975], [37.8794724, 55.7002681], [37.8811401, 55.7008616], [37.8805731, 55.7011496], [37.8869711, 55.7052153], [37.9054419, 55.7069928], [37.9219165, 55.7079613], [37.9261146, 55.7121868], [37.9262538, 55.7151497], [37.9280699, 55.716159], [37.9365872, 55.7162384], [37.9456503, 55.7208385], [37.9426104, 55.7220519], [37.9422726, 55.7229918], [37.9376089, 55.726887], [37.9342897, 55.7278764], [37.9308738, 55.729755], [37.9285228, 55.7293536], [37.9274801, 55.7302268], [37.9235854, 55.7312255], [37.9180394, 55.7306219], [37.9169278, 55.7283571], [37.9150477, 55.7269838], [37.9076519, 55.7247981], [37.9077903, 55.724506], [37.9055357, 55.7245219], [37.9056542, 55.7249094], [37.9050507, 55.7250997], [37.9028954, 55.7253249], [37.9018232, 55.7244186], [37.8993298, 55.7240269], [37.8993176, 55.7236191], [37.8923084, 55.7231871], [37.8906332, 55.722309], [37.8898505, 55.7237012], [37.8854775, 55.7241916], [37.8841562, 55.7233962], [37.8871291, 55.721653], [37.8869204, 55.7202606], [37.8861232, 55.7195938], [37.8824863, 55.7190029], [37.8765345, 55.7204709], [37.8769962, 55.7216165], [37.8761077, 55.7233852], [37.8724504, 55.723377], [37.8702706, 55.7265861], [37.8721668, 55.7277051], [37.8734123, 55.7296476], [37.8712339, 55.7308386], [37.8688922, 55.7329729], [37.865471, 55.7331585], [37.864238, 55.7347168], [37.8684891, 55.7372895], [37.8731611, 55.7381569], [37.8780087, 55.7378695], [37.8801347, 55.7422928], [37.8807532, 55.7425041], [37.8858291, 55.7426129], [37.8900854, 55.7416036], [37.8909533, 55.7421946], [37.8882457, 55.7484642], [37.8825409, 55.7493396], [37.8605434, 55.7452434], [37.8468046, 55.7445871], [37.8426549, 55.7467345], [37.8434979, 55.7669072], [37.845698, 55.768071], [37.8459341, 55.7686145], [37.8436249, 55.7725573], [37.8434007, 55.7747346], [37.8457574, 55.7770065], [37.8506765, 55.7785667], [37.8500041, 55.7789286], [37.8455574, 55.7782083], [37.8431377, 55.7792395], [37.839762, 55.8116247], [37.8437616, 55.8147738], [37.8391745, 55.8162615], [37.8380944, 55.8209718], [37.8360495, 55.8242232], [37.8300815, 55.829153], [37.8301389, 55.8303025], [37.8297437, 55.8305581], [37.8273855, 55.8305991], [37.7347837, 55.8784053], [37.7328953, 55.8780489], [37.7310102, 55.8768929], [37.7310769, 55.875716], [37.7318197, 55.8749452], [37.7290472, 55.874647], [37.7279265, 55.8739005], [37.7242557, 55.873008], [37.7218128, 55.873875], [37.7210651, 55.8732066], [37.719672, 55.8736992], [37.7158133, 55.8701542], [37.7076994, 55.8655185], [37.7068126, 55.8644903], [37.7091864, 55.8629558], [37.7094382, 55.8609111], [37.7180173, 55.8606073], [37.7216393, 55.8529241], [37.719405, 55.8514226], [37.7201692, 55.8505716], [37.7193496, 55.8500088], [37.7171278, 55.8490573], [37.7140751, 55.8469149], [37.7125031, 55.8475275], [37.7056434, 55.8479445], [37.7035867, 55.8487733], [37.6968229, 55.8481609], [37.6937646, 55.8520726], [37.6947455, 55.8533753], [37.6924303, 55.8553303], [37.6931332, 55.8557966], [37.6925215, 55.8561333], [37.6894096, 55.8559566], [37.6886034, 55.8552849], [37.6878597, 55.8554916], [37.6867679, 55.8545129], [37.6922843, 55.8529088], [37.6899704, 55.8512231], [37.6922264, 55.8503067], [37.6903183, 55.8480056], [37.6783464, 55.8418159], [37.6781648, 55.8401721], [37.6763165, 55.8388216], [37.6735686, 55.8383359], [37.6702104, 55.8387396], [37.6715749, 55.8290255], [37.6706941, 55.8243936], [37.6680768, 55.819874], [37.6548995, 55.8051109], [37.651284, 55.8004205], [37.6504891, 55.7987596], [37.6501162, 55.7927927]]], [[[37.852883, 55.8167206], [37.8453271, 55.8135622], [37.849809, 55.8104662], [37.8488715, 55.8094232], [37.8502374, 55.808557], [37.8521852, 55.8089604], [37.8561187, 55.8066485], [37.8563695, 55.8060414], [37.8606871, 55.8075406], [37.8600338, 55.8084267], [37.8616973, 55.8086902], [37.8628232, 55.8073119], [37.8632647, 55.8074211], [37.8657431, 55.804208], [37.8665868, 55.8042107], [37.8711986, 55.8063292], [37.8700807, 55.8077607], [37.8735825, 55.8086963], [37.8741278, 55.8106937], [37.8781481, 55.8114292], [37.8796416, 55.8132673], [37.8798248, 55.8142046], [37.8808425, 55.8143186], [37.8830652, 55.8162984], [37.8841286, 55.8166608], [37.8861402, 55.8161663], [37.8868742, 55.8165315], [37.8892963, 55.8151759], [37.8913971, 55.815122], [37.894541, 55.8139399], [37.898549, 55.8143866], [37.8993365, 55.8156274], [37.8989612, 55.8169374], [37.8978239, 55.817922], [37.8890935, 55.8194231], [37.887908, 55.8207903], [37.8851643, 55.8206244], [37.8842776, 55.8199606], [37.8839677, 55.8203394], [37.8805382, 55.8195135], [37.8789454, 55.8198969], [37.8783391, 55.8206528], [37.8737977, 55.8200036], [37.8722162, 55.8225388], [37.8600116, 55.819398], [37.8591727, 55.8199786], [37.8576463, 55.8195971], [37.8581098, 55.8187889], [37.8572656, 55.8183396], [37.8573206, 55.8179111], [37.852883, 55.8167206]]], [[[37.8735166, 55.8252341], [37.8684899, 55.8239272], [37.8689418, 55.8228697], [37.8760016, 55.8249027], [37.8756653, 55.8253424], [37.8735166, 55.8252341]]], [[[37.7928913, 56.0038815], [37.7900343, 56.0029214], [37.7904761, 56.0024768], [37.791633, 56.0028753], [37.7921011, 56.0024925], [37.7940939, 56.0031557], [37.7928913, 56.0038815]]], [[[37.7931919, 56.0080413], [37.7912235, 56.0072852], [37.7931498, 56.0055432], [37.7968376, 56.0047609], [37.7973464, 56.0054096], [37.7994322, 56.0061526], [37.7981439, 56.0074434], [37.799, 56.0076888], [37.7984641, 56.0087118], [37.7979856, 56.0087675], [37.7989795, 56.0092752], [37.7985143, 56.0097028], [37.7948968, 56.0093202], [37.7953186, 56.0090242], [37.792958, 56.0082536], [37.7931919, 56.0080413]]]]}}, {"type": "Feature", "properties": {"rda_code": "MA-07", "rda_name": "CENTRALNY DISTRICT of MOSCOW", "osm_name": "Центральный административный округ", "match_score": 1.0, "match_reason": "alias:tsentralny"}, "geometry": {"type": "Polygon", "coordinates": [[[37.5139298, 55.7584219], [37.516299, 55.7568334], [37.5185027, 55.7525846], [37.5220496, 55.7475834], [37.5255687, 55.7453369], [37.527972, 55.7446122], [37.5357486, 55.7445821], [37.5403745, 55.7454577], [37.5545352, 55.7514364], [37.5601783, 55.7530784], [37.5640208, 55.7535974], [37.5678832, 55.7533558], [37.5708015, 55.7527279], [37.5730331, 55.751472], [37.5740201, 55.7503369], [37.5744922, 55.7488635], [37.5744493, 55.7463273], [37.5738914, 55.7447089], [37.5683267, 55.7385525], [37.5636326, 55.7350954], [37.5530345, 55.7299466], [37.5449026, 55.7270557], [37.5418635, 55.7240396], [37.5410812, 55.7201251], [37.5418853, 55.7175946], [37.5433307, 55.7156172], [37.5485159, 55.7122628], [37.552897, 55.7109726], [37.5592321, 55.7102802], [37.5654006, 55.7107574], [37.574928, 55.7131177], [37.5776083, 55.7142058], [37.5821396, 55.7109925], [37.585594, 55.711091], [37.5883361, 55.7130959], [37.5878737, 55.7132951], [37.5884454, 55.7137628], [37.5879384, 55.7139531], [37.5926713, 55.7168706], [37.5907951, 55.717873], [37.5927146, 55.719686], [37.5925649, 55.719146], [37.5940838, 55.7183252], [37.5968554, 55.7201303], [37.5981281, 55.7198467], [37.60031, 55.7213012], [37.6093473, 55.7195213], [37.6100957, 55.7214266], [37.6143041, 55.7210255], [37.6155773, 55.7200829], [37.6278928, 55.7213649], [37.6330619, 55.7225646], [37.6358021, 55.72202], [37.6364244, 55.7235433], [37.6417645, 55.7222109], [37.6437423, 55.7224038], [37.6449111, 55.7280119], [37.645995, 55.729465], [37.6522857, 55.7280661], [37.6542108, 55.7288214], [37.6567176, 55.7263724], [37.6631267, 55.7267583], [37.6606903, 55.7307034], [37.6658108, 55.7316354], [37.6674635, 55.7308639], [37.6705808, 55.7258255], [37.6777335, 55.7273551], [37.6789183, 55.7282645], [37.6805828, 55.7276832], [37.6804055, 55.7284116], [37.6815705, 55.728472], [37.6814418, 55.7290399], [37.68333, 55.7291456], [37.6841025, 55.7295836], [37.6840596, 55.7300307], [37.6858384, 55.7301132], [37.6854092, 55.7330418], [37.6921577, 55.7295403], [37.6937001, 55.7293029], [37.6988622, 55.7364362], [37.6998353, 55.7363169], [37.6970804, 55.7407909], [37.6937029, 55.7431755], [37.6832039, 55.7480005], [37.6705308, 55.7507488], [37.6725497, 55.7523878], [37.6730606, 55.7534343], [37.6704937, 55.7579563], [37.6712776, 55.758803], [37.6730154, 55.7593289], [37.6802155, 55.7590725], [37.682588, 55.7595356], [37.6841593, 55.7602741], [37.6858386, 55.7620447], [37.6858452, 55.7639835], [37.6890397, 55.7677739], [37.6921989, 55.7694899], [37.6972239, 55.7668218], [37.7025185, 55.770029], [37.7135295, 55.7752599], [37.7093365, 55.7792845], [37.7052497, 55.7809935], [37.6995597, 55.781968], [37.6882667, 55.781899], [37.6518163, 55.7890984], [37.6460562, 55.7909368], [37.640486, 55.7946125], [37.635, 55.7971703], [37.6344313, 55.7944611], [37.6346377, 55.7918923], [37.6163097, 55.793116], [37.6168144, 55.7865337], [37.6151361, 55.7835353], [37.6153469, 55.7826572], [37.6148355, 55.7834787], [37.6130528, 55.783401], [37.6123334, 55.7825515], [37.6046083, 55.7853117], [37.6017199, 55.7851689], [37.5992958, 55.7924817], [37.5958899, 55.7922257], [37.5877997, 55.7926366], [37.5886333, 55.7920566], [37.5854437, 55.7810152], [37.5845745, 55.7796766], [37.5810955, 55.7774318], [37.5759936, 55.775608], [37.544434, 55.772989], [37.5418632, 55.7724063], [37.5371295, 55.7697608], [37.536061, 55.7661039], [37.5347649, 55.7661935], [37.5340363, 55.7650107], [37.5318193, 55.7632157], [37.5242852, 55.7598459], [37.5225622, 55.7616884], [37.5139298, 55.7584219]]]}}, {"type": "Feature", "properties": {"rda_code": "MA-11", "rda_name": "NOVOMOSKOVSKY DISTRICT of MOSCOW", "osm_name": "Новомосковский административный округ", "match_score": 1.0, "match_reason": "alias:новомосковскии"}, "geometry": {"type": "Polygon", "coordinates": [[[37.0872002, 55.5904847], [37.0964945, 55.5774029], [37.1146925, 55.5655511], [37.1228743, 55.5531143], [37.1254702, 55.5499634], [37.1151768, 55.5474463], [37.1135595, 55.538946], [37.1225083, 55.5383655], [37.122165, 55.5351445], [37.119922, 55.5314093], [37.1179791, 55.5303838], [37.1159062, 55.5299985], [37.1174219, 55.5279294], [37.1169508, 55.5268847], [37.1188548, 55.523517], [37.1199489, 55.5191305], [37.1173937, 55.5188677], [37.1175802, 55.5176335], [37.1185107, 55.5176212], [37.1186307, 55.5131369], [37.1280172, 55.5130113], [37.1299698, 55.5133876], [37.1308372, 55.512658], [37.1363952, 55.5130264], [37.1360858, 55.5157095], [37.1384665, 55.5148805], [37.1361965, 55.5000219], [37.1324267, 55.4994278], [37.13162, 55.4984602], [37.1297106, 55.4986876], [37.1289256, 55.4979678], [37.125581, 55.4972324], [37.1239598, 55.4961362], [37.1265898, 55.4952001], [37.1238807, 55.4927453], [37.1250587, 55.492263], [37.1241813, 55.4915532], [37.1286974, 55.4885441], [37.1268983, 55.4874488], [37.1320696, 55.484376], [37.1334237, 55.4841981], [37.1356016, 55.482645], [37.1382807, 55.4826559], [37.1392071, 55.4820849], [37.1420643, 55.4824008], [37.1429682, 55.480966], [37.1470603, 55.4817481], [37.1485589, 55.4797942], [37.1525045, 55.4805645], [37.1840257, 55.4834696], [37.1956674, 55.4884719], [37.2015317, 55.4929483], [37.243444, 55.49726], [37.2415934, 55.4976305], [37.2399693, 55.4992816], [37.242196, 55.4981115], [37.2466151, 55.4978099], [37.2497086, 55.5018149], [37.2539498, 55.5042583], [37.2556509, 55.5034238], [37.2659748, 55.5051805], [37.2679359, 55.5061743], [37.2691672, 55.505698], [37.2705632, 55.5066408], [37.269847, 55.5074464], [37.2698584, 55.5080477], [37.2705919, 55.5085732], [37.270101, 55.5089849], [37.2724581, 55.5108751], [37.2724294, 55.515415], [37.273414, 55.5175541], [37.2703955, 55.5190894], [37.2716601, 55.522177], [37.2739283, 55.5209317], [37.2840337, 55.5256569], [37.2934971, 55.5290951], [37.2997324, 55.5301907], [37.2980889, 55.5393236], [37.3045139, 55.5424474], [37.3113041, 55.5437288], [37.3112101, 55.5426504], [37.3117952, 55.5416277], [37.3126424, 55.5415746], [37.313656, 55.5391211], [37.3180069, 55.5394311], [37.3189191, 55.5384435], [37.3275629, 55.5384916], [37.3287443, 55.5399131], [37.330645, 55.5393836], [37.3333116, 55.5396367], [37.3360651, 55.5406375], [37.3420311, 55.5448712], [37.3423528, 55.5460623], [37.3435601, 55.5470448], [37.3518053, 55.5473838], [37.3523947, 55.5490697], [37.3536216, 55.5504778], [37.3567237, 55.5487515], [37.3578643, 55.5494846], [37.3648737, 55.5476258], [37.365726, 55.5484953], [37.3687282, 55.5489356], [37.3697549, 55.5511174], [37.3680512, 55.551567], [37.3675604, 55.5538144], [37.3679583, 55.5556337], [37.3764655, 55.5614836], [37.3784955, 55.561167], [37.3787661, 55.5617234], [37.3845063, 55.5602965], [37.3872699, 55.558943], [37.3890365, 55.5588264], [37.3885022, 55.5575493], [37.3888778, 55.5571341], [37.3940581, 55.5556634], [37.3922076, 55.5536352], [37.4080255, 55.5495705], [37.4071636, 55.5484109], [37.4122417, 55.5444781], [37.3948303, 55.5372376], [37.3921437, 55.5351254], [37.3900358, 55.5313625], [37.3897461, 55.5284929], [37.394292, 55.5265723], [37.3965003, 55.526576], [37.3965482, 55.5222898], [37.3968425, 55.5205847], [37.3973857, 55.520143], [37.3988055, 55.5197675], [37.3996698, 55.5207049], [37.401189, 55.5211276], [37.4041072, 55.521079], [37.4073259, 55.5188195], [37.4053088, 55.5172549], [37.4050513, 55.5168272], [37.4055835, 55.5164482], [37.406725, 55.5159428], [37.4112998, 55.5159525], [37.4126044, 55.5129298], [37.4135057, 55.5123952], [37.416858, 55.5124072], [37.4166602, 55.5113861], [37.413669, 55.5112186], [37.4136498, 55.5116461], [37.4088694, 55.5127448], [37.409002, 55.5139111], [37.4077353, 55.5138947], [37.4053129, 55.5100634], [37.4043801, 55.5096411], [37.4054576, 55.5090196], [37.4064697, 55.5097503], [37.4098453, 55.50846], [37.4090837, 55.5047936], [37.4049147, 55.5016587], [37.4082346, 55.5005751], [37.4136507, 55.5019432], [37.4178058, 55.5011254], [37.4182221, 55.5017847], [37.4167147, 55.5023822], [37.4151532, 55.5048012], [37.41561, 55.5058906], [37.4178199, 55.5067027], [37.4204807, 55.5064221], [37.4215318, 55.5047874], [37.4241482, 55.5046543], [37.4243073, 55.5041516], [37.4288698, 55.5042819], [37.4292307, 55.5056954], [37.4328167, 55.5056828], [37.432088, 55.5040449], [37.4329672, 55.5032128], [37.4325482, 55.5023808], [37.4348361, 55.5010558], [37.4375772, 55.5005577], [37.4391084, 55.5021163], [37.4408639, 55.5019884], [37.441177, 55.5013618], [37.4436936, 55.5001219], [37.44702, 55.4994423], [37.4488851, 55.4979244], [37.4494773, 55.4961255], [37.4501897, 55.4956976], [37.4537259, 55.4963686], [37.4550992, 55.4959796], [37.4553653, 55.4954545], [37.4546266, 55.4940783], [37.448813, 55.4898861], [37.4457991, 55.49092], [37.4453082, 55.4904583], [37.4454505, 55.4887643], [37.4481219, 55.4876497], [37.4444937, 55.4885804], [37.4439682, 55.4880048], [37.4473873, 55.4871037], [37.4458409, 55.4836494], [37.4446378, 55.4821179], [37.4464698, 55.4820796], [37.4481589, 55.4802174], [37.4496746, 55.4801239], [37.4476133, 55.4751068], [37.4520502, 55.4725548], [37.4570119, 55.4727569], [37.4581076, 55.471311], [37.4595553, 55.4712541], [37.4600779, 55.4702088], [37.4616214, 55.469874], [37.4629517, 55.4708889], [37.4646724, 55.4708569], [37.4642182, 55.4684469], [37.4585142, 55.4679137], [37.4583164, 55.4662046], [37.4576475, 55.4659171], [37.4579022, 55.4656842], [37.4653222, 55.4648329], [37.4700953, 55.4622729], [37.4740837, 55.461277], [37.4773275, 55.4616609], [37.4780473, 55.4606287], [37.4792143, 55.460663], [37.4798838, 55.4598455], [37.4842097, 55.4583028], [37.4899346, 55.4608869], [37.4967152, 55.4591398], [37.4968869, 55.45877], [37.4962517, 55.4580984], [37.492149, 55.4561663], [37.4961659, 55.4523601], [37.4985177, 55.4508902], [37.4985348, 55.4500383], [37.4954621, 55.4490745], [37.4864241, 55.4478283], [37.4857718, 55.4468986], [37.4861087, 55.4462039], [37.4872088, 55.446569], [37.489942, 55.4444722], [37.4955284, 55.4430545], [37.4953792, 55.4422722], [37.4994875, 55.4413729], [37.5030414, 55.437886], [37.5085424, 55.4363932], [37.5134813, 55.4359233], [37.5293944, 55.4358453], [37.5352652, 55.4362787], [37.5383916, 55.4374857], [37.5366355, 55.4392247], [37.5358069, 55.4392485], [37.5357037, 55.4398081], [37.5366695, 55.4399235], [37.5347712, 55.4449509], [37.5315207, 55.4469073], [37.5319498, 55.4509649], [37.5316055, 55.4517498], [37.5327639, 55.4536847], [37.5366617, 55.4533485], [37.5368187, 55.4547761], [37.5397451, 55.4555388], [37.5443163, 55.4578625], [37.5480083, 55.4568969], [37.5478605, 55.4598497], [37.5459199, 55.4597185], [37.5475792, 55.4616789], [37.5470641, 55.4621168], [37.5459091, 55.4615658], [37.5470935, 55.4645853], [37.5456016, 55.4648502], [37.5447501, 55.4726458], [37.5608448, 55.4733871], [37.5608064, 55.4742513], [37.5617604, 55.4747904], [37.5629741, 55.4793015], [37.5627617, 55.4799323], [37.5641086, 55.4824981], [37.5654849, 55.487418], [37.5674551, 55.4876619], [37.578667, 55.4866923], [37.5777803, 55.4837651], [37.5798005, 55.4836784], [37.5834559, 55.4862914], [37.5870275, 55.4867217], [37.5837123, 55.4876748], [37.5859645, 55.489054], [37.5832057, 55.4906384], [37.5845028, 55.4911955], [37.5818913, 55.4920181], [37.5833567, 55.4935768], [37.5950843, 55.4887276], [37.5969087, 55.4893318], [37.600389, 55.488858], [37.601931, 55.4892832], [37.6035763, 55.4904832], [37.6035226, 55.4914006], [37.6046793, 55.4916699], [37.6058837, 55.4907826], [37.6064915, 55.4882986], [37.6113541, 55.4896351], [37.6110248, 55.4914069], [37.6096167, 55.4911336], [37.6073946, 55.4918154], [37.6079282, 55.4927869], [37.610417, 55.4932414], [37.6091037, 55.500877], [37.6056731, 55.501871], [37.6056934, 55.5023511], [37.6089293, 55.5024075], [37.6080963, 55.509844], [37.6021162, 55.5104561], [37.6047679, 55.5125038], [37.603814, 55.5130378], [37.6008921, 55.5109247], [37.5980226, 55.5147069], [37.5918282, 55.5124933], [37.589715, 55.5140097], [37.5886984, 55.5155293], [37.5858048, 55.5171294], [37.5855231, 55.5179973], [37.5784455, 55.5216802], [37.5771272, 55.5172033], [37.5676921, 55.516684], [37.5661789, 55.5170806], [37.5668751, 55.5202911], [37.5653604, 55.5204367], [37.5647788, 55.518411], [37.5640992, 55.5184948], [37.564958, 55.5220146], [37.5633054, 55.5253118], [37.5608476, 55.5273329], [37.5564656, 55.5291865], [37.5524825, 55.5299552], [37.5471561, 55.5299458], [37.543658, 55.5293622], [37.5390962, 55.5276121], [37.5360308, 55.5253215], [37.534544, 55.5228191], [37.534419, 55.5200753], [37.5351234, 55.5179618], [37.5274982, 55.5211929], [37.5228099, 55.5216342], [37.5201236, 55.5224844], [37.5202022, 55.5238681], [37.5193687, 55.5254967], [37.5082003, 55.5270867], [37.5044957, 55.5264095], [37.5041282, 55.5268588], [37.5025317, 55.5266753], [37.5019197, 55.5276842], [37.4991688, 55.5267545], [37.4977189, 55.5267656], [37.4973117, 55.5273089], [37.494803, 55.5275321], [37.494018, 55.5284414], [37.4902945, 55.5293308], [37.4893642, 55.5299971], [37.4882321, 55.5294575], [37.4854807, 55.5296237], [37.4831153, 55.5286047], [37.4829393, 55.5271589], [37.480173, 55.526205], [37.4763788, 55.5264205], [37.4741501, 55.5273481], [37.4723087, 55.5288203], [37.4709829, 55.5288439], [37.4712826, 55.5295634], [37.4708997, 55.5296048], [37.4701898, 55.5340521], [37.475709, 55.5353874], [37.4755165, 55.5372951], [37.4874804, 55.540092], [37.4887675, 55.5396281], [37.4934494, 55.5396458], [37.5077676, 55.5429454], [37.511115, 55.544986], [37.5144961, 55.548505], [37.5291881, 55.5552455], [37.544878, 55.55202], [37.5488225, 55.5526259], [37.5494658, 55.5541314], [37.5521474, 55.554869], [37.554799, 55.5614779], [37.5520122, 55.561846], [37.5503542, 55.5629287], [37.5505874, 55.5636035], [37.5531575, 55.5640597], [37.5534945, 55.5676245], [37.5478851, 55.5689233], [37.5488783, 55.5699379], [37.5475033, 55.5703996], [37.5461161, 55.5699389], [37.5406863, 55.5711273], [37.5389077, 55.5722054], [37.5372358, 55.5723867], [37.5368835, 55.5730962], [37.5395423, 55.573263], [37.539947, 55.5760432], [37.5387246, 55.5759206], [37.5392964, 55.5767203], [37.5368462, 55.577289], [37.5386505, 55.5795598], [37.5410234, 55.5792324], [37.540913, 55.5788372], [37.5419016, 55.5785535], [37.545742, 55.5783573], [37.5511787, 55.5803213], [37.5496407, 55.5814151], [37.5489921, 55.5824649], [37.5495153, 55.5822685], [37.5491709, 55.5829504], [37.5462463, 55.5841122], [37.5454146, 55.5849398], [37.5472658, 55.586663], [37.5304243, 55.5906958], [37.5290791, 55.5895265], [37.5272405, 55.5896631], [37.5274129, 55.590362], [37.5262906, 55.5916192], [37.5118794, 55.5955961], [37.5065527, 55.5982494], [37.4940975, 55.6085736], [37.4927469, 55.6087716], [37.491179, 55.6101003], [37.4898454, 55.609611], [37.4887893, 55.608164], [37.487842, 55.6083904], [37.4891195, 55.6107224], [37.4888953, 55.6132759], [37.4674921, 55.6313616], [37.4659737, 55.633139], [37.4644825, 55.6336958], [37.4604068, 55.6371433], [37.4577812, 55.6373824], [37.4560027, 55.636875], [37.4554342, 55.6372228], [37.4485741, 55.6342436], [37.4417401, 55.6321821], [37.374229, 55.6146963], [37.3722889, 55.620327], [37.3709544, 55.6227779], [37.3686851, 55.6248944], [37.3638921, 55.6279324], [37.3598713, 55.6297248], [37.3561172, 55.6305762], [37.3437832, 55.6324281], [37.3421195, 55.6337877], [37.3388586, 55.6353942], [37.3360563, 55.635179], [37.3344062, 55.6384799], [37.3324398, 55.6395477], [37.3303472, 55.6393239], [37.3298184, 55.6398738], [37.3302905, 55.6409153], [37.3299897, 55.6418396], [37.3306524, 55.6422503], [37.3320472, 55.6459378], [37.3308994, 55.6473055], [37.3328449, 55.6483677], [37.3360925, 55.6518785], [37.33786, 55.652824], [37.3430571, 55.6540578], [37.3410192, 55.657135], [37.3320097, 55.6596748], [37.3368822, 55.6615442], [37.3375276, 55.6625356], [37.3371845, 55.6630316], [37.3314387, 55.663877], [37.3275623, 55.6632246], [37.3254413, 55.6644473], [37.3195225, 55.664281], [37.3191526, 55.6616033], [37.3208897, 55.6610341], [37.3240457, 55.6610045], [37.3229081, 55.6508895], [37.3115376, 55.6511939], [37.3115233, 55.6500832], [37.3127913, 55.6498345], [37.3121033, 55.6472609], [37.3112033, 55.646572], [37.3056825, 55.6463066], [37.2902696, 55.6484902], [37.2901594, 55.6519416], [37.2926244, 55.6520749], [37.2925284, 55.6536944], [37.2929212, 55.6540814], [37.292651, 55.6547243], [37.2921022, 55.6545607], [37.290921, 55.655349], [37.2885859, 55.6548888], [37.2895877, 55.6519478], [37.2900957, 55.651944], [37.2902143, 55.6484944], [37.2828129, 55.6495367], [37.2753863, 55.6496037], [37.2753777, 55.6501223], [37.2714137, 55.650525], [37.2714907, 55.6515065], [37.2661825, 55.6503723], [37.2656877, 55.6494889], [37.2621013, 55.6500668], [37.2616017, 55.6495367], [37.2573516, 55.6492982], [37.2532734, 55.6479914], [37.2488942, 55.6456366], [37.2408203, 55.6437305], [37.241555, 55.6432245], [37.2406147, 55.6418635], [37.2388452, 55.6420895], [37.2371924, 55.6401731], [37.2351353, 55.6387035], [37.2359693, 55.6377932], [37.2350901, 55.6373606], [37.2363575, 55.6359836], [37.2393897, 55.6353258], [37.2400519, 55.6341953], [37.2408375, 55.6338384], [37.243271, 55.6340362], [37.2438889, 55.6335642], [37.2401098, 55.6325269], [37.2350611, 55.6289021], [37.2376231, 55.6274725], [37.2374386, 55.626491], [37.2357827, 55.6248652], [37.2320197, 55.6254034], [37.2292053, 55.6245168], [37.2286086, 55.6237836], [37.2256346, 55.6232302], [37.2293493, 55.6213634], [37.2290128, 55.6202011], [37.2273077, 55.6196406], [37.2247907, 55.6215142], [37.2221999, 55.6204884], [37.2177146, 55.6224326], [37.2166718, 55.6219493], [37.2145561, 55.6227591], [37.2112733, 55.6201053], [37.2068403, 55.622902], [37.1886489, 55.6201733], [37.1854743, 55.6187847], [37.1867703, 55.6127264], [37.1845189, 55.6124445], [37.1822467, 55.6128981], [37.1814276, 55.6109121], [37.18015, 55.6096255], [37.1796117, 55.6097112], [37.1773901, 55.6072624], [37.1720429, 55.6052282], [37.1638954, 55.6055263], [37.1601568, 55.6042443], [37.1517971, 55.6042234], [37.147166, 55.6057528], [37.1471655, 55.6072195], [37.1461173, 55.6093796], [37.145171, 55.6091424], [37.1457541, 55.6082916], [37.1442405, 55.6091571], [37.1434963, 55.6086676], [37.1424864, 55.6091606], [37.1326594, 55.6055784], [37.1340274, 55.6040467], [37.1331439, 55.6033598], [37.1345233, 55.6021888], [37.1347813, 55.6013166], [37.132427, 55.5991855], [37.1304496, 55.5988994], [37.1239601, 55.5989605], [37.1196966, 55.6007624], [37.1186071, 55.6017141], [37.1177472, 55.6044504], [37.1164617, 55.6056356], [37.1022096, 55.6024867], [37.0957269, 55.6001139], [37.0991405, 55.5961291], [37.091995, 55.5961835], [37.0948648, 55.5925064], [37.0872002, 55.5904847]]]}}, {"type": "Feature", "properties": {"rda_code": "MA-12", "rda_name": "TROITSKY DISTRICT of MOSCOW", "osm_name": "Троицкий административный округ", "match_score": 1.0, "match_reason": "alias:troitsky"}, "geometry": {"type": "MultiPolygon", "coordinates": [[[[36.9032546, 55.3161103], [36.9007522, 55.3148568], [36.902857, 55.3128427], [36.9051668, 55.3116943], [36.9076917, 55.3112522], [36.9110651, 55.3135704], [36.9120709, 55.3167452], [36.9136466, 55.3170091], [36.9176683, 55.3163625], [36.9228058, 55.3239412], [36.9224056, 55.3247544], [36.9137544, 55.3258954], [36.9158469, 55.3303256], [36.910332, 55.3313028], [36.9096726, 55.3297985], [36.9084432, 55.3298934], [36.9091167, 55.32684], [36.9101209, 55.3261704], [36.909091, 55.3199197], [36.9061728, 55.3167452], [36.9039411, 55.3172336], [36.9032546, 55.3161103]]], [[[36.8045117, 55.465508], [36.8031012, 55.4408329], [36.8113604, 55.436299], [36.8191279, 55.426764], [36.8219237, 55.4292788], [36.8242994, 55.4285751], [36.8247808, 55.4290285], [36.8282363, 55.4286426], [36.8277826, 55.428051], [36.8260484, 55.4281616], [36.8226024, 55.4248663], [36.8211988, 55.4252289], [36.8230683, 55.4236753], [36.8245509, 55.4233368], [36.8242945, 55.4226464], [36.8258145, 55.4214344], [36.8420879, 55.4186994], [36.8342961, 55.4139868], [36.8618745, 55.4010347], [36.8482657, 55.3920817], [36.8628646, 55.3848405], [36.8557881, 55.3805025], [36.9040847, 55.3570066], [36.9031535, 55.3564134], [36.9029439, 55.3556966], [36.9069832, 55.3547649], [36.9155903, 55.3540829], [36.9151419, 55.3526258], [36.9161441, 55.3525398], [36.9156603, 55.3517006], [36.9162405, 55.3507965], [36.936134, 55.3412569], [36.9357751, 55.3411599], [36.9368876, 55.3365924], [36.9391706, 55.3366222], [36.9402706, 55.3342711], [36.9422175, 55.3325707], [36.9466292, 55.3306699], [36.94473, 55.3293694], [36.9604066, 55.3219045], [36.9636827, 55.3240984], [36.9864415, 55.3155888], [36.9883868, 55.3083172], [36.9846594, 55.301825], [36.985526, 55.3017262], [36.9873663, 55.299957], [36.9855246, 55.2979498], [36.9838119, 55.296971], [36.9927361, 55.2927428], [36.9933511, 55.2910392], [36.9977408, 55.2915579], [36.9983397, 55.290279], [37.0025673, 55.2890093], [37.0126627, 55.2898928], [37.0216065, 55.2887924], [37.0218844, 55.2881557], [37.021409, 55.2844293], [37.0259868, 55.2843746], [37.0260365, 55.2830207], [37.0212593, 55.2819784], [36.9900377, 55.2761388], [36.9867967, 55.2763316], [36.9834123, 55.2681383], [36.9804835, 55.2690665], [36.9750672, 55.2662075], [36.9693269, 55.2672127], [36.9678002, 55.2671938], [36.9662549, 55.2663311], [36.9619392, 55.2673536], [36.9615035, 55.2667664], [36.9569738, 55.2654009], [36.9525171, 55.2648355], [36.9571023, 55.2607625], [36.9536543, 55.2590903], [36.9505631, 55.2589776], [36.9490731, 55.2572346], [36.9490095, 55.2545833], [36.9478258, 55.2527428], [36.9477649, 55.2497062], [36.9526161, 55.2492727], [36.9514323, 55.2456509], [36.9437829, 55.2475101], [36.9427793, 55.2474012], [36.9434157, 55.2469714], [36.9437066, 55.2456669], [36.9428914, 55.2452632], [36.9433328, 55.2447825], [36.9410426, 55.2440012], [36.9417323, 55.2434277], [36.9410473, 55.242942], [36.9388024, 55.2426649], [36.9372397, 55.2413907], [36.9414029, 55.2416936], [36.9467799, 55.2413959], [36.9494394, 55.2402372], [36.9501322, 55.2382617], [36.9489336, 55.2356424], [36.9488563, 55.2343118], [36.9459449, 55.231378], [36.9458295, 55.2307229], [36.9471149, 55.2278003], [36.9496407, 55.2246956], [36.9458962, 55.2228045], [36.9484587, 55.2203112], [36.9470709, 55.2185131], [36.9514697, 55.2182124], [36.9572593, 55.2166115], [36.9622748, 55.2141413], [36.9621872, 55.2125713], [36.9650317, 55.21207], [36.9627733, 55.2096038], [36.9616364, 55.2089772], [36.9663044, 55.2053499], [36.9658661, 55.2042117], [36.9670967, 55.1997366], [36.9690566, 55.19847], [36.9738279, 55.1920271], [36.9750289, 55.1910523], [36.9757102, 55.1895425], [36.9797655, 55.1862534], [36.9810681, 55.186116], [36.9815935, 55.1822849], [36.9826115, 55.1804662], [36.9841112, 55.1812787], [36.9858813, 55.1809016], [36.990263, 55.1816912], [36.991471, 55.1828603], [36.9935468, 55.1827974], [36.9951645, 55.1821895], [36.99636, 55.1804912], [36.9971734, 55.1801419], [37.0012075, 55.1815111], [37.0065509, 55.1806037], [37.0082314, 55.1828315], [37.0103878, 55.1833315], [37.0164739, 55.184019], [37.0197139, 55.1829503], [37.0142189, 55.1773], [37.0146568, 55.1765937], [37.0159047, 55.1765187], [37.0180939, 55.1772688], [37.0182362, 55.1742308], [37.0192618, 55.1729636], [37.0194652, 55.1714944], [37.0192303, 55.1689537], [37.0198202, 55.167195], [37.0198904, 55.1611199], [37.0185474, 55.1601772], [37.0152269, 55.1599986], [37.0181058, 55.1575885], [37.0208478, 55.1560649], [37.0232266, 55.1555999], [37.0274341, 55.1526132], [37.0279371, 55.1501468], [37.0325737, 55.147703], [37.0378396, 55.1460157], [37.0392054, 55.1425215], [37.041524, 55.1428498], [37.0456319, 55.1421745], [37.0448159, 55.143376], [37.064748, 55.1442772], [37.0643935, 55.147119], [37.1112104, 55.149187], [37.1105834, 55.1541636], [37.1420798, 55.1556758], [37.1407765, 55.1643778], [37.1563181, 55.1647621], [37.1571762, 55.1617451], [37.1620628, 55.1647183], [37.1660961, 55.1643813], [37.1666616, 55.1653771], [37.169879, 55.1643393], [37.1713388, 55.1654708], [37.1711277, 55.1703684], [37.1698061, 55.1714461], [37.1695846, 55.1724223], [37.1700468, 55.1737862], [37.1673875, 55.1806257], [37.1683554, 55.1828375], [37.1672809, 55.1854214], [37.1733621, 55.1916136], [37.1734088, 55.1930112], [37.1741827, 55.1938593], [37.1744385, 55.1950437], [37.1688774, 55.1946373], [37.1666677, 55.2114437], [37.167991, 55.2116104], [37.1696084, 55.2149628], [37.1695854, 55.2157646], [37.1662744, 55.2161455], [37.1633611, 55.2315787], [37.1715136, 55.2313471], [37.1758457, 55.2325556], [37.178098, 55.2342875], [37.1848703, 55.2368846], [37.1890012, 55.2364724], [37.1939404, 55.2348099], [37.1998437, 55.2377152], [37.2048645, 55.2416338], [37.2041579, 55.2423591], [37.2023596, 55.2427387], [37.2026733, 55.2431052], [37.2017656, 55.2431625], [37.2011838, 55.2443623], [37.2039546, 55.2468874], [37.2039596, 55.2476514], [37.2052939, 55.2484473], [37.2059444, 55.2494691], [37.2078402, 55.2491025], [37.2097666, 55.2507992], [37.2126754, 55.2516161], [37.2142064, 55.2526908], [37.2162311, 55.2522317], [37.2190046, 55.2531095], [37.2342665, 55.2479159], [37.2348499, 55.2476266], [37.233157, 55.245576], [37.2355324, 55.2443924], [37.2347826, 55.2427651], [37.2455159, 55.2392653], [37.2474556, 55.2419298], [37.2512725, 55.2399967], [37.2701554, 55.2404862], [37.2696046, 55.2407218], [37.2744925, 55.2446116], [37.2768652, 55.2515818], [37.2678845, 55.2564651], [37.2715607, 55.2588241], [37.291024, 55.2485853], [37.2944596, 55.2423799], [37.3029831, 55.2429011], [37.3069924, 55.2401223], [37.3052108, 55.2381806], [37.3049981, 55.2358075], [37.3050466, 55.2342715], [37.306662, 55.2316975], [37.3043326, 55.2318411], [37.2999211, 55.2306084], [37.3000805, 55.2272295], [37.3008467, 55.2245258], [37.3169676, 55.2207156], [37.3178195, 55.2227216], [37.3166632, 55.2282851], [37.3268107, 55.2290142], [37.3333916, 55.2286723], [37.3350536, 55.237498], [37.3344099, 55.2380419], [37.3532432, 55.2388534], [37.3851209, 55.2468083], [37.4003799, 55.2500923], [37.4053152, 55.2505764], [37.4066409, 55.2608402], [37.411629, 55.27863], [37.4109072, 55.2787407], [37.4128338, 55.2822172], [37.4141932, 55.2836148], [37.4154462, 55.286497], [37.4152262, 55.2900262], [37.4166338, 55.2901743], [37.4162643, 55.2905693], [37.4179872, 55.2912782], [37.4144168, 55.2904961], [37.4115127, 55.2906585], [37.409719, 55.2901725], [37.4085699, 55.2919091], [37.412161, 55.2927919], [37.4119795, 55.2931831], [37.41323, 55.2935885], [37.4108982, 55.2962582], [37.4103055, 55.2960095], [37.4090998, 55.2966664], [37.4080627, 55.2961867], [37.4070097, 55.2966998], [37.4064218, 55.2962269], [37.4049077, 55.296789], [37.4035994, 55.2961392], [37.4028638, 55.2965262], [37.4030065, 55.2977662], [37.4040946, 55.2984537], [37.404074, 55.3004863], [37.3994496, 55.3016912], [37.3992597, 55.3010211], [37.3975224, 55.301331], [37.392513, 55.2995215], [37.3915035, 55.3013855], [37.389964, 55.3025414], [37.3914314, 55.3040634], [37.3926628, 55.3066182], [37.3953854, 55.3073743], [37.3950736, 55.3080662], [37.3936511, 55.3078776], [37.393178, 55.3096076], [37.3914242, 55.3095854], [37.3904437, 55.3111972], [37.3896529, 55.3111677], [37.3898721, 55.3122243], [37.3879199, 55.3121699], [37.3862674, 55.3145634], [37.3827304, 55.3167873], [37.3894551, 55.3162834], [37.395524, 55.3149424], [37.3966906, 55.3160378], [37.4003438, 55.3144945], [37.4018094, 55.3129758], [37.4069784, 55.3113646], [37.4097827, 55.309415], [37.4146471, 55.311858], [37.4221271, 55.3115196], [37.4223367, 55.3123556], [37.4278176, 55.3147269], [37.4249141, 55.3172176], [37.4246914, 55.3206312], [37.4241039, 55.3215254], [37.4247546, 55.3224923], [37.4229134, 55.3239272], [37.4208414, 55.3289206], [37.4153283, 55.3305895], [37.4142904, 55.3318379], [37.4107281, 55.3325743], [37.4079148, 55.3338205], [37.4058534, 55.3350078], [37.4051145, 55.3365341], [37.4058405, 55.3364604], [37.4102096, 55.3388715], [37.4100281, 55.3392992], [37.4108708, 55.339196], [37.4137878, 55.3403683], [37.4135544, 55.3408106], [37.4142545, 55.3412899], [37.4148509, 55.3410097], [37.4172882, 55.3418945], [37.419583, 55.3420419], [37.422863, 55.3432068], [37.4223185, 55.3463694], [37.4209183, 55.3494581], [37.4196608, 55.3506228], [37.419933, 55.3513156], [37.4410265, 55.3519495], [37.4403134, 55.3526866], [37.4430878, 55.3529225], [37.4275721, 55.3646524], [37.4301001, 55.3647014], [37.4299465, 55.3650953], [37.4314132, 55.3671481], [37.4293322, 55.3688048], [37.4342001, 55.3700291], [37.4353002, 55.3727901], [37.4382338, 55.3745455], [37.4408831, 55.3740663], [37.4451276, 55.3750456], [37.4454943, 55.3774], [37.4471078, 55.3811656], [37.4489963, 55.3815979], [37.4525711, 55.3801666], [37.4536979, 55.3803332], [37.4543213, 55.3799374], [37.4542571, 55.3792863], [37.4559439, 55.3772654], [37.4559941, 55.3753045], [37.4571173, 55.3746194], [37.4568148, 55.3739786], [37.4583274, 55.3728535], [37.4589141, 55.3713219], [37.4609584, 55.369733], [37.4621777, 55.3676752], [37.4654688, 55.369186], [37.4675039, 55.3712907], [37.4644879, 55.3766404], [37.4692698, 55.3798179], [37.4670528, 55.3846863], [37.4639283, 55.3882286], [37.4705403, 55.3900254], [37.4680511, 55.3924038], [37.4639932, 55.3980216], [37.4639024, 55.3986548], [37.4685178, 55.3990376], [37.4675195, 55.3997002], [37.4613095, 55.3994057], [37.4609465, 55.40157], [37.4633838, 55.4026522], [37.4620614, 55.4048679], [37.4689586, 55.4067817], [37.4660092, 55.4083704], [37.4655875, 55.4090158], [37.467256, 55.4109414], [37.4676881, 55.4120447], [37.4672927, 55.4125651], [37.4599771, 55.4133144], [37.458272, 55.4124089], [37.4561268, 55.4122945], [37.4523819, 55.4133069], [37.4504908, 55.4147951], [37.4503189, 55.4156612], [37.448065, 55.4150885], [37.4480521, 55.4144397], [37.443536, 55.413182], [37.4425603, 55.4141316], [37.4412201, 55.4136732], [37.4400633, 55.4142144], [37.4369281, 55.4138807], [37.4360151, 55.4145858], [37.4364067, 55.4150334], [37.4361026, 55.4152643], [37.4392823, 55.4185887], [37.4388367, 55.4203019], [37.4354048, 55.420764], [37.4348987, 55.4191064], [37.4332369, 55.4191733], [37.4335665, 55.4217877], [37.432456, 55.4232928], [37.4285851, 55.424064], [37.4269782, 55.4253606], [37.4289233, 55.4263896], [37.4309513, 55.4267312], [37.432232, 55.4263577], [37.4335436, 55.4267923], [37.4302935, 55.4290124], [37.4249751, 55.4266027], [37.425765, 55.4273621], [37.426521, 55.4323914], [37.3866836, 55.4344334], [37.3865229, 55.4384364], [37.387864, 55.4386494], [37.3896677, 55.4378291], [37.3914808, 55.4377533], [37.3958776, 55.440258], [37.3955266, 55.4403695], [37.4000303, 55.4443934], [37.3989863, 55.4454482], [37.3980297, 55.4451082], [37.3965604, 55.4432097], [37.3958112, 55.4432264], [37.3948177, 55.4424419], [37.3907715, 55.441942], [37.3893875, 55.4421428], [37.390163, 55.444124], [37.387714, 55.4463702], [37.3786057, 55.4463362], [37.3768884, 55.4459402], [37.3766781, 55.445442], [37.3735957, 55.4453994], [37.3713843, 55.4478643], [37.3727168, 55.4499159], [37.3745434, 55.4498542], [37.3757657, 55.4513303], [37.3767946, 55.4513286], [37.3770309, 55.4518512], [37.3802654, 55.4520103], [37.3844749, 55.4512963], [37.3865797, 55.4523232], [37.3879022, 55.4535718], [37.3868338, 55.4540843], [37.3864742, 55.4559248], [37.3836378, 55.4570306], [37.3843227, 55.4578768], [37.3876604, 55.456687], [37.3887682, 55.4571004], [37.3914592, 55.4600073], [37.3942065, 55.4631642], [37.3924964, 55.4641254], [37.3910316, 55.4666742], [37.3945731, 55.4690068], [37.4027853, 55.4684995], [37.4003774, 55.4669892], [37.4050761, 55.4650821], [37.4076272, 55.4650853], [37.4112571, 55.4629321], [37.4122044, 55.4656282], [37.4157164, 55.4661543], [37.4196233, 55.4687008], [37.4210819, 55.4683775], [37.4245489, 55.4698473], [37.429091, 55.4694207], [37.429736, 55.4717742], [37.4262247, 55.475893], [37.4271003, 55.4762609], [37.4284714, 55.475886], [37.4322319, 55.4762306], [37.4345242, 55.4768387], [37.4388297, 55.4787126], [37.4391728, 55.479488], [37.4446378, 55.4821179], [37.4458409, 55.4836494], [37.4473873, 55.4871037], [37.4439682, 55.4880048], [37.4444937, 55.4885804], [37.4481219, 55.4876497], [37.4454505, 55.4887643], [37.4453082, 55.4904583], [37.4457991, 55.49092], [37.448813, 55.4898861], [37.4546266, 55.4940783], [37.4553653, 55.4954545], [37.4550992, 55.4959796], [37.4537259, 55.4963686], [37.4508506, 55.495615], [37.4496661, 55.4959213], [37.4488851, 55.4979244], [37.4474329, 55.4991604], [37.4436936, 55.5001219], [37.441177, 55.5013618], [37.4408639, 55.5019884], [37.4391084, 55.5021163], [37.4375772, 55.5005577], [37.4348361, 55.5010558], [37.4325482, 55.5023808], [37.4329672, 55.5032128], [37.432088, 55.5040449], [37.4328167, 55.5056828], [37.4292307, 55.5056954], [37.4288698, 55.5042819], [37.4243073, 55.5041516], [37.4241482, 55.5046543], [37.4215318, 55.5047874], [37.4204807, 55.5064221], [37.4178199, 55.5067027], [37.41561, 55.5058906], [37.4151532, 55.5048012], [37.4167147, 55.5023822], [37.4182221, 55.5017847], [37.4178058, 55.5011254], [37.4136507, 55.5019432], [37.4082346, 55.5005751], [37.4049147, 55.5016587], [37.4090837, 55.5047936], [37.4098453, 55.50846], [37.4064697, 55.5097503], [37.4054576, 55.5090196], [37.4043801, 55.5096411], [37.4053129, 55.5100634], [37.4077353, 55.5138947], [37.409002, 55.5139111], [37.4088694, 55.5127448], [37.4136498, 55.5116461], [37.413669, 55.5112186], [37.4166602, 55.5113861], [37.416858, 55.5124072], [37.4135057, 55.5123952], [37.4126044, 55.5129298], [37.4112998, 55.5159525], [37.406725, 55.5159428], [37.4055835, 55.5164482], [37.4050513, 55.5168272], [37.4053088, 55.5172549], [37.4073259, 55.5188195], [37.4041072, 55.521079], [37.401189, 55.5211276], [37.3996698, 55.5207049], [37.3988055, 55.5197675], [37.3973857, 55.520143], [37.3968425, 55.5205847], [37.3965482, 55.5222898], [37.3965003, 55.526576], [37.394292, 55.5265723], [37.3897461, 55.5284929], [37.3900358, 55.5313625], [37.3921437, 55.5351254], [37.3948303, 55.5372376], [37.4122417, 55.5444781], [37.4071636, 55.5484109], [37.4080255, 55.5495705], [37.3922076, 55.5536352], [37.3940581, 55.5556634], [37.3888778, 55.5571341], [37.3885022, 55.5575493], [37.3890365, 55.5588264], [37.3872699, 55.558943], [37.3845063, 55.5602965], [37.3787661, 55.5617234], [37.3784955, 55.561167], [37.3764655, 55.5614836], [37.3679583, 55.5556337], [37.3675604, 55.5538144], [37.3680512, 55.551567], [37.3697549, 55.5511174], [37.3687282, 55.5489356], [37.365726, 55.5484953], [37.3648737, 55.5476258], [37.3578643, 55.5494846], [37.3567237, 55.5487515], [37.3536216, 55.5504778], [37.3523947, 55.5490697], [37.3518053, 55.5473838], [37.3435601, 55.5470448], [37.3423528, 55.5460623], [37.3420311, 55.5448712], [37.3360651, 55.5406375], [37.3333116, 55.5396367], [37.330645, 55.5393836], [37.3287443, 55.5399131], [37.3275629, 55.5384916], [37.3189191, 55.5384435], [37.3180069, 55.5394311], [37.313656, 55.5391211], [37.3126424, 55.5415746], [37.3117952, 55.5416277], [37.3112101, 55.5426504], [37.3113041, 55.5437288], [37.3045139, 55.5424474], [37.2980889, 55.5393236], [37.2997324, 55.5301907], [37.2934971, 55.5290951], [37.2840337, 55.5256569], [37.2739283, 55.5209317], [37.2716601, 55.522177], [37.2703955, 55.5190894], [37.273414, 55.5175541], [37.2724294, 55.515415], [37.2724581, 55.5108751], [37.270101, 55.5089849], [37.2705919, 55.5085732], [37.2698584, 55.5080477], [37.269847, 55.5074464], [37.2705632, 55.5066408], [37.2691672, 55.505698], [37.2679359, 55.5061743], [37.2659748, 55.5051805], [37.2556509, 55.5034238], [37.2539498, 55.5042583], [37.2497086, 55.5018149], [37.2466151, 55.4978099], [37.242196, 55.4981115], [37.2399693, 55.4992816], [37.2415934, 55.4976305], [37.243444, 55.49726], [37.2015317, 55.4929483], [37.1956674, 55.4884719], [37.1840257, 55.4834696], [37.1525045, 55.4805645], [37.1485589, 55.4797942], [37.1470603, 55.4817481], [37.1429682, 55.480966], [37.1420643, 55.4824008], [37.1360554, 55.4820958], [37.138993, 55.4750881], [37.1391906, 55.4733418], [37.1126288, 55.469838], [37.1126712, 55.4689037], [37.0933611, 55.4704043], [37.0922795, 55.4649172], [37.0954065, 55.4631193], [37.140967, 55.4434653], [37.1500939, 55.4389602], [37.1488482, 55.4381762], [37.1483286, 55.4381244], [37.1413975, 55.4426533], [37.1358267, 55.4406366], [37.1371055, 55.4396022], [37.1357377, 55.4381618], [37.1339945, 55.443159], [37.1305574, 55.4415681], [37.1244078, 55.4419544], [37.118207, 55.4398839], [37.1195159, 55.439197], [37.1170058, 55.4380571], [37.1113948, 55.4397999], [37.1084991, 55.4395122], [37.1125655, 55.4412924], [37.1107861, 55.4431651], [37.1079402, 55.4450667], [37.1105305, 55.4470498], [37.1131066, 55.4482097], [37.1127784, 55.4492266], [37.0998116, 55.4457102], [37.100764, 55.4451234], [37.0970779, 55.4426935], [37.0960453, 55.4432768], [37.0892834, 55.4412316], [37.0872679, 55.4462724], [37.0825219, 55.4454923], [37.0806183, 55.4466848], [37.0814225, 55.4482436], [37.079767, 55.4489352], [37.0786002, 55.4500415], [37.0805144, 55.4507438], [37.0803245, 55.4526986], [37.0767899, 55.4535678], [37.0586117, 55.4546905], [37.0606131, 55.4626603], [37.0368186, 55.464061], [37.0355766, 55.4584408], [37.0321283, 55.4559566], [37.0200709, 55.4567858], [37.0192337, 55.4451288], [37.0063088, 55.4461697], [37.0046416, 55.4471541], [37.0034712, 55.4495971], [37.0055731, 55.4505198], [37.002084, 55.4525958], [36.999775, 55.452502], [36.9988214, 55.4536278], [36.9980562, 55.4537817], [36.9972791, 55.4549095], [36.9975984, 55.4552006], [36.9963253, 55.4564468], [36.9943996, 55.4561009], [36.9933152, 55.4566522], [36.9940174, 55.4583184], [36.9895955, 55.459224], [36.9892874, 55.4568512], [36.9840096, 55.4577873], [36.9829592, 55.454873], [36.9734462, 55.4554605], [36.9777907, 55.4937419], [36.9350578, 55.4961553], [36.9380657, 55.4990019], [36.9369095, 55.4994809], [36.9352278, 55.505233], [36.9379678, 55.5070078], [36.9371283, 55.5082756], [36.9377862, 55.5094618], [36.9360189, 55.5090215], [36.939271, 55.5131477], [36.9419815, 55.5153293], [36.9399755, 55.5165588], [36.9380928, 55.5160038], [36.9351195, 55.5165735], [36.9335939, 55.5159321], [36.9356096, 55.5150132], [36.9197539, 55.5154461], [36.9194745, 55.5058449], [36.8445171, 55.5070693], [36.8278753, 55.507513], [36.8279763, 55.5084235], [36.8162398, 55.5083513], [36.815916, 55.4751375], [36.8152077, 55.4659722], [36.8045117, 55.465508]]]]}}, {"type": "Feature", "properties": {"rda_code": "MO-85", "rda_name": "SERGIYEVO-POSADSKY AREA / incl. KRASNOZAVODSK, HOTKOVO, SERGIEV POSAD/", "osm_name": "Сергиево-Посадский городской округ", "match_score": 0.92, "match_reason": "contains"}, "geometry": {"type": "Polygon", "coordinates": [[[37.7630706, 56.5706316], [37.762394, 56.5685228], [37.762921, 56.5680482], [37.7642939, 56.5695559], [37.7641575, 56.5684132], [37.7671653, 56.567857], [37.7670814, 56.5670579], [37.7680057, 56.5664597], [37.772924, 56.5670985], [37.7721161, 56.5657951], [37.7706771, 56.5654727], [37.7715245, 56.5644117], [37.7747186, 56.5647468], [37.7779613, 56.5640359], [37.7780188, 56.5632016], [37.7760291, 56.5619877], [37.7769889, 56.5615154], [37.7767533, 56.560938], [37.7801789, 56.560633], [37.780286, 56.5601191], [37.7789683, 56.5599359], [37.7812163, 56.5593004], [37.7804341, 56.5579272], [37.7829597, 56.5581512], [37.7849045, 56.5576514], [37.7822805, 56.5574148], [37.7831872, 56.5563292], [37.7827935, 56.5557771], [37.7850577, 56.5555076], [37.7847426, 56.5562367], [37.7836404, 56.5566313], [37.7863455, 56.556737], [37.7859088, 56.5557495], [37.7835165, 56.5543562], [37.7861401, 56.5543838], [37.7855905, 56.5535957], [37.7846588, 56.553331], [37.782185, 56.5538392], [37.7818896, 56.5535185], [37.7822748, 56.5531097], [37.7832255, 56.5533308], [37.7830463, 56.5524626], [37.7834489, 56.5523027], [37.7843532, 56.552529], [37.7856209, 56.5516922], [37.7870973, 56.5516405], [37.7859432, 56.5505199], [37.7836039, 56.5513855], [37.7828644, 56.5511485], [37.7846063, 56.5499735], [37.7816887, 56.5505306], [37.7821294, 56.5488177], [37.780818, 56.5487538], [37.7812368, 56.5467308], [37.7806608, 56.5461819], [37.780787, 56.5456654], [37.7816808, 56.5449291], [37.783196, 56.5446928], [37.782623, 56.5440031], [37.7845691, 56.5434647], [37.7852704, 56.5425294], [37.7872632, 56.5420098], [37.7878821, 56.5427605], [37.7889936, 56.5423671], [37.7899516, 56.5426891], [37.790446, 56.5422596], [37.7897452, 56.5419415], [37.7900022, 56.5416194], [37.7913219, 56.5418039], [37.7926204, 56.541341], [37.7927811, 56.5406428], [37.7922398, 56.5397306], [37.794779, 56.5391506], [37.7964512, 56.5380146], [37.7943773, 56.534628], [37.7974406, 56.5341869], [37.798747, 56.532998], [37.7997999, 56.532731], [37.7998237, 56.5322706], [37.7987672, 56.5314105], [37.800859, 56.5301275], [37.8011587, 56.5279018], [37.8052138, 56.526205], [37.8068365, 56.5248753], [37.8067851, 56.524203], [37.8044664, 56.522742], [37.8044986, 56.5219753], [37.8065734, 56.5217482], [37.8068746, 56.5221371], [37.8064821, 56.5226058], [37.807087, 56.5226354], [37.8077104, 56.5222459], [37.8072288, 56.5213209], [37.8086926, 56.5214465], [37.8092683, 56.5210296], [37.8092466, 56.5205039], [37.8084661, 56.5201503], [37.8049724, 56.5199215], [37.8057394, 56.519341], [37.8086398, 56.5189256], [37.8088271, 56.5181476], [37.808293, 56.5174575], [37.8089997, 56.5166434], [37.8080543, 56.5162367], [37.8053807, 56.5169315], [37.8044023, 56.5166231], [37.8073634, 56.516092], [37.804121, 56.5144523], [37.8085162, 56.5120776], [37.8061962, 56.5116379], [37.8073916, 56.5105201], [37.8048751, 56.5089804], [37.8048417, 56.5074855], [37.8069161, 56.4996057], [37.8140518, 56.4948251], [37.8185871, 56.4893565], [37.8204938, 56.4881895], [37.8194552, 56.4857345], [37.8159948, 56.4838088], [37.8159067, 56.4831833], [37.8168164, 56.4822076], [37.816036, 56.4814597], [37.816217, 56.4809298], [37.8203962, 56.4789489], [37.8236389, 56.4791308], [37.8246674, 56.4775097], [37.8259543, 56.4777423], [37.8269897, 56.4786329], [37.8277224, 56.4785548], [37.828592, 56.4774011], [37.8320467, 56.4782745], [37.8365503, 56.4780703], [37.8372896, 56.4769178], [37.840484, 56.476377], [37.8412417, 56.4748097], [37.8417749, 56.4746109], [37.8478877, 56.4757801], [37.8487445, 56.475275], [37.8488562, 56.4741796], [37.8496186, 56.4732619], [37.8484722, 56.4713588], [37.8502649, 56.4701851], [37.8501386, 56.4684346], [37.8521498, 56.4675463], [37.8535789, 56.4675699], [37.8565566, 56.4692496], [37.8604424, 56.4682449], [37.8642467, 56.4688662], [37.864681, 56.4678178], [37.8632282, 56.467994], [37.862243, 56.4675897], [37.8637884, 56.4655858], [37.8622647, 56.4655938], [37.8615362, 56.4649567], [37.8629685, 56.4640529], [37.8633487, 56.4628801], [37.8616334, 56.4624047], [37.8625785, 56.4603827], [37.8615421, 56.4595239], [37.8615579, 56.4590407], [37.8644903, 56.4591012], [37.8659757, 56.4571097], [37.8651634, 56.4562865], [37.8656596, 56.4554075], [37.8641265, 56.4550902], [37.864126, 56.453721], [37.8626444, 56.4534546], [37.8625874, 56.4526506], [37.8651581, 56.4520732], [37.8707078, 56.4527685], [37.8710935, 56.452453], [37.8704621, 56.452103], [37.8706894, 56.4514524], [37.8699736, 56.4506572], [37.8744448, 56.4503899], [37.8787764, 56.4481527], [37.8789953, 56.4474051], [37.8783938, 56.4465355], [37.8755639, 56.4454493], [37.8750463, 56.4455442], [37.8751537, 56.4467659], [37.8736303, 56.4471478], [37.873009, 56.4480754], [37.8703632, 56.4471383], [37.8699083, 56.4461776], [37.8668266, 56.4439817], [37.865457, 56.4442712], [37.864946, 56.4433628], [37.8635717, 56.4431253], [37.8633692, 56.442595], [37.8657727, 56.4417681], [37.8640427, 56.441447], [37.8643147, 56.4402703], [37.8628043, 56.4402713], [37.8620584, 56.4396262], [37.8619176, 56.4392933], [37.8625734, 56.438921], [37.8619147, 56.4386833], [37.8615917, 56.4377306], [37.855447, 56.4380854], [37.8550007, 56.437445], [37.8558046, 56.4373892], [37.8563495, 56.4366572], [37.8542879, 56.4360443], [37.8522535, 56.4362653], [37.8519126, 56.4357037], [37.8525746, 56.4351534], [37.8522337, 56.4347907], [37.8496687, 56.4362637], [37.8459428, 56.4360782], [37.8453557, 56.4356361], [37.845398, 56.4345264], [37.843908, 56.4341476], [37.8429907, 56.4333065], [37.8459654, 56.4328696], [37.8451061, 56.4323853], [37.8456571, 56.430865], [37.8408616, 56.4302689], [37.8394472, 56.4288155], [37.8383952, 56.4268226], [37.8364925, 56.4262515], [37.8368913, 56.4250125], [37.8392338, 56.4238284], [37.839411, 56.4233232], [37.8384898, 56.422717], [37.8368924, 56.4226707], [37.8369078, 56.4222535], [37.840738, 56.4226179], [37.8419475, 56.4218101], [37.8417356, 56.4196039], [37.8403039, 56.4203617], [37.8365385, 56.4199996], [37.839551, 56.4165065], [37.8388101, 56.4148498], [37.8372755, 56.4140608], [37.832968, 56.4142351], [37.8334034, 56.4104214], [37.8314903, 56.4091546], [37.8269136, 56.409786], [37.8272275, 56.4105543], [37.8265468, 56.4112015], [37.8234141, 56.4103394], [37.821799, 56.4111139], [37.8203933, 56.4107165], [37.8207431, 56.4096322], [37.8191137, 56.4096873], [37.8171386, 56.4087297], [37.8166489, 56.4076736], [37.8192412, 56.4063604], [37.8199473, 56.4055019], [37.8219615, 56.4064231], [37.8238274, 56.4062596], [37.8242168, 56.4058967], [37.8237465, 56.4053998], [37.824306, 56.4050484], [37.8257543, 56.405661], [37.8278993, 56.4053366], [37.8278842, 56.4046137], [37.826916, 56.40443], [37.8275234, 56.4031696], [37.8260682, 56.4030479], [37.8264659, 56.4021701], [37.8261425, 56.4016508], [37.829239, 56.4025109], [37.830553, 56.4018757], [37.8296617, 56.4011287], [37.8303797, 56.4003113], [37.8331695, 56.4009154], [37.8330556, 56.3999962], [37.8310023, 56.3994901], [37.8309907, 56.3981021], [37.8295138, 56.3983986], [37.8284338, 56.397612], [37.8296767, 56.3957671], [37.8304385, 56.3956221], [37.8328789, 56.396477], [37.834426, 56.3963541], [37.8336838, 56.3940187], [37.8325242, 56.3935375], [37.829625, 56.3943022], [37.8284599, 56.3926544], [37.8300292, 56.3922694], [37.8305847, 56.3915629], [37.8311576, 56.3921763], [37.8315854, 56.3916968], [37.8341656, 56.3918569], [37.8345777, 56.391359], [37.8334205, 56.3906915], [37.8360072, 56.3902184], [37.8366726, 56.388087], [37.8383038, 56.3872624], [37.8390957, 56.3857841], [37.8381173, 56.3851052], [37.8202864, 56.3852445], [37.8125975, 56.3857628], [37.8110674, 56.3773671], [37.8148382, 56.3695652], [37.8105145, 56.3689581], [37.810216, 56.3675597], [37.8112074, 56.367152], [37.8124929, 56.3657132], [37.8046866, 56.3648963], [37.7981118, 56.3651902], [37.7997233, 56.3619627], [37.8011293, 56.3618175], [37.797106, 56.3591404], [37.7956898, 56.3591918], [37.7950104, 56.3581737], [37.8011148, 56.3559201], [37.8070802, 56.3552348], [37.7973659, 56.3513761], [37.7975615, 56.342933], [37.7974582, 56.342163], [37.7961292, 56.3411966], [37.7967776, 56.341035], [37.7974148, 56.3394202], [37.7995554, 56.3384523], [37.8017006, 56.335131], [37.8024998, 56.3330094], [37.8000378, 56.3319341], [37.7998543, 56.3310213], [37.7987499, 56.329934], [37.7830417, 56.3182816], [37.7743823, 56.3188346], [37.7690005, 56.3183617], [37.7704642, 56.3144165], [37.7734237, 56.3129752], [37.7793752, 56.3116633], [37.7783894, 56.3102084], [37.7794367, 56.309723], [37.7803938, 56.3103478], [37.7812168, 56.3100595], [37.7806221, 56.3092126], [37.7817546, 56.3065153], [37.7814765, 56.3060781], [37.7858629, 56.3044037], [37.7871907, 56.3017053], [37.7848886, 56.2997648], [37.7845787, 56.294949], [37.7854672, 56.2939534], [37.7868612, 56.2935902], [37.786544, 56.2927945], [37.7883731, 56.2911939], [37.7933686, 56.2837139], [37.8019635, 56.2842398], [37.8034007, 56.2829791], [37.807035, 56.2811332], [37.7852964, 56.2786391], [37.7851139, 56.2776958], [37.7784152, 56.2756976], [37.7761836, 56.2745336], [37.7764935, 56.2652742], [37.7819717, 56.265216], [37.7816545, 56.2644584], [37.7971697, 56.2647204], [37.8000719, 56.2589708], [37.8032534, 56.2581565], [37.8077163, 56.25248], [37.8068833, 56.2476444], [37.8121577, 56.2464974], [37.8077364, 56.243245], [37.8072642, 56.2426398], [37.807163, 56.2401996], [37.8083187, 56.2380595], [37.8117356, 56.2385278], [37.811762, 56.2335896], [37.8091793, 56.2331742], [37.8089701, 56.2315607], [37.8053845, 56.2292266], [37.799462, 56.2267927], [37.7900848, 56.2267267], [37.7905583, 56.2258873], [37.7898273, 56.2252252], [37.7957856, 56.2226906], [37.7977367, 56.2242662], [37.8052838, 56.2239276], [37.799545, 56.2180017], [37.799099, 56.2156337], [37.7973621, 56.2124898], [37.8156191, 56.2121235], [37.8146644, 56.2139163], [37.8128269, 56.2152574], [37.811822, 56.2168966], [37.8122527, 56.2176202], [37.8170761, 56.2174286], [37.8216698, 56.2158322], [37.8228182, 56.2164707], [37.8626686, 56.2147465], [37.8746409, 56.2197691], [37.8794097, 56.2194515], [37.8847469, 56.2213505], [37.8869776, 56.2215279], [37.887144, 56.2239488], [37.8884961, 56.2252566], [37.8951066, 56.2200322], [37.8919534, 56.2165346], [37.8937909, 56.2139802], [37.895169, 56.2135331], [37.8982698, 56.2150658], [37.8991885, 56.2104037], [37.900337, 56.2106591], [37.9002221, 56.2130222], [37.9063088, 56.2141718], [37.9106728, 56.2104675], [37.9141181, 56.2122558], [37.9224274, 56.2138233], [37.9381379, 56.2050857], [37.9390566, 56.2055968], [37.948979, 56.2053413], [37.9644138, 56.201304], [37.9646895, 56.2023772], [37.9638041, 56.2026397], [37.9717159, 56.2018136], [37.9697066, 56.1969402], [37.9805837, 56.1977263], [37.9820537, 56.196704], [37.9865555, 56.1915923], [37.9856368, 56.1903654], [37.9991293, 56.189604], [38.000796, 56.1916946], [38.0042872, 56.1919502], [38.0086972, 56.1909278], [38.0105346, 56.1910811], [38.01022, 56.1982574], [38.0142096, 56.1978285], [38.015072, 56.1969426], [38.0169658, 56.1963462], [38.0181602, 56.1948639], [38.021697, 56.1837196], [38.019503, 56.1834607], [38.0193789, 56.182822], [38.020723, 56.1814304], [38.0218685, 56.1813731], [38.0230431, 56.1799781], [38.0310226, 56.1741052], [38.0344282, 56.1726257], [38.0379133, 56.1695164], [38.0401377, 56.1687091], [38.0473649, 56.1721191], [38.051256, 56.1753872], [38.0534036, 56.1761025], [38.0544979, 56.175541], [38.0607049, 56.1745626], [38.0616305, 56.173702], [38.0627537, 56.1738914], [38.063138, 56.1726723], [38.0641434, 56.1727878], [38.0641659, 56.1734055], [38.065304, 56.1730811], [38.0676063, 56.1736136], [38.0686738, 56.1729826], [38.0676948, 56.1724042], [38.067735, 56.1719064], [38.0702089, 56.1724192], [38.0710166, 56.1715722], [38.0745348, 56.1705468], [38.0778085, 56.1722651], [38.0782186, 56.1731343], [38.0799813, 56.173679], [38.0796503, 56.1745361], [38.0804068, 56.1751721], [38.0835029, 56.1750535], [38.0834785, 56.1730977], [38.0849192, 56.1735544], [38.0854086, 56.1745364], [38.086124, 56.1744048], [38.086461, 56.1742106], [38.0860294, 56.1735754], [38.0870877, 56.1730652], [38.0878859, 56.1718243], [38.0886308, 56.1721337], [38.0891098, 56.173503], [38.0918768, 56.1743949], [38.0926868, 56.1741941], [38.0911791, 56.1730027], [38.0929636, 56.1724785], [38.0963746, 56.1726916], [38.0961731, 56.1731667], [38.0981424, 56.1727986], [38.0991314, 56.1737942], [38.0999841, 56.1739624], [38.101056, 56.1728481], [38.1024774, 56.1728382], [38.1037565, 56.1738569], [38.1077599, 56.1747107], [38.1078902, 56.1751195], [38.1061728, 56.1755283], [38.1066998, 56.1770446], [38.1089976, 56.177104], [38.1105847, 56.1780467], [38.1130523, 56.1776301], [38.1135669, 56.1768463], [38.1161337, 56.1769622], [38.1140751, 56.1742966], [38.1144461, 56.174167], [38.1157053, 56.1739233], [38.1182416, 56.174469], [38.1280478, 56.1734354], [38.1327765, 56.1782718], [38.1358103, 56.1767841], [38.1391028, 56.1743431], [38.1435114, 56.1699219], [38.1829829, 56.1708149], [38.1859159, 56.1720028], [38.1874082, 56.1710164], [38.4062066, 56.2775717], [38.4051616, 56.278577], [38.3969903, 56.2831829], [38.3985749, 56.2837417], [38.401446, 56.2827457], [38.4071881, 56.2825465], [38.4120331, 56.2829449], [38.416878, 56.2841401], [38.4177752, 56.2823472], [38.4358048, 56.2922281], [38.4351795, 56.3001713], [38.4335522, 56.2999606], [38.4344743, 56.3062803], [38.4374035, 56.3060998], [38.4383126, 56.3092131], [38.43861, 56.3126925], [38.4271478, 56.3179161], [38.4253377, 56.3162031], [38.4175049, 56.3184398], [38.4173934, 56.3198612], [38.415313, 56.3201648], [38.4154128, 56.3206418], [38.4145732, 56.3213803], [38.4158785, 56.3221914], [38.4154734, 56.3231417], [38.416753, 56.3232644], [38.4173876, 56.3242773], [38.416328, 56.3242589], [38.4162765, 56.325234], [38.415579, 56.3254786], [38.4159766, 56.3258207], [38.4157798, 56.326669], [38.415102, 56.326836], [38.414526, 56.326343], [38.4138483, 56.3274528], [38.4129629, 56.3277814], [38.4132152, 56.3282963], [38.4153432, 56.3283491], [38.4185924, 56.3293548], [38.4177747, 56.3298228], [38.4180958, 56.3303077], [38.4172043, 56.3302588], [38.417432, 56.3307563], [38.4157118, 56.3313202], [38.4160908, 56.3318269], [38.4178716, 56.3317353], [38.4178822, 56.3321506], [38.4171595, 56.3323769], [38.417472, 56.3326956], [38.4166742, 56.3331285], [38.4176238, 56.333993], [38.4166717, 56.3344277], [38.4177266, 56.3344083], [38.4172348, 56.3347873], [38.4191926, 56.3354668], [38.4179598, 56.3352779], [38.4175288, 56.3361097], [38.4184836, 56.3365051], [38.4176694, 56.3370389], [38.4190485, 56.3372049], [38.4185545, 56.3376715], [38.4192894, 56.337994], [38.4183147, 56.3386135], [38.4154264, 56.3388445], [38.4147598, 56.3399066], [38.4158321, 56.3426671], [38.4215606, 56.3440493], [38.422418, 56.3603406], [38.4463183, 56.3864841], [38.4462623, 56.3870471], [38.445533, 56.3877356], [38.444001, 56.3880783], [38.4442839, 56.3883945], [38.4435748, 56.3887779], [38.4433397, 56.3911542], [38.4420295, 56.3926794], [38.4382625, 56.3944276], [38.4296731, 56.395693], [38.4184762, 56.3950847], [38.4145559, 56.3944405], [38.4136698, 56.3938262], [38.4112439, 56.3938233], [38.4099993, 56.3945171], [38.4084965, 56.3942909], [38.408768, 56.3944967], [38.4077261, 56.3947558], [38.407956, 56.3954249], [38.4048547, 56.3962221], [38.4036183, 56.3991858], [38.4042532, 56.4000148], [38.4027213, 56.40129], [38.4004866, 56.4015051], [38.3951427, 56.3999818], [38.3890588, 56.4004006], [38.3878419, 56.3999457], [38.3827238, 56.4001421], [38.3817863, 56.4006346], [38.3823583, 56.4025785], [38.3845912, 56.4027181], [38.3854881, 56.4041718], [38.3854673, 56.40579], [38.3879592, 56.4087109], [38.3887407, 56.4093967], [38.3923232, 56.4092801], [38.3941596, 56.4119993], [38.3904814, 56.4124203], [38.3895482, 56.4130282], [38.3912684, 56.4159808], [38.3894756, 56.4188368], [38.3959096, 56.4239939], [38.391384, 56.4267898], [38.396117, 56.4308628], [38.3964857, 56.4324518], [38.4003726, 56.4327861], [38.4038047, 56.4321536], [38.4089226, 56.432653], [38.4142813, 56.4325364], [38.4152146, 56.4330691], [38.4139802, 56.4354327], [38.4099762, 56.4363981], [38.4067514, 56.4387259], [38.4053545, 56.4389389], [38.401212, 56.4416017], [38.3998874, 56.4437717], [38.4013565, 56.4470465], [38.398385, 56.447646], [38.4008026, 56.4539146], [38.3997661, 56.4552095], [38.3968769, 56.4569756], [38.3943478, 56.4597645], [38.3907252, 56.4597963], [38.3924111, 56.4583857], [38.3866663, 56.4573805], [38.3859534, 56.4579447], [38.3818401, 56.4573737], [38.377495, 56.4561561], [38.374971, 56.4599568], [38.368921, 56.4622349], [38.3671677, 56.4638955], [38.3652409, 56.4635655], [38.3625628, 56.4606914], [38.3606553, 56.4603613], [38.357823, 56.4554322], [38.3542849, 56.4527986], [38.3482383, 56.4558399], [38.3505038, 56.4587246], [38.3461666, 56.4588518], [38.3402803, 56.4602752], [38.3491254, 56.4639501], [38.3481105, 56.4657919], [38.3419343, 56.4715893], [38.3455299, 56.4763248], [38.3430407, 56.4810597], [38.3341901, 56.4828924], [38.3192549, 56.4827397], [38.3189783, 56.4867103], [38.312617, 56.4902224], [38.30349, 56.4905278], [38.2984363, 56.4949604], [38.3076386, 56.5013674], [38.3162517, 56.5022201], [38.3188528, 56.5036556], [38.3247052, 56.5035626], [38.3359044, 56.5055031], [38.3339536, 56.5089188], [38.3375733, 56.5090589], [38.3370605, 56.5102876], [38.3373976, 56.5107527], [38.340938, 56.5133174], [38.339228, 56.5151778], [38.3358081, 56.5176492], [38.3350374, 56.5173436], [38.3351096, 56.5163072], [38.3319787, 56.5151246], [38.3305336, 56.5155764], [38.3217188, 56.5129321], [38.31748, 56.5146861], [38.3127354, 56.5145665], [38.3121574, 56.5141945], [38.3098453, 56.514912], [38.3045145, 56.5113249], [38.297388, 56.510653], [38.2952006, 56.5114726], [38.29495, 56.5124567], [38.2955902, 56.5148764], [38.2972518, 56.5158908], [38.2993488, 56.5188839], [38.296598, 56.5182427], [38.2891935, 56.5185817], [38.2906302, 56.5166391], [38.2888141, 56.5160406], [38.2872252, 56.5183372], [38.2827033, 56.5185176], [38.2758661, 56.5241975], [38.2695737, 56.5225597], [38.2681027, 56.5247685], [38.2797887, 56.5268719], [38.2737897, 56.5318043], [38.2757774, 56.5335515], [38.2773565, 56.5327604], [38.2856818, 56.5314937], [38.2857681, 56.5424134], [38.2992888, 56.5475391], [38.3075026, 56.54946], [38.3132839, 56.5495185], [38.3097994, 56.5550777], [38.3145367, 56.5567392], [38.3178384, 56.5588752], [38.3172642, 56.5612484], [38.3244419, 56.5598245], [38.3386392, 56.5636333], [38.3587511, 56.5732704], [38.3629157, 56.5814518], [38.3574591, 56.5969077], [38.3448457, 56.5983364], [38.3352778, 56.6027071], [38.330983, 56.6038127], [38.3299724, 56.6069479], [38.3353011, 56.6095772], [38.3335555, 56.6157453], [38.339711, 56.6172113], [38.3407216, 56.6223167], [38.338241, 56.6260569], [38.3384248, 56.6286849], [38.344648, 56.6307426], [38.3392516, 56.6315148], [38.3332798, 56.6382856], [38.3224713, 56.6406196], [38.317845, 56.6422768], [38.3148131, 56.6450552], [38.3140781, 56.6483384], [38.3157319, 56.6519244], [38.3136188, 56.6557121], [38.3181307, 56.658578], [38.3147356, 56.6766878], [38.3014476, 56.6982403], [38.3049969, 56.6982333], [38.3038944, 56.7029747], [38.3057319, 56.7044878], [38.3106013, 56.7032269], [38.3140925, 56.7036808], [38.3189618, 56.7107916], [38.3179512, 56.7162877], [38.3195365, 56.721839], [38.3082125, 56.732368], [38.3031595, 56.7390199], [38.3043538, 56.7599757], [38.296912, 56.7646086], [38.2982901, 56.7658674], [38.2795478, 56.7756849], [38.2719165, 56.7736072], [38.2442987, 56.7934634], [38.2507163, 56.7653759], [38.241535, 56.760653], [38.2175572, 56.7718949], [38.2060838, 56.7725115], [38.1971457, 56.7683303], [38.1641733, 56.7678386], [38.1563227, 56.7727552], [38.1390515, 56.7714032], [38.135014, 56.7691907], [38.1289579, 56.7700512], [38.1206587, 56.7646424], [38.1092193, 56.7636589], [38.1125838, 56.7615689], [38.1038361, 56.7597247], [38.0840975, 56.7599706], [38.0674991, 56.7614459], [38.0677303, 56.7600074], [38.060104, 56.7525067], [38.061499, 56.7500896], [38.0634089, 56.740009], [38.0455058, 56.7336674], [38.0343287, 56.727227], [38.0281087, 56.7140029], [38.0327563, 56.7141081], [38.0260247, 56.7054079], [38.027442, 56.7014199], [38.0348856, 56.6979466], [38.0498997, 56.6925292], [38.0205525, 56.676758], [38.0159516, 56.6788294], [38.0120992, 56.6788063], [37.9969195, 56.6928226], [37.9822771, 56.701414], [37.9758172, 56.7029113], [37.9738074, 56.7010987], [37.9639022, 56.6997589], [37.9324641, 56.6936897], [37.9287317, 56.6910095], [37.9264348, 56.690773], [37.9252864, 56.688329], [37.916099, 56.6854908], [37.9094955, 56.6815483], [37.8960015, 56.6798135], [37.8912643, 56.681706], [37.8461886, 56.6582007], [37.8187699, 56.6572539], [37.8101567, 56.6589897], [37.804271, 56.6614355], [37.7970933, 56.6626978], [37.7922125, 56.66183], [37.7912076, 56.6604099], [37.7874753, 56.6611988], [37.7851784, 56.6604099], [37.7834558, 56.6589108], [37.7810154, 56.6593053], [37.7792927, 56.6580429], [37.7762781, 56.6580429], [37.7731199, 56.6564648], [37.7646503, 56.6562281], [37.7617792, 56.6567805], [37.7581904, 56.6543343], [37.754458, 56.657964], [37.7576162, 56.6583585], [37.7561806, 56.6592264], [37.7525918, 56.6589897], [37.749003, 56.6563859], [37.7481417, 56.6529928], [37.7535967, 56.6492049], [37.7474239, 56.646995], [37.7468497, 56.6483367], [37.7452706, 56.6482578], [37.7454142, 56.6463636], [37.7418253, 56.6389438], [37.7461319, 56.6382333], [37.7484288, 56.635786], [37.7468497, 56.634286], [37.7436915, 56.6339702], [37.7423995, 56.6251265], [37.7455692, 56.6239761], [37.7454517, 56.6224172], [37.7464706, 56.6216165], [37.7461613, 56.6206255], [37.7465797, 56.6200249], [37.7500184, 56.6196145], [37.7539139, 56.6159009], [37.754687, 56.6134148], [37.7596241, 56.6127536], [37.7605389, 56.609787], [37.7658514, 56.6072938], [37.7660334, 56.6067931], [37.7652874, 56.6051809], [37.7710376, 56.5999058], [37.7748426, 56.6007166], [37.777283, 56.5938411], [37.7811589, 56.5938411], [37.7831687, 56.5919442], [37.7802976, 56.5862529], [37.7765652, 56.5823], [37.781446, 56.5796119], [37.7800105, 56.5783468], [37.7630706, 56.5706316]]]}}, {"type": "Feature", "properties": {"rda_code": "MO-90", "rda_name": "TALDOMSKY AREA / incl. TALDOM/", "osm_name": "Талдомский городской округ", "match_score": 0.92, "match_reason": "contains"}, "geometry": {"type": "Polygon", "coordinates": [[[37.1670698, 56.6939629], [37.1700809, 56.6924255], [37.1751984, 56.6940431], [37.2295842, 56.6730259], [37.232733, 56.671395], [37.243499, 56.6641805], [37.24391, 56.6642789], [37.2520962, 56.6584239], [37.3313876, 56.6000669], [37.3615398, 56.5784176], [37.3729057, 56.5697646], [37.3782016, 56.5641926], [37.4044384, 56.5187106], [37.4101774, 56.5185572], [37.4217204, 56.5152615], [37.423454, 56.5170766], [37.4255236, 56.5183062], [37.4377113, 56.5195358], [37.4394271, 56.5229803], [37.4399755, 56.5232632], [37.44859, 56.5238389], [37.4554746, 56.5278652], [37.461197, 56.5282308], [37.4859065, 56.5326628], [37.5051493, 56.5373684], [37.5572541, 56.5428013], [37.5569386, 56.5411516], [37.5572375, 56.538651], [37.5565068, 56.5382863], [37.5570897, 56.5380437], [37.5564002, 56.5373245], [37.5584551, 56.5371513], [37.5584319, 56.5356647], [37.5589008, 56.5354302], [37.5599855, 56.5357245], [37.5601773, 56.5337378], [37.559781, 56.5319925], [37.5964489, 56.5140473], [37.6359461, 56.5130142], [37.6354619, 56.5124273], [37.6328381, 56.5128994], [37.6316717, 56.5119056], [37.632109, 56.511482], [37.6352661, 56.5114974], [37.6384951, 56.5100962], [37.6387406, 56.5098214], [37.6379306, 56.5088076], [37.638143, 56.5080265], [37.6396103, 56.5068533], [37.6407123, 56.504627], [37.6413555, 56.5044362], [37.6425326, 56.5049575], [37.6427002, 56.505465], [37.6415365, 56.5079536], [37.6427695, 56.5087564], [37.6444375, 56.508653], [37.6465588, 56.507794], [37.6468472, 56.5074964], [37.6462976, 56.5065836], [37.6467605, 56.5060297], [37.6518099, 56.5065197], [37.6548232, 56.506189], [37.6556089, 56.5069439], [37.6564035, 56.5097477], [37.6564479, 56.5117129], [37.655598, 56.5143081], [37.6558416, 56.514874], [37.6595757, 56.5156265], [37.6619417, 56.5167297], [37.6641461, 56.5193016], [37.6659026, 56.5194032], [37.6671484, 56.5200976], [37.6717691, 56.5201272], [37.6742592, 56.5213316], [37.6780168, 56.5215826], [37.678568, 56.5224826], [37.6756926, 56.5222839], [37.6740978, 56.5231963], [37.6774135, 56.5242234], [37.6786393, 56.5270894], [37.6788632, 56.5288417], [37.6793315, 56.5291016], [37.6820905, 56.5281184], [37.6807771, 56.529384], [37.6806568, 56.5300362], [37.6813397, 56.5308819], [37.6835184, 56.5327535], [37.6876364, 56.5348019], [37.6899362, 56.5368385], [37.6911207, 56.539171], [37.6922275, 56.5398851], [37.694601, 56.5391437], [37.6950147, 56.5381789], [37.6943416, 56.5370088], [37.6960591, 56.5363143], [37.696396, 56.5366133], [37.695662, 56.5380353], [37.6964364, 56.5395481], [37.6959899, 56.5411362], [37.6962562, 56.5420526], [37.7000058, 56.5422654], [37.7013134, 56.5437768], [37.7034072, 56.5445894], [37.7044023, 56.5457103], [37.704654, 56.5479887], [37.7068596, 56.551026], [37.7084694, 56.5511919], [37.7085351, 56.5507224], [37.7071492, 56.5494697], [37.7093966, 56.5480698], [37.710555, 56.5487165], [37.7100171, 56.55017], [37.7105152, 56.5505714], [37.7156148, 56.5516092], [37.717638, 56.5508731], [37.7160966, 56.548474], [37.7162237, 56.547893], [37.7177588, 56.5476919], [37.719804, 56.5484328], [37.7202684, 56.5488185], [37.7197268, 56.5501373], [37.7236285, 56.5501784], [37.725555, 56.5516367], [37.7295937, 56.5534916], [37.7299409, 56.5551897], [37.731183, 56.5558017], [37.7333488, 56.5559995], [37.7357816, 56.5551704], [37.736764, 56.5553524], [37.7435753, 56.5589747], [37.7465114, 56.5591983], [37.7498075, 56.5629493], [37.7572863, 56.5657033], [37.7593211, 56.5674563], [37.7600548, 56.5692313], [37.7612555, 56.5702496], [37.7630706, 56.5706316], [37.7800105, 56.5783468], [37.781446, 56.5796119], [37.7765652, 56.5823], [37.7802976, 56.5862529], [37.7831687, 56.5919442], [37.7811589, 56.5938411], [37.777283, 56.5938411], [37.7748426, 56.6007166], [37.7710376, 56.5999058], [37.7652874, 56.6051809], [37.7660334, 56.6067931], [37.7658514, 56.6072938], [37.7605389, 56.609787], [37.7596241, 56.6127536], [37.754687, 56.6134148], [37.7539139, 56.6159009], [37.7500184, 56.6196145], [37.7465797, 56.6200249], [37.7461613, 56.6206255], [37.7464706, 56.6216165], [37.7454517, 56.6224172], [37.7455692, 56.6239761], [37.7423995, 56.6251265], [37.7436915, 56.6339702], [37.7468497, 56.634286], [37.7484288, 56.635786], [37.7461319, 56.6382333], [37.7418253, 56.6389438], [37.7454142, 56.6463636], [37.7452706, 56.6482578], [37.7468497, 56.6483367], [37.7474239, 56.646995], [37.7535967, 56.6492049], [37.7481417, 56.6529928], [37.749003, 56.6563859], [37.7525918, 56.6589897], [37.7561806, 56.6592264], [37.7576162, 56.6583585], [37.754458, 56.657964], [37.7581904, 56.6543343], [37.7617792, 56.6567805], [37.7646503, 56.6562281], [37.7731199, 56.6564648], [37.7762781, 56.6580429], [37.7792927, 56.6580429], [37.7810154, 56.6593053], [37.7834558, 56.6589108], [37.7851784, 56.6604099], [37.7874753, 56.6611988], [37.7912076, 56.6604099], [37.7922125, 56.66183], [37.7970933, 56.6626978], [37.804271, 56.6614355], [37.8101567, 56.6589897], [37.8187699, 56.6572539], [37.8461886, 56.6582007], [37.8912643, 56.681706], [37.8960015, 56.6798135], [37.9094955, 56.6815483], [37.916099, 56.6854908], [37.9252864, 56.688329], [37.9264348, 56.690773], [37.9287317, 56.6910095], [37.9324641, 56.6936897], [37.9639022, 56.6997589], [37.9738074, 56.7010987], [37.9758172, 56.7029113], [37.9822771, 56.701414], [37.9969195, 56.6928226], [38.0120992, 56.6788063], [38.0159516, 56.6788294], [38.0205525, 56.676758], [38.0498997, 56.6925292], [38.0348856, 56.6979466], [38.027442, 56.7014199], [38.0260247, 56.7054079], [38.0327563, 56.7141081], [38.0281087, 56.7140029], [38.0343287, 56.727227], [38.0455058, 56.7336674], [38.0634089, 56.740009], [38.061499, 56.7500896], [38.0501312, 56.7532365], [38.0515667, 56.7678723], [38.0222819, 56.768423], [38.0098174, 56.7714807], [37.9985956, 56.7674789], [37.9927099, 56.7673216], [37.9940019, 56.8229022], [37.9861739, 56.8239352], [37.9833258, 56.8252926], [37.9782727, 56.8374566], [37.9777215, 56.849466], [37.9842816, 56.8494374], [37.9840608, 56.8583576], [37.9825908, 56.8583073], [37.9818558, 56.8639325], [37.9840009, 56.865396], [37.9793752, 56.8668954], [37.9731278, 56.8669456], [37.9623005, 56.865356], [37.9526399, 56.8651378], [37.9521805, 56.8672972], [37.9600817, 56.8697577], [37.9625623, 56.8709628], [37.9593467, 56.8740758], [37.9593467, 56.8764857], [37.954514, 56.8783291], [37.9506186, 56.8783934], [37.9508943, 56.8859731], [37.9428093, 56.8857723], [37.9429931, 56.8879305], [37.9101601, 56.8880069], [37.9105859, 56.8785472], [37.8877257, 56.8781114], [37.886123, 56.8819073], [37.8870418, 56.8844171], [37.8792325, 56.8856217], [37.8791406, 56.8886833], [37.8797837, 56.89049], [37.8798756, 56.8926981], [37.8827009, 56.8937807], [37.8754656, 56.8972143], [37.8770275, 56.8986192], [37.8662782, 56.9034858], [37.8626541, 56.904064], [37.8573428, 56.906122], [37.8492196, 56.901968], [37.8428599, 56.9022763], [37.8289201, 56.9048905], [37.8251873, 56.9114402], [37.8199422, 56.9108033], [37.8092548, 56.9119333], [37.7984616, 56.9088192], [37.792283, 56.9192257], [37.7856974, 56.9264962], [37.7852484, 56.9296753], [37.7629282, 56.9256553], [37.7614478, 56.9298493], [37.7545095, 56.9299456], [37.7508946, 56.9318385], [37.7472184, 56.9354637], [37.7493939, 56.9385433], [37.7529219, 56.939698], [37.7581847, 56.949991], [37.7346175, 56.9558346], [37.6983069, 56.9585118], [37.6968878, 56.9538212], [37.6786386, 56.9401727], [37.6603352, 56.9458581], [37.6493717, 56.9460705], [37.6495153, 56.9387098], [37.645471, 56.9351013], [37.6247779, 56.9305013], [37.5910676, 56.9297867], [37.5914712, 56.9257822], [37.5846133, 56.9168323], [37.5852034, 56.9147382], [37.5761585, 56.9140064], [37.5662771, 56.9161324], [37.5650212, 56.9183952], [37.5482181, 56.9184464], [37.5488282, 56.9134183], [37.5499021, 56.911046], [37.5415031, 56.9083201], [37.5319578, 56.9094929], [37.5343522, 56.9016448], [37.5319947, 56.898976], [37.5298851, 56.8951076], [37.5247392, 56.8925262], [37.5279834, 56.8902928], [37.534159, 56.8875718], [37.5375896, 56.8818759], [37.5561956, 56.8783806], [37.5749445, 56.8731774], [37.572813, 56.8720527], [37.5717105, 56.867875], [37.572519, 56.8667903], [37.564686, 56.8586373], [37.5640666, 56.8612861], [37.5559082, 56.8654646], [37.5458297, 56.866268], [37.5460007, 56.8648933], [37.5410763, 56.8615184], [37.5451922, 56.8577012], [37.54146, 56.8526736], [37.5429872, 56.8491411], [37.5448982, 56.8474128], [37.5480587, 56.8471314], [37.5505439, 56.8447317], [37.5520277, 56.8395338], [37.5460352, 56.8363631], [37.544078, 56.8359206], [37.540093, 56.8368174], [37.5157978, 56.8219237], [37.4984234, 56.8022415], [37.4909273, 56.7969028], [37.4900644, 56.7937979], [37.4830076, 56.7876709], [37.4818841, 56.7805915], [37.4774222, 56.7765864], [37.4631139, 56.7769991], [37.4610951, 56.7841263], [37.4577306, 56.7878123], [37.4608708, 56.7914979], [37.455039, 56.7943233], [37.4536932, 56.7899009], [37.4474127, 56.7896552], [37.4465155, 56.7914979], [37.4413566, 56.7938319], [37.4429267, 56.7965343], [37.3978926, 56.7898236], [37.3508579, 56.7793526], [37.3428329, 56.7637859], [37.2809509, 56.7754305], [37.2746827, 56.7596847], [37.2491964, 56.7453807], [37.2571766, 56.7425066], [37.2586068, 56.7410469], [37.2583761, 56.7394123], [37.2552055, 56.736934], [37.2531271, 56.7336675], [37.2509155, 56.7327598], [37.2419792, 56.7320394], [37.2382461, 56.7323915], [37.2367146, 56.7316626], [37.2337476, 56.7242719], [37.2337527, 56.7226017], [37.2311366, 56.7174815], [37.2308391, 56.714965], [37.2297546, 56.7136256], [37.2276249, 56.7127429], [37.2204462, 56.7136192], [37.2139931, 56.7125325], [37.2060701, 56.7092198], [37.2069354, 56.7069267], [37.2048518, 56.7053225], [37.2037298, 56.7034433], [37.2030275, 56.7030654], [37.1937296, 56.7017108], [37.1894212, 56.7002106], [37.1870369, 56.6983951], [37.184901, 56.6981038], [37.1833882, 56.6985457], [37.1832199, 56.6990841], [37.1842859, 56.7000198], [37.1841073, 56.7018364], [37.1829332, 56.7021564], [37.1721801, 56.694917], [37.1708838, 56.6943529], [37.1670698, 56.6939629]]]}}, {"type": "Feature", "properties": {"rda_code": "MO-74", "rda_name": "MYTISHCHI AREA / incl. MYTISCHI /", "osm_name": "городской округ Мытищи", "match_score": 0.92, "match_reason": "contains"}, "geometry": {"type": "Polygon", "coordinates": [[[37.4433025, 55.9947678], [37.44355, 55.9886168], [37.4492318, 55.9884802], [37.4496866, 55.9879109], [37.4484894, 55.9827682], [37.4524938, 55.9828277], [37.467993, 55.9846171], [37.4676884, 55.9862752], [37.4687604, 55.9865275], [37.4683802, 55.9880933], [37.4727343, 55.9911047], [37.4742504, 55.9902804], [37.4788178, 55.9931913], [37.4817171, 55.9928333], [37.4813865, 55.9901768], [37.4822082, 55.9875998], [37.4850272, 55.9872519], [37.4824249, 55.993622], [37.4857959, 55.9941975], [37.485652, 55.995163], [37.4934974, 55.9960421], [37.4939109, 55.9953463], [37.4949516, 55.9954623], [37.4950195, 55.9959963], [37.5027074, 55.994716], [37.5034446, 55.993247], [37.5048464, 55.9923471], [37.5111443, 55.9904947], [37.5100937, 55.9894997], [37.5121238, 55.9888294], [37.5139048, 55.986855], [37.5179364, 55.9868877], [37.5185453, 55.9865398], [37.5189964, 55.9850519], [37.5175681, 55.9841396], [37.5240874, 55.9829715], [37.5232033, 55.9821355], [37.5227858, 55.9796085], [37.5242321, 55.979255], [37.5232479, 55.9780624], [37.5234157, 55.975926], [37.5253321, 55.9735018], [37.5296624, 55.9704848], [37.5311283, 55.9688417], [37.5310667, 55.9673859], [37.5326922, 55.9667582], [37.5333267, 55.9659134], [37.5322682, 55.9607862], [37.5325004, 55.9590604], [37.5339093, 55.9572667], [37.533338, 55.957078], [37.5314687, 55.9586988], [37.5311402, 55.9597781], [37.5232455, 55.9568811], [37.5247727, 55.9541588], [37.5315472, 55.9552603], [37.5323548, 55.9535013], [37.5275261, 55.9526072], [37.5280346, 55.9519177], [37.5317468, 55.9507908], [37.5289342, 55.947292], [37.53144, 55.9461342], [37.5331371, 55.9463676], [37.5347848, 55.9429289], [37.5381358, 55.9432877], [37.5383321, 55.9427433], [37.5435935, 55.9428103], [37.5374401, 55.9528431], [37.5423512, 55.9541421], [37.5469335, 55.9542957], [37.5485507, 55.9511581], [37.5518937, 55.951221], [37.5516576, 55.953631], [37.555104, 55.9535347], [37.5551537, 55.951529], [37.5744299, 55.9577717], [37.5747378, 55.9561865], [37.5784053, 55.9555754], [37.580707, 55.9539887], [37.5791196, 55.9536733], [37.5800379, 55.9520246], [37.5794223, 55.9494679], [37.5624642, 55.9510736], [37.5628076, 55.9476678], [37.5645841, 55.9414007], [37.5675405, 55.9407314], [37.5700906, 55.9409267], [37.5702148, 55.9364521], [37.5665274, 55.9364735], [37.5659213, 55.933349], [37.5609557, 55.9322714], [37.5613846, 55.9280589], [37.5559156, 55.9092832], [37.5741491, 55.9112732], [37.5786006, 55.9114343], [37.587256, 55.9104216], [37.5887127, 55.9119308], [37.5898758, 55.9123897], [37.5907353, 55.9136561], [37.5912017, 55.9135942], [37.5905033, 55.9112916], [37.5931529, 55.9089479], [37.6175125, 55.9024203], [37.6292697, 55.8999289], [37.6473691, 55.8972854], [37.6632928, 55.8959169], [37.6691834, 55.8956784], [37.6715638, 55.8969057], [37.6718408, 55.8977269], [37.6726695, 55.8978367], [37.6731529, 55.8970332], [37.6769548, 55.8954621], [37.694288, 55.8948748], [37.7030517, 55.8934116], [37.7071883, 55.8923311], [37.7075818, 55.8917661], [37.7243624, 55.8838019], [37.7275238, 55.8839511], [37.7315551, 55.8856186], [37.7320995, 55.8853158], [37.7303817, 55.8840119], [37.7292909, 55.8820464], [37.730375, 55.8806067], [37.7774058, 55.8564419], [37.7760741, 55.8727275], [37.8003568, 55.8738182], [37.8020485, 55.87323], [37.8019302, 55.879137], [37.836501, 55.879599], [37.8404822, 55.8815213], [37.8397978, 55.8836003], [37.8442182, 55.8840598], [37.8443717, 55.887839], [37.8550414, 55.8909601], [37.8567899, 55.8942574], [37.8579661, 55.8958644], [37.8585215, 55.8958606], [37.8588535, 55.8975672], [37.8594712, 55.8977895], [37.8574662, 55.8982054], [37.8576069, 55.8992378], [37.8417257, 55.9023493], [37.8385454, 55.9069454], [37.8265623, 55.9068165], [37.8264975, 55.9061699], [37.8177627, 55.9067405], [37.8179849, 55.9021065], [37.809797, 55.9019878], [37.8095397, 55.9043201], [37.8040178, 55.9047293], [37.8016544, 55.9040206], [37.8017979, 55.9017262], [37.7965346, 55.9017637], [37.7952477, 55.9011147], [37.7943239, 55.8999789], [37.7911842, 55.9020765], [37.7886851, 55.9070817], [37.7884247, 55.9102845], [37.7895124, 55.9142501], [37.7878882, 55.9142922], [37.7913642, 55.915754], [37.7935502, 55.9172854], [37.7995422, 55.9253227], [37.7950323, 55.9252794], [37.8012193, 55.9302949], [37.8022093, 55.9320567], [37.8045702, 55.9312196], [37.8111316, 55.9366173], [37.8126241, 55.9396557], [37.8130949, 55.9426823], [37.8062302, 55.9476474], [37.800389, 55.9510744], [37.7887392, 55.9590109], [37.7758937, 55.9632518], [37.7697564, 55.9679628], [37.7690158, 55.9714449], [37.7702586, 55.973502], [37.7716034, 55.9739879], [37.7726339, 55.981807], [37.775521, 55.981899], [37.7772891, 55.9797403], [37.7795291, 55.9798139], [37.7845058, 55.9785478], [37.7847077, 55.9789275], [37.7838237, 55.9790516], [37.7840411, 55.9807829], [37.7826577, 55.981369], [37.7832484, 55.9818116], [37.7816091, 55.9825962], [37.7791042, 55.9827237], [37.7790561, 55.9835947], [37.774355, 55.9864419], [37.7748658, 55.9883678], [37.774073, 55.9893536], [37.7761894, 55.9906267], [37.7804853, 55.9883498], [37.7821861, 55.9902279], [37.7886051, 55.9887266], [37.7887801, 55.993173], [37.7906261, 55.9932063], [37.7907706, 55.9957738], [37.7945539, 55.996296], [37.7948329, 55.997994], [37.7923867, 55.998204], [37.7887247, 56.0013886], [37.7913795, 56.0022971], [37.7900343, 56.0029214], [37.7929045, 56.0038979], [37.7922345, 56.0043728], [37.7931133, 56.0055762], [37.7912235, 56.0072852], [37.7953186, 56.0090242], [37.7948968, 56.0093202], [37.7985143, 56.0097028], [37.7981991, 56.0100547], [37.7993378, 56.011429], [37.8089064, 56.0146848], [37.8083672, 56.0162823], [37.8066317, 56.0173324], [37.8070285, 56.0183521], [37.8089748, 56.0177275], [37.8114169, 56.0156025], [37.8117815, 56.0158018], [37.8090814, 56.0185659], [37.8064347, 56.0203448], [37.8058295, 56.0217454], [37.6926954, 56.0686366], [37.6952301, 56.0715314], [37.695185, 56.072174], [37.6960667, 56.0727513], [37.6968025, 56.0742345], [37.6988523, 56.0751642], [37.6909732, 56.0782739], [37.686041, 56.0793656], [37.6856469, 56.0797455], [37.6860732, 56.0800526], [37.6831765, 56.0820849], [37.6791047, 56.0818388], [37.6761666, 56.0828994], [37.6840388, 56.0885108], [37.6906629, 56.0884705], [37.6907686, 56.0900622], [37.6886762, 56.0899203], [37.6881601, 56.091431], [37.682357, 56.0976483], [37.6821055, 56.1050161], [37.6841513, 56.1069999], [37.6919939, 56.1076257], [37.6917234, 56.1084407], [37.687315, 56.1099105], [37.6879259, 56.1128052], [37.6869513, 56.1141746], [37.6896752, 56.1150201], [37.6896922, 56.1175909], [37.694508, 56.117351], [37.6960994, 56.1169612], [37.6965611, 56.1161824], [37.6976705, 56.1162371], [37.6979268, 56.1169604], [37.7016335, 56.1172578], [37.7011443, 56.1190447], [37.701471, 56.1191721], [37.7061175, 56.1187168], [37.7054659, 56.1258175], [37.7041067, 56.1302053], [37.7012354, 56.131319], [37.6957628, 56.131948], [37.6596988, 56.1325663], [37.6600409, 56.1383369], [37.655771, 56.138357], [37.6439063, 56.1435224], [37.6410636, 56.145418], [37.6359944, 56.1468959], [37.6347424, 56.1480614], [37.6323704, 56.1475018], [37.6311146, 56.14769], [37.6134113, 56.1539763], [37.6158737, 56.1564328], [37.6105398, 56.1599709], [37.6018097, 56.1571625], [37.6003259, 56.1596939], [37.5949231, 56.1621323], [37.5923042, 56.164952], [37.589966, 56.1623935], [37.5898549, 56.1610989], [37.5817772, 56.163709], [37.5760904, 56.1615184], [37.5748638, 56.1622295], [37.553874, 56.1636541], [37.5543803, 56.1629784], [37.5529711, 56.1625515], [37.5511795, 56.16368], [37.548276, 56.1620603], [37.5498112, 56.1602358], [37.5523061, 56.1589494], [37.5481559, 56.1573339], [37.5452357, 56.1582319], [37.5441503, 56.1605873], [37.5442728, 56.1598587], [37.5420984, 56.1597254], [37.5377033, 56.16002], [37.5370929, 56.1596699], [37.5345263, 56.1604073], [37.5339187, 56.1601934], [37.5336312, 56.1594239], [37.5293945, 56.1589859], [37.528433, 56.1582227], [37.5238466, 56.1573998], [37.523863, 56.156964], [37.5219466, 56.1571726], [37.5184136, 56.1561118], [37.5187029, 56.1554237], [37.5170622, 56.1555668], [37.5183255, 56.1528993], [37.5168601, 56.1524961], [37.5133501, 56.1525398], [37.5123146, 56.1551802], [37.5037895, 56.1534214], [37.5051374, 56.1509104], [37.504841, 56.1504026], [37.5068475, 56.1488567], [37.509068, 56.1455417], [37.5117346, 56.1433163], [37.5110606, 56.1426482], [37.5098297, 56.1433791], [37.5090894, 56.1432653], [37.5108178, 56.1416714], [37.5108599, 56.1411777], [37.510047, 56.140618], [37.5044248, 56.1387681], [37.5007179, 56.1385232], [37.4992218, 56.1377689], [37.4974586, 56.1376453], [37.5128637, 56.1280609], [37.5144727, 56.1273089], [37.5183761, 56.1268534], [37.517607, 56.1247456], [37.5112242, 56.1168152], [37.5106164, 56.1153613], [37.510934, 56.1137428], [37.5131472, 56.1106625], [37.5106552, 56.1090317], [37.511951, 56.1084343], [37.5127351, 56.1070408], [37.5121648, 56.1056952], [37.5113212, 56.105297], [37.5120538, 56.1041101], [37.5132802, 56.1041772], [37.5135355, 56.1035468], [37.5148555, 56.1030238], [37.5172336, 56.1028437], [37.5173787, 56.1023776], [37.518448, 56.1021778], [37.5226857, 56.0979736], [37.5179652, 56.0958126], [37.512287, 56.0954963], [37.5107654, 56.0948306], [37.5082438, 56.089581], [37.5101444, 56.088179], [37.5047305, 56.085371], [37.503942, 56.0857334], [37.5013355, 56.0840926], [37.5000025, 56.0811296], [37.5029312, 56.079661], [37.5020511, 56.0772373], [37.5011295, 56.0751867], [37.5000499, 56.0747708], [37.4986096, 56.0707045], [37.4949752, 56.0708669], [37.4936796, 56.0662491], [37.493002, 56.0652446], [37.4959259, 56.0650801], [37.4964535, 56.0639993], [37.4952922, 56.0634811], [37.4955477, 56.0630667], [37.4940965, 56.0625982], [37.4945755, 56.062396], [37.4936351, 56.0619425], [37.493766, 56.0608107], [37.4965504, 56.0613352], [37.4993026, 56.0589907], [37.494162, 56.0548121], [37.509123, 56.0510822], [37.5110644, 56.0514367], [37.5096718, 56.0531386], [37.5094156, 56.0556185], [37.5126748, 56.0556916], [37.5167255, 56.0545856], [37.5171004, 56.0562833], [37.5264642, 56.0575377], [37.5304567, 56.0531321], [37.5292351, 56.0526509], [37.5280451, 56.0511191], [37.5225978, 56.0515424], [37.5183418, 56.0525025], [37.5177103, 56.0516491], [37.5156811, 56.0513112], [37.5150443, 56.0507092], [37.5153601, 56.0501196], [37.5146033, 56.0500352], [37.5140089, 56.0486744], [37.5145516, 56.0456111], [37.5139634, 56.0455823], [37.5141072, 56.0443323], [37.5106618, 56.0451549], [37.5053172, 56.045275], [37.5039071, 56.044818], [37.5034865, 56.0425078], [37.5035458, 56.0419643], [37.5042224, 56.0416297], [37.5036411, 56.0401223], [37.5011793, 56.0390883], [37.4967001, 56.0388688], [37.5013764, 56.0316465], [37.4876656, 56.0293333], [37.4875476, 56.0287707], [37.4888301, 56.0287508], [37.4882229, 56.0265192], [37.4913489, 56.0257786], [37.491565, 56.0248766], [37.4933802, 56.0238306], [37.4942046, 56.0238382], [37.4942031, 56.0224327], [37.4954321, 56.0224444], [37.4954138, 56.0216735], [37.4982015, 56.0208081], [37.5068812, 56.0205202], [37.5067421, 56.0180628], [37.509085, 56.0179166], [37.5093781, 56.0156111], [37.5091932, 56.009019], [37.5079983, 56.0083409], [37.5082422, 56.0075477], [37.5078318, 56.0075303], [37.5087596, 56.0045877], [37.4971392, 56.0053385], [37.4977058, 56.0035164], [37.4974348, 56.0027752], [37.4947795, 56.0032389], [37.4946174, 56.0026725], [37.4895243, 56.0024392], [37.4910729, 55.99918], [37.4893128, 55.9989782], [37.4774648, 56.0015304], [37.4773937, 56.0027689], [37.4524325, 56.0025149], [37.4520079, 56.0004626], [37.4506764, 56.0004369], [37.4505232, 55.9996452], [37.4487592, 55.9995327], [37.4456342, 56.0003231], [37.4443159, 55.9959851], [37.4433025, 55.9947678]]]}}, {"type": "Feature", "properties": {"rda_code": "MO-60", "rda_name": "DMITROVSKY AREA / incl. YAKHROMA, DMITROV /", "osm_name": "Дмитровский муниципальный округ", "match_score": 0.92, "match_reason": "contains"}, "geometry": {"type": "Polygon", "coordinates": [[[37.0243479, 56.3655904], [37.0244219, 56.3639175], [37.0253421, 56.363262], [37.0243446, 56.3616283], [37.0250261, 56.3605614], [37.0240887, 56.359997], [37.0248724, 56.3595907], [37.0230309, 56.3592714], [37.0247786, 56.3574212], [37.0247193, 56.35667], [37.0253831, 56.3565737], [37.0258771, 56.3572925], [37.0269918, 56.3560042], [37.0297512, 56.3557522], [37.0284033, 56.3553094], [37.0289477, 56.3548535], [37.028864, 56.3531481], [37.0298927, 56.3538918], [37.0327333, 56.3539515], [37.0325163, 56.3528749], [37.0349342, 56.3522525], [37.0375698, 56.3500963], [37.0372292, 56.3491677], [37.0378087, 56.3487745], [37.0367754, 56.3487164], [37.0369948, 56.3476898], [37.0345744, 56.3476914], [37.0348978, 56.3470726], [37.0359591, 56.3472483], [37.0371746, 56.346615], [37.0370869, 56.3462217], [37.0358662, 56.3461491], [37.0367422, 56.345111], [37.0363736, 56.3448179], [37.0380633, 56.3448283], [37.038105, 56.3442816], [37.0392923, 56.3432385], [37.0386946, 56.3426627], [37.038981, 56.3419827], [37.0402673, 56.3428978], [37.0406257, 56.3419971], [37.0444792, 56.3411937], [37.0439174, 56.3407699], [37.044963, 56.3397796], [37.0438939, 56.3400327], [37.0420468, 56.3391884], [37.0437564, 56.3391134], [37.0432842, 56.3387374], [37.0446034, 56.3385776], [37.0443911, 56.3381852], [37.0449804, 56.3379384], [37.0457002, 56.3381747], [37.045947, 56.3375753], [37.048341, 56.3379275], [37.0484304, 56.337225], [37.0500813, 56.3366206], [37.0507422, 56.3354375], [37.0489576, 56.3352044], [37.0482682, 56.3340686], [37.0497522, 56.333102], [37.0504449, 56.3315308], [37.051068, 56.3315498], [37.0511901, 56.3320461], [37.0538943, 56.33226], [37.0547206, 56.3333945], [37.0535167, 56.3337066], [37.0544489, 56.3345946], [37.0556933, 56.3338897], [37.0560337, 56.3340749], [37.0558414, 56.3348628], [37.0579008, 56.3342686], [37.0594609, 56.3347379], [37.059713, 56.3340606], [37.0578828, 56.3323843], [37.057963, 56.3319443], [37.0626877, 56.3295728], [37.0643737, 56.3297019], [37.0657669, 56.3289287], [37.0653443, 56.3274808], [37.0663606, 56.3268216], [37.0647389, 56.3264307], [37.0653115, 56.326025], [37.0638652, 56.3251878], [37.0636827, 56.3243285], [37.0637997, 56.3237693], [37.0650692, 56.323306], [37.0648991, 56.3219625], [37.0661339, 56.3216362], [37.065483, 56.320982], [37.067154, 56.3208982], [37.0671309, 56.3202307], [37.0675772, 56.3199808], [37.0730337, 56.320274], [37.0732755, 56.319752], [37.0721535, 56.3190639], [37.0721294, 56.3181916], [37.0732638, 56.3175135], [37.0720496, 56.3169343], [37.0723054, 56.3166696], [37.0751806, 56.3173668], [37.0763256, 56.316841], [37.0765163, 56.3173239], [37.0788437, 56.3158609], [37.0821012, 56.3149199], [37.0842479, 56.3160154], [37.08597, 56.3163589], [37.0867095, 56.3159482], [37.0878902, 56.3165726], [37.0881769, 56.3158817], [37.0897087, 56.3158331], [37.0911849, 56.3150067], [37.0902327, 56.3143053], [37.0925501, 56.3144705], [37.0925052, 56.3136827], [37.0939815, 56.3133294], [37.0934505, 56.3131974], [37.0934816, 56.3123401], [37.0950027, 56.3127827], [37.0955185, 56.3127473], [37.095789, 56.3120087], [37.0968455, 56.3121455], [37.0969615, 56.3116295], [37.0954516, 56.3113292], [37.096887, 56.3111262], [37.0967235, 56.3106399], [37.0959124, 56.3105113], [37.0963839, 56.3097719], [37.0997527, 56.3100911], [37.0985023, 56.3091655], [37.0990408, 56.3089266], [37.0989538, 56.3075126], [37.1008867, 56.3079613], [37.1015135, 56.3078095], [37.1006842, 56.3074565], [37.1008788, 56.3072051], [37.1028579, 56.3076381], [37.1023378, 56.3070822], [37.103641, 56.3066076], [37.1020214, 56.3063028], [37.1034747, 56.3062503], [37.1029443, 56.3055816], [37.1036033, 56.3052564], [37.1019489, 56.3045557], [37.1024229, 56.3041501], [37.104706, 56.3042738], [37.1042709, 56.3038475], [37.106017, 56.3029397], [37.1051793, 56.3024966], [37.1050153, 56.301773], [37.1061925, 56.3006535], [37.1081687, 56.3000421], [37.10671, 56.3000046], [37.1060972, 56.2992776], [37.10495, 56.299093], [37.1058128, 56.29832], [37.1053197, 56.2976552], [37.1069561, 56.2978016], [37.1064398, 56.2967961], [37.1065931, 56.2960106], [37.1044511, 56.2954973], [37.1053051, 56.29442], [37.1070235, 56.2948434], [37.1078004, 56.2938023], [37.1090581, 56.2940067], [37.1093872, 56.2935045], [37.1098572, 56.2939649], [37.1108672, 56.293539], [37.1113587, 56.2941157], [37.1121535, 56.2940312], [37.1115928, 56.293088], [37.1124461, 56.2930107], [37.1124692, 56.2920354], [37.1136266, 56.292261], [37.11435, 56.2914987], [37.1160223, 56.2917703], [37.1164482, 56.2910499], [37.1167866, 56.2917959], [37.1175357, 56.2917921], [37.117095, 56.2909892], [37.117871, 56.2904791], [37.1194349, 56.2916476], [37.1225167, 56.2910782], [37.1215771, 56.2910353], [37.1217275, 56.2904353], [37.1235468, 56.2906003], [37.1238841, 56.2901343], [37.1233793, 56.2898191], [37.1237297, 56.2896253], [37.1255627, 56.2895843], [37.1270246, 56.2902691], [37.1277313, 56.2901669], [37.1272669, 56.2894608], [37.128269, 56.289083], [37.1282942, 56.2896995], [37.1290105, 56.2897465], [37.129963, 56.289187], [37.1322592, 56.2894354], [37.1339641, 56.2893451], [37.1338164, 56.2890036], [37.1347524, 56.2887664], [37.1354082, 56.2890054], [37.1363472, 56.2885447], [37.1360746, 56.2877374], [37.1369605, 56.2871794], [37.1392236, 56.2867752], [37.1400956, 56.2860538], [37.139496, 56.285539], [37.1430547, 56.2855316], [37.1436425, 56.2862277], [37.1448196, 56.2856918], [37.1455303, 56.2858705], [37.145576, 56.2865375], [37.1466087, 56.2868294], [37.1463504, 56.2859728], [37.1487209, 56.2872724], [37.1503553, 56.2868234], [37.150397, 56.2858586], [37.1512237, 56.2855175], [37.1505607, 56.2849394], [37.1515571, 56.2845436], [37.151456, 56.2842337], [37.1490736, 56.2838271], [37.1509777, 56.283125], [37.1501176, 56.2829955], [37.150911, 56.2821029], [37.1498559, 56.2813958], [37.1515137, 56.2802197], [37.150248, 56.2796963], [37.1520341, 56.2793325], [37.1511575, 56.2790787], [37.1512649, 56.2785472], [37.1518844, 56.2784861], [37.1513588, 56.2780194], [37.1523656, 56.27757], [37.1522781, 56.2769475], [37.1546845, 56.2772291], [37.1553067, 56.2767925], [37.15444, 56.2759248], [37.1538711, 56.2760581], [37.1536072, 56.2745037], [37.1556567, 56.2743581], [37.155403, 56.2731545], [37.1559872, 56.2726409], [37.1571368, 56.2729118], [37.1583879, 56.2721495], [37.1591766, 56.2728184], [37.1601203, 56.2726089], [37.1599123, 56.2721625], [37.1615484, 56.2718281], [37.1611089, 56.2714471], [37.1618559, 56.2709764], [37.1619039, 56.2700621], [37.161477, 56.2691116], [37.1597213, 56.2696028], [37.1579728, 56.2680712], [37.156437, 56.2678813], [37.1515328, 56.2631543], [37.1454368, 56.2613945], [37.1459182, 56.2607521], [37.1479057, 56.2607064], [37.1482474, 56.2602912], [37.1485869, 56.2607437], [37.14904, 56.2603409], [37.1494833, 56.2604512], [37.1492622, 56.2608365], [37.1500152, 56.2607663], [37.1509343, 56.2592534], [37.1503854, 56.2584976], [37.148253, 56.2573087], [37.1471359, 56.2574754], [37.1452568, 56.2568516], [37.1452547, 56.2561238], [37.1447481, 56.2559484], [37.1389264, 56.2554449], [37.138079, 56.2416709], [37.1377262, 56.2414326], [37.1380692, 56.2383891], [37.1402818, 56.2379089], [37.1435238, 56.2381674], [37.143511, 56.2385137], [37.1739925, 56.2395471], [37.1732712, 56.2388858], [37.1752926, 56.2372814], [37.1763197, 56.235239], [37.17694, 56.2349776], [37.186774, 56.2399356], [37.2139893, 56.2408133], [37.2279459, 56.2407857], [37.2473774, 56.2184134], [37.2455444, 56.2181187], [37.2466203, 56.2167606], [37.2511204, 56.2128296], [37.2601687, 56.2106883], [37.2612795, 56.209416], [37.2697794, 56.2102991], [37.2720734, 56.2101511], [37.2718948, 56.2094023], [37.2765907, 56.2069041], [37.2781505, 56.206549], [37.2806127, 56.2045254], [37.2849953, 56.1952146], [37.282856, 56.1943661], [37.283908, 56.1926916], [37.2818015, 56.1926438], [37.2813204, 56.1883285], [37.2783584, 56.1901493], [37.2689382, 56.1888992], [37.2623639, 56.1810995], [37.2576647, 56.1735178], [37.2573133, 56.1709034], [37.2566084, 56.1696518], [37.2504282, 56.1678815], [37.24789, 56.1680844], [37.248401, 56.1645851], [37.2463235, 56.1648781], [37.2455327, 56.1665232], [37.2431118, 56.168507], [37.23991, 56.1699805], [37.238432, 56.1712674], [37.2297548, 56.1675822], [37.2310721, 56.1664735], [37.2294484, 56.1657804], [37.2307664, 56.165094], [37.2298922, 56.1636164], [37.2312811, 56.161996], [37.2365641, 56.1615835], [37.2413438, 56.1634191], [37.2463864, 56.1646599], [37.2484451, 56.1644129], [37.2481472, 56.1628614], [37.2428672, 56.1616743], [37.2431525, 56.1576963], [37.2423714, 56.1554272], [37.2431455, 56.155347], [37.2400966, 56.1453521], [37.2416222, 56.1427316], [37.2428985, 56.1415582], [37.2470741, 56.1411653], [37.2453715, 56.1389009], [37.2458245, 56.136799], [37.2455405, 56.1361456], [37.2466029, 56.1334536], [37.2485582, 56.1327914], [37.2532962, 56.1294376], [37.2538388, 56.1258256], [37.2546348, 56.1254753], [37.2549707, 56.1230597], [37.2599405, 56.1225298], [37.2622463, 56.1208707], [37.2655391, 56.124333], [37.2669883, 56.1236624], [37.2749834, 56.1232438], [37.275936, 56.1153961], [37.279664, 56.1162792], [37.2858674, 56.1088874], [37.2920277, 56.1089937], [37.2914428, 56.1050942], [37.2945163, 56.1047435], [37.2960476, 56.1058613], [37.2961626, 56.1065472], [37.2971682, 56.1070513], [37.2985995, 56.106989], [37.2999815, 56.1063175], [37.2977778, 56.104927], [37.3026303, 56.1042888], [37.3046972, 56.1034718], [37.3023833, 56.1012435], [37.2966833, 56.1029005], [37.295118, 56.1028854], [37.2936061, 56.1011591], [37.2934319, 56.1000897], [37.2947253, 56.0984312], [37.2930135, 56.0973233], [37.2915805, 56.098097], [37.2858641, 56.0961516], [37.2800967, 56.0958593], [37.2764518, 56.0932007], [37.2733217, 56.0931282], [37.2709538, 56.0925464], [37.2696733, 56.0915554], [37.2684364, 56.0839222], [37.2705748, 56.0830188], [37.2720465, 56.0798242], [37.269972, 56.0792156], [37.2687097, 56.0762058], [37.2678039, 56.0758836], [37.267508, 56.0730091], [37.2709631, 56.0732143], [37.2725642, 56.0720893], [37.2744566, 56.0719685], [37.2780081, 56.0729666], [37.2818988, 56.0686961], [37.2795813, 56.0678861], [37.2846908, 56.0636918], [37.2890988, 56.0579257], [37.2853721, 56.0565009], [37.2857357, 56.0553084], [37.2910199, 56.0504763], [37.2944632, 56.0489079], [37.2961212, 56.0499261], [37.3005238, 56.0488457], [37.3054808, 56.0464247], [37.3081381, 56.0464334], [37.3107573, 56.0492246], [37.3127444, 56.0502171], [37.3139576, 56.0517236], [37.3402689, 56.0501121], [37.3469398, 56.0487063], [37.3491153, 56.0475602], [37.35099, 56.0474644], [37.3529071, 56.046491], [37.3586585, 56.0462957], [37.3627616, 56.0441787], [37.3652853, 56.0447548], [37.3660138, 56.0455556], [37.367566, 56.0461295], [37.3674981, 56.0457932], [37.3700657, 56.0458102], [37.3699626, 56.0454395], [37.3706903, 56.045328], [37.3708591, 56.0457365], [37.3786605, 56.0449379], [37.3798605, 56.0432243], [37.3822033, 56.0427383], [37.3827574, 56.044131], [37.3824002, 56.0468407], [37.3843241, 56.0465622], [37.3858909, 56.0477801], [37.3858349, 56.0482021], [37.3831498, 56.0480111], [37.3825281, 56.0482133], [37.3823574, 56.0489498], [37.378809, 56.0499623], [37.3774783, 56.0499035], [37.3781572, 56.0532999], [37.3827115, 56.0540814], [37.383396, 56.0539808], [37.3834195, 56.0531566], [37.3822312, 56.0514814], [37.3863018, 56.0526118], [37.397045, 56.0486921], [37.3990673, 56.0469162], [37.4023382, 56.0482619], [37.4019746, 56.0496419], [37.4006637, 56.0506787], [37.4014307, 56.0509832], [37.4010054, 56.0514482], [37.4092103, 56.0517473], [37.4158867, 56.0461005], [37.4210021, 56.0431877], [37.4196502, 56.0425432], [37.4208991, 56.0417505], [37.4235914, 56.0421194], [37.427438, 56.0415102], [37.4301083, 56.0407937], [37.4343651, 56.0387926], [37.4390411, 56.0380499], [37.4435693, 56.0389863], [37.4563143, 56.0465171], [37.4521902, 56.0486947], [37.4576641, 56.0519067], [37.4617294, 56.0497598], [37.4686717, 56.0540548], [37.473638, 56.0539396], [37.4731746, 56.0642083], [37.4784463, 56.0644856], [37.4805409, 56.0652888], [37.4808409, 56.064958], [37.4847624, 56.0650745], [37.4859886, 56.0653882], [37.4862034, 56.066191], [37.4876561, 56.0668603], [37.4877394, 56.06761], [37.4898509, 56.0692482], [37.4910235, 56.0692938], [37.4949752, 56.0708669], [37.4986096, 56.0707045], [37.5000499, 56.0747708], [37.5011295, 56.0751867], [37.5029312, 56.079661], [37.5000025, 56.0811296], [37.5013355, 56.0840926], [37.503942, 56.0857334], [37.5047305, 56.085371], [37.5101444, 56.088179], [37.5082438, 56.089581], [37.5107654, 56.0948306], [37.512287, 56.0954963], [37.5179652, 56.0958126], [37.5226857, 56.0979736], [37.518448, 56.1021778], [37.5173787, 56.1023776], [37.5172336, 56.1028437], [37.5148555, 56.1030238], [37.5135355, 56.1035468], [37.5132802, 56.1041772], [37.5120538, 56.1041101], [37.5113212, 56.105297], [37.5121648, 56.1056952], [37.5127351, 56.1070408], [37.511951, 56.1084343], [37.5106552, 56.1090317], [37.5131472, 56.1106625], [37.510934, 56.1137428], [37.5106164, 56.1153613], [37.5112242, 56.1168152], [37.517607, 56.1247456], [37.5183761, 56.1268534], [37.5144727, 56.1273089], [37.5128637, 56.1280609], [37.4974586, 56.1376453], [37.4992218, 56.1377689], [37.5007179, 56.1385232], [37.5044248, 56.1387681], [37.510047, 56.140618], [37.5108599, 56.1411777], [37.5108178, 56.1416714], [37.5090894, 56.1432653], [37.5098297, 56.1433791], [37.5110606, 56.1426482], [37.5117346, 56.1433163], [37.509068, 56.1455417], [37.5068475, 56.1488567], [37.504841, 56.1504026], [37.5051374, 56.1509104], [37.5037895, 56.1534214], [37.5123146, 56.1551802], [37.5133501, 56.1525398], [37.5168601, 56.1524961], [37.5183255, 56.1528993], [37.5170622, 56.1555668], [37.5187029, 56.1554237], [37.5184136, 56.1561118], [37.5219466, 56.1571726], [37.523863, 56.156964], [37.5238466, 56.1573998], [37.528433, 56.1582227], [37.5293945, 56.1589859], [37.5336312, 56.1594239], [37.5339187, 56.1601934], [37.5345263, 56.1604073], [37.5370929, 56.1596699], [37.5377033, 56.16002], [37.5420984, 56.1597254], [37.5442728, 56.1598587], [37.5441503, 56.1605873], [37.5452357, 56.1582319], [37.5481559, 56.1573339], [37.5523061, 56.1589494], [37.5498112, 56.1602358], [37.548276, 56.1620603], [37.5511795, 56.16368], [37.5529711, 56.1625515], [37.5543803, 56.1629784], [37.553874, 56.1636541], [37.5748638, 56.1622295], [37.5760904, 56.1615184], [37.5817772, 56.163709], [37.5898549, 56.1610989], [37.589966, 56.1623935], [37.5923042, 56.164952], [37.5949231, 56.1621323], [37.6003259, 56.1596939], [37.6018097, 56.1571625], [37.6105398, 56.1599709], [37.6158737, 56.1564328], [37.6134113, 56.1539763], [37.6311146, 56.14769], [37.6323704, 56.1475018], [37.6347424, 56.1480614], [37.6359944, 56.1468959], [37.6410636, 56.145418], [37.6439063, 56.1435224], [37.655771, 56.138357], [37.6600409, 56.1383369], [37.6596988, 56.1325663], [37.6957628, 56.131948], [37.7012354, 56.131319], [37.7000387, 56.1315408], [37.7006282, 56.1329934], [37.7018805, 56.133076], [37.7034685, 56.1360141], [37.7005147, 56.1370294], [37.6988716, 56.136901], [37.7007144, 56.1385758], [37.6993782, 56.1406204], [37.7001109, 56.142913], [37.6996236, 56.1443695], [37.6999705, 56.1446931], [37.6992062, 56.1453271], [37.7000407, 56.1455116], [37.699777, 56.145931], [37.7003659, 56.146364], [37.7018492, 56.1468257], [37.7027381, 56.1480601], [37.7087539, 56.1496082], [37.7080954, 56.1528635], [37.7102913, 56.1598946], [37.7108266, 56.1633345], [37.714378, 56.1633797], [37.695221, 56.1703501], [37.6960628, 56.1730083], [37.6946497, 56.1731662], [37.6929256, 56.1801422], [37.6965149, 56.1827692], [37.7215263, 56.1891474], [37.7203982, 56.189999], [37.7208023, 56.19117], [37.7293044, 56.1913652], [37.7388804, 56.1905854], [37.7419079, 56.1936852], [37.7426691, 56.1962121], [37.7443842, 56.1972087], [37.7490915, 56.1964623], [37.7494456, 56.1960138], [37.7558431, 56.1964435], [37.7554587, 56.1982826], [37.7507105, 56.1982932], [37.7461325, 56.200226], [37.7392142, 56.2009358], [37.7341677, 56.2021095], [37.7347098, 56.2028162], [37.741115, 56.2043453], [37.7405346, 56.208683], [37.7502291, 56.2079185], [37.7548466, 56.2087518], [37.7524272, 56.2167904], [37.7525951, 56.2203242], [37.7575228, 56.2232625], [37.7598918, 56.2228663], [37.7609256, 56.2236235], [37.7630241, 56.2235046], [37.7656954, 56.2213382], [37.7671367, 56.2220381], [37.7688717, 56.2237484], [37.7691594, 56.2255266], [37.7688366, 56.2260327], [37.7697042, 56.2261378], [37.7694334, 56.2268993], [37.7718956, 56.2266741], [37.7739625, 56.2271692], [37.7757275, 56.2265747], [37.7766014, 56.2275767], [37.7838236, 56.2304794], [37.7900848, 56.2267267], [37.799462, 56.2267927], [37.8053845, 56.2292266], [37.8089701, 56.2315607], [37.8091793, 56.2331742], [37.811762, 56.2335896], [37.8117356, 56.2385278], [37.8083187, 56.2380595], [37.807163, 56.2401996], [37.8072642, 56.2426398], [37.8077364, 56.243245], [37.8121577, 56.2464974], [37.8068833, 56.2476444], [37.8077163, 56.25248], [37.8032534, 56.2581565], [37.8000719, 56.2589708], [37.7971697, 56.2647204], [37.7816545, 56.2644584], [37.7819717, 56.265216], [37.7764935, 56.2652742], [37.7761836, 56.2745336], [37.7784152, 56.2756976], [37.7851139, 56.2776958], [37.7852964, 56.2786391], [37.807035, 56.2811332], [37.8034007, 56.2829791], [37.8019635, 56.2842398], [37.7933686, 56.2837139], [37.7883731, 56.2911939], [37.786544, 56.2927945], [37.7868612, 56.2935902], [37.7854672, 56.2939534], [37.7845787, 56.294949], [37.7848886, 56.2997648], [37.7871907, 56.3017053], [37.7858629, 56.3044037], [37.7814765, 56.3060781], [37.7817546, 56.3065153], [37.7806221, 56.3092126], [37.7812168, 56.3100595], [37.7803938, 56.3103478], [37.7794367, 56.309723], [37.7783894, 56.3102084], [37.7793752, 56.3116633], [37.7734237, 56.3129752], [37.7704642, 56.3144165], [37.7690005, 56.3183617], [37.7743823, 56.3188346], [37.7830417, 56.3182816], [37.7987499, 56.329934], [37.7998543, 56.3310213], [37.8000378, 56.3319341], [37.8024998, 56.3330094], [37.8017006, 56.335131], [37.7995554, 56.3384523], [37.7974148, 56.3394202], [37.7967776, 56.341035], [37.7961292, 56.3411966], [37.7974582, 56.342163], [37.7975615, 56.342933], [37.7973659, 56.3513761], [37.8070802, 56.3552348], [37.8011148, 56.3559201], [37.7950104, 56.3581737], [37.7956898, 56.3591918], [37.797106, 56.3591404], [37.8011293, 56.3618175], [37.7997233, 56.3619627], [37.7981118, 56.3651902], [37.8046866, 56.3648963], [37.8124929, 56.3657132], [37.8112074, 56.367152], [37.810216, 56.3675597], [37.8105145, 56.3689581], [37.8148382, 56.3695652], [37.8110674, 56.3773671], [37.8125975, 56.3857628], [37.8202864, 56.3852445], [37.8381173, 56.3851052], [37.8390957, 56.3857841], [37.8383038, 56.3872624], [37.8366726, 56.388087], [37.8360072, 56.3902184], [37.8334205, 56.3906915], [37.8345777, 56.391359], [37.8341656, 56.3918569], [37.8315854, 56.3916968], [37.8311576, 56.3921763], [37.8305847, 56.3915629], [37.8300292, 56.3922694], [37.8284599, 56.3926544], [37.829625, 56.3943022], [37.8325242, 56.3935375], [37.8336838, 56.3940187], [37.834426, 56.3963541], [37.8328789, 56.396477], [37.8304385, 56.3956221], [37.8296767, 56.3957671], [37.8284338, 56.397612], [37.8295138, 56.3983986], [37.8309907, 56.3981021], [37.8310023, 56.3994901], [37.8330556, 56.3999962], [37.8331695, 56.4009154], [37.8303797, 56.4003113], [37.8296617, 56.4011287], [37.830553, 56.4018757], [37.829239, 56.4025109], [37.8261425, 56.4016508], [37.8264659, 56.4021701], [37.8260682, 56.4030479], [37.8275234, 56.4031696], [37.826916, 56.40443], [37.8278842, 56.4046137], [37.8278993, 56.4053366], [37.8257543, 56.405661], [37.824306, 56.4050484], [37.8237465, 56.4053998], [37.8242168, 56.4058967], [37.8238274, 56.4062596], [37.8219615, 56.4064231], [37.8199473, 56.4055019], [37.8192412, 56.4063604], [37.8166489, 56.4076736], [37.8171386, 56.4087297], [37.8191137, 56.4096873], [37.8207431, 56.4096322], [37.8203933, 56.4107165], [37.821799, 56.4111139], [37.8234141, 56.4103394], [37.8265468, 56.4112015], [37.8272275, 56.4105543], [37.8269136, 56.409786], [37.8314903, 56.4091546], [37.8334034, 56.4104214], [37.832968, 56.4142351], [37.8372755, 56.4140608], [37.8388101, 56.4148498], [37.839551, 56.4165065], [37.8365385, 56.4199996], [37.8403039, 56.4203617], [37.8417356, 56.4196039], [37.8419475, 56.4218101], [37.840738, 56.4226179], [37.8369078, 56.4222535], [37.8368924, 56.4226707], [37.8384898, 56.422717], [37.839411, 56.4233232], [37.8392338, 56.4238284], [37.8368913, 56.4250125], [37.8364925, 56.4262515], [37.8383952, 56.4268226], [37.8394472, 56.4288155], [37.8408616, 56.4302689], [37.8456571, 56.430865], [37.8451061, 56.4323853], [37.8459654, 56.4328696], [37.8429907, 56.4333065], [37.843908, 56.4341476], [37.845398, 56.4345264], [37.8453557, 56.4356361], [37.8459428, 56.4360782], [37.8496687, 56.4362637], [37.8522337, 56.4347907], [37.8525746, 56.4351534], [37.8519126, 56.4357037], [37.8522535, 56.4362653], [37.8542879, 56.4360443], [37.8563495, 56.4366572], [37.8558046, 56.4373892], [37.8550007, 56.437445], [37.855447, 56.4380854], [37.8615917, 56.4377306], [37.8619147, 56.4386833], [37.8625734, 56.438921], [37.8619176, 56.4392933], [37.8620584, 56.4396262], [37.8628043, 56.4402713], [37.8643147, 56.4402703], [37.8640427, 56.441447], [37.8657727, 56.4417681], [37.8633692, 56.442595], [37.8635717, 56.4431253], [37.864946, 56.4433628], [37.865457, 56.4442712], [37.8668266, 56.4439817], [37.8699083, 56.4461776], [37.8703632, 56.4471383], [37.873009, 56.4480754], [37.8736303, 56.4471478], [37.8751537, 56.4467659], [37.8750463, 56.4455442], [37.8755639, 56.4454493], [37.8783938, 56.4465355], [37.8789953, 56.4474051], [37.8787764, 56.4481527], [37.8744448, 56.4503899], [37.8699736, 56.4506572], [37.8706894, 56.4514524], [37.8704621, 56.452103], [37.8710935, 56.452453], [37.8707078, 56.4527685], [37.8651581, 56.4520732], [37.8625874, 56.4526506], [37.8626444, 56.4534546], [37.864126, 56.453721], [37.8641265, 56.4550902], [37.8656596, 56.4554075], [37.8651634, 56.4562865], [37.8659757, 56.4571097], [37.8644903, 56.4591012], [37.8615579, 56.4590407], [37.8615421, 56.4595239], [37.8625785, 56.4603827], [37.8616334, 56.4624047], [37.8633487, 56.4628801], [37.8629685, 56.4640529], [37.8615362, 56.4649567], [37.8622647, 56.4655938], [37.8637884, 56.4655858], [37.862243, 56.4675897], [37.8632282, 56.467994], [37.864681, 56.4678178], [37.8642467, 56.4688662], [37.8604424, 56.4682449], [37.8565566, 56.4692496], [37.8535789, 56.4675699], [37.8521498, 56.4675463], [37.8501386, 56.4684346], [37.8502649, 56.4701851], [37.8484722, 56.4713588], [37.8496186, 56.4732619], [37.8488562, 56.4741796], [37.8487445, 56.475275], [37.8478877, 56.4757801], [37.8417749, 56.4746109], [37.8412417, 56.4748097], [37.840484, 56.476377], [37.8372896, 56.4769178], [37.8365503, 56.4780703], [37.8320467, 56.4782745], [37.828592, 56.4774011], [37.8277224, 56.4785548], [37.8269897, 56.4786329], [37.8259543, 56.4777423], [37.8246674, 56.4775097], [37.8236389, 56.4791308], [37.8203962, 56.4789489], [37.816217, 56.4809298], [37.816036, 56.4814597], [37.8168164, 56.4822076], [37.8159067, 56.4831833], [37.8159948, 56.4838088], [37.8194552, 56.4857345], [37.8204938, 56.4881895], [37.8185871, 56.4893565], [37.8140518, 56.4948251], [37.8069161, 56.4996057], [37.8048417, 56.5074855], [37.8048751, 56.5089804], [37.8073916, 56.5105201], [37.8061962, 56.5116379], [37.8085162, 56.5120776], [37.804121, 56.5144523], [37.8073634, 56.516092], [37.8044023, 56.5166231], [37.8053807, 56.5169315], [37.8080543, 56.5162367], [37.8089997, 56.5166434], [37.808293, 56.5174575], [37.8088271, 56.5181476], [37.8086398, 56.5189256], [37.8057394, 56.519341], [37.8049724, 56.5199215], [37.8084661, 56.5201503], [37.8092466, 56.5205039], [37.8092683, 56.5210296], [37.8086926, 56.5214465], [37.8072288, 56.5213209], [37.8077104, 56.5222459], [37.807087, 56.5226354], [37.8064821, 56.5226058], [37.8068746, 56.5221371], [37.8065734, 56.5217482], [37.8044986, 56.5219753], [37.8044664, 56.522742], [37.8067851, 56.524203], [37.8068365, 56.5248753], [37.8052138, 56.526205], [37.8011587, 56.5279018], [37.800859, 56.5301275], [37.7987672, 56.5314105], [37.7998237, 56.5322706], [37.7997999, 56.532731], [37.798747, 56.532998], [37.7974406, 56.5341869], [37.7943773, 56.534628], [37.7964512, 56.5380146], [37.794779, 56.5391506], [37.7922398, 56.5397306], [37.7927811, 56.5406428], [37.7926204, 56.541341], [37.7913219, 56.5418039], [37.7900022, 56.5416194], [37.7897452, 56.5419415], [37.790446, 56.5422596], [37.7899516, 56.5426891], [37.7889936, 56.5423671], [37.7878821, 56.5427605], [37.7872632, 56.5420098], [37.7852704, 56.5425294], [37.7845691, 56.5434647], [37.782623, 56.5440031], [37.783196, 56.5446928], [37.7816808, 56.5449291], [37.780787, 56.5456654], [37.7806608, 56.5461819], [37.7812368, 56.5467308], [37.780818, 56.5487538], [37.7821294, 56.5488177], [37.7816887, 56.5505306], [37.7846063, 56.5499735], [37.7828644, 56.5511485], [37.7836039, 56.5513855], [37.7859432, 56.5505199], [37.7870973, 56.5516405], [37.7856209, 56.5516922], [37.7843532, 56.552529], [37.7834489, 56.5523027], [37.7830463, 56.5524626], [37.7832255, 56.5533308], [37.7822748, 56.5531097], [37.7818896, 56.5535185], [37.782185, 56.5538392], [37.7846588, 56.553331], [37.7855905, 56.5535957], [37.7861401, 56.5543838], [37.7835165, 56.5543562], [37.7859088, 56.5557495], [37.7863455, 56.556737], [37.7836404, 56.5566313], [37.7847426, 56.5562367], [37.7850577, 56.5555076], [37.7827935, 56.5557771], [37.7831872, 56.5563292], [37.7822805, 56.5574148], [37.7849045, 56.5576514], [37.7829597, 56.5581512], [37.7804341, 56.5579272], [37.7812163, 56.5593004], [37.7789683, 56.5599359], [37.780286, 56.5601191], [37.7801789, 56.560633], [37.7767533, 56.560938], [37.7769889, 56.5615154], [37.7760291, 56.5619877], [37.7780188, 56.5632016], [37.7779613, 56.5640359], [37.7747186, 56.5647468], [37.7715245, 56.5644117], [37.7706771, 56.5654727], [37.7721161, 56.5657951], [37.772924, 56.5670985], [37.7680057, 56.5664597], [37.7670814, 56.5670579], [37.7671653, 56.567857], [37.7641575, 56.5684132], [37.7642939, 56.5695559], [37.762921, 56.5680482], [37.762394, 56.5685228], [37.7630706, 56.5706316], [37.7612555, 56.5702496], [37.7600548, 56.5692313], [37.7593211, 56.5674563], [37.7572863, 56.5657033], [37.7498075, 56.5629493], [37.7465114, 56.5591983], [37.7435753, 56.5589747], [37.736764, 56.5553524], [37.7357816, 56.5551704], [37.7333488, 56.5559995], [37.731183, 56.5558017], [37.7299409, 56.5551897], [37.7295937, 56.5534916], [37.7230463, 56.5499787], [37.7200806, 56.5503147], [37.7196203, 56.5498523], [37.7202684, 56.5488185], [37.7177588, 56.5476919], [37.7159604, 56.548158], [37.7176036, 56.5505548], [37.7175298, 56.5511343], [37.716403, 56.5515176], [37.7113141, 56.551017], [37.7100171, 56.55017], [37.710555, 56.5487165], [37.7093966, 56.5480698], [37.7071492, 56.5494697], [37.7085351, 56.5507224], [37.7084694, 56.5511919], [37.7068596, 56.551026], [37.704654, 56.5479887], [37.7044023, 56.5457103], [37.7034072, 56.5445894], [37.7013134, 56.5437768], [37.7000058, 56.5422654], [37.6962562, 56.5420526], [37.6959899, 56.5411362], [37.6964364, 56.5395481], [37.695662, 56.5380353], [37.696396, 56.5366133], [37.6960591, 56.5363143], [37.6943416, 56.5370088], [37.6950147, 56.5381789], [37.694601, 56.5391437], [37.6922275, 56.5398851], [37.6911207, 56.539171], [37.6899362, 56.5368385], [37.6876364, 56.5348019], [37.6835184, 56.5327535], [37.6813397, 56.5308819], [37.6806568, 56.5300362], [37.6807771, 56.529384], [37.6820905, 56.5281184], [37.6793315, 56.5291016], [37.6788632, 56.5288417], [37.6786393, 56.5270894], [37.6774135, 56.5242234], [37.6740978, 56.5231963], [37.6756926, 56.5222839], [37.678568, 56.5224826], [37.6780168, 56.5215826], [37.6742592, 56.5213316], [37.6717691, 56.5201272], [37.6671484, 56.5200976], [37.6659026, 56.5194032], [37.6641461, 56.5193016], [37.6619417, 56.5167297], [37.6595757, 56.5156265], [37.6558416, 56.514874], [37.655598, 56.5143081], [37.6564479, 56.5117129], [37.6564035, 56.5097477], [37.6556089, 56.5069439], [37.6544054, 56.5060765], [37.6518099, 56.5065197], [37.6467605, 56.5060297], [37.6462976, 56.5065836], [37.6468472, 56.5074964], [37.6465588, 56.507794], [37.6444375, 56.508653], [37.6427695, 56.5087564], [37.6415365, 56.5079536], [37.642664, 56.5060067], [37.6425326, 56.5049575], [37.6413555, 56.5044362], [37.6407123, 56.504627], [37.6396103, 56.5068533], [37.6380052, 56.5083037], [37.6387406, 56.5098214], [37.6384951, 56.5100962], [37.6352661, 56.5114974], [37.632109, 56.511482], [37.6316717, 56.5119056], [37.6328381, 56.5128994], [37.6354619, 56.5124273], [37.6359461, 56.5130142], [37.5964489, 56.5140473], [37.559781, 56.5319925], [37.5601773, 56.5337378], [37.5599855, 56.5357245], [37.5589008, 56.5354302], [37.5584319, 56.5356647], [37.5584551, 56.5371513], [37.5564002, 56.5373245], [37.5570897, 56.5380437], [37.5565068, 56.5382863], [37.5572375, 56.538651], [37.5569386, 56.5411516], [37.5572541, 56.5428013], [37.5051493, 56.5373684], [37.4859065, 56.5326628], [37.461197, 56.5282308], [37.4554746, 56.5278652], [37.44859, 56.5238389], [37.4399755, 56.5232632], [37.4394271, 56.5229803], [37.4377113, 56.5195358], [37.4255236, 56.5183062], [37.423454, 56.5170766], [37.4217204, 56.5152615], [37.4101774, 56.5185572], [37.4044384, 56.5187106], [37.3782016, 56.5641926], [37.3729057, 56.5697646], [37.3615398, 56.5784176], [37.3313876, 56.6000669], [37.2520962, 56.6584239], [37.24391, 56.6642789], [37.243499, 56.6641805], [37.232733, 56.671395], [37.2295842, 56.6730259], [37.1751984, 56.6940431], [37.1700809, 56.6924255], [37.1670698, 56.6939629], [37.1616552, 56.6929976], [37.1542957, 56.6905627], [37.1536673, 56.6899565], [37.1586433, 56.6859615], [37.1592751, 56.6821648], [37.1552056, 56.682017], [37.1542445, 56.6808508], [37.1537077, 56.6784312], [37.1504829, 56.6789518], [37.1431822, 56.6782795], [37.1431072, 56.6776728], [37.1439519, 56.6771743], [37.1465975, 56.676401], [37.1464814, 56.6758884], [37.1448265, 56.6750243], [37.1401662, 56.6746495], [37.1407446, 56.6771178], [37.1404756, 56.6776756], [37.1371517, 56.6775805], [37.1355917, 56.6764172], [37.1348116, 56.6729137], [37.1347866, 56.6723497], [37.1361906, 56.6707701], [37.1343937, 56.6704536], [37.1315431, 56.6708242], [37.1308018, 56.6704792], [37.1297262, 56.6681456], [37.1313768, 56.6667648], [37.1347357, 56.6664866], [37.1358568, 56.665001], [37.1380374, 56.6640808], [37.1401133, 56.6618907], [37.1417099, 56.6620188], [37.1429205, 56.6627778], [37.1431267, 56.665336], [37.1460784, 56.6666145], [37.1472705, 56.6663742], [37.146763, 56.6645713], [37.147814, 56.6633211], [37.1488187, 56.6629298], [37.1556925, 56.6617692], [37.1587318, 56.6622705], [37.1597294, 56.6613418], [37.1594671, 56.6582141], [37.1569285, 56.655916], [37.1575508, 56.6542576], [37.1589771, 56.6530695], [37.1591022, 56.6519861], [37.157952, 56.6518017], [37.1524682, 56.6543716], [37.149564, 56.6548835], [37.1481795, 56.6541127], [37.148682, 56.653328], [37.15352, 56.6508411], [37.1544443, 56.6499663], [37.1542617, 56.6489768], [37.1430005, 56.6493533], [37.1338856, 56.6465708], [37.1285777, 56.6464881], [37.1225085, 56.6445187], [37.1227819, 56.6429471], [37.1224194, 56.6418637], [37.1213283, 56.6410808], [37.1149927, 56.6407185], [37.1169925, 56.6373379], [37.1201462, 56.633776], [37.1206509, 56.6320398], [37.1246423, 56.6298889], [37.1256892, 56.6283568], [37.1280147, 56.6269772], [37.1276946, 56.6249118], [37.1281583, 56.623803], [37.1316243, 56.6228751], [37.1339409, 56.6205078], [37.1340104, 56.6185586], [37.1311081, 56.6170741], [37.1277033, 56.6134154], [37.1282121, 56.6127608], [37.1349241, 56.6109958], [37.1352594, 56.6101459], [37.1334335, 56.6076528], [37.1308548, 56.6069487], [37.1291156, 56.6058322], [37.1272621, 56.6037261], [37.1262907, 56.6016119], [37.1339438, 56.5999543], [37.141075, 56.5959775], [37.1444898, 56.5947984], [37.1443071, 56.5939971], [37.1428303, 56.5931528], [37.1478516, 56.5901943], [37.148042, 56.5876749], [37.1475785, 56.5868672], [37.1440491, 56.5838828], [37.1431557, 56.5821698], [37.1381702, 56.5802524], [37.1380242, 56.5797634], [37.1393467, 56.5778415], [37.1392031, 56.5763967], [37.137705, 56.5757697], [37.1348826, 56.5760097], [37.133346, 56.5755574], [37.1325406, 56.5730145], [37.1305438, 56.571477], [37.1262326, 56.5710923], [37.1227248, 56.5685034], [37.1214831, 56.5653661], [37.1219719, 56.5599719], [37.1209996, 56.5585729], [37.1182725, 56.5578776], [37.1182817, 56.5562133], [37.1177258, 56.5550484], [37.1157271, 56.5541433], [37.1051753, 56.5517809], [37.1008301, 56.5496785], [37.1000693, 56.5472025], [37.0987524, 56.5460507], [37.0988061, 56.5455062], [37.1001504, 56.5451349], [37.1010215, 56.5455246], [37.1023537, 56.5484334], [37.1037, 56.5490014], [37.1053147, 56.5486791], [37.1059048, 56.5470527], [37.1053365, 56.5458149], [37.1033084, 56.5449176], [37.1017212, 56.5430372], [37.1007334, 56.5429522], [37.1001331, 56.5420889], [37.0986502, 56.5421562], [37.0979578, 56.5402478], [37.0937498, 56.5400499], [37.0915866, 56.5408626], [37.0907264, 56.5424973], [37.0822676, 56.5450688], [37.0718349, 56.545359], [37.0712488, 56.5464295], [37.0710125, 56.544326], [37.0743552, 56.5424544], [37.0726397, 56.5397968], [37.0667626, 56.5367448], [37.0666841, 56.5359103], [37.0659413, 56.5352979], [37.0649533, 56.5351471], [37.0588483, 56.5312525], [37.0538871, 56.5313956], [37.0555477, 56.526247], [37.065958, 56.5264623], [37.0677248, 56.5266748], [37.0709532, 56.5286021], [37.0752469, 56.5300835], [37.08234, 56.5303468], [37.0894736, 56.5335213], [37.0924187, 56.5337432], [37.0961533, 56.5325178], [37.0999358, 56.5326067], [37.1028081, 56.5263428], [37.1015243, 56.5235498], [37.0990209, 56.5224797], [37.0951868, 56.5131993], [37.0973727, 56.5113525], [37.075371, 56.5057277], [37.0727183, 56.5036635], [37.0725734, 56.5029366], [37.063238, 56.5007214], [37.0415469, 56.5040455], [37.0336818, 56.5044085], [37.0329991, 56.50082], [37.0329714, 56.4967752], [37.0297016, 56.4969385], [37.0238102, 56.4963495], [37.0219136, 56.4948634], [37.0168305, 56.4948705], [37.0168286, 56.4858885], [37.0162943, 56.4847245], [37.0149899, 56.4841953], [37.0150618, 56.482289], [37.0125866, 56.4815514], [37.0074411, 56.4811774], [37.006179, 56.4800451], [37.0044528, 56.4794888], [37.0039718, 56.4787045], [37.002569, 56.4786964], [37.0035484, 56.4773521], [37.00133, 56.4758564], [37.001098, 56.4747767], [36.9933358, 56.4738362], [36.9932578, 56.4709677], [36.9891372, 56.4689737], [36.985904, 56.4661108], [36.9817633, 56.4644028], [36.9786929, 56.4637996], [36.9776029, 56.4623093], [36.9829982, 56.4587474], [36.9839165, 56.4572935], [36.9875973, 56.4556262], [36.9880036, 56.4537448], [36.9911143, 56.4534738], [36.9992697, 56.4505536], [37.0012692, 56.4514241], [37.0040883, 56.4516326], [37.0068869, 56.4510083], [37.0086198, 56.4500538], [37.0062083, 56.4471425], [37.0067003, 56.4424361], [37.0078987, 56.4410978], [37.0102644, 56.4396531], [37.0123955, 56.4396065], [37.0125703, 56.4387309], [37.0148122, 56.4384078], [37.0165069, 56.4366553], [37.0197614, 56.4358027], [37.0216765, 56.4321232], [37.0262618, 56.4308421], [37.0288317, 56.4180613], [37.0323485, 56.4177257], [37.0237755, 56.4081832], [37.0310706, 56.4072059], [37.0265997, 56.4019125], [37.0344641, 56.402365], [37.039433, 56.4018945], [37.0439583, 56.4024905], [37.0451463, 56.4020121], [37.0452478, 56.4009585], [37.0428896, 56.3998945], [37.031989, 56.3979048], [37.0290433, 56.3936279], [37.0234715, 56.3926125], [37.0227585, 56.3938409], [37.0189264, 56.3935572], [37.0183302, 56.3947538], [37.0130177, 56.3939639], [37.0245285, 56.380339], [37.0197154, 56.3784793], [37.0184727, 56.376021], [37.0164832, 56.3744937], [37.0156942, 56.3732379], [37.0160867, 56.3702027], [37.0188362, 56.3701912], [37.0217944, 56.3683094], [37.0243479, 56.3655904]]]}}, {"type": "Feature", "properties": {"rda_code": "MO-58", "rda_name": "VOLOKOLAMSK AREA / incl. VOLOKOLAMSK /", "osm_name": "Волоколамский муниципальный округ", "match_score": 1.0, "match_reason": "alias:volokolamsky"}, "geometry": {"type": "Polygon", "coordinates": [[[35.629654, 55.8168888], [35.6369607, 55.8088136], [35.6354655, 55.8087394], [35.6350291, 55.8097036], [35.6288246, 55.8086098], [35.6325617, 55.802941], [35.6280864, 55.8021329], [35.6294291, 55.8000883], [35.6279302, 55.7997322], [35.6239065, 55.8001363], [35.6210982, 55.7991433], [35.6156407, 55.799428], [35.614011, 55.79609], [35.6177029, 55.7870374], [35.6298099, 55.7845563], [35.6284344, 55.7814785], [35.6296226, 55.7793477], [35.6285687, 55.7761817], [35.6304716, 55.7755893], [35.6366051, 55.7716457], [35.6445713, 55.7620953], [35.6531109, 55.7605078], [35.6552179, 55.7594284], [35.6533823, 55.7546686], [35.644733, 55.7527546], [35.6416095, 55.7511706], [35.63757, 55.7523718], [35.6350152, 55.7500482], [35.6348847, 55.7491614], [35.6340987, 55.7490934], [35.6340903, 55.747941], [35.6323715, 55.7481104], [35.6321026, 55.7475101], [35.6251096, 55.7477044], [35.6195119, 55.746279], [35.6196268, 55.7449373], [35.6188105, 55.7443156], [35.6158896, 55.7453839], [35.6109201, 55.7420239], [35.6115567, 55.7413877], [35.6107464, 55.7406794], [35.6088974, 55.7402345], [35.6102215, 55.7389255], [35.6132959, 55.7396963], [35.6146395, 55.7387752], [35.6103174, 55.7348161], [35.6041953, 55.7368583], [35.6022828, 55.7355011], [35.606843, 55.7313943], [35.6083167, 55.7313597], [35.6097406, 55.7298995], [35.6179562, 55.7307057], [35.6167741, 55.7329675], [35.6220896, 55.7346987], [35.6336859, 55.7402049], [35.6382494, 55.7385248], [35.640088, 55.7384782], [35.643524, 55.7398364], [35.6518129, 55.7396059], [35.6526444, 55.7393414], [35.653355, 55.7381509], [35.6565916, 55.7358171], [35.6533281, 55.7353273], [35.6515672, 55.7343229], [35.6525041, 55.729952], [35.6583772, 55.7273261], [35.6615287, 55.728212], [35.6628754, 55.7268641], [35.668098, 55.7282023], [35.6720299, 55.7279051], [35.6725415, 55.7269606], [35.6758601, 55.725421], [35.680784, 55.7264794], [35.6863962, 55.7253597], [35.6878741, 55.7264141], [35.691932, 55.7259398], [35.6929383, 55.726493], [35.6926967, 55.7277784], [35.6921606, 55.7280681], [35.692454, 55.7295599], [35.702533, 55.7307415], [35.7012525, 55.733893], [35.7021374, 55.7363058], [35.7014849, 55.7374278], [35.7072899, 55.7382928], [35.7073552, 55.7393063], [35.708858, 55.7394076], [35.7098617, 55.7388117], [35.7183239, 55.7397188], [35.7183678, 55.7402226], [35.7223268, 55.7395543], [35.7272327, 55.7400392], [35.7266744, 55.7379724], [35.7291143, 55.7353512], [35.7243277, 55.7313795], [35.7245824, 55.7297102], [35.7241879, 55.7290499], [35.7288261, 55.7280017], [35.7320838, 55.7314427], [35.7357244, 55.7312199], [35.7368107, 55.7331152], [35.7375805, 55.7331332], [35.7387029, 55.731813], [35.7415955, 55.7312233], [35.7426335, 55.7296931], [35.754167, 55.7285371], [35.7590627, 55.7268776], [35.760273, 55.7262171], [35.7590841, 55.7253904], [35.7588209, 55.7238688], [35.7610021, 55.7210758], [35.7592721, 55.7204156], [35.7581589, 55.7205379], [35.7564003, 55.719013], [35.7567419, 55.7180814], [35.7555614, 55.7168902], [35.7566651, 55.7162117], [35.7558965, 55.7156022], [35.7583584, 55.7142375], [35.7597629, 55.7146874], [35.7605761, 55.7143907], [35.7620247, 55.7156819], [35.7634795, 55.716031], [35.7670083, 55.7160086], [35.768388, 55.7147971], [35.7715951, 55.7145443], [35.7741465, 55.7131512], [35.7772769, 55.7126907], [35.7747042, 55.7124303], [35.7785416, 55.7115014], [35.7802703, 55.7101938], [35.784392, 55.7097296], [35.7835147, 55.707903], [35.7839438, 55.707029], [35.7873223, 55.7056574], [35.7899204, 55.7054397], [35.8038651, 55.7091821], [35.8041226, 55.7099843], [35.8025495, 55.7157632], [35.804085, 55.7197001], [35.8060379, 55.721687], [35.8093289, 55.7267267], [35.8201224, 55.726748], [35.8260365, 55.7241013], [35.8287804, 55.7315948], [35.8316946, 55.734087], [35.8397873, 55.7363116], [35.851013, 55.7341864], [35.8503384, 55.7353039], [35.8462876, 55.7367946], [35.8432401, 55.7394083], [35.8480169, 55.7427459], [35.8517694, 55.7437206], [35.8633427, 55.7444299], [35.8633338, 55.7485466], [35.8641689, 55.7521836], [35.8624084, 55.7523406], [35.8609116, 55.7535212], [35.8582596, 55.7568688], [35.860406, 55.759924], [35.8226931, 55.7603168], [35.8169305, 55.7627953], [35.8123019, 55.7656734], [35.8093545, 55.7681432], [35.8094206, 55.7688927], [35.8069478, 55.7710587], [35.8077893, 55.7716806], [35.8141775, 55.773356], [35.8185449, 55.7755616], [35.8472364, 55.7809874], [35.8485414, 55.7840403], [35.8487803, 55.7863921], [35.851334, 55.7862197], [35.8558823, 55.7854029], [35.8551865, 55.7844789], [35.8536826, 55.784672], [35.853153, 55.7825808], [35.853635, 55.7813863], [35.8544773, 55.7809342], [35.8588808, 55.7809115], [35.8599973, 55.7803498], [35.8608523, 55.7786048], [35.8647839, 55.7779485], [35.8693419, 55.7748938], [35.8694577, 55.7721743], [35.8683451, 55.7710689], [35.8628571, 55.7713949], [35.8627099, 55.7697836], [35.8669464, 55.7686571], [35.8664649, 55.7681536], [35.8682778, 55.7677606], [35.8699327, 55.769501], [35.8712836, 55.769067], [35.8722487, 55.7686394], [35.8723755, 55.7681244], [35.871803, 55.7674313], [35.8704064, 55.7671586], [35.8702393, 55.7655636], [35.8740106, 55.764769], [35.8745521, 55.7631034], [35.8803349, 55.7632048], [35.882276, 55.7625107], [35.8841624, 55.7604845], [35.8860796, 55.7600035], [35.8863931, 55.7586977], [35.8919932, 55.7584315], [35.8927671, 55.7607042], [35.8922516, 55.7618478], [35.8942359, 55.764574], [35.8985309, 55.7664517], [35.8996154, 55.7689941], [35.8959607, 55.7725368], [35.8983882, 55.7744091], [35.8973193, 55.7767259], [35.9047222, 55.7816191], [35.9060789, 55.7809484], [35.9073693, 55.781824], [35.9058649, 55.7826047], [35.9068335, 55.7834504], [35.909498, 55.7833054], [35.9068834, 55.7847099], [35.9133283, 55.7884689], [35.9125576, 55.789709], [35.9075774, 55.7906886], [35.9084814, 55.7928944], [35.9077427, 55.7944621], [35.9106777, 55.7953791], [35.9108174, 55.796259], [35.9126696, 55.796478], [35.9139154, 55.7982198], [35.9157124, 55.7976309], [35.91834, 55.7997168], [35.9205118, 55.8005084], [35.9232688, 55.800582], [35.9380619, 55.8034831], [35.9446422, 55.8035086], [35.949279, 55.8023722], [35.9526741, 55.8036933], [35.9525367, 55.8046095], [35.9552558, 55.8052263], [35.9569076, 55.8041341], [35.9584462, 55.8046392], [35.9620533, 55.8040997], [35.9679017, 55.8056086], [35.9648554, 55.8088094], [35.9688246, 55.8104589], [35.9725083, 55.8108067], [35.9762171, 55.8103518], [35.9822171, 55.8105058], [35.9836505, 55.8173005], [35.9914028, 55.8228626], [35.9871794, 55.8251219], [35.9921042, 55.8269046], [35.9958666, 55.8274564], [35.9961143, 55.8285725], [35.998169, 55.8275227], [36.0015885, 55.8267562], [36.0045516, 55.8283526], [36.0063927, 55.8286158], [36.0068771, 55.8293595], [36.0047611, 55.830647], [36.0068456, 55.8318716], [36.0085563, 55.8339061], [36.0112493, 55.8329318], [36.0140559, 55.8344988], [36.0163867, 55.8328081], [36.0178305, 55.8323513], [36.0195816, 55.8329338], [36.0207641, 55.8320704], [36.0198241, 55.8307193], [36.0221589, 55.8304233], [36.0293084, 55.8332408], [36.0327689, 55.82935], [36.0348094, 55.8280277], [36.0372859, 55.8254628], [36.0412514, 55.8231094], [36.0449144, 55.8255621], [36.0447718, 55.8261799], [36.0491987, 55.8315806], [36.0564314, 55.8306773], [36.0635762, 55.8291088], [36.0719924, 55.8326525], [36.0764736, 55.8389247], [36.0815067, 55.8379856], [36.0806116, 55.8418953], [36.0810531, 55.844149], [36.0828655, 55.8453475], [36.0854134, 55.8461112], [36.0879839, 55.8450039], [36.0906427, 55.8448099], [36.1009178, 55.8454833], [36.0987792, 55.8505634], [36.0960207, 55.8513453], [36.0959573, 55.8526996], [36.095112, 55.8536901], [36.1002697, 55.8565857], [36.0982159, 55.8580003], [36.0979303, 55.859831], [36.1008169, 55.8614513], [36.1015284, 55.8624169], [36.101931, 55.8642957], [36.1068607, 55.864044], [36.1148587, 55.8618937], [36.1193943, 55.8572604], [36.1192163, 55.8543509], [36.120977, 55.8515168], [36.1184945, 55.8505577], [36.1152726, 55.8483686], [36.1127173, 55.8481536], [36.1108498, 55.8469219], [36.110115, 55.8471762], [36.1109084, 55.8450981], [36.1103607, 55.8438124], [36.1110633, 55.8430036], [36.1204972, 55.8422789], [36.1216156, 55.8444385], [36.1230329, 55.8447174], [36.1250651, 55.8440206], [36.1268063, 55.8423298], [36.124554, 55.8399614], [36.1245862, 55.8368809], [36.1268472, 55.8337685], [36.1302232, 55.8326083], [36.1306709, 55.8343217], [36.1330248, 55.8353312], [36.1367696, 55.8328992], [36.1384986, 55.8348078], [36.1369853, 55.838046], [36.136667, 55.8398236], [36.1376682, 55.8405418], [36.1428367, 55.8420743], [36.1422792, 55.8428613], [36.1420933, 55.8449636], [36.141217, 55.8467967], [36.1393762, 55.8472595], [36.1319982, 55.8470116], [36.1287648, 55.8501019], [36.1313849, 55.8524303], [36.1325322, 55.8546094], [36.1350919, 55.8547091], [36.1359367, 55.8552861], [36.1366075, 55.8571194], [36.1362031, 55.8576201], [36.1392063, 55.8613986], [36.1432943, 55.8608716], [36.1436451, 55.8614418], [36.1474878, 55.8627846], [36.1473135, 55.8630955], [36.148258, 55.8639893], [36.1551921, 55.8642311], [36.1577191, 55.8669696], [36.1643546, 55.8691509], [36.168872, 55.8692418], [36.1785349, 55.872695], [36.178011, 55.8734115], [36.1855875, 55.8768816], [36.1884769, 55.8788334], [36.1971633, 55.8817679], [36.1983319, 55.8829122], [36.1996794, 55.8864134], [36.2009578, 55.8873641], [36.2021893, 55.8901484], [36.1981003, 55.890912], [36.1995905, 55.8921504], [36.201293, 55.8967111], [36.1951024, 55.8940917], [36.1929214, 55.8938258], [36.1911616, 55.8941626], [36.1892627, 55.893275], [36.1856892, 55.8964262], [36.1803233, 55.8974226], [36.1796688, 55.8972146], [36.177725, 55.8946859], [36.1736453, 55.8916971], [36.1678823, 55.8937582], [36.1658203, 55.8935933], [36.1626705, 55.8951153], [36.1652109, 55.8972804], [36.1742909, 55.9012257], [36.1803977, 55.9012561], [36.1873109, 55.9033326], [36.1874324, 55.9038968], [36.1904429, 55.9051078], [36.1944819, 55.907907], [36.1946065, 55.9091697], [36.1929313, 55.9124066], [36.192116, 55.9151819], [36.1902161, 55.9166404], [36.1918307, 55.9177035], [36.1900029, 55.9190919], [36.1902827, 55.9202979], [36.1885576, 55.9206783], [36.1858611, 55.9241682], [36.1765716, 55.9280261], [36.1843308, 55.9329366], [36.1893813, 55.9328142], [36.1964071, 55.9385449], [36.2019911, 55.939633], [36.2135836, 55.9387156], [36.2205754, 55.9401956], [36.2200523, 55.9416224], [36.2241067, 55.9417769], [36.2299809, 55.9437959], [36.2339702, 55.9442316], [36.2313454, 55.9466151], [36.2329281, 55.949437], [36.2306869, 55.9532941], [36.2306989, 55.9540146], [36.2309148, 55.9543351], [36.2339402, 55.9542523], [36.2338826, 55.9558257], [36.2323831, 55.9560059], [36.233804, 55.9576004], [36.2364911, 55.9585517], [36.2380979, 55.9599809], [36.2346298, 55.9609548], [36.2343491, 55.9621534], [36.2314182, 55.9652936], [36.2224671, 55.9688266], [36.2216266, 55.970067], [36.2191921, 55.9718186], [36.215808, 55.9762032], [36.2154112, 55.9773631], [36.2156851, 55.9791899], [36.2220684, 55.9876063], [36.2273748, 55.9912145], [36.2283613, 55.9927183], [36.2315013, 55.9927197], [36.2331756, 55.9936733], [36.2932834, 55.986979], [36.3122564, 55.9856909], [36.3139279, 55.9870555], [36.3112895, 55.9886016], [36.3103401, 55.990729], [36.3054134, 55.9916525], [36.3063971, 55.9933335], [36.3032018, 55.9965206], [36.2987893, 55.9980045], [36.3054951, 56.0000454], [36.3050278, 56.0020814], [36.3036771, 56.004553], [36.3015458, 56.0072008], [36.2992453, 56.0085332], [36.2924443, 56.0074896], [36.2910946, 56.0076048], [36.2898683, 56.0085234], [36.2893479, 56.0095972], [36.2893928, 56.0109055], [36.2880862, 56.0136145], [36.2898954, 56.0147239], [36.2910178, 56.018021], [36.2880919, 56.0196357], [36.2872414, 56.0207308], [36.2843072, 56.0221883], [36.2739666, 56.025285], [36.271621, 56.0267969], [36.2681278, 56.0304407], [36.2667706, 56.0338466], [36.2670009, 56.0353137], [36.2664382, 56.0359665], [36.2664958, 56.0374469], [36.267129, 56.0375734], [36.2666612, 56.037721], [36.2676259, 56.0386341], [36.2670383, 56.0387588], [36.2662804, 56.0403519], [36.2650903, 56.0412391], [36.2654708, 56.0419036], [36.2646278, 56.0420335], [36.2637041, 56.0434138], [36.2636708, 56.0439564], [36.2641783, 56.0441812], [36.2637873, 56.0444974], [36.2643753, 56.0446751], [36.2640897, 56.0450681], [36.2649474, 56.0461283], [36.2642297, 56.0465931], [36.2650216, 56.046868], [36.2644533, 56.0475954], [36.2649438, 56.049036], [36.2641697, 56.0491507], [36.264361, 56.0495648], [36.2635856, 56.0500094], [36.2616011, 56.049665], [36.2606857, 56.0499614], [36.2604255, 56.0514406], [36.2595292, 56.0517731], [36.2589411, 56.0526481], [36.2592364, 56.0539917], [36.2601636, 56.0546946], [36.2594466, 56.0554322], [36.2595911, 56.0558736], [36.2579261, 56.0568108], [36.2598448, 56.0571549], [36.2612165, 56.0580438], [36.2628631, 56.0599117], [36.2629276, 56.0615041], [36.2646734, 56.0627642], [36.2511345, 56.0644768], [36.2512187, 56.06654], [36.2529235, 56.0665003], [36.2531336, 56.067125], [36.2545938, 56.0669314], [36.2553012, 56.0679275], [36.2570757, 56.0670901], [36.259638, 56.0676965], [36.2618834, 56.0670538], [36.2711624, 56.0688725], [36.2782897, 56.0724442], [36.279733, 56.074181], [36.2841816, 56.0748708], [36.2931086, 56.0743405], [36.2933541, 56.0727993], [36.2923387, 56.0712377], [36.2928516, 56.0699299], [36.2956179, 56.0667888], [36.2979367, 56.0659245], [36.2998655, 56.0642981], [36.3028855, 56.0605503], [36.3117081, 56.0611242], [36.3125636, 56.0605841], [36.3140509, 56.0569739], [36.324387, 56.0578997], [36.3321133, 56.059915], [36.3360115, 56.0623468], [36.3394767, 56.0659615], [36.3317155, 56.0736367], [36.3309986, 56.0785361], [36.33277, 56.0790142], [36.3336484, 56.0798484], [36.3369685, 56.0812587], [36.3394376, 56.0818774], [36.3408138, 56.0843158], [36.3408915, 56.086398], [36.3393807, 56.0879407], [36.3342058, 56.0905388], [36.3344132, 56.095311], [36.3357185, 56.0982902], [36.332534, 56.104597], [36.3367047, 56.1086119], [36.3367886, 56.1102038], [36.3362204, 56.1120317], [36.3334578, 56.1143704], [36.328496, 56.1168273], [36.3280334, 56.1188489], [36.3315393, 56.1203053], [36.3347105, 56.1232695], [36.341727, 56.1268685], [36.3445913, 56.1295342], [36.3336823, 56.1435447], [36.3333213, 56.1471128], [36.345648, 56.1456051], [36.3478369, 56.1461314], [36.3496666, 56.1473493], [36.3487735, 56.1553432], [36.350466, 56.159203], [36.3477763, 56.1588938], [36.3477042, 56.1593742], [36.3460618, 56.1593285], [36.3460138, 56.159822], [36.3454448, 56.1599625], [36.3440446, 56.1595374], [36.3429126, 56.1600846], [36.3425171, 56.1595018], [36.3398578, 56.1591415], [36.3379769, 56.1602532], [36.3360298, 56.1603415], [36.3388718, 56.1641307], [36.3414278, 56.1647977], [36.3491927, 56.1649527], [36.3500148, 56.1686942], [36.3400694, 56.1680279], [36.3407156, 56.1661379], [36.3356396, 56.1647761], [36.3339668, 56.1650298], [36.3326859, 56.1660548], [36.3317109, 56.1662236], [36.3265654, 56.165171], [36.3228746, 56.1662141], [36.3192859, 56.1679591], [36.3127361, 56.1677301], [36.3110814, 56.1690209], [36.3114285, 56.169522], [36.3112492, 56.1711328], [36.3116854, 56.1716982], [36.3078739, 56.1735214], [36.3037169, 56.176552], [36.3024478, 56.177787], [36.3027891, 56.1781546], [36.3000482, 56.179431], [36.3019265, 56.1801127], [36.3023214, 56.181033], [36.3053718, 56.1828304], [36.3046815, 56.1864392], [36.298053, 56.1836539], [36.2939636, 56.1827143], [36.2917108, 56.1811302], [36.2897876, 56.1807711], [36.2806694, 56.182145], [36.2749868, 56.1810072], [36.2656416, 56.1846805], [36.2617423, 56.1848413], [36.2613161, 56.1856966], [36.2628823, 56.1867118], [36.2626293, 56.1870788], [36.2634336, 56.1872199], [36.2631284, 56.1901136], [36.2643216, 56.1909146], [36.263544, 56.1920572], [36.2668103, 56.194117], [36.267907, 56.1958032], [36.2670755, 56.2011264], [36.2729595, 56.205823], [36.2670102, 56.2085607], [36.2634701, 56.2059634], [36.2591077, 56.2078312], [36.2539036, 56.2084467], [36.239306, 56.205591], [36.2301887, 56.2060247], [36.2241641, 56.2044959], [36.2176843, 56.2046855], [36.2115134, 56.2057902], [36.210419, 56.2066622], [36.2100641, 56.20828], [36.2062133, 56.2108942], [36.2054889, 56.2153426], [36.2016559, 56.2154286], [36.2016332, 56.2159183], [36.1998446, 56.2160784], [36.1985907, 56.2170158], [36.1986195, 56.2174211], [36.1998929, 56.2175791], [36.204365, 56.220163], [36.181242, 56.2331937], [36.1787379, 56.2384271], [36.1853206, 56.2396544], [36.1897593, 56.2374979], [36.1919797, 56.2434824], [36.1984758, 56.2445278], [36.2059605, 56.243015], [36.2098234, 56.2409311], [36.2128989, 56.2441199], [36.2103943, 56.2484563], [36.202895, 56.2588162], [36.1857173, 56.2605299], [36.185402, 56.2613878], [36.1862093, 56.2622058], [36.1875873, 56.2687887], [36.1836769, 56.2757319], [36.1868466, 56.2796101], [36.1931288, 56.2835317], [36.1969945, 56.284387], [36.2006226, 56.2866977], [36.1794793, 56.2864903], [36.1570217, 56.283805], [36.1555333, 56.2845881], [36.1561415, 56.2870669], [36.1544429, 56.2880734], [36.1526624, 56.2975409], [36.1561878, 56.2998689], [36.1539458, 56.3023322], [36.1511451, 56.3023875], [36.1428902, 56.3046649], [36.1419714, 56.3058443], [36.1397624, 56.3063201], [36.1242887, 56.3154785], [36.1042028, 56.3149164], [36.1042173, 56.3053406], [36.0891196, 56.3047858], [36.0901786, 56.2503311], [36.0793246, 56.2526716], [36.0781098, 56.2523024], [36.0746287, 56.2532262], [36.0712585, 56.2523929], [36.0674804, 56.2524437], [36.0655642, 56.2516253], [36.0642022, 56.2523777], [36.0624879, 56.2519122], [36.0560814, 56.2531244], [36.0531218, 56.2528008], [36.0532246, 56.2538143], [36.0513753, 56.2535768], [36.0507318, 56.2545201], [36.0496405, 56.2544873], [36.0487834, 56.255604], [36.0489764, 56.2563287], [36.0383583, 56.2533718], [36.0346004, 56.2503095], [36.0217957, 56.2455581], [36.0197732, 56.2342399], [36.0261181, 56.2315933], [36.0247713, 56.2275301], [36.0266529, 56.2259238], [36.0256053, 56.2253872], [36.0272364, 56.2242656], [36.0305561, 56.2202134], [36.0335576, 56.2194091], [36.0352807, 56.2163406], [36.0345895, 56.215585], [36.0319954, 56.2148633], [36.0314584, 56.2120961], [36.0304608, 56.2116454], [36.0259352, 56.2118387], [36.0240438, 56.2108751], [36.0135861, 56.2087895], [36.0132924, 56.2105839], [35.9801862, 56.2128561], [35.9805955, 56.2105236], [35.9728399, 56.2079312], [35.9736728, 56.2072217], [35.9732037, 56.2065729], [35.9742246, 56.205588], [35.9735229, 56.2053238], [35.9753953, 56.2047581], [35.9730942, 56.2038999], [35.971088, 56.2037819], [35.9692352, 56.2023965], [35.9690918, 56.2010909], [35.9497791, 56.2016413], [35.9487369, 56.1987814], [35.9450382, 56.1982135], [35.941437, 56.1884115], [35.9406543, 56.1876837], [35.9283093, 56.1863888], [35.9250882, 56.1854128], [35.9182412, 56.1856702], [35.9176663, 56.1864875], [35.8953775, 56.195874], [35.893909, 56.195816], [35.894503, 56.1964858], [35.8833495, 56.201187], [35.874843, 56.198632], [35.8736682, 56.1971359], [35.8815935, 56.1951752], [35.8787509, 56.1924789], [35.8760883, 56.1930573], [35.8690955, 56.1911984], [35.864746, 56.1911456], [35.8636947, 56.1899002], [35.8594373, 56.1897461], [35.8552711, 56.1897263], [35.8429644, 56.1914828], [35.8361269, 56.1910493], [35.8290691, 56.1917003], [35.8283605, 56.1904155], [35.8288003, 56.1871027], [35.8283788, 56.18587], [35.8239133, 56.185052], [35.8234388, 56.1855009], [35.8203477, 56.1854903], [35.8217601, 56.1840432], [35.8228487, 56.1841354], [35.8150982, 56.1809347], [35.8098434, 56.1800685], [35.8073099, 56.1830062], [35.7997797, 56.1822061], [35.7988206, 56.1775935], [35.795723, 56.1751123], [35.7947339, 56.175945], [35.7910906, 56.1772937], [35.7849851, 56.1777172], [35.7793235, 56.1749704], [35.7764664, 56.17614], [35.7716689, 56.177164], [35.7676617, 56.1778498], [35.7598042, 56.1782479], [35.7569037, 56.1789809], [35.749586, 56.1734159], [35.7473734, 56.1744022], [35.742683, 56.1737832], [35.7414664, 56.1730901], [35.7394026, 56.1733802], [35.7374703, 56.1728982], [35.7353922, 56.1744171], [35.7291303, 56.1699883], [35.728557, 56.1677268], [35.7275115, 56.1670808], [35.7171561, 56.1659765], [35.7145875, 56.1647587], [35.7098401, 56.1640667], [35.7072989, 56.1620897], [35.7073191, 56.161188], [35.70807, 56.1606095], [35.7095991, 56.1550451], [35.7111476, 56.1522327], [35.7111822, 56.1503315], [35.7085611, 56.145909], [35.7072927, 56.1422561], [35.7046905, 56.1401278], [35.7037052, 56.1369886], [35.7062947, 56.1367835], [35.7092151, 56.1376549], [35.7092089, 56.1372743], [35.7081017, 56.1370188], [35.7097056, 56.1371726], [35.7091343, 56.1365197], [35.7113518, 56.1359413], [35.7136341, 56.1359115], [35.7161267, 56.1366875], [35.7175266, 56.1360838], [35.7163757, 56.1347705], [35.7154727, 56.1345722], [35.7159538, 56.1336941], [35.7147648, 56.1331886], [35.7135956, 56.1314688], [35.715786, 56.1313426], [35.7167741, 56.1305985], [35.7152326, 56.1303036], [35.7162632, 56.1299881], [35.7155021, 56.1288017], [35.7137571, 56.128969], [35.7138197, 56.1281963], [35.7130203, 56.1279365], [35.7132275, 56.1271371], [35.7124827, 56.1266467], [35.7138809, 56.1263623], [35.7135259, 56.1256744], [35.7146611, 56.1254439], [35.7135937, 56.1249242], [35.7143792, 56.1238938], [35.7229601, 56.1204435], [35.7239787, 56.1147902], [35.7247921, 56.1146548], [35.7260808, 56.1134913], [35.7248124, 56.1129669], [35.7258572, 56.112983], [35.7249228, 56.1120639], [35.7259418, 56.1111838], [35.7256055, 56.1106047], [35.7205853, 56.1100313], [35.7131755, 56.106902], [35.710254, 56.1072582], [35.7012767, 56.101003], [35.6970287, 56.0994779], [35.6947706, 56.0971491], [35.6945066, 56.0957302], [35.6931641, 56.0938741], [35.6965709, 56.0934811], [35.6823881, 56.0846338], [35.6760146, 56.0754776], [35.6714191, 56.0715826], [35.6746621, 56.0694989], [35.6703028, 56.067192], [35.6693451, 56.065129], [35.6693132, 56.06381], [35.6668853, 56.06166], [35.6692975, 56.059604], [35.6672385, 56.0559767], [35.6672862, 56.0543066], [35.6665611, 56.0534404], [35.6688366, 56.0517286], [35.6649834, 56.0466614], [35.6656493, 56.0463464], [35.6646107, 56.0451589], [35.6704041, 56.0432565], [35.671833, 56.0435242], [35.6762227, 56.0425114], [35.6767865, 56.0431534], [35.6754328, 56.0447105], [35.6757031, 56.0454128], [35.6800629, 56.04699], [35.6804073, 56.0478818], [35.6817527, 56.048005], [35.6832689, 56.0468745], [35.6843692, 56.0451872], [35.6858247, 56.0401775], [35.693025, 56.0390515], [35.6968919, 56.0399601], [35.7035014, 56.0379645], [35.7178181, 56.0466755], [35.7215473, 56.0427587], [35.7239109, 56.0412858], [35.7240728, 56.0404735], [35.723289, 56.038117], [35.7220911, 56.0362594], [35.719398, 56.0353333], [35.7079179, 56.0332508], [35.7060744, 56.0313152], [35.7000932, 56.0276096], [35.7031739, 56.0251708], [35.7036829, 56.0234475], [35.7024086, 56.0208919], [35.7045135, 56.0179931], [35.7091465, 56.0134105], [35.7171804, 56.0116046], [35.7216024, 56.0042436], [35.7167213, 56.0025566], [35.7092274, 55.9987777], [35.7099473, 55.9961958], [35.7126428, 55.9961365], [35.7167004, 55.9944087], [35.7196173, 55.9938506], [35.7251861, 55.9938913], [35.7260872, 55.9921825], [35.7282992, 55.9910175], [35.7306627, 55.9875273], [35.7330642, 55.9875083], [35.733038, 55.9869986], [35.7408725, 55.9836402], [35.7414894, 55.9819434], [35.743913, 55.9814415], [35.744511, 55.9802346], [35.7476501, 55.9805386], [35.7478249, 55.977682], [35.7498186, 55.9735621], [35.7442061, 55.9741034], [35.7428427, 55.9736289], [35.7414896, 55.9720764], [35.73781, 55.9712138], [35.7390689, 55.9695613], [35.7414677, 55.9685939], [35.74292, 55.96719], [35.7446475, 55.9633989], [35.7485774, 55.9598262], [35.7507516, 55.9599123], [35.7517837, 55.9578406], [35.7514109, 55.9568], [35.7516865, 55.9559482], [35.7510934, 55.9550974], [35.749122, 55.954245], [35.7471907, 55.9517562], [35.7444288, 55.9512313], [35.7410023, 55.9515247], [35.7380503, 55.9504004], [35.7361467, 55.9504166], [35.7346818, 55.9485448], [35.7343388, 55.9473014], [35.7344712, 55.9460237], [35.7352099, 55.9448474], [35.7323002, 55.9433976], [35.7324915, 55.942951], [35.7313236, 55.9403475], [35.7264735, 55.9398204], [35.7251909, 55.9391536], [35.7214224, 55.9399538], [35.7177761, 55.9384005], [35.716344, 55.9393153], [35.710849, 55.9361329], [35.7117072, 55.9326897], [35.7127723, 55.9322815], [35.7121287, 55.9311416], [35.7129448, 55.929528], [35.7137579, 55.9291579], [35.713128, 55.9286353], [35.7145484, 55.9279155], [35.7136673, 55.9269886], [35.7143752, 55.9268312], [35.7154464, 55.9273842], [35.7177498, 55.926772], [35.7194852, 55.9269753], [35.7206539, 55.9264449], [35.718769, 55.9256853], [35.7186043, 55.9251462], [35.7241456, 55.9242726], [35.7267174, 55.924651], [35.7278465, 55.9241044], [35.7282995, 55.923034], [35.7299595, 55.9229496], [35.7305131, 55.9225015], [35.7289415, 55.9208871], [35.7299609, 55.9188301], [35.7289565, 55.9178496], [35.7289259, 55.9171857], [35.7302223, 55.916446], [35.7295945, 55.914892], [35.7300301, 55.9140074], [35.7295912, 55.9135333], [35.7253875, 55.9125414], [35.719165, 55.9120903], [35.7175918, 55.9107832], [35.7172289, 55.9098398], [35.7181667, 55.9087066], [35.7103228, 55.9090211], [35.7099689, 55.9082581], [35.7088662, 55.9079991], [35.7018419, 55.9071897], [35.6943404, 55.9080153], [35.6888152, 55.907599], [35.6909567, 55.898667], [35.6799612, 55.892995], [35.6696582, 55.8851393], [35.6708677, 55.8841712], [35.6747117, 55.8826277], [35.6743098, 55.8810864], [35.6716055, 55.8800656], [35.6716579, 55.8794111], [35.6705859, 55.8781363], [35.6634806, 55.8767459], [35.6593716, 55.8742796], [35.654008, 55.8749202], [35.6518282, 55.8755613], [35.6497442, 55.8770376], [35.6446513, 55.8729682], [35.6479862, 55.8716648], [35.6526944, 55.8709918], [35.6518578, 55.8644797], [35.6488778, 55.8556056], [35.6535265, 55.8544423], [35.6551548, 55.8534672], [35.6606336, 55.8544738], [35.660746, 55.8499566], [35.6611441, 55.8489486], [35.6665177, 55.845453], [35.6802274, 55.8420822], [35.6791773, 55.8380965], [35.6749032, 55.837342], [35.6749499, 55.8367522], [35.6683924, 55.8353246], [35.6599006, 55.8321121], [35.6599807, 55.8316259], [35.6617604, 55.8316096], [35.663397, 55.8306759], [35.6633074, 55.8298678], [35.6578383, 55.8279126], [35.6571344, 55.8272419], [35.6582649, 55.8266794], [35.6584143, 55.821777], [35.6597763, 55.8192607], [35.6605922, 55.8186156], [35.6588174, 55.8171193], [35.6486733, 55.816047], [35.6461917, 55.8149445], [35.6388715, 55.8150509], [35.629654, 55.8168888]]]}}, {"type": "Feature", "properties": {"rda_code": "MO-84", "rda_name": "RUZSKY AREA / incl. RUZA/", "osm_name": "Рузский муниципальный округ", "match_score": 0.92, "match_reason": "contains"}, "geometry": {"type": "Polygon", "coordinates": [[[35.851013, 55.7341864], [35.8529663, 55.7328626], [35.8559675, 55.7330661], [35.8584309, 55.7315595], [35.8596683, 55.7304631], [35.8590814, 55.7295495], [35.8596565, 55.7269222], [35.8652427, 55.7254291], [35.8651892, 55.7237691], [35.8669081, 55.7230147], [35.8695821, 55.722205], [35.8751743, 55.7238617], [35.8772063, 55.7233809], [35.8783798, 55.7224501], [35.8778069, 55.7210349], [35.8781599, 55.7204111], [35.876731, 55.7191493], [35.877621, 55.718177], [35.8746024, 55.7171957], [35.8701122, 55.7139713], [35.8664012, 55.7123704], [35.8673659, 55.7087126], [35.8667241, 55.7075696], [35.8641806, 55.7054837], [35.8680997, 55.7060719], [35.8856803, 55.7041274], [35.8882053, 55.7042651], [35.8908415, 55.7035339], [35.8943735, 55.7036647], [35.8978827, 55.7022311], [35.9007412, 55.6994963], [35.90116, 55.6980858], [35.9001264, 55.6977983], [35.9007374, 55.6966169], [35.9024135, 55.6954043], [35.9026609, 55.6931562], [35.9042412, 55.6911189], [35.9054222, 55.6909309], [35.9047969, 55.6904022], [35.9051458, 55.6899521], [35.9075406, 55.6886454], [35.9178409, 55.689675], [35.919032, 55.690574], [35.9206101, 55.6899989], [35.9234793, 55.6920492], [35.9230824, 55.6933832], [35.920635, 55.6948079], [35.9245343, 55.6970023], [35.9285582, 55.6979691], [35.9302228, 55.7032407], [35.9278359, 55.703795], [35.9280416, 55.7045683], [35.9289136, 55.7050009], [35.9296864, 55.706779], [35.9309312, 55.7075471], [35.9317835, 55.7097551], [35.9357506, 55.7115824], [35.9382295, 55.7120573], [35.9405428, 55.7116825], [35.9432531, 55.7120672], [35.9495615, 55.7138802], [35.9526441, 55.7130991], [35.9551188, 55.7133375], [35.9603955, 55.7143302], [35.97205, 55.7175456], [35.9739376, 55.7154218], [35.9780625, 55.713675], [35.9784778, 55.7143822], [35.9872186, 55.7124509], [35.9832794, 55.7086288], [35.9769684, 55.7002818], [35.9799854, 55.6984262], [35.9811789, 55.700422], [35.9833628, 55.701956], [35.9950804, 55.7019524], [35.9987023, 55.7009201], [36.0077799, 55.7004839], [36.0152348, 55.6931245], [36.0173966, 55.6919622], [36.020737, 55.6913712], [36.0186789, 55.6783391], [36.018535, 55.6734026], [36.0209427, 55.6687834], [36.0265001, 55.6683552], [36.0491443, 55.6742797], [36.0510383, 55.674027], [36.0500234, 55.6716211], [36.0505875, 55.6686178], [36.0550848, 55.665272], [36.0555979, 55.6632375], [36.0574663, 55.6630703], [36.053864, 55.6605627], [36.0500142, 55.6592798], [36.0495859, 55.6588837], [36.0494823, 55.6570357], [36.0472468, 55.6571032], [36.0466159, 55.6559522], [36.0455579, 55.6558046], [36.0455583, 55.6553787], [36.0466392, 55.6547187], [36.0452749, 55.6535931], [36.0449604, 55.6525894], [36.0425803, 55.6521561], [36.0426868, 55.6512509], [36.0416863, 55.6513287], [36.0406008, 55.6505676], [36.077837, 55.6446982], [36.0771996, 55.6432863], [36.0781005, 55.6405014], [36.0764386, 55.6365697], [36.0761763, 55.636161], [36.0751475, 55.6362337], [36.0723357, 55.631167], [36.0697948, 55.6296013], [36.0743868, 55.6245896], [36.07737, 55.6227465], [36.084412, 55.6236963], [36.0929347, 55.622703], [36.0977166, 55.6235834], [36.0999848, 55.6220787], [36.0984739, 55.6217798], [36.0999782, 55.6206472], [36.1003125, 55.6195855], [36.0971643, 55.6191219], [36.0975119, 55.6179339], [36.0967025, 55.6167243], [36.1036401, 55.6111738], [36.1053735, 55.6079305], [36.1070767, 55.6074086], [36.1057914, 55.6044951], [36.1088544, 55.6044509], [36.107208, 55.6006798], [36.1089944, 55.6000565], [36.1083916, 55.599182], [36.1031646, 55.5966856], [36.1041108, 55.5957674], [36.1035052, 55.5955265], [36.0967489, 55.5963519], [36.0927662, 55.5958694], [36.0899419, 55.5944854], [36.0891269, 55.5946803], [36.0869792, 55.5910142], [36.0901191, 55.5898471], [36.0915623, 55.5905105], [36.0926547, 55.5896759], [36.0945729, 55.5904857], [36.0937461, 55.5910581], [36.0957175, 55.5919845], [36.0967084, 55.5915409], [36.0989086, 55.5926327], [36.102857, 55.5895826], [36.1057681, 55.5894552], [36.1121554, 55.5878396], [36.116952, 55.5883697], [36.1264721, 55.5919466], [36.1282122, 55.5952689], [36.127004, 55.5976845], [36.130991, 55.597821], [36.1360431, 55.5956425], [36.139019, 55.5957617], [36.1417286, 55.5924109], [36.1485298, 55.590623], [36.1501504, 55.5893261], [36.1528276, 55.5895356], [36.1537559, 55.5885019], [36.1558018, 55.5880482], [36.160728, 55.5845682], [36.1653871, 55.5803944], [36.1682042, 55.5813949], [36.1699371, 55.5800378], [36.1693361, 55.5797225], [36.1692431, 55.5775443], [36.171063, 55.5737517], [36.1708861, 55.5733543], [36.1718776, 55.5725413], [36.1745933, 55.5723808], [36.1771035, 55.5694526], [36.1783889, 55.5691936], [36.1874921, 55.5805267], [36.1912122, 55.5827843], [36.199345, 55.5825322], [36.2040162, 55.5784557], [36.21701, 55.5692603], [36.2246593, 55.5645134], [36.2294094, 55.5637999], [36.2306438, 55.5628963], [36.2331606, 55.5583191], [36.2324449, 55.557339], [36.2328047, 55.5562177], [36.245128, 55.5536285], [36.2460041, 55.5488299], [36.2476255, 55.5479657], [36.2485635, 55.5444765], [36.2605265, 55.5440508], [36.2646088, 55.5414698], [36.2638678, 55.5334152], [36.2568402, 55.5289857], [36.2571406, 55.5266104], [36.2583719, 55.5259354], [36.2622119, 55.5286323], [36.2658277, 55.5259156], [36.2635076, 55.5249337], [36.2625966, 55.5229104], [36.2652746, 55.5215285], [36.2629309, 55.5182843], [36.2677703, 55.5147109], [36.2662887, 55.5136057], [36.2686518, 55.5121992], [36.2673606, 55.5106765], [36.2681777, 55.5096039], [36.2652842, 55.5066687], [36.2658958, 55.5026955], [36.2654962, 55.4997869], [36.258904, 55.4996502], [36.2582101, 55.4992606], [36.2585837, 55.4975962], [36.2566485, 55.4968762], [36.2547199, 55.4979297], [36.2508026, 55.4968574], [36.2512931, 55.4958802], [36.2449723, 55.4955126], [36.2434946, 55.4945977], [36.2436574, 55.4956773], [36.2429935, 55.4963013], [36.2421223, 55.5010359], [36.2371271, 55.5016989], [36.228185, 55.5012923], [36.2273983, 55.5005317], [36.2283716, 55.4990091], [36.2271951, 55.4973153], [36.2217114, 55.4941922], [36.217201, 55.4971231], [36.2079286, 55.4954807], [36.210808, 55.4912322], [36.2264832, 55.4832078], [36.2122528, 55.4773506], [36.2150605, 55.4732599], [36.2128781, 55.4718789], [36.1992132, 55.4693205], [36.1878996, 55.4718817], [36.1817694, 55.4583679], [36.1785785, 55.4584338], [36.1562007, 55.4564133], [36.1565384, 55.4551944], [36.1535732, 55.4520307], [36.1505047, 55.4510909], [36.1466318, 55.4507808], [36.1443185, 55.449707], [36.1470693, 55.4454398], [36.1553253, 55.4455724], [36.1582008, 55.442793], [36.1541235, 55.4399518], [36.1538907, 55.4361244], [36.1545636, 55.4344425], [36.1527445, 55.4340046], [36.1533925, 55.4330036], [36.1485265, 55.4324569], [36.1440471, 55.4362719], [36.1401734, 55.4360128], [36.1367461, 55.4336701], [36.140409, 55.4316384], [36.1405419, 55.4291765], [36.142603, 55.4277372], [36.1473455, 55.4289153], [36.1479505, 55.4282563], [36.1503247, 55.428932], [36.1517914, 55.4303114], [36.1537515, 55.430434], [36.1561187, 55.4274392], [36.1639703, 55.4210901], [36.1621146, 55.4204694], [36.1676739, 55.4139946], [36.2216037, 55.4112452], [36.2225979, 55.4119371], [36.2254681, 55.4112237], [36.2266181, 55.4099813], [36.2248506, 55.4079745], [36.2345715, 55.4071669], [36.2372954, 55.4106225], [36.2396873, 55.4114044], [36.2441329, 55.4086182], [36.2417285, 55.4047436], [36.2418512, 55.4031381], [36.2404329, 55.4027282], [36.2428259, 55.3995913], [36.2438711, 55.3997418], [36.2452551, 55.3983727], [36.2451467, 55.3943094], [36.2457312, 55.3912184], [36.2527857, 55.3930407], [36.2518156, 55.3951922], [36.2533245, 55.3987061], [36.2515492, 55.3988568], [36.2488769, 55.4008183], [36.251307, 55.4021897], [36.2523779, 55.4019549], [36.2551052, 55.4024464], [36.2562514, 55.4031281], [36.2596456, 55.4035007], [36.2601254, 55.4033153], [36.2599899, 55.4026313], [36.260956, 55.4023569], [36.2612377, 55.4031169], [36.2618619, 55.4022463], [36.2617397, 55.4015023], [36.2631137, 55.3999591], [36.2665315, 55.3980842], [36.2676792, 55.3987113], [36.2687748, 55.3972583], [36.26961, 55.3971569], [36.2812064, 55.4017697], [36.2823537, 55.4044084], [36.2844784, 55.4046281], [36.2888579, 55.4062651], [36.2913573, 55.4048554], [36.2990401, 55.4081651], [36.3033556, 55.4096716], [36.3059851, 55.4100182], [36.3076191, 55.4126008], [36.3191779, 55.4132917], [36.3219094, 55.4059614], [36.3223897, 55.4049829], [36.3237751, 55.4046999], [36.3239876, 55.4034506], [36.3219662, 55.4025447], [36.3185758, 55.4021311], [36.3209773, 55.3961849], [36.3260533, 55.396447], [36.3262236, 55.3969931], [36.3354493, 55.3973323], [36.3379696, 55.3969599], [36.3400965, 55.3951332], [36.3373244, 55.3935401], [36.3400629, 55.3900395], [36.3465979, 55.3910374], [36.346649, 55.393769], [36.3481113, 55.3935341], [36.3488978, 55.394484], [36.353409, 55.3953911], [36.3536662, 55.3966318], [36.3558091, 55.3975132], [36.3556352, 55.3993848], [36.3561095, 55.4000584], [36.3651322, 55.4037333], [36.3707874, 55.3999288], [36.3714321, 55.3979648], [36.3724757, 55.397157], [36.3750143, 55.396461], [36.3815685, 55.3969358], [36.3867764, 55.3982042], [36.3866837, 55.40002], [36.3889925, 55.4000439], [36.3924265, 55.4011077], [36.3950862, 55.403592], [36.4010014, 55.4035666], [36.4034604, 55.4028417], [36.4069611, 55.4029611], [36.4120452, 55.3984349], [36.4143352, 55.3979329], [36.4178688, 55.3983061], [36.4203351, 55.3991245], [36.4258173, 55.3973862], [36.4332987, 55.4013227], [36.4373186, 55.4042569], [36.4416627, 55.4089112], [36.438822, 55.4095062], [36.4410454, 55.4108548], [36.4309559, 55.4205672], [36.4353996, 55.4220737], [36.4354849, 55.4225553], [36.4317911, 55.4257184], [36.4317656, 55.4269], [36.4301813, 55.4278775], [36.4305602, 55.4280794], [36.4280426, 55.4289843], [36.427942, 55.4301241], [36.4282977, 55.4302888], [36.427927, 55.430946], [36.4284932, 55.4317734], [36.4273096, 55.4325178], [36.4292843, 55.4335091], [36.4304603, 55.4335239], [36.4316811, 55.4346533], [36.4318331, 55.432947], [36.4308012, 55.432455], [36.4321592, 55.4304048], [36.4360056, 55.4311161], [36.4434997, 55.4282131], [36.4459327, 55.4285558], [36.4462078, 55.4307291], [36.4478491, 55.4323253], [36.4500362, 55.4321395], [36.4519148, 55.4346704], [36.4543308, 55.4352914], [36.4530982, 55.4374202], [36.4543839, 55.4415428], [36.4557201, 55.4429725], [36.4595292, 55.4428594], [36.4590157, 55.4439062], [36.4641308, 55.4435352], [36.4656017, 55.4428635], [36.4816316, 55.4440927], [36.4816984, 55.4470221], [36.4807404, 55.4476549], [36.4808148, 55.4482666], [36.4818087, 55.4483803], [36.4813275, 55.4520582], [36.4818005, 55.4526321], [36.4779271, 55.4518812], [36.4775843, 55.4494443], [36.4753844, 55.4501219], [36.473718, 55.4496154], [36.4695286, 55.449529], [36.4664455, 55.4529132], [36.4665005, 55.4551326], [36.4691304, 55.458991], [36.4716732, 55.4607505], [36.46778, 55.4627214], [36.4635073, 55.4635953], [36.4631338, 55.4655781], [36.461761, 55.4670088], [36.4542311, 55.470028], [36.4551135, 55.4715609], [36.4587419, 55.4728158], [36.4603299, 55.4725934], [36.4634832, 55.4748263], [36.4630976, 55.4755017], [36.4610987, 55.4748267], [36.4606957, 55.4751963], [36.4619311, 55.4767462], [36.4565948, 55.4770755], [36.4561338, 55.4762347], [36.4532702, 55.4771715], [36.4515269, 55.479295], [36.4540939, 55.4797622], [36.4537757, 55.4813917], [36.4529734, 55.482264], [36.4511291, 55.482486], [36.4513395, 55.4828624], [36.45342, 55.4830263], [36.4530035, 55.4825184], [36.4540267, 55.4821487], [36.456243, 55.4829706], [36.4561729, 55.4833864], [36.4551832, 55.4836522], [36.4559102, 55.4838888], [36.4559388, 55.4843257], [36.4581602, 55.4848505], [36.4615305, 55.4842448], [36.4611783, 55.4889234], [36.4597169, 55.4890036], [36.4607952, 55.4937464], [36.4560665, 55.4940099], [36.4542724, 55.4958275], [36.454344, 55.4968263], [36.4527759, 55.4979496], [36.4496301, 55.4970833], [36.4470789, 55.4989419], [36.4438998, 55.4971471], [36.4421944, 55.4969415], [36.438875, 55.5036866], [36.4389632, 55.5060302], [36.4383366, 55.5074777], [36.4287818, 55.5056978], [36.4263047, 55.5094685], [36.4239151, 55.5114966], [36.4285403, 55.5127744], [36.4284411, 55.5135505], [36.4268876, 55.5139689], [36.4273205, 55.5160819], [36.424738, 55.5158813], [36.4242172, 55.5175453], [36.4055435, 55.5197757], [36.403244, 55.5180935], [36.3990027, 55.5189304], [36.3991718, 55.5194701], [36.3971013, 55.5201974], [36.3962318, 55.5212704], [36.3942946, 55.5218197], [36.3869089, 55.5195611], [36.3864276, 55.5204836], [36.3877785, 55.5208673], [36.3847993, 55.5225148], [36.3838016, 55.5224319], [36.3829921, 55.5235805], [36.3839056, 55.5243236], [36.3830641, 55.5246778], [36.3837386, 55.5273769], [36.3892638, 55.5296206], [36.3894388, 55.5305727], [36.3923987, 55.5303184], [36.3927671, 55.534677], [36.3940287, 55.535287], [36.3962228, 55.5352116], [36.3973757, 55.5360733], [36.4009098, 55.5364272], [36.4007607, 55.5374183], [36.3997069, 55.538709], [36.399003, 55.5389643], [36.3907789, 55.548227], [36.392333, 55.5486371], [36.3925805, 55.5497561], [36.3935409, 55.5503232], [36.3992472, 55.5524768], [36.4055328, 55.5541648], [36.4100469, 55.5562625], [36.4237183, 55.5677353], [36.4247645, 55.5672589], [36.4531551, 55.5692247], [36.4696745, 55.5695833], [36.4697432, 55.5700114], [36.4828869, 55.570914], [36.4830042, 55.574363], [36.4896686, 55.5746235], [36.4905038, 55.5727599], [36.4930613, 55.5737487], [36.4942329, 55.5718557], [36.4975031, 55.5720496], [36.5009803, 55.5734057], [36.5024688, 55.5733343], [36.5048629, 55.5746564], [36.5006856, 55.5781364], [36.5095564, 55.58365], [36.5100068, 55.5840208], [36.509766, 55.5843662], [36.5118111, 55.5858172], [36.5148636, 55.5871226], [36.5126228, 55.5885356], [36.5172966, 55.5902446], [36.5210733, 55.5890862], [36.5242452, 55.5923789], [36.529019, 55.5912595], [36.5337977, 55.5910535], [36.5376745, 55.5989768], [36.5416943, 55.6031391], [36.5432301, 55.6025365], [36.5439624, 55.6031521], [36.5451407, 55.6028836], [36.5456174, 55.6033078], [36.547514, 55.602758], [36.5460696, 55.6010209], [36.5505854, 55.6029764], [36.5527698, 55.6020597], [36.5544847, 55.6019061], [36.552479, 55.598507], [36.5565462, 55.5977697], [36.5559479, 55.5967576], [36.5585652, 55.5942836], [36.5728695, 55.5937063], [36.5597332, 55.6027742], [36.5708924, 55.6039037], [36.5791809, 55.6053779], [36.5900015, 55.6096039], [36.5984812, 55.6141612], [36.5992026, 55.6150032], [36.5985356, 55.616518], [36.5975308, 55.6170501], [36.5897478, 55.6191089], [36.5836828, 55.6195249], [36.5806778, 55.6203678], [36.5778445, 55.6225501], [36.5737818, 55.6235142], [36.5718453, 55.6245378], [36.564195, 55.630147], [36.5634573, 55.6311757], [36.5638567, 55.6328468], [36.567581, 55.6349571], [36.5691433, 55.6367885], [36.5698464, 55.6384974], [36.571941, 55.6401966], [36.569215, 55.6413151], [36.5695414, 55.6418415], [36.5685833, 55.6422524], [36.5683375, 55.6448282], [36.5693426, 55.6454531], [36.5696445, 55.6459594], [36.5692464, 55.6461911], [36.5715804, 55.6471216], [36.571118, 55.6476455], [36.5720946, 55.6479479], [36.5717133, 55.6483241], [36.5742656, 55.648857], [36.5697759, 55.6549043], [36.5640956, 55.6577667], [36.5632351, 55.6604084], [36.569041, 55.6641929], [36.5855441, 55.6678404], [36.5881439, 55.6688288], [36.5840145, 55.6705092], [36.5811318, 55.6741383], [36.5838323, 55.6774228], [36.5803946, 55.6785279], [36.576481, 55.6807515], [36.5686734, 55.6835832], [36.5619312, 55.6881277], [36.5615626, 55.6895022], [36.5654344, 55.6907202], [36.5665608, 55.6918337], [36.5689196, 55.6925615], [36.5640357, 55.692164], [36.5591671, 55.6938231], [36.5567077, 55.6953964], [36.5560629, 55.6972685], [36.5548054, 55.6983859], [36.5535303, 55.7013573], [36.559856, 55.7013522], [36.554873, 55.7054279], [36.5489792, 55.7074262], [36.5462408, 55.7077533], [36.5440024, 55.7072887], [36.5341189, 55.7073764], [36.5253601, 55.7093315], [36.526464, 55.7111144], [36.5295956, 55.7132216], [36.5300592, 55.7141356], [36.5349385, 55.7158558], [36.5381581, 55.7179372], [36.5391726, 55.7180775], [36.5399181, 55.719659], [36.541191, 55.7195985], [36.5414463, 55.7225734], [36.5409682, 55.7244133], [36.5418715, 55.7253236], [36.5432984, 55.7260805], [36.5472331, 55.7269152], [36.547291, 55.7274357], [36.5512531, 55.7294629], [36.5490047, 55.7378956], [36.5508972, 55.7400352], [36.5545632, 55.7396431], [36.5529909, 55.7419411], [36.5492508, 55.7448787], [36.5415492, 55.746487], [36.5430054, 55.7478074], [36.5442286, 55.752376], [36.5420086, 55.7550801], [36.5446944, 55.7567146], [36.5515137, 55.7570389], [36.5525212, 55.760161], [36.5411171, 55.7663298], [36.5381945, 55.7673664], [36.5386875, 55.7705924], [36.5377197, 55.7715197], [36.5276573, 55.7726955], [36.5280427, 55.773859], [36.5322062, 55.7748032], [36.5330632, 55.7756456], [36.5329026, 55.7769952], [36.5088985, 55.7795008], [36.5082083, 55.7785916], [36.5061561, 55.7720114], [36.5014404, 55.7709958], [36.496914, 55.7713248], [36.4923727, 55.7738394], [36.4878827, 55.7748863], [36.4845013, 55.777066], [36.4821874, 55.7795797], [36.4750763, 55.7821625], [36.4776077, 55.7850788], [36.4769593, 55.7928891], [36.4781093, 55.7937606], [36.4753181, 55.7940831], [36.4706029, 55.7934224], [36.4678416, 55.792382], [36.4608787, 55.7925244], [36.459337, 55.7917058], [36.4577986, 55.7899135], [36.4570617, 55.7900436], [36.4535159, 55.7878985], [36.4518992, 55.7875324], [36.4490122, 55.7878628], [36.4484174, 55.7867976], [36.4447479, 55.7878418], [36.4451802, 55.7891138], [36.4415636, 55.7911968], [36.4398677, 55.7935796], [36.4405005, 55.7953417], [36.4424748, 55.7960438], [36.4423671, 55.7970521], [36.4403769, 55.7975025], [36.4414543, 55.7997492], [36.4429871, 55.7997067], [36.4462765, 55.8038795], [36.4473726, 55.8036742], [36.4487175, 55.8046465], [36.4424059, 55.807242], [36.4391883, 55.8103789], [36.4400129, 55.8113022], [36.4425301, 55.8125532], [36.4421523, 55.813889], [36.4444018, 55.8165111], [36.4485697, 55.8168075], [36.4573385, 55.8158045], [36.4681614, 55.8166164], [36.4727463, 55.8164519], [36.4712667, 55.823162], [36.4822393, 55.8230994], [36.4838536, 55.8256756], [36.4898938, 55.8250369], [36.4936362, 55.8262682], [36.4970148, 55.8256835], [36.4970716, 55.8273686], [36.498626, 55.8327325], [36.4954082, 55.8332824], [36.4922065, 55.8348475], [36.4889655, 55.8353664], [36.4897047, 55.8367332], [36.4882443, 55.8382078], [36.4873859, 55.8380362], [36.4795297, 55.8397109], [36.4756618, 55.8391661], [36.473076, 55.8408227], [36.4759749, 55.8437701], [36.476069, 55.8459977], [36.4809898, 55.8471982], [36.4939784, 55.8485513], [36.5150213, 55.8573761], [36.5269967, 55.8612324], [36.5301676, 55.8643752], [36.5269645, 55.8731372], [36.5202259, 55.8780263], [36.5124221, 55.8828715], [36.5081345, 55.8849482], [36.5013852, 55.8878953], [36.4950753, 55.8891848], [36.4943881, 55.889672], [36.4905972, 55.8900949], [36.4900272, 55.8907368], [36.487451, 55.8909336], [36.484564, 55.8927372], [36.476628, 55.8990197], [36.4696454, 55.9025818], [36.4691314, 55.9074082], [36.4721858, 55.9090384], [36.4660113, 55.9119953], [36.4629183, 55.9097133], [36.4604303, 55.9093062], [36.4583766, 55.9101751], [36.4581724, 55.9109409], [36.4523377, 55.9141455], [36.448969, 55.9151112], [36.443184, 55.9125199], [36.4417374, 55.9122862], [36.439969, 55.9160621], [36.4412272, 55.915784], [36.4432414, 55.9173605], [36.4439883, 55.9207319], [36.4401529, 55.919503], [36.439947, 55.9186471], [36.43906, 55.9180815], [36.4381855, 55.9200632], [36.4427372, 55.9217198], [36.4442694, 55.9229724], [36.4450787, 55.9253496], [36.4460158, 55.9266068], [36.4486096, 55.9278512], [36.447651, 55.9291803], [36.4431117, 55.9329946], [36.4364732, 55.9405668], [36.4390336, 55.9572666], [36.4364523, 55.9591803], [36.4300926, 55.960334], [36.428246, 55.9600927], [36.4278011, 55.9591266], [36.4249168, 55.9588332], [36.4235137, 55.9604568], [36.4243501, 55.9641253], [36.4267769, 55.9647955], [36.4271888, 55.9654464], [36.430783, 55.9669954], [36.4369679, 55.9658553], [36.4407416, 55.965734], [36.4420928, 55.9732857], [36.4435438, 55.9751097], [36.4442797, 55.9748235], [36.4463229, 55.9764688], [36.4450695, 55.9772707], [36.4406718, 55.9794901], [36.4363754, 55.9804492], [36.4315379, 55.9791674], [36.4294358, 55.9791121], [36.4228496, 55.9767256], [36.4191012, 55.9765653], [36.4163652, 55.9758172], [36.4070149, 55.9762071], [36.4055184, 55.9767998], [36.4001378, 55.9769663], [36.3999219, 55.9786906], [36.3977302, 55.9823952], [36.3926875, 55.9828582], [36.3881708, 55.9828539], [36.3815169, 55.9820062], [36.3636788, 55.9787675], [36.3602224, 55.9844897], [36.35647, 55.9835303], [36.3498098, 55.9827861], [36.3470805, 55.9757567], [36.35069, 55.9771594], [36.3575625, 55.9753097], [36.3561656, 55.9738385], [36.3564612, 55.9711175], [36.3532175, 55.9663778], [36.3521774, 55.9664106], [36.3497319, 55.9653621], [36.3409683, 55.9653895], [36.338402, 55.9698017], [36.3334134, 55.9706843], [36.3333631, 55.9697598], [36.3326498, 55.9694714], [36.3334072, 55.9692893], [36.332511, 55.9688798], [36.333729, 55.9682565], [36.3334742, 55.9677401], [36.3338901, 55.9669058], [36.331315, 55.9668034], [36.3308806, 55.9655159], [36.3335895, 55.9644736], [36.3341528, 55.9646837], [36.3342032, 55.9640259], [36.3356717, 55.9635398], [36.3356124, 55.962998], [36.3276493, 55.9621602], [36.3217121, 55.9630251], [36.3221138, 55.9642255], [36.321945, 55.9663392], [36.3235482, 55.9696656], [36.3285765, 55.9691077], [36.3289346, 55.9702993], [36.3296332, 55.9703058], [36.3291916, 55.971892], [36.3263271, 55.975748], [36.3269238, 55.9770794], [36.32631, 55.9772865], [36.3260984, 55.9789042], [36.324449, 55.9811911], [36.325572, 55.9812195], [36.3262552, 55.9828269], [36.3256867, 55.9838212], [36.3279885, 55.9850321], [36.3261384, 55.9920298], [36.3226123, 56.0019473], [36.3205959, 56.0016862], [36.3108497, 56.0040691], [36.3036771, 56.004553], [36.3050278, 56.0020814], [36.3054951, 56.0000454], [36.2987893, 55.9980045], [36.3032018, 55.9965206], [36.3063971, 55.9933335], [36.3054134, 55.9916525], [36.3103401, 55.990729], [36.3112895, 55.9886016], [36.3139279, 55.9870555], [36.3122564, 55.9856909], [36.2932834, 55.986979], [36.2331756, 55.9936733], [36.2315013, 55.9927197], [36.2283613, 55.9927183], [36.2273748, 55.9912145], [36.2220684, 55.9876063], [36.2156851, 55.9791899], [36.2154112, 55.9773631], [36.215808, 55.9762032], [36.2191921, 55.9718186], [36.2216266, 55.970067], [36.2224671, 55.9688266], [36.2314182, 55.9652936], [36.2343491, 55.9621534], [36.2346298, 55.9609548], [36.2380979, 55.9599809], [36.2364911, 55.9585517], [36.233804, 55.9576004], [36.2323831, 55.9560059], [36.2338826, 55.9558257], [36.2339402, 55.9542523], [36.2309148, 55.9543351], [36.2306989, 55.9540146], [36.2306869, 55.9532941], [36.2329281, 55.949437], [36.2313454, 55.9466151], [36.2339702, 55.9442316], [36.2299809, 55.9437959], [36.2241067, 55.9417769], [36.2200523, 55.9416224], [36.2205754, 55.9401956], [36.2135836, 55.9387156], [36.2019911, 55.939633], [36.1964071, 55.9385449], [36.1893813, 55.9328142], [36.1843308, 55.9329366], [36.1765716, 55.9280261], [36.1858611, 55.9241682], [36.1885576, 55.9206783], [36.1902827, 55.9202979], [36.1900029, 55.9190919], [36.1918307, 55.9177035], [36.1902161, 55.9166404], [36.192116, 55.9151819], [36.1929313, 55.9124066], [36.1946065, 55.9091697], [36.1944819, 55.907907], [36.1904429, 55.9051078], [36.1874324, 55.9038968], [36.1873109, 55.9033326], [36.1803977, 55.9012561], [36.1742909, 55.9012257], [36.1652109, 55.8972804], [36.1626705, 55.8951153], [36.1658203, 55.8935933], [36.1678823, 55.8937582], [36.1736453, 55.8916971], [36.177725, 55.8946859], [36.1796688, 55.8972146], [36.1803233, 55.8974226], [36.1856892, 55.8964262], [36.1892627, 55.893275], [36.1911616, 55.8941626], [36.1929214, 55.8938258], [36.1951024, 55.8940917], [36.201293, 55.8967111], [36.1995905, 55.8921504], [36.1981003, 55.890912], [36.2021893, 55.8901484], [36.2009578, 55.8873641], [36.1996794, 55.8864134], [36.1983319, 55.8829122], [36.1971633, 55.8817679], [36.1884769, 55.8788334], [36.1855875, 55.8768816], [36.178011, 55.8734115], [36.1785349, 55.872695], [36.168872, 55.8692418], [36.1643546, 55.8691509], [36.1577191, 55.8669696], [36.1551921, 55.8642311], [36.148258, 55.8639893], [36.1473135, 55.8630955], [36.1474878, 55.8627846], [36.1436451, 55.8614418], [36.1432943, 55.8608716], [36.1392063, 55.8613986], [36.1362031, 55.8576201], [36.1366075, 55.8571194], [36.1359367, 55.8552861], [36.1350919, 55.8547091], [36.1325322, 55.8546094], [36.1313849, 55.8524303], [36.1287648, 55.8501019], [36.1319982, 55.8470116], [36.1393762, 55.8472595], [36.141217, 55.8467967], [36.1420933, 55.8449636], [36.1422792, 55.8428613], [36.1428367, 55.8420743], [36.1376682, 55.8405418], [36.136667, 55.8398236], [36.1369853, 55.838046], [36.1384986, 55.8348078], [36.1367696, 55.8328992], [36.1330248, 55.8353312], [36.1306709, 55.8343217], [36.1302232, 55.8326083], [36.1268472, 55.8337685], [36.1245862, 55.8368809], [36.124554, 55.8399614], [36.1268063, 55.8423298], [36.1250651, 55.8440206], [36.1230329, 55.8447174], [36.1216156, 55.8444385], [36.1204972, 55.8422789], [36.1110633, 55.8430036], [36.1103607, 55.8438124], [36.1109084, 55.8450981], [36.110115, 55.8471762], [36.1108498, 55.8469219], [36.1127173, 55.8481536], [36.1152726, 55.8483686], [36.1184945, 55.8505577], [36.120977, 55.8515168], [36.1192163, 55.8543509], [36.1193943, 55.8572604], [36.1148587, 55.8618937], [36.1068607, 55.864044], [36.101931, 55.8642957], [36.1015284, 55.8624169], [36.1008169, 55.8614513], [36.0979303, 55.859831], [36.0982159, 55.8580003], [36.1002697, 55.8565857], [36.095112, 55.8536901], [36.0959573, 55.8526996], [36.0960207, 55.8513453], [36.0987792, 55.8505634], [36.1009178, 55.8454833], [36.0906427, 55.8448099], [36.0879839, 55.8450039], [36.0854134, 55.8461112], [36.0828655, 55.8453475], [36.0810531, 55.844149], [36.0806116, 55.8418953], [36.0815067, 55.8379856], [36.0764736, 55.8389247], [36.0719924, 55.8326525], [36.0635762, 55.8291088], [36.0564314, 55.8306773], [36.0491987, 55.8315806], [36.0447718, 55.8261799], [36.0449144, 55.8255621], [36.0412514, 55.8231094], [36.0372859, 55.8254628], [36.0348094, 55.8280277], [36.0327689, 55.82935], [36.0293084, 55.8332408], [36.0221589, 55.8304233], [36.0198241, 55.8307193], [36.0207641, 55.8320704], [36.0195816, 55.8329338], [36.0178305, 55.8323513], [36.0163867, 55.8328081], [36.0140559, 55.8344988], [36.0112493, 55.8329318], [36.0085563, 55.8339061], [36.0068456, 55.8318716], [36.0047611, 55.830647], [36.0068771, 55.8293595], [36.0063927, 55.8286158], [36.0045516, 55.8283526], [36.0015885, 55.8267562], [35.998169, 55.8275227], [35.9961143, 55.8285725], [35.9958666, 55.8274564], [35.9921042, 55.8269046], [35.9871794, 55.8251219], [35.9914028, 55.8228626], [35.9836505, 55.8173005], [35.9822171, 55.8105058], [35.9762171, 55.8103518], [35.9725083, 55.8108067], [35.9688246, 55.8104589], [35.9648554, 55.8088094], [35.9679017, 55.8056086], [35.9620533, 55.8040997], [35.9584462, 55.8046392], [35.9569076, 55.8041341], [35.9552558, 55.8052263], [35.9525367, 55.8046095], [35.9526741, 55.8036933], [35.949279, 55.8023722], [35.9446422, 55.8035086], [35.9380619, 55.8034831], [35.9232688, 55.800582], [35.9205118, 55.8005084], [35.91834, 55.7997168], [35.9157124, 55.7976309], [35.9139154, 55.7982198], [35.9126696, 55.796478], [35.9108174, 55.796259], [35.9106777, 55.7953791], [35.9077427, 55.7944621], [35.9084814, 55.7928944], [35.9075774, 55.7906886], [35.9125576, 55.789709], [35.9133283, 55.7884689], [35.9068834, 55.7847099], [35.909498, 55.7833054], [35.9068335, 55.7834504], [35.9058649, 55.7826047], [35.9073693, 55.781824], [35.9060789, 55.7809484], [35.9047222, 55.7816191], [35.8973193, 55.7767259], [35.8983882, 55.7744091], [35.8959607, 55.7725368], [35.8996154, 55.7689941], [35.8985309, 55.7664517], [35.8942359, 55.764574], [35.8922516, 55.7618478], [35.8927671, 55.7607042], [35.8919932, 55.7584315], [35.8863931, 55.7586977], [35.8860796, 55.7600035], [35.8841624, 55.7604845], [35.882276, 55.7625107], [35.8803349, 55.7632048], [35.8745521, 55.7631034], [35.8740106, 55.764769], [35.8702393, 55.7655636], [35.8704064, 55.7671586], [35.871803, 55.7674313], [35.8723755, 55.7681244], [35.8722487, 55.7686394], [35.8712836, 55.769067], [35.8699327, 55.769501], [35.8682778, 55.7677606], [35.8664649, 55.7681536], [35.8669464, 55.7686571], [35.8627099, 55.7697836], [35.8628571, 55.7713949], [35.8683451, 55.7710689], [35.8694577, 55.7721743], [35.8693419, 55.7748938], [35.8647839, 55.7779485], [35.8608523, 55.7786048], [35.8599973, 55.7803498], [35.8588808, 55.7809115], [35.8544773, 55.7809342], [35.853635, 55.7813863], [35.853153, 55.7825808], [35.8536826, 55.784672], [35.8551865, 55.7844789], [35.8558823, 55.7854029], [35.851334, 55.7862197], [35.8487803, 55.7863921], [35.8485414, 55.7840403], [35.8472364, 55.7809874], [35.8185449, 55.7755616], [35.8141775, 55.773356], [35.8077893, 55.7716806], [35.8069478, 55.7710587], [35.8094206, 55.7688927], [35.8093545, 55.7681432], [35.8147935, 55.7639642], [35.8226931, 55.7603168], [35.860406, 55.759924], [35.8582596, 55.7568688], [35.8609116, 55.7535212], [35.8624084, 55.7523406], [35.8641689, 55.7521836], [35.8633338, 55.7485466], [35.8633427, 55.7444299], [35.8517694, 55.7437206], [35.8480169, 55.7427459], [35.8432401, 55.7394083], [35.8462876, 55.7367946], [35.8503384, 55.7353039], [35.851013, 55.7341864]]]}}, {"type": "Feature", "properties": {"rda_code": "MO-82", "rda_name": "PUSHKINSKY AREA / incl. PUSHKINO, IVANTEEVKA, KRASNOARMEYSK /", "osm_name": "Пушкинский городской округ", "match_score": 0.92, "match_reason": "contains"}, "geometry": {"type": "Polygon", "coordinates": [[[37.6926954, 56.0686366], [37.8058295, 56.0217454], [37.8064347, 56.0203448], [37.8090814, 56.0185659], [37.8117815, 56.0158018], [37.8114169, 56.0156025], [37.8089748, 56.0177275], [37.8070285, 56.0183521], [37.8066317, 56.0173324], [37.8083672, 56.0162823], [37.8089064, 56.0146848], [37.7993378, 56.011429], [37.7981991, 56.0100547], [37.7989795, 56.0092752], [37.7979856, 56.0087675], [37.7989004, 56.008244], [37.799, 56.0076888], [37.7981439, 56.0074434], [37.7994322, 56.0061526], [37.7973464, 56.0054096], [37.7968376, 56.0047609], [37.7931133, 56.0055762], [37.7922345, 56.0043728], [37.7940939, 56.0031557], [37.7921011, 56.0024925], [37.791633, 56.0028753], [37.7909997, 56.002657], [37.7913795, 56.0022971], [37.7887247, 56.0013886], [37.7923867, 55.998204], [37.7948329, 55.997994], [37.7945539, 55.996296], [37.7907706, 55.9957738], [37.7906261, 55.9932063], [37.7887801, 55.993173], [37.7886051, 55.9887266], [37.7821861, 55.9902279], [37.7804853, 55.9883498], [37.7761894, 55.9906267], [37.774073, 55.9893536], [37.7748658, 55.9883678], [37.774355, 55.9864419], [37.7790561, 55.9835947], [37.7791042, 55.9827237], [37.7816091, 55.9825962], [37.7832484, 55.9818116], [37.7826577, 55.981369], [37.7842785, 55.9803382], [37.7838237, 55.9790516], [37.7847077, 55.9789275], [37.7845058, 55.9785478], [37.7795291, 55.9798139], [37.7772891, 55.9797403], [37.775521, 55.981899], [37.7726339, 55.981807], [37.7716034, 55.9739879], [37.7702586, 55.973502], [37.7691397, 55.9719931], [37.7690036, 55.9703588], [37.7697564, 55.9679628], [37.7758937, 55.9632518], [37.7887392, 55.9590109], [37.800389, 55.9510744], [37.8062302, 55.9476474], [37.8130949, 55.9426823], [37.8136249, 55.9437144], [37.8144148, 55.9436084], [37.8143277, 55.9432158], [37.8165451, 55.9430221], [37.8226478, 55.943489], [37.8261723, 55.9420345], [37.827127, 55.9436978], [37.8276732, 55.9438657], [37.8277938, 55.9452176], [37.8260454, 55.9468239], [37.8275904, 55.9485451], [37.8281218, 55.9507765], [37.8291176, 55.9514215], [37.8291756, 55.9522257], [37.830539, 55.9536455], [37.8326865, 55.9546101], [37.832724, 55.9549892], [37.8360282, 55.9547229], [37.8377966, 55.9534522], [37.8379607, 55.9521154], [37.8387525, 55.9519991], [37.8422063, 55.9566401], [37.8373503, 55.9563424], [37.8370294, 55.958976], [37.8394047, 55.9583383], [37.8415909, 55.9590575], [37.844123, 55.9578069], [37.8426762, 55.9568736], [37.838534, 55.9516323], [37.8397693, 55.9510538], [37.8400107, 55.9501007], [37.8429654, 55.9485418], [37.8445742, 55.9487539], [37.8449426, 55.9482377], [37.845956, 55.9488489], [37.8501385, 55.9495429], [37.8503855, 55.950338], [37.8489545, 55.9516006], [37.8494434, 55.9523141], [37.8539619, 55.9524689], [37.8564883, 55.9537875], [37.861117, 55.9530882], [37.8612597, 55.9539633], [37.8593766, 55.9545234], [37.860152, 55.9552847], [37.8579172, 55.9553836], [37.8583933, 55.9562011], [37.857212, 55.9564741], [37.8578855, 55.9574186], [37.8617724, 55.956345], [37.8618302, 55.9557044], [37.8653414, 55.9558664], [37.8656031, 55.9548439], [37.8660721, 55.954648], [37.8684314, 55.9549084], [37.870438, 55.9543271], [37.8717997, 55.9528068], [37.8736295, 55.9527678], [37.8753192, 55.9534704], [37.8763865, 55.9525959], [37.8787598, 55.9522511], [37.8790301, 55.9512118], [37.8802593, 55.9505054], [37.8808122, 55.9494216], [37.8805628, 55.9484158], [37.8836337, 55.9492759], [37.8834579, 55.9516808], [37.8851294, 55.951676], [37.888772, 55.9505568], [37.8866018, 55.9531486], [37.8891043, 55.9534606], [37.891505, 55.9532671], [37.8916401, 55.9527303], [37.8928047, 55.9527521], [37.893013, 55.9532156], [37.8957362, 55.9529594], [37.8958278, 55.9496199], [37.8980303, 55.9503133], [37.9004944, 55.9500083], [37.9029664, 55.9503372], [37.9077014, 55.9517244], [37.9093376, 55.951545], [37.9110022, 55.9504749], [37.917303, 55.9538003], [37.9190593, 55.9564976], [37.9214421, 55.9547945], [37.9294959, 55.9562014], [37.9300543, 55.9564712], [37.9288511, 55.9574248], [37.9292332, 55.9580525], [37.9286012, 55.9583787], [37.9299958, 55.9593516], [37.9290215, 55.9596488], [37.9286191, 55.9600615], [37.9301576, 55.9595939], [37.9330657, 55.9603132], [37.9330166, 55.9607392], [37.933572, 55.960816], [37.9331266, 55.9625562], [37.9358913, 55.9635975], [37.9426557, 55.9643948], [37.9424662, 55.9651019], [37.9559283, 55.9649229], [37.9586271, 55.9605564], [37.9595593, 55.959902], [37.9699379, 55.9643154], [37.9697424, 55.9649536], [37.9689952, 55.9651232], [37.9684854, 55.9675754], [37.9696354, 55.9700887], [37.9678041, 55.971025], [37.9657994, 55.9730398], [37.9671275, 55.9740704], [37.9674668, 55.9749774], [37.971258, 55.9754035], [37.9711195, 55.9767526], [37.970424, 55.9768728], [37.9724159, 55.980024], [37.9660992, 55.9813628], [37.9664508, 55.9819064], [37.9535809, 55.9832603], [37.9497617, 55.9845819], [37.9483724, 55.9881766], [37.9491318, 55.9887679], [37.946106, 55.990064], [37.9491685, 55.9929643], [37.9520278, 55.9933821], [37.9599863, 55.989488], [37.9631635, 55.9869855], [37.9632306, 55.9857351], [37.9653566, 55.9853458], [37.9809199, 55.9865267], [37.9848469, 55.9955063], [37.9875898, 56.0004877], [37.9875889, 56.0023258], [37.9868849, 56.0042843], [37.9845901, 56.0052731], [37.9813662, 56.007998], [37.9801884, 56.012224], [37.9848256, 56.0120585], [37.9878882, 56.0113994], [37.9937783, 56.0119917], [38.0019678, 56.0159718], [38.0048861, 56.0195725], [38.0095684, 56.0231747], [38.0072922, 56.0264875], [38.004437, 56.0291865], [38.0054698, 56.0302805], [38.0024769, 56.0308123], [38.0017655, 56.0302081], [38.0014693, 56.0286808], [37.9985078, 56.0269983], [37.9924721, 56.0276644], [37.9913262, 56.0284956], [37.9906612, 56.0298837], [37.9911845, 56.0314288], [37.9934194, 56.0339677], [37.9927669, 56.0351092], [37.9975918, 56.0395126], [38.0012804, 56.0396779], [38.003153, 56.0372705], [38.0063175, 56.0353701], [38.0127861, 56.0346747], [38.0162233, 56.0350918], [38.0302696, 56.0326477], [38.03001, 56.0341084], [38.0313591, 56.0362732], [38.0342678, 56.0382873], [38.0370319, 56.0382819], [38.038698, 56.0392898], [38.0450779, 56.0395685], [38.0467936, 56.0390619], [38.0489343, 56.040014], [38.0505844, 56.0428756], [38.048481, 56.0440428], [38.0490282, 56.046377], [38.0486002, 56.0471009], [38.0505428, 56.0488582], [38.0496333, 56.051107], [38.045856, 56.0523453], [38.0457146, 56.0541493], [38.0470818, 56.0551995], [38.0486266, 56.0583635], [38.058325, 56.0572638], [38.0602446, 56.0577656], [38.0628291, 56.0564823], [38.0645171, 56.0564996], [38.0670279, 56.0557035], [38.0703133, 56.0556431], [38.0753214, 56.0519864], [38.0714581, 56.0477063], [38.0728381, 56.0448928], [38.0726149, 56.0440916], [38.0751244, 56.0400793], [38.0847234, 56.0354306], [38.0883202, 56.0347411], [38.0910794, 56.036952], [38.0915804, 56.0383187], [38.098575, 56.0446664], [38.1115104, 56.0453898], [38.1273197, 56.0407081], [38.1294718, 56.035699], [38.1290011, 56.0356603], [38.1310104, 56.0298463], [38.134902, 56.0305656], [38.1364993, 56.0316719], [38.1392568, 56.031989], [38.1399853, 56.0332728], [38.1453488, 56.0352119], [38.1541646, 56.0403166], [38.1490891, 56.0436569], [38.1473561, 56.0527414], [38.1456951, 56.0543341], [38.1439471, 56.0549207], [38.144053, 56.0566291], [38.1422726, 56.057453], [38.1411701, 56.0589769], [38.1383727, 56.0606911], [38.1381495, 56.0624405], [38.1370873, 56.0636521], [38.1303846, 56.0660904], [38.1299686, 56.0688179], [38.1326567, 56.0702272], [38.1313884, 56.0714873], [38.1311284, 56.0725481], [38.1343754, 56.0731556], [38.1352553, 56.0721902], [38.1364187, 56.072061], [38.1380244, 56.0727221], [38.1378905, 56.0735579], [38.136825, 56.0741927], [38.1334006, 56.0747082], [38.1272577, 56.0741578], [38.127238, 56.0758215], [38.1290898, 56.0758848], [38.1328907, 56.0772949], [38.1386595, 56.0744554], [38.1398937, 56.0717524], [38.136267, 56.0713135], [38.1356996, 56.0703355], [38.1386342, 56.0698884], [38.1440337, 56.0699723], [38.1540366, 56.073747], [38.1599348, 56.0738546], [38.1615398, 56.0755701], [38.161468, 56.0765483], [38.1633071, 56.0772839], [38.1686722, 56.0894451], [38.1760407, 56.0900594], [38.1812864, 56.0942407], [38.178632, 56.0954798], [38.2404128, 56.125872], [38.2527587, 56.1259966], [38.2549855, 56.1264569], [38.2991467, 56.1494218], [38.3101402, 56.1545733], [38.3099426, 56.159781], [38.4059284, 56.2061675], [38.4420236, 56.223921], [38.4423766, 56.2245418], [38.4395751, 56.2248114], [38.4384409, 56.2254398], [38.4345811, 56.2257055], [38.4338433, 56.2273251], [38.4307584, 56.2278688], [38.4311033, 56.2289134], [38.4306694, 56.2296304], [38.423833, 56.2310622], [38.4227102, 56.2318308], [38.4218305, 56.2337587], [38.4209957, 56.23433], [38.4190344, 56.2341229], [38.4177166, 56.2351812], [38.4142879, 56.2355799], [38.4167582, 56.2424453], [38.4162296, 56.2445122], [38.4126105, 56.2465003], [38.4131891, 56.2480807], [38.4095715, 56.2515247], [38.4155338, 56.2542807], [38.4029957, 56.2550854], [38.4037133, 56.25735], [38.4013033, 56.25754], [38.402888, 56.2601965], [38.4037822, 56.263878], [38.3961834, 56.2661774], [38.3982421, 56.271487], [38.4035433, 56.2713906], [38.4106255, 56.275151], [38.4062066, 56.2775717], [38.1874082, 56.1710164], [38.1859159, 56.1720028], [38.1829829, 56.1708149], [38.1435114, 56.1699219], [38.1391028, 56.1743431], [38.1358103, 56.1767841], [38.1327765, 56.1782718], [38.1280478, 56.1734354], [38.1182416, 56.174469], [38.1157053, 56.1739233], [38.1144461, 56.174167], [38.1140751, 56.1742966], [38.1161337, 56.1769622], [38.1135669, 56.1768463], [38.1130523, 56.1776301], [38.1105847, 56.1780467], [38.1089976, 56.177104], [38.1066998, 56.1770446], [38.1061728, 56.1755283], [38.1078902, 56.1751195], [38.1077599, 56.1747107], [38.1037565, 56.1738569], [38.1024774, 56.1728382], [38.101056, 56.1728481], [38.0999841, 56.1739624], [38.0991314, 56.1737942], [38.0981424, 56.1727986], [38.0961731, 56.1731667], [38.0963746, 56.1726916], [38.0929636, 56.1724785], [38.0911791, 56.1730027], [38.0926868, 56.1741941], [38.0918768, 56.1743949], [38.0891098, 56.173503], [38.0886308, 56.1721337], [38.0878859, 56.1718243], [38.0870877, 56.1730652], [38.0860294, 56.1735754], [38.086461, 56.1742106], [38.086124, 56.1744048], [38.0854086, 56.1745364], [38.0849192, 56.1735544], [38.0834785, 56.1730977], [38.0835029, 56.1750535], [38.0804068, 56.1751721], [38.0796503, 56.1745361], [38.0799813, 56.173679], [38.0782186, 56.1731343], [38.0778085, 56.1722651], [38.0745348, 56.1705468], [38.0710166, 56.1715722], [38.0702089, 56.1724192], [38.067735, 56.1719064], [38.0676948, 56.1724042], [38.0686738, 56.1729826], [38.0676063, 56.1736136], [38.065304, 56.1730811], [38.0641659, 56.1734055], [38.0641434, 56.1727878], [38.063138, 56.1726723], [38.0627537, 56.1738914], [38.0616305, 56.173702], [38.0607049, 56.1745626], [38.0544979, 56.175541], [38.0534036, 56.1761025], [38.051256, 56.1753872], [38.0473649, 56.1721191], [38.0401377, 56.1687091], [38.0379133, 56.1695164], [38.0344282, 56.1726257], [38.0310226, 56.1741052], [38.0230431, 56.1799781], [38.0218685, 56.1813731], [38.020723, 56.1814304], [38.0193789, 56.182822], [38.019503, 56.1834607], [38.021697, 56.1837196], [38.0181602, 56.1948639], [38.0169658, 56.1963462], [38.015072, 56.1969426], [38.0142096, 56.1978285], [38.01022, 56.1982574], [38.0105346, 56.1910811], [38.0086972, 56.1909278], [38.0042872, 56.1919502], [38.000796, 56.1916946], [37.9991293, 56.189604], [37.9856368, 56.1903654], [37.9865555, 56.1915923], [37.9820537, 56.196704], [37.9805837, 56.1977263], [37.9697066, 56.1969402], [37.9717159, 56.2018136], [37.9638041, 56.2026397], [37.9646895, 56.2023772], [37.9644138, 56.201304], [37.948979, 56.2053413], [37.9390566, 56.2055968], [37.9381379, 56.2050857], [37.9224274, 56.2138233], [37.9141181, 56.2122558], [37.9106728, 56.2104675], [37.9063088, 56.2141718], [37.9002221, 56.2130222], [37.900337, 56.2106591], [37.8991885, 56.2104037], [37.8982698, 56.2150658], [37.895169, 56.2135331], [37.8937909, 56.2139802], [37.8919534, 56.2165346], [37.8951066, 56.2200322], [37.8884961, 56.2252566], [37.887144, 56.2239488], [37.8869776, 56.2215279], [37.8847469, 56.2213505], [37.8794097, 56.2194515], [37.8746409, 56.2197691], [37.8626686, 56.2147465], [37.8228182, 56.2164707], [37.8216698, 56.2158322], [37.8170761, 56.2174286], [37.8122527, 56.2176202], [37.811822, 56.2168966], [37.8128269, 56.2152574], [37.8146644, 56.2139163], [37.8156191, 56.2121235], [37.7973621, 56.2124898], [37.799099, 56.2156337], [37.799545, 56.2180017], [37.8052838, 56.2239276], [37.7977367, 56.2242662], [37.7957856, 56.2226906], [37.7898273, 56.2252252], [37.7905583, 56.2258873], [37.7900848, 56.2267267], [37.7838236, 56.2304794], [37.7766014, 56.2275767], [37.7757275, 56.2265747], [37.7739625, 56.2271692], [37.7718956, 56.2266741], [37.7694334, 56.2268993], [37.7697042, 56.2261378], [37.7688366, 56.2260327], [37.7691594, 56.2255266], [37.7688717, 56.2237484], [37.7671367, 56.2220381], [37.7656954, 56.2213382], [37.7630241, 56.2235046], [37.7609256, 56.2236235], [37.7598918, 56.2228663], [37.7575228, 56.2232625], [37.7525951, 56.2203242], [37.7524272, 56.2167904], [37.7548466, 56.2087518], [37.7502291, 56.2079185], [37.7405346, 56.208683], [37.741115, 56.2043453], [37.7347098, 56.2028162], [37.7341677, 56.2021095], [37.7392142, 56.2009358], [37.7461325, 56.200226], [37.7507105, 56.1982932], [37.7554587, 56.1982826], [37.7558431, 56.1964435], [37.7494456, 56.1960138], [37.7490915, 56.1964623], [37.7443842, 56.1972087], [37.7426691, 56.1962121], [37.7419079, 56.1936852], [37.7388804, 56.1905854], [37.7293044, 56.1913652], [37.7208023, 56.19117], [37.7203982, 56.189999], [37.7215263, 56.1891474], [37.6965149, 56.1827692], [37.6929256, 56.1801422], [37.6946497, 56.1731662], [37.6960628, 56.1730083], [37.695221, 56.1703501], [37.714378, 56.1633797], [37.7108266, 56.1633345], [37.7102913, 56.1598946], [37.7080954, 56.1528635], [37.7087539, 56.1496082], [37.7027381, 56.1480601], [37.7018492, 56.1468257], [37.7003659, 56.146364], [37.699777, 56.145931], [37.7000407, 56.1455116], [37.6992062, 56.1453271], [37.6999705, 56.1446931], [37.6996236, 56.1443695], [37.7001109, 56.142913], [37.6993782, 56.1406204], [37.7007144, 56.1385758], [37.6988716, 56.136901], [37.7005147, 56.1370294], [37.7034685, 56.1360141], [37.7018805, 56.133076], [37.7006282, 56.1329934], [37.7000387, 56.1315408], [37.7033243, 56.1307854], [37.7041067, 56.1302053], [37.7054659, 56.1258175], [37.7061175, 56.1187168], [37.701471, 56.1191721], [37.7011443, 56.1190447], [37.7016335, 56.1172578], [37.6979268, 56.1169604], [37.6976705, 56.1162371], [37.6965611, 56.1161824], [37.6960994, 56.1169612], [37.694508, 56.117351], [37.6896922, 56.1175909], [37.6896752, 56.1150201], [37.6869513, 56.1141746], [37.6879259, 56.1128052], [37.687315, 56.1099105], [37.6917234, 56.1084407], [37.6919939, 56.1076257], [37.6841513, 56.1069999], [37.6821055, 56.1050161], [37.682357, 56.0976483], [37.6881601, 56.091431], [37.6886762, 56.0899203], [37.6907686, 56.0900622], [37.6906629, 56.0884705], [37.6840388, 56.0885108], [37.6761666, 56.0828994], [37.6791047, 56.0818388], [37.6831765, 56.0820849], [37.6860732, 56.0800526], [37.6856469, 56.0797455], [37.686041, 56.0793656], [37.6909732, 56.0782739], [37.6988523, 56.0751642], [37.6968025, 56.0742345], [37.6960667, 56.0727513], [37.695185, 56.072174], [37.6952301, 56.0715314], [37.6926954, 56.0686366]]]}}, {"type": "Feature", "properties": {"rda_code": "MO-94", "rda_name": "SHCHELKOVO AREA / incl. SHCHELKOVO /", "osm_name": "городской округ Щёлково", "match_score": 0.92, "match_reason": "contains"}, "geometry": {"type": "Polygon", "coordinates": [[[37.903484, 55.937462], [37.897096, 55.9366644], [37.8960211, 55.9349597], [37.897644, 55.934406], [37.8969577, 55.9334579], [37.8990354, 55.9300711], [37.8980918, 55.929676], [37.8994535, 55.9287571], [37.9008298, 55.9289886], [37.9007558, 55.9265782], [37.9017356, 55.9264712], [37.9018131, 55.9258205], [37.9047853, 55.9259566], [37.905844, 55.924749], [37.9083573, 55.9234976], [37.9101345, 55.9210658], [37.9128655, 55.9197928], [37.9137802, 55.9185959], [37.9120623, 55.918539], [37.9116041, 55.9171619], [37.9094081, 55.9177684], [37.9073438, 55.9168873], [37.9058065, 55.9168258], [37.902946, 55.9127139], [37.9033455, 55.9101255], [37.9096688, 55.9075853], [37.9152258, 55.9064306], [37.9196422, 55.9093164], [37.9198384, 55.9106318], [37.9228587, 55.9094043], [37.9263846, 55.9071213], [37.9281134, 55.9066548], [37.9246511, 55.9032829], [37.9228296, 55.9001704], [37.922467, 55.8859981], [37.9108756, 55.8767585], [37.9122206, 55.8736936], [37.9143122, 55.8709546], [37.9181169, 55.8686752], [37.926413, 55.8672732], [37.9290153, 55.8673678], [37.9324194, 55.8663335], [37.9394407, 55.8626671], [37.9500112, 55.8653327], [37.9517418, 55.8619646], [37.9545304, 55.8610419], [37.9570267, 55.8613063], [37.9626075, 55.8608064], [37.963402, 55.8597416], [37.9675389, 55.8597662], [37.9708409, 55.8605752], [37.9719704, 55.8588588], [37.9716153, 55.8570025], [37.9686695, 55.8552268], [37.9707048, 55.8547017], [37.9723439, 55.8530761], [37.9733756, 55.853191], [37.9674946, 55.8500451], [37.9683399, 55.8491556], [37.9757119, 55.8481977], [37.9762797, 55.8473019], [37.9783673, 55.8459318], [37.9778459, 55.8450827], [37.9815437, 55.844156], [37.9833683, 55.8431517], [37.9849385, 55.843222], [37.9878762, 55.8458116], [37.9904107, 55.8449], [37.9937424, 55.8459868], [37.995138, 55.8469617], [37.9988155, 55.8469621], [38.0001982, 55.8476414], [38.004902, 55.8471565], [38.0063411, 55.8464781], [38.0087308, 55.8478844], [38.0147098, 55.8480582], [38.0185521, 55.8480018], [38.024236, 55.846931], [38.0269492, 55.8455293], [38.0279151, 55.8445138], [38.0268018, 55.8416155], [38.0295676, 55.840304], [38.037752, 55.8393054], [38.0488777, 55.8336296], [38.0498159, 55.8305096], [38.0569332, 55.8265364], [38.0576666, 55.8230697], [38.0630023, 55.8193855], [38.0662654, 55.8204517], [38.0734288, 55.8203193], [38.0805041, 55.8215192], [38.0794178, 55.8229904], [38.0796753, 55.8232101], [38.0785863, 55.8255383], [38.0799183, 55.8265798], [38.0776077, 55.8286051], [38.0859038, 55.8276365], [38.0886814, 55.8278322], [38.0884742, 55.8274756], [38.0919143, 55.8281285], [38.0971974, 55.8278012], [38.1010026, 55.826188], [38.1099992, 55.8266076], [38.11077, 55.8251828], [38.127888, 55.8240612], [38.1298399, 55.8326496], [38.1346914, 55.8289345], [38.1368534, 55.8290961], [38.1375789, 55.826162], [38.1389533, 55.8261495], [38.1396405, 55.8243814], [38.1386481, 55.8233327], [38.1484696, 55.8227335], [38.1528341, 55.8235528], [38.151731, 55.820861], [38.1584964, 55.8206743], [38.1726963, 55.8221838], [38.1741249, 55.8203464], [38.2135648, 55.8247921], [38.210133, 55.8392892], [38.209171, 55.8396146], [38.2131298, 55.842065], [38.2204141, 55.8447723], [38.2216789, 55.8471877], [38.2207425, 55.849348], [38.2224137, 55.8500086], [38.2258022, 55.8528329], [38.2244322, 55.8533856], [38.2227278, 55.855023], [38.2191776, 55.8543782], [38.2164817, 55.8519033], [38.2088661, 55.8565862], [38.2031742, 55.8570738], [38.2027515, 55.8557007], [38.1992546, 55.8560042], [38.1906863, 55.857184], [38.1906884, 55.8584748], [38.1829957, 55.8588467], [38.1830935, 55.8570185], [38.1809774, 55.8568308], [38.1809561, 55.8555371], [38.173847, 55.8559236], [38.1660759, 55.8578626], [38.159718, 55.8558098], [38.1590153, 55.8550453], [38.1197164, 55.8657629], [38.1212908, 55.8672806], [38.0939442, 55.876481], [38.1005194, 55.8781945], [38.1025909, 55.8813641], [38.1019991, 55.8823935], [38.0881743, 55.8811716], [38.0843386, 55.884284], [38.0836286, 55.8856683], [38.0815204, 55.8873326], [38.0860734, 55.8937853], [38.0814942, 55.8939657], [38.0832596, 55.8985384], [38.084329, 55.8985519], [38.0820211, 55.9010748], [38.0798165, 55.9020544], [38.0823615, 55.9025341], [38.0819567, 55.9033811], [38.0803143, 55.9031326], [38.0796376, 55.9045505], [38.0789191, 55.9044591], [38.0795759, 55.9078925], [38.0804598, 55.9088171], [38.0874942, 55.9083934], [38.0885241, 55.9091646], [38.0887418, 55.9099365], [38.0972307, 55.9110664], [38.0967331, 55.9134829], [38.0953247, 55.9144412], [38.0990013, 55.918914], [38.0989809, 55.9211047], [38.1005924, 55.9217416], [38.105115, 55.921611], [38.1076782, 55.9204895], [38.1137533, 55.9192607], [38.1165484, 55.9199542], [38.119698, 55.9219449], [38.123096, 55.9211131], [38.1237203, 55.9219965], [38.1215837, 55.9227771], [38.1237247, 55.9242429], [38.1228731, 55.9273545], [38.1123332, 55.926446], [38.1095408, 55.927239], [38.1084765, 55.9285686], [38.1074552, 55.9287897], [38.1083834, 55.9307846], [38.1104221, 55.930491], [38.1102624, 55.9287556], [38.1114376, 55.9276261], [38.1153232, 55.9273281], [38.1191541, 55.9286894], [38.1209648, 55.9287321], [38.1231589, 55.9336524], [38.1272702, 55.932603], [38.1343047, 55.9329236], [38.1330627, 55.9413367], [38.1340732, 55.9454587], [38.1372056, 55.9484464], [38.1313069, 55.9505223], [38.1307068, 55.957365], [38.1794843, 55.9586232], [38.1821717, 55.9605724], [38.180813, 55.9616064], [38.1822499, 55.9634395], [38.1821103, 55.9653223], [38.1958034, 55.9664732], [38.1947057, 55.9674299], [38.1945242, 55.9685632], [38.1953751, 55.9690534], [38.1953611, 55.969536], [38.1965297, 55.9700015], [38.1965159, 55.9718564], [38.1978268, 55.9728314], [38.1978748, 55.9748364], [38.1997281, 55.9773602], [38.1987884, 55.9790163], [38.1997497, 55.9797747], [38.1999092, 55.9829601], [38.2016133, 55.983749], [38.2049313, 55.9833505], [38.2082593, 55.9839202], [38.2108864, 55.9830722], [38.2119059, 55.9832332], [38.2117143, 55.9844173], [38.2126306, 55.9854782], [38.2152224, 55.9860246], [38.2134999, 55.9873454], [38.2153674, 55.9901274], [38.218424, 55.9901558], [38.2181509, 55.9910804], [38.2137776, 55.9925808], [38.2151753, 55.9934068], [38.2194593, 55.993445], [38.2197925, 55.9899699], [38.2179734, 55.9889175], [38.2208257, 55.9885352], [38.2253435, 55.9907017], [38.2267404, 55.9925943], [38.2295344, 55.9942264], [38.2327249, 55.9952992], [38.2389936, 55.9843534], [38.2432361, 55.9878585], [38.2521205, 55.9919169], [38.2542511, 55.9944955], [38.2654535, 55.996609], [38.2683899, 55.9961006], [38.2692548, 55.9940981], [38.2707321, 55.9932299], [38.2732263, 55.984743], [38.2752591, 55.9839759], [38.2792997, 55.9836736], [38.2817405, 55.9858087], [38.2884893, 55.9896009], [38.2962382, 55.9918712], [38.2964367, 55.991048], [38.3004769, 55.9928834], [38.2989185, 55.9961115], [38.3019506, 55.9987737], [38.3030171, 56.0014398], [38.2996047, 56.0040466], [38.3027804, 56.0067558], [38.3022699, 56.0086267], [38.3002089, 56.0109274], [38.3005331, 56.0124544], [38.3028003, 56.0153167], [38.3007048, 56.0170735], [38.2994865, 56.0202035], [38.2993027, 56.0225019], [38.2949443, 56.0244147], [38.2959786, 56.0216604], [38.29453, 56.0212709], [38.2951867, 56.0191358], [38.286733, 56.0186537], [38.2859054, 56.0206661], [38.2848307, 56.0212556], [38.2761772, 56.0192242], [38.2756039, 56.019994], [38.2740337, 56.0198997], [38.2728539, 56.0222031], [38.2651522, 56.02129], [38.2639172, 56.0238327], [38.2637175, 56.025422], [38.2646315, 56.0264707], [38.2627689, 56.0287279], [38.2650407, 56.0316035], [38.2586431, 56.033377], [38.2587188, 56.0365274], [38.2630672, 56.0352068], [38.2644523, 56.0358272], [38.2637687, 56.0366675], [38.2700296, 56.0367717], [38.2708006, 56.0356065], [38.2735443, 56.0341961], [38.279826, 56.0335096], [38.2792637, 56.0324506], [38.2796031, 56.0322771], [38.2838108, 56.0321145], [38.2860076, 56.0312644], [38.2895675, 56.0348412], [38.2982224, 56.0379379], [38.3011277, 56.0383023], [38.3025354, 56.0379818], [38.3053026, 56.036364], [38.3041742, 56.0355648], [38.3056936, 56.035037], [38.3068628, 56.0339315], [38.3076036, 56.0342061], [38.3122767, 56.032228], [38.3196277, 56.0309858], [38.3207091, 56.031514], [38.3345346, 56.0289446], [38.3355858, 56.0302544], [38.3344984, 56.0308021], [38.3379127, 56.032988], [38.3539286, 56.0257386], [38.3594917, 56.0266904], [38.3630797, 56.0332296], [38.363822, 56.0337731], [38.3659033, 56.0347598], [38.3724924, 56.03326], [38.3732002, 56.0348389], [38.3757103, 56.0374142], [38.3840126, 56.041802], [38.3872691, 56.0424356], [38.3876559, 56.0441155], [38.389996, 56.0442646], [38.3908343, 56.0454459], [38.3932614, 56.0466158], [38.3920935, 56.0478474], [38.3910425, 56.0473502], [38.3847797, 56.0510765], [38.386209, 56.0562491], [38.3805535, 56.0571428], [38.3794141, 56.055877], [38.3755142, 56.0564644], [38.3764558, 56.0578797], [38.3756936, 56.0580202], [38.3763176, 56.0603623], [38.3793534, 56.0599204], [38.3838676, 56.0602417], [38.3839437, 56.0596172], [38.3919157, 56.0596122], [38.395516, 56.0607523], [38.3960071, 56.058425], [38.3935795, 56.0584329], [38.3949037, 56.0573739], [38.4009147, 56.0551434], [38.4051128, 56.0555178], [38.4104341, 56.058456], [38.4207979, 56.060228], [38.418089, 56.0609176], [38.415947, 56.0626824], [38.4137911, 56.0633832], [38.4117163, 56.0629405], [38.4073361, 56.063092], [38.4070735, 56.0672722], [38.4132773, 56.0681834], [38.4160238, 56.069251], [38.4195202, 56.0644595], [38.4213761, 56.0637168], [38.4240957, 56.0652401], [38.4274117, 56.0642939], [38.4284157, 56.0632658], [38.4332344, 56.0609564], [38.4388876, 56.0597937], [38.440413, 56.0693093], [38.4395897, 56.0706623], [38.4348208, 56.0709217], [38.4235301, 56.0743411], [38.4236903, 56.0758907], [38.4206419, 56.0760615], [38.4198415, 56.0767363], [38.4189909, 56.0766975], [38.4173622, 56.0794848], [38.4180332, 56.0808276], [38.4209539, 56.0812903], [38.4210447, 56.0821965], [38.4257463, 56.0846081], [38.4254445, 56.0858496], [38.4306415, 56.0875418], [38.4237438, 56.0901948], [38.4193038, 56.0926345], [38.4147043, 56.0935746], [38.412453, 56.095347], [38.4142047, 56.0961258], [38.4145503, 56.0956537], [38.4140847, 56.0948306], [38.41428, 56.0941458], [38.4155766, 56.093718], [38.4196846, 56.0935378], [38.4240186, 56.0917948], [38.4248871, 56.0921981], [38.429162, 56.0900245], [38.4425846, 56.0882615], [38.4463632, 56.0875601], [38.4466534, 56.086953], [38.4475332, 56.0867487], [38.4474407, 56.0844856], [38.448251, 56.0843524], [38.4479531, 56.0823434], [38.4471506, 56.0821682], [38.4466436, 56.0827339], [38.4478002, 56.0831332], [38.4461367, 56.0827007], [38.4459873, 56.0813473], [38.4397789, 56.0797857], [38.4439757, 56.0760615], [38.4434533, 56.0735265], [38.4419966, 56.0720133], [38.4421601, 56.0708694], [38.4434871, 56.0687164], [38.4457128, 56.0673387], [38.4496564, 56.0718653], [38.4549796, 56.0741155], [38.4579875, 56.0762341], [38.4592237, 56.0778615], [38.4621292, 56.0790935], [38.4731503, 56.0733347], [38.4723452, 56.0716309], [38.4747873, 56.0688725], [38.4752568, 56.0652584], [38.4714646, 56.0601853], [38.4719174, 56.0568751], [38.4757032, 56.0561273], [38.4830649, 56.0583155], [38.4905378, 56.0594902], [38.4899067, 56.0603888], [38.4913729, 56.0610526], [38.5033894, 56.0615988], [38.5180084, 56.0506961], [38.5219081, 56.0494245], [38.524754, 56.0541792], [38.5317291, 56.0522014], [38.5338075, 56.0531305], [38.5376637, 56.0534914], [38.5401561, 56.0528205], [38.5396543, 56.0584485], [38.5312326, 56.0629491], [38.5316827, 56.0689868], [38.507808, 56.0692842], [38.508899, 56.0717319], [38.4959442, 56.0710612], [38.4951556, 56.0764295], [38.4963618, 56.0796139], [38.4957857, 56.082757], [38.5024622, 56.0824226], [38.503102, 56.0827419], [38.5115356, 56.0815824], [38.5121889, 56.0793431], [38.5164419, 56.0750621], [38.5198401, 56.076343], [38.5228599, 56.0764713], [38.530566, 56.078399], [38.5365077, 56.081005], [38.5364929, 56.0815377], [38.5327217, 56.0858998], [38.5327651, 56.0865394], [38.5292933, 56.0909269], [38.530941, 56.0951645], [38.53614, 56.0959224], [38.5365403, 56.0964951], [38.5364554, 56.0970857], [38.5351971, 56.0974639], [38.5360219, 56.0987492], [38.5355106, 56.1003432], [38.5345706, 56.1006561], [38.5342902, 56.0998701], [38.5328135, 56.0995057], [38.532301, 56.0998837], [38.5324803, 56.1005134], [38.5312609, 56.1011998], [38.5299861, 56.1006529], [38.5288221, 56.102716], [38.5291565, 56.1030243], [38.5289552, 56.1040362], [38.5304472, 56.1039664], [38.5299586, 56.1052997], [38.531172, 56.1065806], [38.5298432, 56.106772], [38.530644, 56.1072582], [38.5315159, 56.108994], [38.5306306, 56.1098368], [38.530958, 56.1110527], [38.5316188, 56.1111741], [38.5311607, 56.111804], [38.5330667, 56.1137795], [38.5332151, 56.1146132], [38.5306899, 56.1160035], [38.5281865, 56.1155177], [38.5269743, 56.1162085], [38.5269203, 56.1167644], [38.5250007, 56.1175639], [38.5242229, 56.1169256], [38.5236634, 56.117221], [38.522155, 56.1165004], [38.5216421, 56.1169131], [38.5215573, 56.1180249], [38.5197701, 56.119645], [38.5183241, 56.1197495], [38.5170497, 56.120983], [38.5158835, 56.1206749], [38.5160863, 56.1224163], [38.5135534, 56.124306], [38.5123644, 56.1263733], [38.5132356, 56.1272157], [38.5125672, 56.1282711], [38.513819, 56.1279366], [38.5136715, 56.1284577], [38.5121009, 56.1291224], [38.5121946, 56.1302689], [38.5129957, 56.130664], [38.5110518, 56.1314285], [38.5119387, 56.1323361], [38.5103523, 56.1327097], [38.5104535, 56.133296], [38.5124681, 56.1344206], [38.512383, 56.135693], [38.5139697, 56.136062], [38.514864, 56.1357145], [38.5153543, 56.1363746], [38.5166766, 56.1367479], [38.5172685, 56.1386065], [38.5167478, 56.1393839], [38.5184744, 56.1392187], [38.5196571, 56.1400176], [38.5201469, 56.1395051], [38.5212367, 56.1410292], [38.5226839, 56.1417194], [38.5217046, 56.1431832], [38.5201332, 56.1430922], [38.5206782, 56.1440128], [38.5194883, 56.1445863], [38.5196363, 56.1450205], [38.5191697, 56.1452899], [38.5198082, 56.1465014], [38.5197287, 56.1481185], [38.5184397, 56.1478827], [38.5190236, 56.148712], [38.5182457, 56.1488511], [38.5173117, 56.1481173], [38.5170398, 56.1490381], [38.5149471, 56.1494248], [38.5175306, 56.1502931], [38.5175465, 56.1512311], [38.5189314, 56.1510919], [38.5198506, 56.1532023], [38.5177486, 56.1549026], [38.5160135, 56.1551938], [38.5151813, 56.1563816], [38.5129928, 56.156358], [38.5128749, 56.1580433], [38.5098833, 56.1616303], [38.5110965, 56.1629843], [38.5124499, 56.163314], [38.513601, 56.1649195], [38.5128076, 56.1657354], [38.5125121, 56.1671587], [38.5106296, 56.1687123], [38.5157173, 56.1721141], [38.5216931, 56.1830399], [38.5127924, 56.182147], [38.5020225, 56.1827544], [38.5012428, 56.1855444], [38.5024651, 56.1875484], [38.5033649, 56.1879864], [38.5013938, 56.1887942], [38.5010911, 56.1894725], [38.5018292, 56.1899862], [38.5033378, 56.1893892], [38.503745, 56.1898069], [38.5057674, 56.1898619], [38.5067517, 56.1908581], [38.5108619, 56.1921681], [38.5119081, 56.1929872], [38.512106, 56.1938013], [38.5114928, 56.1950938], [38.512586, 56.1963986], [38.5119437, 56.1971875], [38.509472, 56.1982835], [38.5097151, 56.1996923], [38.5146608, 56.2022096], [38.5149575, 56.2036704], [38.5139454, 56.2036921], [38.514841, 56.2046126], [38.5190541, 56.2056482], [38.5201463, 56.2070829], [38.5201773, 56.2084273], [38.5236419, 56.2091923], [38.5275696, 56.2108368], [38.5262701, 56.2123797], [38.5266551, 56.2133768], [38.5280326, 56.2134657], [38.5166413, 56.2153674], [38.5148574, 56.2149082], [38.5034472, 56.2178315], [38.4999227, 56.2164392], [38.4984574, 56.212139], [38.4941316, 56.2091301], [38.4933992, 56.2070016], [38.4914829, 56.2049276], [38.486814, 56.2071718], [38.4755583, 56.2041532], [38.4744456, 56.2057294], [38.4696803, 56.2060488], [38.4594541, 56.2026174], [38.4568791, 56.2077435], [38.4568871, 56.2085609], [38.4505484, 56.2112286], [38.4508251, 56.2133587], [38.4495177, 56.2143193], [38.4420236, 56.223921], [38.3099426, 56.159781], [38.3101402, 56.1545733], [38.2991467, 56.1494218], [38.2549855, 56.1264569], [38.2527587, 56.1259966], [38.2404128, 56.125872], [38.178632, 56.0954798], [38.1812864, 56.0942407], [38.1760407, 56.0900594], [38.1686722, 56.0894451], [38.1633071, 56.0772839], [38.161468, 56.0765483], [38.1615398, 56.0755701], [38.1599348, 56.0738546], [38.1540366, 56.073747], [38.1440337, 56.0699723], [38.1386342, 56.0698884], [38.1356996, 56.0703355], [38.136267, 56.0713135], [38.1398937, 56.0717524], [38.1386595, 56.0744554], [38.1328907, 56.0772949], [38.1290898, 56.0758848], [38.127238, 56.0758215], [38.1272577, 56.0741578], [38.1334006, 56.0747082], [38.136825, 56.0741927], [38.1378905, 56.0735579], [38.1380244, 56.0727221], [38.1364187, 56.072061], [38.1352553, 56.0721902], [38.1343754, 56.0731556], [38.1311284, 56.0725481], [38.1313884, 56.0714873], [38.1326567, 56.0702272], [38.1299686, 56.0688179], [38.1303846, 56.0660904], [38.1370873, 56.0636521], [38.1381495, 56.0624405], [38.1383727, 56.0606911], [38.1411701, 56.0589769], [38.1422726, 56.057453], [38.144053, 56.0566291], [38.1439471, 56.0549207], [38.1456951, 56.0543341], [38.1473561, 56.0527414], [38.1490891, 56.0436569], [38.1541646, 56.0403166], [38.1453488, 56.0352119], [38.1399853, 56.0332728], [38.1392568, 56.031989], [38.1364993, 56.0316719], [38.134902, 56.0305656], [38.1310104, 56.0298463], [38.1290011, 56.0356603], [38.1294718, 56.035699], [38.1273197, 56.0407081], [38.1115104, 56.0453898], [38.098575, 56.0446664], [38.0915804, 56.0383187], [38.0910794, 56.036952], [38.0883202, 56.0347411], [38.0847234, 56.0354306], [38.0751244, 56.0400793], [38.0726149, 56.0440916], [38.0728381, 56.0448928], [38.0714581, 56.0477063], [38.0753214, 56.0519864], [38.0703133, 56.0556431], [38.0670279, 56.0557035], [38.0645171, 56.0564996], [38.0628291, 56.0564823], [38.0602446, 56.0577656], [38.058325, 56.0572638], [38.0486266, 56.0583635], [38.0470818, 56.0551995], [38.0457146, 56.0541493], [38.045856, 56.0523453], [38.0496333, 56.051107], [38.0505428, 56.0488582], [38.0486002, 56.0471009], [38.0490282, 56.046377], [38.048481, 56.0440428], [38.0505844, 56.0428756], [38.0489343, 56.040014], [38.0467936, 56.0390619], [38.0450779, 56.0395685], [38.038698, 56.0392898], [38.0370319, 56.0382819], [38.0342678, 56.0382873], [38.0313591, 56.0362732], [38.03001, 56.0341084], [38.0302696, 56.0326477], [38.0162233, 56.0350918], [38.0127861, 56.0346747], [38.0063175, 56.0353701], [38.003153, 56.0372705], [38.0012804, 56.0396779], [37.9975918, 56.0395126], [37.9927669, 56.0351092], [37.9934194, 56.0339677], [37.9911845, 56.0314288], [37.9906612, 56.0298837], [37.9913262, 56.0284956], [37.9924721, 56.0276644], [37.9985078, 56.0269983], [38.0014693, 56.0286808], [38.0017655, 56.0302081], [38.0024769, 56.0308123], [38.0054698, 56.0302805], [38.004437, 56.0291865], [38.0072922, 56.0264875], [38.0095684, 56.0231747], [38.0048861, 56.0195725], [38.0019678, 56.0159718], [37.9937783, 56.0119917], [37.9878882, 56.0113994], [37.9848256, 56.0120585], [37.9801884, 56.012224], [37.9813662, 56.007998], [37.9845901, 56.0052731], [37.9868849, 56.0042843], [37.9875889, 56.0023258], [37.9875898, 56.0004877], [37.9848469, 55.9955063], [37.9809199, 55.9865267], [37.9653566, 55.9853458], [37.9632306, 55.9857351], [37.9631635, 55.9869855], [37.9599863, 55.989488], [37.9520278, 55.9933821], [37.9491685, 55.9929643], [37.946106, 55.990064], [37.9491318, 55.9887679], [37.9483724, 55.9881766], [37.9497617, 55.9845819], [37.9535809, 55.9832603], [37.9664508, 55.9819064], [37.9660992, 55.9813628], [37.9724159, 55.980024], [37.970424, 55.9768728], [37.9711195, 55.9767526], [37.971258, 55.9754035], [37.9674668, 55.9749774], [37.9671275, 55.9740704], [37.9657994, 55.9730398], [37.9678041, 55.971025], [37.9696354, 55.9700887], [37.9684854, 55.9675754], [37.9689952, 55.9651232], [37.9697424, 55.9649536], [37.9699187, 55.9642881], [37.9595593, 55.959902], [37.9586271, 55.9605564], [37.9559283, 55.9649229], [37.9424662, 55.9651019], [37.9426557, 55.9643948], [37.9358913, 55.9635975], [37.9331266, 55.9625562], [37.933572, 55.960816], [37.9330166, 55.9607392], [37.9330657, 55.9603132], [37.9301576, 55.9595939], [37.9285785, 55.9599422], [37.9299958, 55.9593516], [37.9337225, 55.9600938], [37.9371172, 55.9594062], [37.9419105, 55.956518], [37.9421167, 55.9531725], [37.9394267, 55.9527441], [37.9396332, 55.951535], [37.9363048, 55.9514502], [37.9358867, 55.9521856], [37.9193673, 55.9510908], [37.9188062, 55.9425125], [37.9143197, 55.9426666], [37.9125523, 55.9418692], [37.911799, 55.9405735], [37.9078156, 55.939519], [37.903484, 55.937462]], [[38.0190477, 55.9588966], [38.0091228, 55.9711593], [38.0128576, 55.9720517], [38.0131835, 55.9710222], [38.0161979, 55.9714249], [38.0303663, 55.9678947], [38.0291518, 55.9691442], [38.0298172, 55.9701166], [38.0303704, 55.9705025], [38.0322588, 55.9701654], [38.0326928, 55.9712048], [38.0338232, 55.9721454], [38.0368764, 55.9718433], [38.0375002, 55.9706503], [38.0382963, 55.9704858], [38.0425545, 55.9790172], [38.0494391, 55.9769195], [38.0509759, 55.9780171], [38.0515761, 55.9779728], [38.0526269, 55.9756743], [38.0551153, 55.9748534], [38.0556187, 55.9752755], [38.0579851, 55.9742715], [38.0611784, 55.9752271], [38.063348, 55.9742316], [38.0665999, 55.9705555], [38.0706361, 55.971433], [38.0741186, 55.9701425], [38.0780187, 55.9667574], [38.0805091, 55.9676219], [38.0816131, 55.966618], [38.0791768, 55.965649], [38.0804677, 55.9649723], [38.0793532, 55.9640745], [38.0799174, 55.9637919], [38.0779318, 55.9625363], [38.0770314, 55.9631408], [38.0766066, 55.9658399], [38.0748656, 55.9661438], [38.0742877, 55.9656093], [38.0685829, 55.9657134], [38.0676999, 55.965075], [38.0660006, 55.9654337], [38.0660046, 55.9649707], [38.0646001, 55.9649714], [38.0637985, 55.9644794], [38.0645429, 55.9641463], [38.0642428, 55.9639209], [38.0634524, 55.9642671], [38.0605884, 55.9625092], [38.0588252, 55.9621512], [38.0604823, 55.9614611], [38.0605325, 55.9606376], [38.0634532, 55.9592538], [38.0628818, 55.9588533], [38.0667077, 55.9574255], [38.0671232, 55.9561786], [38.0662903, 55.953866], [38.0664849, 55.9525676], [38.0685317, 55.9509923], [38.0700378, 55.9505453], [38.0690626, 55.9502758], [38.0716874, 55.9485841], [38.0718353, 55.9472141], [38.0711766, 55.9455714], [38.0714739, 55.9448669], [38.0581146, 55.9412521], [38.054852, 55.9422843], [38.0536332, 55.9410688], [38.0520852, 55.9417401], [38.0510312, 55.9408124], [38.0514425, 55.9405339], [38.0494714, 55.9389291], [38.0478504, 55.9398217], [38.051926, 55.9435488], [38.0352111, 55.9512882], [38.0335187, 55.952606], [38.0328526, 55.9524754], [38.031038, 55.9533029], [38.0312073, 55.9540095], [38.0308199, 55.9543344], [38.0297135, 55.9538894], [38.0190477, 55.9588966]]]}}, {"type": "Feature", "properties": {"rda_code": "MO-76", "rda_name": "BOGORODSKY OKRUG / incl. ELEKTROUGLI, NOGINSK /", "osm_name": "Богородский городской округ", "match_score": 0.92, "match_reason": "contains"}, "geometry": {"type": "Polygon", "coordinates": [[[38.0535886, 55.7751745], [38.0840894, 55.7750804], [38.0838695, 55.7714975], [38.0997525, 55.769924], [38.1068745, 55.7672898], [38.1078222, 55.766208], [38.1106378, 55.7656362], [38.109788, 55.7644082], [38.1106723, 55.7624838], [38.1106391, 55.7598336], [38.1112152, 55.7589382], [38.1161893, 55.758266], [38.1157436, 55.7570953], [38.1178376, 55.7569211], [38.119984, 55.7581403], [38.1207151, 55.7567363], [38.1167125, 55.7549031], [38.1161601, 55.7533726], [38.1245624, 55.7521247], [38.1447756, 55.746153], [38.1398366, 55.7418775], [38.1399, 55.7387709], [38.1357061, 55.7388301], [38.1362041, 55.7392311], [38.1361181, 55.7404117], [38.1277617, 55.7401091], [38.120924, 55.7412959], [38.1060241, 55.7451626], [38.0974908, 55.7437517], [38.0888012, 55.7415347], [38.0925212, 55.7365191], [38.1026561, 55.7388588], [38.1036507, 55.7352617], [38.1063222, 55.7330344], [38.1089736, 55.733378], [38.1119494, 55.7322502], [38.1137166, 55.7267875], [38.1182527, 55.7208606], [38.118771, 55.7183857], [38.1232211, 55.7158961], [38.1227587, 55.7154845], [38.1239134, 55.7138129], [38.1341174, 55.7136274], [38.147178, 55.7164434], [38.1499278, 55.7137798], [38.1575347, 55.7117473], [38.1576013, 55.7096594], [38.1596381, 55.7087074], [38.1588534, 55.7058862], [38.1559243, 55.7023383], [38.1591894, 55.7017887], [38.1629661, 55.7033891], [38.1653896, 55.703495], [38.1711204, 55.702661], [38.1734704, 55.7029622], [38.184489, 55.6993217], [38.1887357, 55.6958857], [38.1994166, 55.6933131], [38.2051529, 55.691378], [38.2075205, 55.6891325], [38.2081208, 55.6873701], [38.2059579, 55.6865682], [38.2061649, 55.6757905], [38.2130817, 55.6764775], [38.219091, 55.676236], [38.2307823, 55.6788251], [38.238367, 55.6814677], [38.2481621, 55.683841], [38.2514327, 55.6851978], [38.2548278, 55.6854108], [38.2682061, 55.6850512], [38.2678052, 55.6843126], [38.2753955, 55.6836449], [38.2855671, 55.6797523], [38.2913488, 55.676386], [38.2903553, 55.6755165], [38.2941968, 55.6751019], [38.2980668, 55.676949], [38.3056296, 55.6767314], [38.311308, 55.6758503], [38.3158457, 55.6744323], [38.3158864, 55.6740929], [38.3174664, 55.6748846], [38.3157764, 55.6753842], [38.3186856, 55.6761003], [38.3153342, 55.6795089], [38.3135964, 55.6796984], [38.3148092, 55.683139], [38.321356, 55.6824984], [38.3210596, 55.6815165], [38.3277605, 55.6814293], [38.3291165, 55.6820361], [38.3312855, 55.681847], [38.3325513, 55.6829632], [38.3326739, 55.6842471], [38.3454644, 55.6817419], [38.3480953, 55.6820291], [38.3517436, 55.6843141], [38.3544552, 55.6846706], [38.3563568, 55.6860377], [38.3586877, 55.686339], [38.3532043, 55.6897665], [38.3513301, 55.694392], [38.3559645, 55.6944279], [38.3653877, 55.6925757], [38.3733317, 55.6995975], [38.3708278, 55.7009803], [38.3716543, 55.7029949], [38.3633285, 55.7058229], [38.3550969, 55.7067715], [38.3501771, 55.7065029], [38.3499115, 55.7071614], [38.3579353, 55.7095943], [38.3556643, 55.7120327], [38.3544957, 55.7116741], [38.3538803, 55.7123633], [38.359552, 55.7143944], [38.3548052, 55.7172753], [38.3559883, 55.7178608], [38.3541087, 55.7193394], [38.3533291, 55.7192504], [38.3538922, 55.7195452], [38.3533161, 55.7197079], [38.3738814, 55.7195612], [38.3744367, 55.7220933], [38.365705, 55.7224481], [38.3662267, 55.7261693], [38.3508325, 55.7434371], [38.356265, 55.7578164], [38.3559572, 55.76373], [38.3550026, 55.7637441], [38.3540591, 55.7653112], [38.3549961, 55.7654338], [38.3501751, 55.7737141], [38.3488265, 55.7735781], [38.3474963, 55.7759043], [38.3421076, 55.7747344], [38.3417884, 55.7736815], [38.3426616, 55.7717775], [38.3371966, 55.7716361], [38.3384948, 55.7739997], [38.3353629, 55.7758028], [38.3315361, 55.7764411], [38.3280106, 55.7776508], [38.3288216, 55.7805658], [38.3281908, 55.7818054], [38.3296538, 55.7824852], [38.3494621, 55.7855163], [38.3490208, 55.7865883], [38.3503328, 55.786787], [38.3523386, 55.7935313], [38.3526407, 55.7984686], [38.4020325, 55.8017647], [38.4185004, 55.8127913], [38.4202631, 55.8144612], [38.4172867, 55.8156506], [38.4182611, 55.8176205], [38.4249731, 55.8186215], [38.4247398, 55.8198419], [38.4268428, 55.8201273], [38.4457, 55.8215932], [38.4611677, 55.8219706], [38.4622345, 55.8237005], [38.4617179, 55.8240025], [38.461577, 55.8248821], [38.4638072, 55.8256195], [38.4650805, 55.8239826], [38.4660702, 55.8236777], [38.4659678, 55.8230497], [38.4753813, 55.8209739], [38.4785066, 55.8226326], [38.480546, 55.8206759], [38.4827092, 55.8196923], [38.4797612, 55.816841], [38.4856283, 55.8160287], [38.4921311, 55.8118826], [38.4823841, 55.81093], [38.4828564, 55.8094543], [38.4818011, 55.804808], [38.490323, 55.8031118], [38.4952041, 55.804232], [38.5034474, 55.8038624], [38.5134254, 55.7981393], [38.5261197, 55.7677046], [38.5292205, 55.7679877], [38.5320687, 55.7702985], [38.5273034, 55.7781853], [38.5336571, 55.7832677], [38.5356378, 55.7874148], [38.5357045, 55.7948419], [38.5439896, 55.7987627], [38.548381, 55.8041709], [38.5660783, 55.812861], [38.5770064, 55.8159684], [38.5784032, 55.8171763], [38.5796903, 55.8175379], [38.5820821, 55.8165537], [38.5877935, 55.8156246], [38.5891016, 55.8159338], [38.5834641, 55.8170783], [38.5828051, 55.8179626], [38.5841679, 55.8204206], [38.583522, 55.8222336], [38.5984337, 55.8230925], [38.6000133, 55.8206165], [38.604764, 55.8192046], [38.6131809, 55.821077], [38.6138994, 55.8236877], [38.6138438, 55.8249995], [38.6130428, 55.8266846], [38.6269933, 55.8279534], [38.632333, 55.8295574], [38.6300647, 55.8305833], [38.6247747, 55.8354755], [38.6223288, 55.8402712], [38.6206089, 55.8418375], [38.6246727, 55.8452282], [38.6321783, 55.8489423], [38.6324994, 55.8499433], [38.6360784, 55.8495402], [38.6361971, 55.8488874], [38.6434297, 55.8487596], [38.6433371, 55.852139], [38.6308449, 55.8523094], [38.6264181, 55.856913], [38.6260702, 55.8592965], [38.6347464, 55.8595936], [38.6390358, 55.860553], [38.6390004, 55.8633281], [38.6260873, 55.8670369], [38.6313078, 55.873512], [38.6202508, 55.8764289], [38.6328751, 55.8883666], [38.6374164, 55.888644], [38.6470601, 55.8872013], [38.6494666, 55.8892467], [38.6422164, 55.8913842], [38.6377858, 55.894439], [38.638257, 55.8954823], [38.6325137, 55.8992122], [38.6354362, 55.9004892], [38.6307703, 55.9032073], [38.6420269, 55.9097331], [38.6378843, 55.9109184], [38.6407099, 55.9147378], [38.6419753, 55.9145342], [38.6428825, 55.9167759], [38.6421987, 55.9173684], [38.6431681, 55.9197622], [38.6462111, 55.9233029], [38.6474838, 55.9236876], [38.6552274, 55.923503], [38.6627181, 55.9259567], [38.6658229, 55.9240451], [38.6777674, 55.9271786], [38.6787951, 55.9294713], [38.6712202, 55.9325245], [38.6661087, 55.9330484], [38.6620568, 55.9340819], [38.6628626, 55.9350512], [38.6607942, 55.9357879], [38.6594941, 55.9350352], [38.6611654, 55.934206], [38.6603018, 55.9329954], [38.6568244, 55.9334028], [38.6538571, 55.9299152], [38.6534517, 55.9288032], [38.6527335, 55.9284963], [38.6516643, 55.9298945], [38.6457422, 55.9284528], [38.6380478, 55.9386408], [38.6412211, 55.9425062], [38.6388438, 55.9438032], [38.6426242, 55.945811], [38.6443383, 55.9500581], [38.6387992, 55.9503863], [38.6360184, 55.9511115], [38.6370262, 55.952163], [38.6334637, 55.9526105], [38.6311685, 55.9535002], [38.6293037, 55.9531664], [38.6260316, 55.9608264], [38.6205429, 55.9591794], [38.6159314, 55.960287], [38.6238559, 55.9654939], [38.6317267, 55.967832], [38.6264899, 55.9790132], [38.6187862, 55.9776559], [38.611132, 55.9769408], [38.6046196, 55.9784562], [38.5979813, 55.9812553], [38.5956195, 55.9866336], [38.591464, 55.9877737], [38.5912969, 55.9888121], [38.588847, 55.9900397], [38.5896421, 55.9906952], [38.5894142, 55.9909956], [38.586032, 55.9911448], [38.5850962, 55.9909619], [38.5846979, 55.9899992], [38.5821789, 55.9900655], [38.5811439, 55.9914416], [38.5785754, 55.9915865], [38.5794226, 55.9928181], [38.5790775, 55.9932405], [38.5732421, 55.9943187], [38.5740664, 55.9951416], [38.5772115, 55.9940359], [38.5803204, 55.9954958], [38.5762006, 55.9985923], [38.5774279, 56.0004819], [38.578957, 56.0007945], [38.5796736, 56.0003824], [38.5802244, 55.9989377], [38.580838, 55.9989883], [38.5813509, 56.0000635], [38.58357, 56.0008005], [38.5863984, 56.0007362], [38.5866337, 56.0015706], [38.5851549, 56.0028857], [38.5865706, 56.0029867], [38.5874773, 56.0024361], [38.5882904, 56.0032371], [38.5901897, 56.0033939], [38.5886009, 56.004617], [38.5887433, 56.0050652], [38.5895965, 56.0053108], [38.5914673, 56.0045058], [38.5941638, 56.0050127], [38.598523, 56.0122057], [38.6030242, 56.010981], [38.6069269, 56.0119556], [38.608597, 56.0130493], [38.6099981, 56.0132907], [38.6097363, 56.0144734], [38.6123175, 56.014535], [38.6126257, 56.0153596], [38.610857, 56.0165566], [38.6093281, 56.0167833], [38.6069002, 56.0160903], [38.6071294, 56.0150657], [38.6067854, 56.0144699], [38.6056856, 56.0143352], [38.605473, 56.0147138], [38.6056658, 56.015246], [38.6064855, 56.015413], [38.6063272, 56.0157853], [38.6053475, 56.0158006], [38.6037743, 56.0149585], [38.6035676, 56.015632], [38.6010367, 56.0161029], [38.6007482, 56.0169217], [38.5996439, 56.0175244], [38.5998027, 56.0179535], [38.6014604, 56.0182865], [38.5999984, 56.0199457], [38.5938235, 56.020122], [38.5937009, 56.0205994], [38.5962318, 56.0222271], [38.5940949, 56.0218261], [38.593407, 56.0227879], [38.5918033, 56.0232245], [38.589337, 56.0248241], [38.5914122, 56.0269084], [38.59659, 56.0280807], [38.5944357, 56.0290701], [38.5933802, 56.0301185], [38.5934898, 56.0311048], [38.5949699, 56.0320489], [38.5915241, 56.0325712], [38.5907004, 56.0333628], [38.593467, 56.0351956], [38.5936767, 56.0360822], [38.5930099, 56.0367035], [38.5906728, 56.0373765], [38.5906239, 56.0380589], [38.591804, 56.0388983], [38.5901634, 56.0401372], [38.5907626, 56.0408618], [38.5945634, 56.0418848], [38.5949964, 56.0425583], [38.5937401, 56.0440135], [38.5850385, 56.0426721], [38.5828158, 56.0451984], [38.5864386, 56.0535462], [38.5860824, 56.0544235], [38.5844539, 56.0542729], [38.5840529, 56.0548369], [38.584898, 56.0554368], [38.5827113, 56.0558358], [38.5821686, 56.0565031], [38.5802663, 56.0562579], [38.580991, 56.056801], [38.580445, 56.0574472], [38.5805911, 56.0580312], [38.5788487, 56.057009], [38.5771296, 56.0585023], [38.5759705, 56.0579113], [38.5755818, 56.0581275], [38.5758725, 56.0586691], [38.5753627, 56.0587427], [38.5743501, 56.0574114], [38.5735821, 56.0590505], [38.5731303, 56.0588446], [38.5733427, 56.0583143], [38.5719131, 56.058015], [38.5726481, 56.0573702], [38.5714895, 56.0569315], [38.5696312, 56.0579295], [38.568703, 56.0573075], [38.5688195, 56.0586202], [38.5680762, 56.0589753], [38.5668788, 56.0581376], [38.5670261, 56.0577327], [38.5618687, 56.0573883], [38.5624591, 56.058779], [38.5604818, 56.0585399], [38.556852, 56.0611742], [38.555086, 56.0613268], [38.5521063, 56.0627001], [38.5498916, 56.0616805], [38.5477267, 56.0638728], [38.5459483, 56.0649451], [38.5452018, 56.0705499], [38.5428714, 56.0716401], [38.5452539, 56.074307], [38.5429328, 56.0767864], [38.530566, 56.078399], [38.5228599, 56.0764713], [38.5198401, 56.076343], [38.5164419, 56.0750621], [38.5121889, 56.0793431], [38.5115356, 56.0815824], [38.5025318, 56.0827807], [38.5024622, 56.0824226], [38.4957857, 56.082757], [38.4963618, 56.0796139], [38.4951556, 56.0764295], [38.4959442, 56.0710612], [38.508899, 56.0717319], [38.507808, 56.0692842], [38.5316827, 56.0689868], [38.5312326, 56.0629491], [38.5396543, 56.0584485], [38.5401561, 56.0528205], [38.5376637, 56.0534914], [38.5338075, 56.0531305], [38.5317291, 56.0522014], [38.524754, 56.0541792], [38.5219081, 56.0494245], [38.5180084, 56.0506961], [38.5033894, 56.0615988], [38.4913729, 56.0610526], [38.4899067, 56.0603888], [38.4905378, 56.0594902], [38.4830649, 56.0583155], [38.4757032, 56.0561273], [38.4719174, 56.0568751], [38.4714646, 56.0601853], [38.4752568, 56.0652584], [38.4747873, 56.0688725], [38.4723452, 56.0716309], [38.4731503, 56.0733347], [38.4621292, 56.0790935], [38.4592237, 56.0778615], [38.4579875, 56.0762341], [38.4549796, 56.0741155], [38.4496564, 56.0718653], [38.448091, 56.0700972], [38.4492563, 56.0700028], [38.450163, 56.0690913], [38.4495477, 56.0682431], [38.4534959, 56.0667807], [38.4548381, 56.0678386], [38.4590591, 56.0666414], [38.4586299, 56.0662563], [38.4648366, 56.0638897], [38.463106, 56.062555], [38.458122, 56.0605054], [38.4592677, 56.0597595], [38.4642848, 56.0588203], [38.4684759, 56.0541683], [38.4681351, 56.0538686], [38.4633737, 56.0558366], [38.4566611, 56.0606785], [38.4496728, 56.0551547], [38.4491509, 56.0538308], [38.4456415, 56.0549377], [38.443452, 56.0550878], [38.4377761, 56.0528864], [38.4299216, 56.0518476], [38.4310176, 56.050864], [38.4287443, 56.0499961], [38.4296685, 56.0487116], [38.4296174, 56.0474322], [38.4301731, 56.0466836], [38.4288422, 56.0462366], [38.4258342, 56.0467717], [38.4244752, 56.0448408], [38.4144569, 56.0362887], [38.4308996, 56.0370334], [38.4383215, 56.0359494], [38.4418353, 56.0366565], [38.4436598, 56.035837], [38.4500616, 56.0352193], [38.4508353, 56.0335052], [38.4628929, 56.0324107], [38.4622906, 56.0226535], [38.4541871, 56.0228541], [38.4526054, 56.0004494], [38.3948418, 56.003198], [38.3913884, 55.9856444], [38.3751178, 55.9864852], [38.3754036, 55.988102], [38.3679494, 55.9907381], [38.3652946, 55.9891385], [38.3691816, 55.9877539], [38.3683834, 55.9868776], [38.3670676, 55.9866684], [38.3649543, 55.9854157], [38.3634285, 55.9837601], [38.3630533, 55.9821662], [38.3565165, 55.9859504], [38.3493498, 55.9825097], [38.3485542, 55.9771177], [38.3431202, 55.982573], [38.3385794, 55.9848816], [38.3337702, 55.9830124], [38.3357144, 55.9806771], [38.3337552, 55.9801718], [38.3340073, 55.979767], [38.3332032, 55.9795201], [38.3324811, 55.979756], [38.331805, 55.9807888], [38.3306641, 55.9810319], [38.3305547, 55.9819945], [38.3293065, 55.9820962], [38.323606, 55.9810467], [38.314628, 55.9808069], [38.3106194, 55.9794116], [38.3109601, 55.9845951], [38.3110475, 55.9850512], [38.3115251, 55.9850307], [38.3120915, 55.9874995], [38.306597, 55.990431], [38.3012067, 55.991846], [38.2964367, 55.991048], [38.2962382, 55.9918712], [38.2903521, 55.9903857], [38.2817405, 55.9858087], [38.2792997, 55.9836736], [38.2752591, 55.9839759], [38.2732263, 55.984743], [38.2707321, 55.9932299], [38.2692548, 55.9940981], [38.2683899, 55.9961006], [38.2654535, 55.996609], [38.2542511, 55.9944955], [38.2521205, 55.9919169], [38.2418781, 55.9868693], [38.2389936, 55.9843534], [38.2405896, 55.9838679], [38.2394119, 55.9822106], [38.2432858, 55.9809638], [38.2432883, 55.9803004], [38.2487675, 55.9742922], [38.2509741, 55.9733566], [38.2484139, 55.9719332], [38.247355, 55.969937], [38.2474971, 55.9690408], [38.2502032, 55.9684615], [38.2551611, 55.9691736], [38.2569815, 55.9681683], [38.2472732, 55.966338], [38.2392595, 55.9703742], [38.2317582, 55.9690343], [38.2319609, 55.9653416], [38.2333166, 55.9622819], [38.2345961, 55.9611396], [38.2316967, 55.9586405], [38.233166, 55.9582071], [38.2359346, 55.9558655], [38.2366025, 55.9493864], [38.2362482, 55.9465085], [38.235165, 55.9447984], [38.2327619, 55.9459038], [38.2314067, 55.9475116], [38.2249447, 55.9487859], [38.2261131, 55.950352], [38.2263483, 55.9521893], [38.2247792, 55.9544196], [38.2243907, 55.9543224], [38.2234649, 55.9516752], [38.2256386, 55.9505634], [38.2256196, 55.950192], [38.2232097, 55.9481298], [38.2240622, 55.9469316], [38.2229373, 55.9461683], [38.2179217, 55.9447394], [38.2070713, 55.9470586], [38.2019056, 55.9453008], [38.2003487, 55.9434692], [38.2012919, 55.941323], [38.2010009, 55.9399591], [38.2016681, 55.9395869], [38.2186303, 55.9335251], [38.2204108, 55.9321379], [38.2216109, 55.932115], [38.2220391, 55.9330808], [38.2226924, 55.9333699], [38.224746, 55.931823], [38.2237746, 55.930623], [38.2250189, 55.9288376], [38.2235544, 55.9276865], [38.224643, 55.9252487], [38.2242174, 55.9243119], [38.2252879, 55.9207997], [38.2244541, 55.9204796], [38.2251143, 55.9195222], [38.2249992, 55.9182155], [38.2263761, 55.9161267], [38.2313715, 55.9134875], [38.2353704, 55.9106772], [38.2362352, 55.9087454], [38.2414965, 55.9076397], [38.2421224, 55.9060132], [38.2402007, 55.9033803], [38.2399357, 55.9017211], [38.238875, 55.9006981], [38.2411214, 55.8991853], [38.2415242, 55.8979863], [38.239089, 55.8972022], [38.2388361, 55.8967137], [38.2405313, 55.8950766], [38.2456576, 55.8929382], [38.2477086, 55.8902839], [38.2473939, 55.889799], [38.2460981, 55.8898073], [38.2442586, 55.8917666], [38.2422943, 55.8919266], [38.242177, 55.8905358], [38.2431282, 55.8886781], [38.2395088, 55.8866578], [38.2378643, 55.8848193], [38.2385468, 55.8838338], [38.2408289, 55.8827273], [38.2441919, 55.8837905], [38.2470202, 55.8830899], [38.2457388, 55.8802503], [38.2475321, 55.8740729], [38.2470788, 55.872949], [38.2406424, 55.8721326], [38.2342725, 55.8731705], [38.229024, 55.8692401], [38.2276638, 55.870459], [38.2237842, 55.8697137], [38.2206993, 55.8699104], [38.2214872, 55.8734852], [38.217947, 55.8741906], [38.2143831, 55.873904], [38.2130234, 55.872413], [38.2130282, 55.8717102], [38.2138615, 55.871104], [38.218662, 55.8718608], [38.2197984, 55.8714118], [38.2187312, 55.8691745], [38.2193032, 55.8670847], [38.2184823, 55.8659176], [38.2169648, 55.8652917], [38.2114975, 55.8646169], [38.211577, 55.8637243], [38.2127432, 55.8624938], [38.2129308, 55.8607386], [38.2176212, 55.8570402], [38.2215807, 55.8558556], [38.2244322, 55.8533856], [38.2258022, 55.8528329], [38.2224137, 55.8500086], [38.2207425, 55.849348], [38.2216789, 55.8471877], [38.2204141, 55.8447723], [38.2131298, 55.842065], [38.209171, 55.8396146], [38.210133, 55.8392892], [38.2135648, 55.8247921], [38.1741249, 55.8203464], [38.1726963, 55.8221838], [38.1584964, 55.8206743], [38.151731, 55.820861], [38.1528341, 55.8235528], [38.1484696, 55.8227335], [38.1386481, 55.8233327], [38.1396405, 55.8243814], [38.1389533, 55.8261495], [38.1375789, 55.826162], [38.1368534, 55.8290961], [38.1346914, 55.8289345], [38.1298399, 55.8326496], [38.127888, 55.8240612], [38.11077, 55.8251828], [38.1099992, 55.8266076], [38.1010026, 55.826188], [38.0971974, 55.8278012], [38.0919143, 55.8281285], [38.0884742, 55.8274756], [38.0886814, 55.8278322], [38.0859038, 55.8276365], [38.0776077, 55.8286051], [38.0799183, 55.8265798], [38.0785863, 55.8255383], [38.0796753, 55.8232101], [38.0794178, 55.8229904], [38.0805041, 55.8215192], [38.0734288, 55.8203193], [38.0662654, 55.8204517], [38.0621526, 55.8192546], [38.0606118, 55.8171338], [38.0620135, 55.8142177], [38.061823, 55.8128773], [38.0627285, 55.8114206], [38.0626391, 55.8103586], [38.0647007, 55.8088107], [38.0654545, 55.8087915], [38.0652988, 55.8080339], [38.0669679, 55.8062324], [38.0669132, 55.8037462], [38.0687949, 55.803474], [38.0690092, 55.7943238], [38.0729135, 55.7938354], [38.0721883, 55.7913596], [38.0676066, 55.7914487], [38.0627763, 55.7889285], [38.0652011, 55.7872565], [38.0649542, 55.7853356], [38.0613044, 55.783278], [38.0589047, 55.7807673], [38.0568429, 55.7806437], [38.0519394, 55.7786189], [38.0535886, 55.7751745]]]}}, {"type": "Feature", "properties": {"rda_code": "MO-80", "rda_name": "PAVLOVO-POSADSKY AREA / incl. PAVLOVSK POSAD, ELEKTROGORSK/", "osm_name": "Павлово-Посадский городской округ", "match_score": 0.92, "match_reason": "contains"}, "geometry": {"type": "Polygon", "coordinates": [[[38.4786048, 55.6734253], [38.4832412, 55.6669998], [38.4934058, 55.6655476], [38.4974007, 55.6645171], [38.4985389, 55.6621905], [38.5012822, 55.6587972], [38.5041244, 55.6579131], [38.5118486, 55.6568983], [38.5145545, 55.6636277], [38.5152112, 55.6685251], [38.5249157, 55.666746], [38.5240807, 55.6633135], [38.5248846, 55.6615089], [38.5297349, 55.6555868], [38.5516564, 55.6537146], [38.5667099, 55.6471882], [38.5711467, 55.6318015], [38.5761346, 55.6300949], [38.5720192, 55.6287321], [38.5654536, 55.6280878], [38.5639965, 55.626753], [38.5679404, 55.6229682], [38.5664434, 55.614975], [38.5731004, 55.6137066], [38.5772964, 55.6112736], [38.5880728, 55.6125071], [38.6034739, 55.6185533], [38.6076851, 55.6185139], [38.6116992, 55.6176286], [38.6229923, 55.6166852], [38.6288227, 55.6111762], [38.6310519, 55.6111897], [38.6334206, 55.6118456], [38.6360494, 55.6099255], [38.6550118, 55.6106], [38.6657814, 55.6094236], [38.678122, 55.612983], [38.6849178, 55.6102785], [38.7011391, 55.6099136], [38.7069414, 55.6115431], [38.7218816, 55.6122577], [38.7401672, 55.6072545], [38.7526342, 55.607117], [38.7519183, 55.6064338], [38.7672983, 55.6067223], [38.7757339, 55.6089625], [38.7826744, 55.6115234], [38.7897028, 55.610807], [38.7971239, 55.6196683], [38.7974594, 55.6212319], [38.8107351, 55.6329741], [38.8074216, 55.633314], [38.8097976, 55.6408909], [38.8016238, 55.6400609], [38.798506, 55.6405735], [38.7988276, 55.642433], [38.803818, 55.6425146], [38.8117226, 55.6410906], [38.8212138, 55.6413626], [38.824761, 55.6402983], [38.8342401, 55.6451623], [38.8397496, 55.6517645], [38.835895, 55.6540852], [38.8330181, 55.6549192], [38.8325623, 55.6559646], [38.8342688, 55.6578787], [38.8362939, 55.6591944], [38.8384068, 55.6590993], [38.8361744, 55.6612846], [38.8409887, 55.6633219], [38.8343506, 55.6657009], [38.8334845, 55.6649958], [38.8218799, 55.6743258], [38.813701, 55.6756886], [38.807987, 55.6785084], [38.8110331, 55.6803963], [38.8026724, 55.6824827], [38.8010869, 55.681812], [38.796864, 55.6834075], [38.7976009, 55.6914072], [38.798591, 55.693094], [38.8007933, 55.6911958], [38.8060756, 55.6921611], [38.8048166, 55.6956022], [38.808436, 55.6974999], [38.8081195, 55.6998572], [38.8100361, 55.7083218], [38.8155847, 55.7121055], [38.8235568, 55.7133891], [38.8240192, 55.7166178], [38.8194002, 55.7199031], [38.8032311, 55.717262], [38.7870528, 55.7312015], [38.7891104, 55.7311926], [38.7902515, 55.732027], [38.7920073, 55.7323563], [38.7910942, 55.7335909], [38.7936019, 55.7341398], [38.7939131, 55.7350922], [38.7971816, 55.7367803], [38.7972661, 55.7380133], [38.7912451, 55.7409409], [38.7985786, 55.7457989], [38.80057, 55.7465784], [38.8062281, 55.7475653], [38.809231, 55.7504261], [38.8100442, 55.7525062], [38.8082143, 55.7546416], [38.8067679, 55.7595769], [38.8084934, 55.7622545], [38.8085364, 55.7630049], [38.8014814, 55.764603], [38.8115068, 55.7751142], [38.8110462, 55.7774487], [38.809282, 55.7796034], [38.8056955, 55.7801717], [38.8040858, 55.7811182], [38.8040835, 55.7816616], [38.8018816, 55.7816671], [38.8023406, 55.7826835], [38.8015367, 55.7837984], [38.7956456, 55.7869712], [38.7956982, 55.7939883], [38.7969618, 55.7961861], [38.7944506, 55.7974023], [38.7912525, 55.7964908], [38.7891406, 55.7976591], [38.7896282, 55.7987643], [38.7841387, 55.8000831], [38.7818906, 55.7990427], [38.7769616, 55.8015753], [38.7753589, 55.8039656], [38.759338, 55.8138906], [38.7612104, 55.8154321], [38.7600823, 55.8161564], [38.7632053, 55.8175706], [38.7624675, 55.8198862], [38.7628997, 55.8208982], [38.7601951, 55.82249], [38.7564293, 55.826953], [38.7602002, 55.8292894], [38.7650547, 55.8304627], [38.7685618, 55.8347264], [38.7722549, 55.8357668], [38.7786197, 55.8354474], [38.779537, 55.8348291], [38.781893, 55.8391475], [38.7858813, 55.8384988], [38.7890499, 55.8392562], [38.7962637, 55.8366393], [38.79706, 55.8368809], [38.792769, 55.8505778], [38.8476677, 55.8515688], [38.848015, 55.8530711], [38.8440865, 55.8526998], [38.8480576, 55.8552694], [38.8481351, 55.8560768], [38.8444697, 55.8584989], [38.8433578, 55.8599385], [38.8589157, 55.8636767], [38.8602075, 55.8621939], [38.8675988, 55.863922], [38.8642943, 55.8672531], [38.8593019, 55.8659097], [38.8509314, 55.8794303], [38.8658936, 55.8889166], [38.8636855, 55.8917505], [38.8596305, 55.8987864], [38.8536311, 55.9005002], [38.8552083, 55.9015007], [38.8443629, 55.9066763], [38.8400074, 55.9097501], [38.8399567, 55.9106564], [38.8349792, 55.9132852], [38.8339715, 55.9158651], [38.8352566, 55.917184], [38.8316206, 55.9203386], [38.8299892, 55.9198753], [38.8273875, 55.9231471], [38.8257265, 55.9287333], [38.8240561, 55.9298071], [38.8163112, 55.9325728], [38.806929, 55.9404211], [38.7918168, 55.9444156], [38.7873776, 55.946521], [38.7820185, 55.9498693], [38.7752999, 55.9519101], [38.7709845, 55.9557497], [38.7541488, 55.9638757], [38.7492947, 55.9677766], [38.7372849, 55.9749732], [38.7329349, 55.9756104], [38.7317306, 55.9796948], [38.6944282, 55.9890849], [38.6428897, 55.9819863], [38.6406885, 55.9811423], [38.6264899, 55.9790132], [38.6317267, 55.967832], [38.6238559, 55.9654939], [38.6159314, 55.960287], [38.6205429, 55.9591794], [38.6260316, 55.9608264], [38.6293037, 55.9531664], [38.6311685, 55.9535002], [38.6334637, 55.9526105], [38.6370262, 55.952163], [38.6360184, 55.9511115], [38.6387992, 55.9503863], [38.6443383, 55.9500581], [38.6426242, 55.945811], [38.6388438, 55.9438032], [38.6412211, 55.9425062], [38.6380478, 55.9386408], [38.6457422, 55.9284528], [38.6516643, 55.9298945], [38.6527335, 55.9284963], [38.6534517, 55.9288032], [38.6538571, 55.9299152], [38.6568244, 55.9334028], [38.6603018, 55.9329954], [38.6611654, 55.934206], [38.6594941, 55.9350352], [38.6607942, 55.9357879], [38.6628626, 55.9350512], [38.6620568, 55.9340819], [38.6661087, 55.9330484], [38.6712202, 55.9325245], [38.6787951, 55.9294713], [38.6777674, 55.9271786], [38.6658229, 55.9240451], [38.6627181, 55.9259567], [38.6552274, 55.923503], [38.6474838, 55.9236876], [38.6462111, 55.9233029], [38.6431681, 55.9197622], [38.6421987, 55.9173684], [38.6428825, 55.9167759], [38.6419753, 55.9145342], [38.6407099, 55.9147378], [38.6378843, 55.9109184], [38.6420269, 55.9097331], [38.6307703, 55.9032073], [38.6354362, 55.9004892], [38.6325137, 55.8992122], [38.638257, 55.8954823], [38.6377858, 55.894439], [38.6422164, 55.8913842], [38.6494666, 55.8892467], [38.6470601, 55.8872013], [38.6374164, 55.888644], [38.6328751, 55.8883666], [38.6202508, 55.8764289], [38.6313078, 55.873512], [38.6260873, 55.8670369], [38.6390004, 55.8633281], [38.6390358, 55.860553], [38.6347464, 55.8595936], [38.6260702, 55.8592965], [38.6264181, 55.856913], [38.6308449, 55.8523094], [38.6433371, 55.852139], [38.6434297, 55.8487596], [38.6361971, 55.8488874], [38.6360784, 55.8495402], [38.6324994, 55.8499433], [38.6321783, 55.8489423], [38.6246727, 55.8452282], [38.6206089, 55.8418375], [38.6223288, 55.8402712], [38.6247747, 55.8354755], [38.6300647, 55.8305833], [38.632333, 55.8295574], [38.6269933, 55.8279534], [38.6130428, 55.8266846], [38.6138438, 55.8249995], [38.6138994, 55.8236877], [38.6131809, 55.821077], [38.604764, 55.8192046], [38.6000133, 55.8206165], [38.5984337, 55.8230925], [38.583522, 55.8222336], [38.5841679, 55.8204206], [38.5828051, 55.8179626], [38.5834641, 55.8170783], [38.5891016, 55.8159338], [38.5877935, 55.8156246], [38.5820821, 55.8165537], [38.5796903, 55.8175379], [38.5784032, 55.8171763], [38.5770064, 55.8159684], [38.5660783, 55.812861], [38.548381, 55.8041709], [38.5439896, 55.7987627], [38.5357045, 55.7948419], [38.5356378, 55.7874148], [38.5336571, 55.7832677], [38.5273034, 55.7781853], [38.5320687, 55.7702985], [38.5292205, 55.7679877], [38.5261197, 55.7677046], [38.5295538, 55.7594405], [38.4883589, 55.7582705], [38.4878246, 55.7551912], [38.4895219, 55.752711], [38.5001568, 55.7488586], [38.5007152, 55.7394379], [38.5112771, 55.7417633], [38.5095335, 55.7392735], [38.5183498, 55.7389075], [38.5204121, 55.7343243], [38.5336902, 55.7260204], [38.5247271, 55.722072], [38.5200204, 55.725274], [38.5183218, 55.7243029], [38.5173042, 55.7249307], [38.5135817, 55.7232999], [38.5188697, 55.7147106], [38.5125365, 55.7117193], [38.5092123, 55.7175275], [38.508015, 55.7184486], [38.5049218, 55.7192773], [38.5046058, 55.7184409], [38.5009556, 55.7166936], [38.518876, 55.7053043], [38.4936358, 55.7035324], [38.4940515, 55.6935958], [38.4821394, 55.6928087], [38.4825362, 55.6924093], [38.4819443, 55.692223], [38.4805644, 55.6925114], [38.4841799, 55.6734328], [38.4786048, 55.6734253]]]}}, {"type": "Feature", "properties": {"rda_code": "MO-34", "rda_name": "OREKHOVO-ZUYEVO", "osm_name": "Орехово-Зуевский городской округ", "match_score": 0.9, "match_reason": "stem:orekhovo zuevskii~orekhovo zuyevo"}, "geometry": {"type": "Polygon", "coordinates": [[[38.6244006, 55.6153911], [38.6241271, 55.6141775], [38.6255434, 55.6120904], [38.6253307, 55.6048554], [38.6205228, 55.604838], [38.6220608, 55.6011345], [38.5933775, 55.6042535], [38.5929265, 55.6029839], [38.5900855, 55.6020118], [38.5880581, 55.5984763], [38.5894284, 55.5970307], [38.5916564, 55.5973261], [38.5932308, 55.5955091], [38.5927291, 55.5902631], [38.597569, 55.5881939], [38.6128928, 55.5850895], [38.617554, 55.5836199], [38.6197174, 55.5836623], [38.6243261, 55.5817103], [38.6306965, 55.584306], [38.6333533, 55.5831776], [38.6347541, 55.5815078], [38.6326596, 55.5777339], [38.6351341, 55.5745693], [38.6414757, 55.5714846], [38.6469046, 55.5674247], [38.6473692, 55.5663396], [38.6416821, 55.5591494], [38.6424176, 55.5555096], [38.6403171, 55.554748], [38.6279762, 55.5602295], [38.6289155, 55.5611413], [38.6249609, 55.5622458], [38.61663, 55.5630668], [38.6154395, 55.5625066], [38.6143534, 55.5607639], [38.61683, 55.5601166], [38.6244392, 55.5557429], [38.6277289, 55.5545173], [38.6272093, 55.5538506], [38.644123, 55.5448105], [38.6419335, 55.544099], [38.6387905, 55.5415097], [38.6364835, 55.536913], [38.6329902, 55.5354265], [38.6320411, 55.5360315], [38.6190915, 55.5365148], [38.6207241, 55.5351796], [38.6209155, 55.5338845], [38.618185, 55.5332851], [38.6122369, 55.5335284], [38.6138187, 55.5319014], [38.6136264, 55.5306499], [38.616497, 55.5293648], [38.6174943, 55.5277805], [38.6239223, 55.5288884], [38.6271291, 55.528965], [38.6308933, 55.5267405], [38.6327775, 55.5262434], [38.6331938, 55.5241165], [38.6385392, 55.5225987], [38.6398623, 55.5233326], [38.6451279, 55.5197015], [38.6463638, 55.5157598], [38.6435219, 55.5141005], [38.6433797, 55.5121115], [38.6453954, 55.5084893], [38.6447767, 55.5070879], [38.64521, 55.5052939], [38.6443803, 55.5027104], [38.6458045, 55.5022217], [38.6471477, 55.502472], [38.6487311, 55.5036603], [38.6511797, 55.5042107], [38.6524567, 55.5052542], [38.6550366, 55.5057262], [38.6588727, 55.5051609], [38.6590257, 55.5047751], [38.6573192, 55.5040931], [38.657596, 55.5034942], [38.6604197, 55.5037658], [38.6635853, 55.5030508], [38.6658655, 55.5033518], [38.6686705, 55.5052607], [38.6714133, 55.5061369], [38.6797727, 55.5054275], [38.6803891, 55.5058041], [38.681013, 55.5050407], [38.6818346, 55.5048743], [38.6839202, 55.5052583], [38.6855291, 55.506016], [38.6849049, 55.5067187], [38.6876972, 55.5072173], [38.6889899, 55.5068846], [38.6885798, 55.507664], [38.6891957, 55.5078687], [38.6902878, 55.5075288], [38.690522, 55.5077782], [38.6898031, 55.5083774], [38.690404, 55.5087262], [38.6930879, 55.5082845], [38.69391, 55.5066278], [38.6949736, 55.5062609], [38.6956162, 55.5065019], [38.6953902, 55.5071535], [38.6965527, 55.5084673], [38.6979198, 55.5085856], [38.6991737, 55.5094375], [38.7005433, 55.5089501], [38.7023115, 55.5091491], [38.7028362, 55.5083584], [38.7047201, 55.5089959], [38.7053607, 55.5083942], [38.706417, 55.5085925], [38.7079411, 55.5096862], [38.7092881, 55.5086662], [38.7115917, 55.5089601], [38.7134848, 55.5117392], [38.7155051, 55.5136127], [38.721556, 55.5154415], [38.7243535, 55.5155836], [38.7335777, 55.5127327], [38.7315324, 55.4912737], [38.7068035, 55.4763105], [38.7125704, 55.4696645], [38.7149502, 55.4708774], [38.7207154, 55.4654424], [38.7278245, 55.4641349], [38.7271835, 55.4625492], [38.7387758, 55.4594169], [38.7466443, 55.4632263], [38.750453, 55.4634898], [38.7524209, 55.4630834], [38.7578799, 55.4557668], [38.7613915, 55.4573513], [38.7664596, 55.4612365], [38.7704519, 55.4630587], [38.7735534, 55.4633721], [38.7774875, 55.4650041], [38.7860843, 55.4658419], [38.7880964, 55.4612933], [38.7873826, 55.4580124], [38.7854603, 55.4567781], [38.7848013, 55.4556492], [38.7875857, 55.4545771], [38.7977643, 55.4563869], [38.7988111, 55.4529617], [38.7981271, 55.4513537], [38.7982475, 55.4478754], [38.7968141, 55.4363555], [38.7964825, 55.4210649], [38.7953576, 55.4189807], [38.7876875, 55.415587], [38.7860824, 55.4155801], [38.7884849, 55.4124327], [38.7892953, 55.4084958], [38.7855759, 55.4042767], [38.7876573, 55.4016954], [38.7876175, 55.3989998], [38.7898945, 55.3970091], [38.7938954, 55.3990673], [38.8017976, 55.4056738], [38.8031889, 55.4116799], [38.8043604, 55.4128376], [38.8122836, 55.4152116], [38.8268204, 55.4149781], [38.8267254, 55.4188262], [38.8283021, 55.4199413], [38.8316623, 55.4206656], [38.8348815, 55.4184008], [38.8342551, 55.4167341], [38.8405506, 55.4155637], [38.8443153, 55.415607], [38.8454563, 55.4149949], [38.8503166, 55.4147141], [38.8522216, 55.4140997], [38.8585601, 55.4105043], [38.8615579, 55.411205], [38.8677558, 55.4104761], [38.8764922, 55.4074592], [38.8777722, 55.4058242], [38.8771502, 55.4034317], [38.8775062, 55.4028076], [38.877052, 55.3994655], [38.8844101, 55.400096], [38.8893094, 55.399145], [38.8859365, 55.3942864], [38.8885723, 55.3924461], [38.8888967, 55.3914831], [38.8932321, 55.3885712], [38.9001291, 55.3916871], [38.9065683, 55.3900936], [38.9099706, 55.3931896], [38.9118557, 55.3956712], [38.9159264, 55.3937661], [38.9176201, 55.3953495], [38.9197004, 55.3951852], [38.9229152, 55.3956239], [38.9240067, 55.3962613], [38.9272598, 55.3962786], [38.9270348, 55.3977558], [38.9302909, 55.3984023], [38.9326386, 55.3973473], [38.9317757, 55.396269], [38.9353112, 55.3962874], [38.9347911, 55.3997913], [38.9373346, 55.4005521], [38.9377785, 55.4017974], [38.9482691, 55.4023814], [38.9609155, 55.4017826], [38.9606022, 55.4043144], [38.9630016, 55.4108453], [38.9608034, 55.4120887], [38.9602884, 55.4141795], [38.9635872, 55.4168753], [38.963544, 55.4173376], [38.96335, 55.4180349], [38.9600124, 55.4198199], [38.9581517, 55.4198923], [38.9569074, 55.4209018], [38.9579786, 55.4229499], [38.9589067, 55.4234431], [38.965955, 55.4255801], [38.9722193, 55.4285849], [38.9712686, 55.4286637], [38.9711863, 55.4291164], [38.971974, 55.429277], [38.9716529, 55.4295599], [38.9700377, 55.4299716], [38.9707557, 55.4308068], [38.9680361, 55.4312216], [38.9681314, 55.4316956], [38.9656896, 55.433011], [38.9654337, 55.4336475], [38.9660959, 55.4339114], [38.9649093, 55.4342629], [38.9650213, 55.4350507], [38.9661918, 55.4360618], [38.9658132, 55.4371456], [38.9668844, 55.4377158], [38.9625789, 55.4389261], [38.9630916, 55.4393405], [38.9626828, 55.4398443], [38.9630758, 55.4404478], [38.9614945, 55.4404901], [38.9608385, 55.4413405], [38.9614275, 55.442007], [38.9605171, 55.4426266], [38.9616044, 55.4445207], [38.9607105, 55.4452929], [38.9611642, 55.4460849], [38.9604097, 55.4466817], [38.9616005, 55.4484518], [38.9628571, 55.4481832], [38.9622735, 55.448785], [38.9630737, 55.449586], [38.969352, 55.4497102], [38.9708525, 55.4488901], [38.9770333, 55.4488918], [38.9840543, 55.4478025], [38.9877461, 55.4488998], [38.9905664, 55.4507829], [39.0031651, 55.4487008], [39.0263484, 55.4469254], [39.0232206, 55.4541275], [39.0240392, 55.4676026], [39.0209779, 55.4670799], [39.0203315, 55.4674409], [39.0170505, 55.4670999], [39.0169209, 55.46758], [39.0158226, 55.4679378], [39.013005, 55.4677518], [39.0123936, 55.4685256], [39.0121623, 55.4682301], [39.0102262, 55.4689376], [39.0080395, 55.4701916], [39.0041536, 55.4709825], [39.0243981, 55.4804424], [39.0231738, 55.4822203], [39.0293701, 55.48976], [39.0341604, 55.4966823], [39.0332845, 55.5018206], [39.0326215, 55.5021536], [39.037987, 55.5054179], [39.0584261, 55.5038079], [39.0599132, 55.502395], [39.0786451, 55.5005695], [39.0819071, 55.5012261], [39.092718, 55.5011728], [39.0950615, 55.502298], [39.1040836, 55.5028394], [39.1048468, 55.5041252], [39.1314554, 55.5023433], [39.132524, 55.5012249], [39.1326891, 55.4993425], [39.1321165, 55.4981115], [39.1329293, 55.4966101], [39.1322617, 55.4950154], [39.1327576, 55.4937482], [39.131683, 55.4912454], [39.1390468, 55.4902683], [39.1472837, 55.4907991], [39.1548114, 55.4914501], [39.1686534, 55.5016204], [39.1705437, 55.5043771], [39.1685548, 55.515449], [39.1719608, 55.5177065], [39.1714419, 55.5200689], [39.1719812, 55.5225719], [39.1686423, 55.5226395], [39.1696942, 55.5248953], [39.1721665, 55.5270207], [39.1759777, 55.5292731], [39.2584465, 55.5252953], [39.2676898, 55.5273636], [39.2748041, 55.5296161], [39.276642, 55.5309857], [39.3036237, 55.5297689], [39.3047198, 55.530654], [39.3077973, 55.5314647], [39.3185113, 55.5292914], [39.3198199, 55.5272031], [39.3271966, 55.5272251], [39.3330636, 55.5286881], [39.3399636, 55.5288357], [39.3574972, 55.5378554], [39.3576104, 55.5383739], [39.3448764, 55.5389073], [39.3447672, 55.5384192], [39.3338799, 55.5387182], [39.33367, 55.5432218], [39.3459007, 55.5435294], [39.3451468, 55.5491143], [39.3504558, 55.5510861], [39.3546786, 55.5540931], [39.3555269, 55.5566533], [39.3415903, 55.5599928], [39.3363632, 55.5620516], [39.3321262, 55.5619717], [39.3331792, 55.5690559], [39.3344208, 55.5699764], [39.3311105, 55.5745175], [39.3362219, 55.5774243], [39.3420109, 55.5781764], [39.3460292, 55.5734818], [39.375427, 55.5747269], [39.3776685, 55.5700649], [39.392435, 55.5700747], [39.392443, 55.5711177], [39.3936318, 55.5738599], [39.3934899, 55.5746716], [39.3992345, 55.5742676], [39.4018763, 55.5769918], [39.4066139, 55.5762326], [39.410119, 55.5748518], [39.4126827, 55.5762353], [39.4166656, 55.5735995], [39.4184803, 55.5744818], [39.4133625, 55.5786342], [39.4048344, 55.5814663], [39.4089854, 55.5853027], [39.4069699, 55.5925363], [39.4080964, 55.5928053], [39.4138377, 55.5912618], [39.4245172, 55.5906255], [39.4412849, 55.5913647], [39.4408301, 55.5980482], [39.4369476, 55.5985916], [39.4328921, 55.598056], [39.4300018, 55.5970772], [39.4271416, 55.5974485], [39.4252186, 55.5968261], [39.422313, 55.5994942], [39.4240436, 55.6004089], [39.4240268, 55.605049], [39.4199483, 55.6104821], [39.4196063, 55.6116549], [39.4252161, 55.6169631], [39.4258276, 55.6184372], [39.4249885, 55.6196053], [39.4272572, 55.6209223], [39.4352562, 55.6213191], [39.4313438, 55.6289694], [39.4380635, 55.6337085], [39.4387021, 55.6350865], [39.4418482, 55.6359107], [39.4439735, 55.6413313], [39.4448474, 55.6417511], [39.4456635, 55.6432808], [39.4467348, 55.6435594], [39.4490545, 55.646699], [39.4505876, 55.6472591], [39.451137, 55.6487282], [39.4560785, 55.6511633], [39.4553261, 55.6534653], [39.4652208, 55.6616913], [39.4675222, 55.6610751], [39.4688516, 55.6613874], [39.4799029, 55.6783393], [39.4884081, 55.6826953], [39.5002611, 55.6841356], [39.5192321, 55.7017809], [39.5170997, 55.7024532], [39.5183983, 55.7041993], [39.5190436, 55.7065086], [39.5237665, 55.7054033], [39.5156162, 55.7129241], [39.5060146, 55.7232053], [39.4940222, 55.7348329], [39.4828414, 55.7449934], [39.481334, 55.7461358], [39.4702746, 55.7469903], [39.4722028, 55.7504125], [39.4688573, 55.7511842], [39.4700951, 55.7657299], [39.4700788, 55.7735567], [39.4236417, 55.773447], [39.4235781, 55.7737691], [39.4267545, 55.7753396], [39.4361319, 55.7792966], [39.4372779, 55.7807799], [39.4293878, 55.7819665], [39.4105304, 55.778561], [39.4061717, 55.7781878], [39.4027621, 55.7858035], [39.3927229, 55.7858472], [39.3904175, 55.7850593], [39.3896464, 55.7857226], [39.3883973, 55.7852469], [39.3885397, 55.7830003], [39.3813406, 55.7765237], [39.3793874, 55.7772764], [39.3595612, 55.7697641], [39.3519055, 55.7685624], [39.3258435, 55.7730178], [39.3193536, 55.7845788], [39.3210723, 55.8028116], [39.308908, 55.805798], [39.3022218, 55.8181152], [39.295963, 55.8320328], [39.2977902, 55.8343434], [39.3100779, 55.8423414], [39.3271684, 55.848], [39.3263533, 55.8509843], [39.3264508, 55.8567633], [39.3335777, 55.862737], [39.3271743, 55.8648631], [39.3203693, 55.8642168], [39.3194713, 55.86256], [39.311794, 55.8606687], [39.3063668, 55.8606636], [39.2935804, 55.8562039], [39.2803726, 55.850979], [39.2768299, 55.8414368], [39.2596305, 55.8406302], [39.240604, 55.8454602], [39.2048308, 55.8421426], [39.1996719, 55.8456317], [39.1964658, 55.8446554], [39.1949094, 55.8432883], [39.1901036, 55.8467792], [39.184405, 55.8467221], [39.1769196, 55.843547], [39.1760556, 55.8389788], [39.1676603, 55.8400382], [39.1632171, 55.84439], [39.1576314, 55.8476392], [39.1572735, 55.848567], [39.1500446, 55.8549078], [39.1491708, 55.8538331], [39.1468617, 55.8534973], [39.1434092, 55.8540421], [39.1349851, 55.8495136], [39.1363817, 55.8470915], [39.1376164, 55.8464541], [39.1376705, 55.8459278], [39.1322286, 55.8470396], [39.1296158, 55.8470991], [39.1281253, 55.8464555], [39.1247264, 55.8473507], [39.1238297, 55.8463387], [39.1217787, 55.8471302], [39.1213635, 55.8478279], [39.1172823, 55.8456985], [39.1144414, 55.8462941], [39.1135281, 55.8472339], [39.1098089, 55.8469069], [39.1080378, 55.8461127], [39.1076039, 55.8450275], [39.1042467, 55.8468435], [39.1009096, 55.8467188], [39.1035851, 55.8602778], [39.096607, 55.8620957], [39.087574, 55.8636967], [39.0787627, 55.8615869], [39.0734505, 55.860906], [39.0719057, 55.8596921], [39.0714178, 55.8583779], [39.0658714, 55.8586879], [39.0591702, 55.8573439], [39.0593028, 55.8605933], [39.0565098, 55.8606983], [39.0555209, 55.8622729], [39.0539737, 55.8617649], [39.0543099, 55.8627462], [39.0556553, 55.8636089], [39.0576758, 55.863977], [39.0558628, 55.8644348], [39.0582486, 55.8647654], [39.0609238, 55.8666422], [39.0651015, 55.8665757], [39.0648461, 55.8657898], [39.0663013, 55.8655279], [39.0700294, 55.8679311], [39.0751246, 55.8687463], [39.0765691, 55.8700554], [39.0769898, 55.8729424], [39.0733924, 55.8767538], [39.0736613, 55.8783805], [39.077479, 55.8795959], [39.0775187, 55.880623], [39.0757296, 55.8816678], [39.067125, 55.8825775], [39.0650011, 55.8835419], [39.064897, 55.8856753], [39.0643482, 55.8866442], [39.0607891, 55.888284], [39.0604609, 55.8894108], [39.0608832, 55.8901064], [39.0646363, 55.8916087], [39.0646119, 55.8927684], [39.0633357, 55.8938961], [39.0612126, 55.8939415], [39.0601191, 55.8927854], [39.0573909, 55.8914448], [39.0535653, 55.8913272], [39.0531153, 55.891745], [39.0531769, 55.8925783], [39.054618, 55.8930722], [39.052506, 55.8943328], [39.051542, 55.89569], [39.0517163, 55.8984606], [39.0533251, 55.8998014], [39.0492456, 55.9026205], [39.0459791, 55.9037736], [39.0445471, 55.9036786], [39.0417122, 55.9049905], [39.0384853, 55.9046562], [39.0379374, 55.9056236], [39.0328541, 55.9068054], [39.0288814, 55.9082862], [39.0303826, 55.9097239], [39.0321394, 55.9105216], [39.031731, 55.9122539], [39.0346201, 55.9125902], [39.0374365, 55.9106395], [39.0382026, 55.9108737], [39.0374845, 55.9128337], [39.0392191, 55.9150022], [39.0397158, 55.9166958], [39.041611, 55.9182211], [39.0465529, 55.9184019], [39.0487879, 55.9213466], [39.0507605, 55.9210878], [39.0507585, 55.9219614], [39.0518414, 55.9224301], [39.0540501, 55.9219713], [39.0558169, 55.9239573], [39.0547805, 55.926294], [39.056244, 55.9266239], [39.0579736, 55.9260788], [39.0586556, 55.927002], [39.0585874, 55.9273572], [39.0567851, 55.9276389], [39.0568903, 55.9281667], [39.053435, 55.9293184], [39.0529703, 55.9297122], [39.0531892, 55.9302608], [39.0549514, 55.9305179], [39.0564604, 55.929505], [39.0567762, 55.9287236], [39.0575716, 55.928698], [39.0577268, 55.9293319], [39.0588771, 55.9296521], [39.0618112, 55.929747], [39.0607496, 55.9303744], [39.0584119, 55.9303064], [39.0581146, 55.9306842], [39.058616, 55.9312839], [39.0633323, 55.9312823], [39.0645971, 55.9317473], [39.0645681, 55.9323635], [39.0640138, 55.9325514], [39.0604786, 55.9327046], [39.0595755, 55.9334527], [39.0568124, 55.9342429], [39.0589366, 55.9351276], [39.0608194, 55.9341665], [39.0617955, 55.934678], [39.0623024, 55.9361935], [39.0611453, 55.9364143], [39.059626, 55.9353897], [39.0584356, 55.9360996], [39.0581969, 55.9373924], [39.0602977, 55.9373483], [39.0612951, 55.9379994], [39.0581885, 55.9385619], [39.059539, 55.9398112], [39.0575334, 55.9412284], [39.0570924, 55.9421055], [39.0539528, 55.9420436], [39.0552507, 55.9404064], [39.0528981, 55.9403154], [39.0523297, 55.9353448], [39.0514103, 55.9351964], [39.0523695, 55.933861], [39.0514619, 55.9327624], [39.0525886, 55.9320974], [39.0522443, 55.9308988], [39.0500183, 55.9305113], [39.0496412, 55.9294928], [39.0501761, 55.9267622], [39.0489082, 55.9257878], [39.0472039, 55.9254597], [39.0446104, 55.9235849], [39.0435289, 55.9217173], [39.0425635, 55.9214295], [39.030346, 55.9233919], [39.0230328, 55.9267961], [39.0169949, 55.9274382], [39.0136507, 55.9285199], [39.0136705, 55.9299654], [39.0098512, 55.9312619], [39.0114413, 55.9339737], [39.0080758, 55.9362133], [39.0079743, 55.9370216], [39.0096079, 55.9378456], [39.0104745, 55.9377337], [39.0123545, 55.939876], [39.0133745, 55.941906], [39.016748, 55.9441016], [39.0207723, 55.9425569], [39.0241264, 55.9423367], [39.0278851, 55.938878], [39.0244017, 55.9372493], [39.0283618, 55.9351728], [39.031607, 55.9357905], [39.0331149, 55.9377276], [39.035385, 55.9374511], [39.036062, 55.938688], [39.0384973, 55.9392473], [39.0387292, 55.940382], [39.0419425, 55.9420606], [39.0470122, 55.9422426], [39.049121, 55.9428956], [39.0487491, 55.9454262], [39.0475729, 55.9457488], [39.0473833, 55.9469419], [39.0452971, 55.9485599], [39.0442017, 55.9501167], [39.0390252, 55.9503652], [39.0368788, 55.9485653], [39.0321057, 55.9472998], [39.0294624, 55.9445295], [39.026831, 55.945692], [39.0243923, 55.9460889], [39.0200776, 55.9499701], [39.0202382, 55.9504109], [39.0084367, 55.949303], [39.0067251, 55.9468628], [39.0006818, 55.9424111], [38.9884636, 55.9392694], [38.9861396, 55.9398306], [38.9590758, 55.9350673], [38.9572, 55.9309546], [38.9424152, 55.9325197], [38.9392404, 55.9322361], [38.9305318, 55.934026], [38.9234159, 55.9342638], [38.9194152, 55.9335255], [38.9185817, 55.9359117], [38.9146557, 55.9369793], [38.9092089, 55.9407009], [38.9060814, 55.9415501], [38.9031827, 55.9451524], [38.9006446, 55.9470654], [38.896651, 55.9466498], [38.8901305, 55.9445409], [38.8878614, 55.9452335], [38.885039, 55.9451996], [38.8712702, 55.9333553], [38.8665602, 55.9300964], [38.8382112, 55.913746], [38.8383826, 55.9148102], [38.8353879, 55.9156121], [38.8352566, 55.917184], [38.8339715, 55.9158651], [38.8349792, 55.9132852], [38.8399567, 55.9106564], [38.8400074, 55.9097501], [38.8443629, 55.9066763], [38.8552083, 55.9015007], [38.8536311, 55.9005002], [38.8596305, 55.8987864], [38.8636855, 55.8917505], [38.8658936, 55.8889166], [38.8509314, 55.8794303], [38.8593019, 55.8659097], [38.8642943, 55.8672531], [38.8675988, 55.863922], [38.8602075, 55.8621939], [38.8589157, 55.8636767], [38.8433578, 55.8599385], [38.8444697, 55.8584989], [38.8481351, 55.8560768], [38.8480576, 55.8552694], [38.8440865, 55.8526998], [38.848015, 55.8530711], [38.8476677, 55.8515688], [38.792769, 55.8505778], [38.79706, 55.8368809], [38.7962637, 55.8366393], [38.7890499, 55.8392562], [38.7858813, 55.8384988], [38.781893, 55.8391475], [38.779537, 55.8348291], [38.7786197, 55.8354474], [38.7722549, 55.8357668], [38.7685618, 55.8347264], [38.7650547, 55.8304627], [38.7602002, 55.8292894], [38.7564293, 55.826953], [38.7601951, 55.82249], [38.7628997, 55.8208982], [38.7624675, 55.8198862], [38.7632053, 55.8175706], [38.7600823, 55.8161564], [38.7612104, 55.8154321], [38.759338, 55.8138906], [38.7753589, 55.8039656], [38.7769616, 55.8015753], [38.7818906, 55.7990427], [38.7841387, 55.8000831], [38.7896282, 55.7987643], [38.7891406, 55.7976591], [38.7912525, 55.7964908], [38.7944506, 55.7974023], [38.7969618, 55.7961861], [38.7956982, 55.7939883], [38.7956456, 55.7869712], [38.8015367, 55.7837984], [38.8023406, 55.7826835], [38.8018816, 55.7816671], [38.8040835, 55.7816616], [38.8040858, 55.7811182], [38.8056955, 55.7801717], [38.809282, 55.7796034], [38.8110462, 55.7774487], [38.8115068, 55.7751142], [38.8014814, 55.764603], [38.8085364, 55.7630049], [38.8084934, 55.7622545], [38.8067679, 55.7595769], [38.8082143, 55.7546416], [38.8100442, 55.7525062], [38.809231, 55.7504261], [38.8062281, 55.7475653], [38.80057, 55.7465784], [38.7985786, 55.7457989], [38.7912451, 55.7409409], [38.7972661, 55.7380133], [38.7971816, 55.7367803], [38.7939131, 55.7350922], [38.7936019, 55.7341398], [38.7910942, 55.7335909], [38.7920073, 55.7323563], [38.7902515, 55.732027], [38.7891104, 55.7311926], [38.7870528, 55.7312015], [38.8032311, 55.717262], [38.8194002, 55.7199031], [38.8240192, 55.7166178], [38.8235568, 55.7133891], [38.8155847, 55.7121055], [38.8100361, 55.7083218], [38.8081195, 55.6998572], [38.808436, 55.6974999], [38.8048166, 55.6956022], [38.8060756, 55.6921611], [38.8007933, 55.6911958], [38.798591, 55.693094], [38.7976009, 55.6914072], [38.796864, 55.6834075], [38.8010869, 55.681812], [38.8026724, 55.6824827], [38.8110331, 55.6803963], [38.807987, 55.6785084], [38.813701, 55.6756886], [38.8218799, 55.6743258], [38.8334845, 55.6649958], [38.8343506, 55.6657009], [38.8409887, 55.6633219], [38.8361744, 55.6612846], [38.8384068, 55.6590993], [38.8362939, 55.6591944], [38.8342688, 55.6578787], [38.8325623, 55.6559646], [38.8330181, 55.6549192], [38.835895, 55.6540852], [38.8397496, 55.6517645], [38.8342401, 55.6451623], [38.824761, 55.6402983], [38.8212138, 55.6413626], [38.8117226, 55.6410906], [38.803818, 55.6425146], [38.7988276, 55.642433], [38.798506, 55.6405735], [38.8016238, 55.6400609], [38.8097976, 55.6408909], [38.8074216, 55.633314], [38.8107351, 55.6329741], [38.7974594, 55.6212319], [38.7971239, 55.6196683], [38.7897028, 55.610807], [38.7826744, 55.6115234], [38.7757339, 55.6089625], [38.7672983, 55.6067223], [38.7519183, 55.6064338], [38.7526342, 55.607117], [38.7401672, 55.6072545], [38.7218816, 55.6122577], [38.7069414, 55.6115431], [38.7011391, 55.6099136], [38.6849178, 55.6102785], [38.678122, 55.612983], [38.6657814, 55.6094236], [38.6550118, 55.6106], [38.6360494, 55.6099255], [38.6334206, 55.6118456], [38.6310519, 55.6111897], [38.6288227, 55.6111762], [38.6244006, 55.6153911]]]}}, {"type": "Feature", "properties": {"rda_code": "MO-92", "rda_name": "SHATURSKY AREA / incl. SHATURA, ROSHAL /", "osm_name": "муниципальный округ Шатура", "match_score": 0.92, "match_reason": "contains"}, "geometry": {"type": "Polygon", "coordinates": [[[39.3574972, 55.5378554], [39.337826, 55.5276526], [39.3441671, 55.5278772], [39.3488705, 55.5271227], [39.3523642, 55.5272264], [39.3678048, 55.5251807], [39.369381, 55.525493], [39.3717325, 55.5285512], [39.3825642, 55.5264895], [39.3776018, 55.524705], [39.3745768, 55.52499], [39.3743147, 55.5228676], [39.3696217, 55.5203323], [39.3660404, 55.5162239], [39.362266, 55.5092766], [39.358884, 55.5092825], [39.3585362, 55.5028302], [39.365091, 55.5026671], [39.3740411, 55.4926755], [39.3881682, 55.4927431], [39.3953848, 55.4947312], [39.4034604, 55.4947442], [39.4132685, 55.4933375], [39.4161312, 55.4923745], [39.4203408, 55.4941884], [39.424329, 55.493467], [39.4265053, 55.4944283], [39.5831685, 55.4913737], [39.5794397, 55.4702938], [39.5774873, 55.4448645], [39.5831536, 55.4440552], [39.587556, 55.4422795], [39.6103357, 55.4412485], [39.6085981, 55.4229427], [39.5780177, 55.4240025], [39.5776023, 55.4212029], [39.5724692, 55.4217428], [39.560759, 55.4245347], [39.5623723, 55.4205926], [39.5616093, 55.4190135], [39.5623922, 55.4173418], [39.5639133, 55.4181943], [39.5657055, 55.4181576], [39.5668391, 55.4176958], [39.5681827, 55.4163657], [39.5680566, 55.4158512], [39.5708672, 55.4158704], [39.5773219, 55.4136049], [39.5767152, 55.4126444], [39.5745631, 55.4125292], [39.5743321, 55.4088268], [39.575239, 55.40509], [39.5702401, 55.4037897], [39.5664025, 55.4040927], [39.565085, 55.4034442], [39.5647051, 55.4036982], [39.562076, 55.4030123], [39.556285, 55.403375], [39.553085, 55.4030239], [39.5482507, 55.3990195], [39.5496634, 55.3980291], [39.5438362, 55.3970162], [39.5400858, 55.3941267], [39.5396628, 55.3943749], [39.5396675, 55.3961597], [39.541013, 55.3974807], [39.5421517, 55.4023122], [39.541494, 55.4026235], [39.5384237, 55.4010852], [39.5381764, 55.4006716], [39.5391302, 55.3985728], [39.5368941, 55.3952668], [39.5344734, 55.3963267], [39.5331188, 55.3962773], [39.5331789, 55.3969247], [39.5297234, 55.3954139], [39.5319731, 55.3943799], [39.5309882, 55.3928724], [39.533798, 55.3927261], [39.5351587, 55.3922009], [39.535668, 55.3911573], [39.537692, 55.3905408], [39.5385125, 55.3890912], [39.5383948, 55.3870872], [39.5367782, 55.386062], [39.5369416, 55.3857427], [39.5418067, 55.3869844], [39.5422874, 55.3856843], [39.5436136, 55.3854895], [39.545878, 55.3818388], [39.5468802, 55.3815734], [39.5473897, 55.3821558], [39.550144, 55.3755849], [39.531833, 55.3728459], [39.5305651, 55.3719887], [39.5129973, 55.3675777], [39.5131897, 55.3667203], [39.5068748, 55.3611496], [39.5151891, 55.3532248], [39.5082153, 55.349897], [39.5050707, 55.3477594], [39.5033315, 55.3485441], [39.5011837, 55.3518018], [39.4966831, 55.3520103], [39.4955836, 55.3534865], [39.4964008, 55.3485161], [39.4922663, 55.3436968], [39.486663, 55.3401363], [39.479098, 55.3370203], [39.47123, 55.3360632], [39.4742564, 55.3324731], [39.4737717, 55.3322046], [39.4721761, 55.3282512], [39.4685165, 55.3259963], [39.4682622, 55.3249965], [39.4697262, 55.3230187], [39.4689758, 55.3214371], [39.4709644, 55.3183147], [39.4736565, 55.3163828], [39.4750091, 55.3145072], [39.4763602, 55.3139321], [39.4735917, 55.3103924], [39.4737628, 55.3083838], [39.4693248, 55.3036993], [39.4667299, 55.298558], [39.4699204, 55.2986038], [39.4712718, 55.2970209], [39.4792506, 55.2950099], [39.4832553, 55.2921628], [39.4848242, 55.2899751], [39.4809227, 55.2889369], [39.4818663, 55.2878886], [39.4828127, 55.2843032], [39.4802231, 55.2814588], [39.4806281, 55.2801373], [39.4797328, 55.2798541], [39.4780959, 55.2781638], [39.4763063, 55.2778702], [39.4780979, 55.276646], [39.4758783, 55.2754771], [39.4767586, 55.2744689], [39.4689334, 55.2734353], [39.4668642, 55.2718713], [39.4612823, 55.270045], [39.4609754, 55.268743], [39.4615656, 55.2675841], [39.4632189, 55.2669768], [39.4644183, 55.2674801], [39.4652041, 55.267008], [39.4649881, 55.2645629], [39.4656605, 55.2633982], [39.4712221, 55.258208], [39.4779571, 55.2590129], [39.4749842, 55.2555449], [39.4777214, 55.2545812], [39.4939711, 55.2530418], [39.4968173, 55.2516156], [39.5115829, 55.2503229], [39.5130772, 55.250784], [39.5241448, 55.2495608], [39.5352968, 55.2455652], [39.5453039, 55.2485769], [39.5467482, 55.2480701], [39.549975, 55.2462936], [39.5533082, 55.2432795], [39.5503752, 55.2408512], [39.5477418, 55.2396684], [39.5471423, 55.2385003], [39.5465253, 55.2384003], [39.5465333, 55.2378321], [39.5446413, 55.2376936], [39.5440426, 55.2369375], [39.5442494, 55.236452], [39.5462359, 55.2358739], [39.549049, 55.2365296], [39.5527097, 55.236064], [39.55284, 55.2357184], [39.552309, 55.2355613], [39.553486, 55.2349577], [39.5556677, 55.2348558], [39.5578651, 55.2337577], [39.5589036, 55.234306], [39.5600107, 55.2340591], [39.5599108, 55.233423], [39.5603708, 55.2330985], [39.5611548, 55.2338062], [39.5624065, 55.2335618], [39.5626797, 55.2331314], [39.5619976, 55.2327788], [39.5631991, 55.2321922], [39.5646964, 55.2323186], [39.5657042, 55.2316254], [39.5684604, 55.2320035], [39.568582, 55.231595], [39.5704706, 55.2317578], [39.5718315, 55.2311837], [39.5731026, 55.2319174], [39.5755731, 55.2317839], [39.5764928, 55.2325421], [39.5783537, 55.2325137], [39.5780105, 55.2328976], [39.5789065, 55.233137], [39.5790746, 55.2338634], [39.5812387, 55.232915], [39.5830512, 55.2327177], [39.5838316, 55.2331045], [39.5847845, 55.2324414], [39.5850913, 55.2337895], [39.5880134, 55.2338732], [39.5881052, 55.234338], [39.5888948, 55.2345771], [39.5888493, 55.2352937], [39.5897346, 55.2350736], [39.590712, 55.2358697], [39.5929398, 55.2363643], [39.5945206, 55.2349545], [39.5951629, 55.2351693], [39.5950237, 55.2354953], [39.596529, 55.2353525], [39.5983543, 55.2362058], [39.5990162, 55.2358433], [39.6036688, 55.23582], [39.6054732, 55.23531], [39.6058522, 55.2347235], [39.6072823, 55.2354379], [39.6103387, 55.2354139], [39.6101695, 55.2358586], [39.6107854, 55.2360478], [39.6124235, 55.2358268], [39.6130207, 55.2365334], [39.6156713, 55.2365356], [39.6165235, 55.2373926], [39.6180458, 55.2376343], [39.6199925, 55.2366903], [39.6202617, 55.2370195], [39.6225869, 55.2368656], [39.6234015, 55.2364368], [39.623686, 55.2369115], [39.6256556, 55.2367495], [39.6260899, 55.2371583], [39.6268065, 55.2368255], [39.629508, 55.2374426], [39.630644, 55.2368229], [39.6345672, 55.2373029], [39.6363168, 55.2372536], [39.636785, 55.2368453], [39.639696, 55.2376891], [39.6412934, 55.2362091], [39.6418456, 55.233188], [39.6577518, 55.2324665], [39.6584822, 55.2313991], [39.6566294, 55.2283001], [39.6573062, 55.2273286], [39.6587488, 55.2269213], [39.6588656, 55.2218216], [39.6618373, 55.2217889], [39.6619247, 55.2200541], [39.6632426, 55.2190634], [39.6629893, 55.2162783], [39.6698325, 55.2062232], [39.6725717, 55.2010459], [39.6692853, 55.199544], [39.6711859, 55.1955445], [39.6781057, 55.1931767], [39.6816014, 55.1885943], [39.6848553, 55.1873721], [39.6945259, 55.1850576], [39.701732, 55.1812323], [39.697369, 55.1757342], [39.6989614, 55.171803], [39.706797, 55.1647758], [39.722162, 55.1604327], [39.7252472, 55.1578257], [39.7252076, 55.1448482], [39.7086357, 55.144773], [39.7086898, 55.1351693], [39.699925, 55.1350012], [39.6998129, 55.1268304], [39.6919032, 55.1261097], [39.6919342, 55.1190441], [39.6925297, 55.1132571], [39.6882299, 55.1036836], [39.6958986, 55.1024448], [39.6945482, 55.1000386], [39.6960108, 55.0874141], [39.6981071, 55.079771], [39.6968468, 55.0763043], [39.6859311, 55.0660166], [39.6556349, 55.0715371], [39.6524798, 55.0660882], [39.6503626, 55.0664754], [39.6490535, 55.0642661], [39.6512501, 55.0637228], [39.6477486, 55.0575432], [39.6527905, 55.0567197], [39.6485915, 55.0516454], [39.6448124, 55.0523426], [39.629738, 55.0252516], [39.6695682, 55.0254255], [39.6692176, 55.0139728], [39.7011517, 55.0078952], [39.7013299, 55.0059462], [39.7534946, 55.0045967], [39.7658922, 55.0089831], [39.763476, 55.0177477], [39.7588595, 55.0275082], [39.7575901, 55.0290626], [39.7555686, 55.0351168], [39.7803575, 55.0313993], [39.7874284, 55.0238519], [39.7985362, 55.0096281], [39.802657, 55.0064041], [39.8047924, 55.0053824], [39.8055545, 55.0082695], [39.818155, 55.0343639], [39.8334774, 55.0571874], [39.8470856, 55.0822356], [39.8494137, 55.0827973], [39.8486059, 55.0849256], [39.8563526, 55.1001142], [39.8578372, 55.10185], [39.8625646, 55.1111421], [39.859603, 55.1137152], [39.8432168, 55.1140928], [39.8342559, 55.1156081], [39.8286725, 55.1205127], [39.8260504, 55.1267421], [39.8231044, 55.1360545], [39.8077326, 55.134428], [39.7990592, 55.1376079], [39.7874518, 55.1277459], [39.786672, 55.1273251], [39.7858528, 55.1275712], [39.7850369, 55.1264427], [39.7835955, 55.1256217], [39.782069, 55.1261958], [39.7809262, 55.1254821], [39.7786215, 55.1230781], [39.7751373, 55.116365], [39.7559655, 55.1194703], [39.7315528, 55.1189179], [39.7056389, 55.1174141], [39.7151437, 55.130186], [39.7263526, 55.1390003], [39.7339075, 55.1436715], [39.7384322, 55.1470855], [39.7493349, 55.1477428], [39.7539382, 55.1504121], [39.7538553, 55.1537821], [39.7545931, 55.1545945], [39.754964, 55.1563087], [39.7605365, 55.1614565], [39.7684922, 55.1664483], [39.7703864, 55.16859], [39.7691229, 55.1714601], [39.7719971, 55.1748691], [39.7734012, 55.1761348], [39.784906, 55.1787925], [39.7855948, 55.1808039], [39.7832582, 55.1839923], [39.7845029, 55.1861897], [39.7915427, 55.1870603], [39.7948367, 55.187953], [39.7997496, 55.1866244], [39.8057816, 55.1880525], [39.8131814, 55.1908479], [39.8126704, 55.1948002], [39.821544, 55.1992092], [39.8378704, 55.2046425], [39.8447003, 55.2026751], [39.8476513, 55.2023706], [39.8582458, 55.2030234], [39.8678306, 55.2026301], [39.8823582, 55.2037864], [39.886808, 55.2065519], [39.9004341, 55.2083622], [39.9080145, 55.2122937], [39.91074, 55.2129094], [39.9134663, 55.2128975], [39.9222339, 55.2152939], [39.9254289, 55.2150514], [39.9325242, 55.2133691], [39.9340697, 55.2136652], [39.9351729, 55.2147445], [39.9369759, 55.2152972], [39.9412655, 55.2150813], [39.9450048, 55.2136567], [39.9459766, 55.2104356], [39.9503513, 55.2079737], [39.9529968, 55.2074783], [39.9553693, 55.2074332], [39.9575091, 55.2081441], [39.9603104, 55.2098713], [39.9641034, 55.2103417], [39.9670941, 55.2135192], [39.9681802, 55.2138353], [39.9706158, 55.213592], [39.9746396, 55.2119003], [39.9774164, 55.2114168], [39.9806252, 55.2116624], [39.9874837, 55.2133185], [39.9883896, 55.2113309], [39.988534, 55.2089655], [39.991071, 55.2053441], [39.9921761, 55.2018374], [39.993914, 55.1998972], [39.9969955, 55.2015087], [39.9970048, 55.2099941], [40.0033913, 55.213541], [40.0029904, 55.2164331], [40.0073889, 55.2206232], [40.0046948, 55.2240767], [40.0210967, 55.2282535], [40.0218242, 55.229351], [40.0248152, 55.2303669], [40.0295342, 55.2348836], [40.0313838, 55.2378849], [40.0353597, 55.2419158], [40.0359063, 55.2415132], [40.0360495, 55.2402586], [40.0341732, 55.238872], [40.0344195, 55.2374609], [40.03534, 55.2367666], [40.0362601, 55.2367895], [40.0372578, 55.2357463], [40.0415935, 55.2361504], [40.044748, 55.237555], [40.0482067, 55.2383936], [40.0564194, 55.2392576], [40.0620089, 55.2427965], [40.0600588, 55.2448686], [40.0636633, 55.2480671], [40.0757545, 55.2511055], [40.0855381, 55.2547358], [40.0940461, 55.2568923], [40.1150261, 55.2581038], [40.1196807, 55.2602601], [40.1251512, 55.263912], [40.1275878, 55.2649885], [40.1546443, 55.2643893], [40.156122, 55.265226], [40.1542935, 55.2676021], [40.1566279, 55.2688755], [40.1555347, 55.270062], [40.156241, 55.2713819], [40.1543787, 55.2720899], [40.1543579, 55.2728906], [40.1537985, 55.2733524], [40.1520309, 55.2737241], [40.1591678, 55.2753306], [40.1630678, 55.2806354], [40.1664433, 55.2854298], [40.1795024, 55.3120635], [40.1843651, 55.3144381], [40.2047168, 55.315661], [40.199529, 55.321714], [40.1788993, 55.3348338], [40.2021424, 55.3485537], [40.1992376, 55.354286], [40.1961339, 55.3591312], [40.1909226, 55.3650073], [40.1788334, 55.3939765], [40.1495954, 55.4144846], [40.1487302, 55.4169219], [40.1446855, 55.4183388], [40.1425691, 55.4181067], [40.1427424, 55.4207637], [40.1457957, 55.4248449], [40.1458497, 55.4313262], [40.146332, 55.4344902], [40.140777, 55.4396051], [40.1453979, 55.4458331], [40.1413046, 55.4507267], [40.1523369, 55.4567187], [40.1534035, 55.4605868], [40.1585392, 55.4622774], [40.163063, 55.4602836], [40.1940293, 55.4619133], [40.186747, 55.4676806], [40.1873081, 55.4705863], [40.1862173, 55.4722438], [40.189964, 55.4770442], [40.195328, 55.4772179], [40.1957703, 55.4809574], [40.1966142, 55.4811878], [40.1964209, 55.4824559], [40.1970211, 55.4832284], [40.1960564, 55.4852052], [40.1965454, 55.4860589], [40.1956093, 55.48767], [40.1962338, 55.490908], [40.1980612, 55.4945702], [40.2003998, 55.4966489], [40.2001031, 55.4983198], [40.1917497, 55.5037343], [40.1759822, 55.5066245], [40.172635, 55.5058888], [40.1711944, 55.5061922], [40.1710941, 55.5077403], [40.17164, 55.5081109], [40.1704098, 55.5097948], [40.1718304, 55.5117919], [40.167672, 55.5127386], [40.167288, 55.5135935], [40.1682318, 55.5152508], [40.1664781, 55.5164139], [40.1694931, 55.5180994], [40.1695886, 55.5192753], [40.1724367, 55.5200969], [40.1725828, 55.5207674], [40.1721767, 55.5210011], [40.1729775, 55.5218966], [40.167802, 55.5266203], [40.1575354, 55.5271377], [40.142822, 55.5237824], [40.1346295, 55.5260499], [40.1337684, 55.5279175], [40.11895, 55.529302], [40.1145345, 55.5283072], [40.1078472, 55.5276052], [40.1029727, 55.5287066], [40.0768285, 55.5253666], [40.0732122, 55.526866], [40.0632389, 55.5255253], [40.060872, 55.52649], [40.0488709, 55.5264979], [40.049367, 55.5613688], [40.0489941, 55.5669383], [40.0478583, 55.5678913], [40.0480413, 55.5694588], [40.0497258, 55.5699744], [40.049833, 55.5704172], [40.0489426, 55.5713271], [40.0489426, 55.5740566], [40.0494146, 55.5748694], [40.049082, 55.5755184], [40.0496828, 55.576131], [40.0481486, 55.579121], [40.0484592, 55.5801192], [40.0468293, 55.5818841], [40.0537024, 55.5805296], [40.0593051, 55.5802037], [40.0643067, 55.5782684], [40.0698077, 55.578069], [40.0748379, 55.57724], [40.0756778, 55.5823638], [40.0757489, 55.5875699], [40.0931957, 55.6072894], [40.0877359, 55.6106476], [40.0414473, 55.6353208], [40.0469859, 55.6365725], [40.0535896, 55.6553441], [40.0434894, 55.6671862], [40.0144231, 55.6869003], [39.9942816, 55.6876581], [39.9756729, 55.706544], [39.9583818, 55.722522], [39.936197, 55.7195043], [39.9333368, 55.7202789], [39.9259402, 55.7331675], [39.9089534, 55.7425642], [39.9030523, 55.7418959], [39.8976515, 55.7544429], [39.8864814, 55.7609851], [39.8907164, 55.7669876], [39.9037451, 55.7736916], [39.896797, 55.7829849], [39.900544, 55.7872583], [39.9009903, 55.7899392], [39.9080987, 55.7932964], [39.9060604, 55.7969352], [39.9095784, 55.7976043], [39.9092404, 55.8029286], [39.8973997, 55.8112683], [39.9004767, 55.8139274], [39.9019591, 55.8213414], [39.8999513, 55.8233429], [39.8970851, 55.8240836], [39.8956819, 55.8267505], [39.8923452, 55.8277056], [39.8891021, 55.8331955], [39.8659984, 55.8324309], [39.8540706, 55.838491], [39.8568447, 55.8399935], [39.8564479, 55.840627], [39.85193, 55.8426944], [39.8507788, 55.8411567], [39.8480192, 55.8397775], [39.836252, 55.835779], [39.8346955, 55.8360925], [39.8335971, 55.838505], [39.8338247, 55.840997], [39.8321432, 55.8410443], [39.8287157, 55.8392578], [39.8238459, 55.8407734], [39.8224556, 55.8399499], [39.8227055, 55.838248], [39.8223486, 55.8375868], [39.8201, 55.8357097], [39.8161062, 55.8353842], [39.8052028, 55.8362683], [39.8019587, 55.8349366], [39.798899, 55.830689], [39.7957002, 55.8297147], [39.7928406, 55.8296909], [39.7901324, 55.830139], [39.7888809, 55.8315115], [39.7894597, 55.8330671], [39.7917633, 55.8354792], [39.7920982, 55.8370373], [39.7903804, 55.8402188], [39.7876173, 55.8413507], [39.7832527, 55.841668], [39.77194, 55.8391842], [39.7622127, 55.840334], [39.755463, 55.841792], [39.7321047, 55.8423529], [39.7311959, 55.8248826], [39.7215491, 55.8234268], [39.7143852, 55.8234854], [39.7138537, 55.8138684], [39.6967644, 55.8140878], [39.6963728, 55.8043327], [39.7016384, 55.8042351], [39.7034096, 55.7874352], [39.6606245, 55.7857249], [39.6607636, 55.7953936], [39.6437894, 55.7956988], [39.6440391, 55.805206], [39.6279091, 55.8054481], [39.627515, 55.7990245], [39.594891, 55.798161], [39.5950282, 55.7886378], [39.5234244, 55.7873539], [39.5216452, 55.7670703], [39.5211385, 55.7452268], [39.4828414, 55.7449934], [39.4940222, 55.7348329], [39.5060146, 55.7232053], [39.5156162, 55.7129241], [39.5237665, 55.7054033], [39.5190436, 55.7065086], [39.5183983, 55.7041993], [39.5170997, 55.7024532], [39.5192321, 55.7017809], [39.5002611, 55.6841356], [39.4884081, 55.6826953], [39.4799029, 55.6783393], [39.4688516, 55.6613874], [39.4675222, 55.6610751], [39.4652208, 55.6616913], [39.4553261, 55.6534653], [39.4560785, 55.6511633], [39.451137, 55.6487282], [39.4505876, 55.6472591], [39.4490545, 55.646699], [39.4467348, 55.6435594], [39.4456635, 55.6432808], [39.4448474, 55.6417511], [39.4439735, 55.6413313], [39.4418482, 55.6359107], [39.4387021, 55.6350865], [39.4380635, 55.6337085], [39.4313438, 55.6289694], [39.4352562, 55.6213191], [39.4272572, 55.6209223], [39.4249885, 55.6196053], [39.4258276, 55.6184372], [39.4252161, 55.6169631], [39.4196063, 55.6116549], [39.4199483, 55.6104821], [39.4240268, 55.605049], [39.4240436, 55.6004089], [39.422313, 55.5994942], [39.4252186, 55.5968261], [39.4271416, 55.5974485], [39.4300018, 55.5970772], [39.4328921, 55.598056], [39.4369476, 55.5985916], [39.4408301, 55.5980482], [39.4412849, 55.5913647], [39.4245172, 55.5906255], [39.4138377, 55.5912618], [39.4080964, 55.5928053], [39.4069699, 55.5925363], [39.4089854, 55.5853027], [39.4048344, 55.5814663], [39.4133625, 55.5786342], [39.4184803, 55.5744818], [39.4166656, 55.5735995], [39.4126827, 55.5762353], [39.410119, 55.5748518], [39.4066139, 55.5762326], [39.4018763, 55.5769918], [39.3992345, 55.5742676], [39.3934899, 55.5746716], [39.3936318, 55.5738599], [39.392443, 55.5711177], [39.392435, 55.5700747], [39.3776685, 55.5700649], [39.375427, 55.5747269], [39.3460292, 55.5734818], [39.3420109, 55.5781764], [39.3362219, 55.5774243], [39.3311105, 55.5745175], [39.3344208, 55.5699764], [39.3331792, 55.5690559], [39.3321262, 55.5619717], [39.3363632, 55.5620516], [39.3415903, 55.5599928], [39.3555269, 55.5566533], [39.3546786, 55.5540931], [39.3504558, 55.5510861], [39.3451468, 55.5491143], [39.3459007, 55.5435294], [39.33367, 55.5432218], [39.3338799, 55.5387182], [39.3447672, 55.5384192], [39.3448764, 55.5389073], [39.3576104, 55.5383739], [39.3574972, 55.5378554]]]}}, {"type": "Feature", "properties": {"rda_code": "MO-83", "rda_name": "RAMENSKY AREA / incl. RAMENSKOJE/", "osm_name": "Раменский муниципальный округ", "match_score": 0.92, "match_reason": "contains"}, "geometry": {"type": "Polygon", "coordinates": [[[37.9126892, 55.4932463], [37.9091365, 55.4928756], [37.9089329, 55.4908579], [37.9030751, 55.4907459], [37.8989318, 55.489719], [37.8968595, 55.4884303], [37.9047192, 55.4849061], [37.9041821, 55.4845957], [37.9059036, 55.4830534], [37.9046845, 55.4824374], [37.9084704, 55.4784701], [37.9075281, 55.4779318], [37.9089055, 55.4764939], [37.9109292, 55.4765626], [37.9110786, 55.4749185], [37.9139135, 55.474847], [37.9129852, 55.4745755], [37.9134225, 55.4735114], [37.9152768, 55.4724661], [37.9046876, 55.472517], [37.9036893, 55.4726938], [37.9027482, 55.4740531], [37.8964388, 55.471851], [37.9011513, 55.4648601], [37.9048778, 55.4616105], [37.9074615, 55.4618864], [37.9135847, 55.4647574], [37.9147837, 55.4641672], [37.9151654, 55.463243], [37.922649, 55.4629538], [37.9233771, 55.4638611], [37.9192325, 55.4691835], [37.9192581, 55.4705231], [37.9195989, 55.4709108], [37.920263, 55.4707105], [37.9209613, 55.4719174], [37.9247243, 55.4738184], [37.9219034, 55.4743773], [37.9203833, 55.4740424], [37.919529, 55.4747617], [37.9317604, 55.4773444], [37.937017, 55.4798721], [37.9415492, 55.4785157], [37.9437043, 55.4772028], [37.9494518, 55.4769984], [37.9495695, 55.4764783], [37.9479478, 55.4762501], [37.9477725, 55.4749889], [37.9464273, 55.4751797], [37.9464506, 55.4742436], [37.9459368, 55.4741393], [37.9466068, 55.4739213], [37.9460419, 55.4734792], [37.944957, 55.474033], [37.9442337, 55.4733], [37.9420231, 55.4732987], [37.9421664, 55.4720486], [37.9431461, 55.4713851], [37.9457703, 55.472084], [37.9468176, 55.4716246], [37.9453431, 55.4697072], [37.945543, 55.4678423], [37.9479265, 55.4678197], [37.9482029, 55.4662914], [37.9489671, 55.4658607], [37.9474052, 55.4657564], [37.9465424, 55.4652093], [37.9473798, 55.463938], [37.9471153, 55.4635268], [37.9483322, 55.4629093], [37.9484321, 55.4632916], [37.9489903, 55.4632209], [37.9497791, 55.4621284], [37.9511744, 55.4624454], [37.9511129, 55.4619303], [37.9490965, 55.4605302], [37.9500076, 55.4603436], [37.9495843, 55.460054], [37.9500722, 55.4598549], [37.9498665, 55.4591801], [37.9486376, 55.4586254], [37.9487996, 55.4578887], [37.9471911, 55.4577695], [37.9476494, 55.4570562], [37.9465477, 55.4565897], [37.9485427, 55.4560148], [37.9479572, 55.4556042], [37.9480701, 55.4549604], [37.9495406, 55.4546309], [37.9502552, 55.4550693], [37.9522618, 55.4543507], [37.9517617, 55.4532387], [37.9530502, 55.4525839], [37.9529287, 55.4515], [37.954505, 55.4500842], [37.9536432, 55.449391], [37.9537741, 55.4488586], [37.9564689, 55.4491071], [37.9576064, 55.4484813], [37.9587885, 55.4485773], [37.9633414, 55.4474452], [37.9629727, 55.4466491], [37.9635751, 55.4461315], [37.9631716, 55.4436779], [37.9622865, 55.4436246], [37.9640755, 55.4400988], [37.9653308, 55.4396088], [37.9653042, 55.4383208], [37.9636359, 55.4359856], [37.9592878, 55.4343677], [37.9461464, 55.4353096], [37.9406985, 55.4351469], [37.93381, 55.4310703], [37.9320217, 55.4318097], [37.9305302, 55.4317916], [37.9298326, 55.4304043], [37.9305529, 55.4272366], [37.9300692, 55.4254336], [37.9280993, 55.4234676], [37.9298441, 55.4220419], [37.9312925, 55.4222886], [37.9327191, 55.4168601], [37.9307683, 55.4153712], [37.9318017, 55.4142177], [37.9361221, 55.4154665], [37.935239, 55.4165219], [37.9373962, 55.4184197], [37.9396964, 55.4185779], [37.9467996, 55.4150557], [37.9448268, 55.4132486], [37.9461923, 55.4122801], [37.9493161, 55.4127954], [37.9516619, 55.4108127], [37.95306, 55.4088025], [37.9562141, 55.4099285], [37.958164, 55.408378], [37.9604479, 55.409214], [37.9604619, 55.4100404], [37.9681344, 55.4109323], [37.9768609, 55.4145865], [37.9857776, 55.414374], [37.9861436, 55.4135155], [37.9853393, 55.4122696], [37.9868618, 55.4115678], [37.9861368, 55.4095743], [37.9863308, 55.4072462], [37.9857665, 55.4056385], [37.9879532, 55.4029912], [37.9882939, 55.3996997], [37.9908616, 55.3991057], [37.9917212, 55.3970617], [37.9965717, 55.3924827], [38.0008511, 55.3912948], [37.999116, 55.3896199], [37.9944199, 55.3897642], [37.9915501, 55.3872268], [37.992315, 55.3860835], [37.9969233, 55.3839395], [37.9996693, 55.3852858], [38.0012308, 55.3851244], [38.0044587, 55.3837637], [38.0058994, 55.382647], [38.0045074, 55.3775999], [38.0082721, 55.3775634], [38.0092721, 55.3793501], [38.0144387, 55.3812966], [38.0225832, 55.3782139], [38.030311, 55.377347], [38.0387379, 55.368066], [38.0457319, 55.3649786], [38.0552056, 55.3567522], [38.0591213, 55.3542911], [38.0527043, 55.3495754], [38.0529065, 55.3476155], [38.0481356, 55.3465582], [38.0479496, 55.3459701], [38.0446178, 55.3455507], [38.0430719, 55.3408046], [38.0388181, 55.3360672], [38.0434476, 55.3344091], [38.0408639, 55.3320761], [38.0390475, 55.3317484], [38.0366547, 55.3324451], [38.0343491, 55.3318643], [38.0336343, 55.3323291], [38.0337655, 55.3332108], [38.0309458, 55.3336055], [38.0298742, 55.3347687], [38.0272458, 55.3356401], [38.0264642, 55.3369545], [38.0245543, 55.3360577], [38.0235948, 55.3366264], [38.0213223, 55.3368501], [38.0202742, 55.3380786], [38.0182039, 55.3376655], [38.0166137, 55.3383309], [38.0161912, 55.3380743], [38.0165842, 55.3372825], [38.0144586, 55.3336748], [38.0116745, 55.333236], [38.0092356, 55.3316938], [38.0090295, 55.3305824], [38.0098744, 55.3300292], [38.0091864, 55.3277918], [37.9998835, 55.3279344], [38.0035294, 55.3317823], [38.0037561, 55.33274], [38.0024341, 55.3328027], [37.9995842, 55.3311741], [37.9971059, 55.327522], [37.9950669, 55.3260323], [37.9940055, 55.3260528], [37.9932264, 55.3233952], [37.9934995, 55.3208303], [37.9958673, 55.3192864], [38.0076049, 55.3175136], [38.0090259, 55.31671], [38.0103977, 55.3145771], [38.0206853, 55.3124948], [38.0212284, 55.3107222], [38.0345251, 55.3094835], [38.0310373, 55.29879], [38.045853, 55.3036948], [38.049018, 55.3020727], [38.0575372, 55.3049619], [38.0584875, 55.305965], [38.069562, 55.3047109], [38.0701407, 55.3055557], [38.0728708, 55.3067015], [38.0764799, 55.3105875], [38.0764577, 55.3140143], [38.078811, 55.3147873], [38.0785825, 55.3164508], [38.0869547, 55.3159447], [38.0851202, 55.3107977], [38.1048013, 55.3101664], [38.0988772, 55.3018601], [38.0983176, 55.3002029], [38.096576, 55.299704], [38.095643, 55.2988971], [38.0960497, 55.2973538], [38.0974078, 55.2977661], [38.1062723, 55.2975849], [38.1095904, 55.2987172], [38.1110296, 55.2986682], [38.1169712, 55.2969375], [38.1190261, 55.2956758], [38.1207634, 55.2955712], [38.1202094, 55.2947357], [38.1182976, 55.2937135], [38.1153823, 55.2891707], [38.1154242, 55.28763], [38.113369, 55.2858736], [38.1127656, 55.2841641], [38.1056998, 55.2754736], [38.1058322, 55.2746522], [38.1089228, 55.270671], [38.1113092, 55.2683047], [38.1140786, 55.2684461], [38.1177149, 55.2693869], [38.1295428, 55.2737024], [38.1350979, 55.2741169], [38.1362826, 55.2746443], [38.1369493, 55.2737975], [38.1379867, 55.273424], [38.1422331, 55.2727053], [38.1447769, 55.2730297], [38.1471469, 55.2740548], [38.1484199, 55.2733277], [38.1497027, 55.271427], [38.1516583, 55.2709896], [38.1550227, 55.2736999], [38.1566526, 55.2735861], [38.1584969, 55.2741076], [38.1597929, 55.2736978], [38.1622372, 55.2751803], [38.1641206, 55.2740782], [38.1659628, 55.2746457], [38.1665103, 55.2743132], [38.1693294, 55.2758335], [38.1764972, 55.2734532], [38.1797067, 55.271284], [38.1854174, 55.2716597], [38.1920934, 55.2744065], [38.1982093, 55.2757329], [38.2040497, 55.275908], [38.2264829, 55.280115], [38.2305328, 55.2788888], [38.2350264, 55.279608], [38.2423605, 55.2731334], [38.2819384, 55.2803013], [38.2827457, 55.2781902], [38.2823165, 55.2767954], [38.2809791, 55.2759835], [38.2811868, 55.2753419], [38.2805803, 55.2752657], [38.2808349, 55.2747906], [38.2793005, 55.2740878], [38.2800695, 55.2736432], [38.2795097, 55.2725491], [38.2810494, 55.2713556], [38.2824596, 55.2710846], [38.2820121, 55.270491], [38.2841026, 55.267989], [38.283749, 55.2671641], [38.2847282, 55.2667646], [38.2855009, 55.2655331], [38.2848622, 55.2643976], [38.2834557, 55.2633374], [38.2822745, 55.2631875], [38.2818214, 55.2623901], [38.2811792, 55.2625371], [38.2814153, 55.2619503], [38.2798112, 55.2621737], [38.2806001, 55.2609249], [38.278462, 55.2595824], [38.2784824, 55.2590674], [38.2804706, 55.2584449], [38.2850623, 55.2588412], [38.2880771, 55.256862], [38.2903126, 55.2541508], [38.2947619, 55.2532057], [38.3052282, 55.2589694], [38.3228315, 55.2637133], [38.3291809, 55.2636382], [38.3518977, 55.2678959], [38.3522758, 55.2716359], [38.365755, 55.2683802], [38.3688814, 55.268981], [38.3728248, 55.2686082], [38.3767788, 55.2690693], [38.3813899, 55.2703796], [38.3921939, 55.2658198], [38.3998846, 55.2717295], [38.4105583, 55.2593071], [38.4076726, 55.2568346], [38.4052709, 55.25659], [38.4002445, 55.2542016], [38.4063533, 55.2451773], [38.4122753, 55.240535], [38.4148539, 55.2402016], [38.4175971, 55.2388612], [38.4259304, 55.2371311], [38.4291316, 55.2385422], [38.4306273, 55.2404248], [38.4397725, 55.2402218], [38.4398209, 55.243137], [38.441757, 55.244599], [38.4552561, 55.2452658], [38.4626151, 55.2511884], [38.4631444, 55.2534123], [38.4692435, 55.2515294], [38.4858109, 55.2559877], [38.4893188, 55.2564796], [38.4878002, 55.2598964], [38.4951297, 55.2656977], [38.5004199, 55.2688293], [38.4963664, 55.2733737], [38.4956584, 55.2732887], [38.4940977, 55.2754629], [38.4947164, 55.275566], [38.4904045, 55.2798437], [38.4914972, 55.2802025], [38.4961197, 55.2841289], [38.5009399, 55.2890953], [38.5114698, 55.2951361], [38.5069661, 55.2987226], [38.506238, 55.2998857], [38.510155, 55.3089072], [38.5155404, 55.3104799], [38.5190122, 55.3105782], [38.5216717, 55.3129033], [38.5240641, 55.3140525], [38.5255006, 55.3175903], [38.5266546, 55.3184028], [38.5267608, 55.3193148], [38.5227566, 55.3205346], [38.5216917, 55.322055], [38.5196556, 55.3222069], [38.5204001, 55.3227287], [38.5191208, 55.3229396], [38.5185897, 55.3236677], [38.5188184, 55.3239791], [38.5172731, 55.3246953], [38.5171347, 55.3251882], [38.5201807, 55.3279914], [38.5041802, 55.3310798], [38.5023244, 55.3301722], [38.4991953, 55.3337496], [38.5001682, 55.3364937], [38.4978854, 55.3379901], [38.4845432, 55.3404654], [38.48452, 55.3416504], [38.4836485, 55.3416129], [38.4830916, 55.3425146], [38.4815944, 55.3427731], [38.4818168, 55.3431911], [38.4803639, 55.3450147], [38.4801731, 55.3460038], [38.4789906, 55.3451668], [38.4766634, 55.3459385], [38.4757097, 55.3459384], [38.4743876, 55.3450513], [38.4722, 55.3456556], [38.471679, 55.3452485], [38.4627033, 55.348209], [38.4634553, 55.3562696], [38.4639839, 55.3579218], [38.4675802, 55.356875], [38.4737708, 55.3576302], [38.4905424, 55.3765423], [38.5099487, 55.3758867], [38.5132255, 55.3784395], [38.5142877, 55.3807027], [38.5131158, 55.3818824], [38.5072613, 55.3826971], [38.5082514, 55.384444], [38.5007461, 55.3852521], [38.5084374, 55.3915365], [38.5072352, 55.393102], [38.5075987, 55.3942542], [38.5103135, 55.3955056], [38.5097748, 55.3961015], [38.5091101, 55.3965808], [38.5004497, 55.393832], [38.4976135, 55.3961313], [38.4835566, 55.3908302], [38.456508, 55.3965937], [38.4499511, 55.3891663], [38.4415008, 55.3917789], [38.4377039, 55.3923153], [38.4364872, 55.3904282], [38.427941, 55.3927272], [38.4293047, 55.3984714], [38.4322497, 55.3979776], [38.4387374, 55.4023656], [38.4351019, 55.4061811], [38.4316093, 55.4126592], [38.4305405, 55.4130698], [38.4305312, 55.4135048], [38.4233373, 55.4133814], [38.4206078, 55.4121851], [38.4179842, 55.4120243], [38.4136676, 55.4133906], [38.4120392, 55.4155793], [38.4122189, 55.4168105], [38.4093171, 55.4204317], [38.4101729, 55.4226497], [38.4116747, 55.4233702], [38.4122462, 55.4301959], [38.4178424, 55.4297731], [38.4180867, 55.4343594], [38.4074791, 55.4348393], [38.4087695, 55.4378229], [38.4104525, 55.4401831], [38.4014089, 55.4441213], [38.4004113, 55.4428298], [38.3914179, 55.4409205], [38.3907046, 55.4414969], [38.3785751, 55.4412188], [38.3735147, 55.4419612], [38.3603708, 55.4453574], [38.3603056, 55.446757], [38.3565547, 55.4474667], [38.3524342, 55.4471968], [38.3705967, 55.4644903], [38.3800454, 55.4716011], [38.3803291, 55.4835922], [38.3811196, 55.4901321], [38.3894711, 55.4973406], [38.3945047, 55.4982103], [38.4065345, 55.494084], [38.4086442, 55.4953938], [38.4127248, 55.4932256], [38.4108919, 55.4908245], [38.4200747, 55.4833814], [38.4256249, 55.4846117], [38.4272011, 55.4837181], [38.4440525, 55.4930084], [38.442685, 55.4941237], [38.4523191, 55.5083296], [38.4546592, 55.5086388], [38.4520817, 55.5245341], [38.4513231, 55.526698], [38.4511308, 55.5326945], [38.4500308, 55.5392778], [38.4558712, 55.5390976], [38.4559564, 55.5382879], [38.4584819, 55.5387955], [38.4674313, 55.5441136], [38.4743889, 55.546261], [38.4763383, 55.5491858], [38.4773877, 55.5499105], [38.4816322, 55.5484718], [38.4873681, 55.5517138], [38.4889685, 55.5543781], [38.4943748, 55.5560771], [38.4998141, 55.5586449], [38.4999404, 55.5618174], [38.5278168, 55.5614008], [38.5538357, 55.5595865], [38.5724316, 55.5589605], [38.5965551, 55.5615333], [38.6061264, 55.5602339], [38.6162499, 55.5567912], [38.6168754, 55.5574203], [38.619911, 55.5550766], [38.6213412, 55.5518306], [38.6259898, 55.5527829], [38.6277289, 55.5545173], [38.6244392, 55.5557429], [38.61683, 55.5601166], [38.6143534, 55.5607639], [38.6154395, 55.5625066], [38.61663, 55.5630668], [38.6249609, 55.5622458], [38.6289155, 55.5611413], [38.6279762, 55.5602295], [38.6403171, 55.554748], [38.6424176, 55.5555096], [38.6416821, 55.5591494], [38.6473692, 55.5663396], [38.6469046, 55.5674247], [38.6414757, 55.5714846], [38.6351341, 55.5745693], [38.6326596, 55.5777339], [38.6347541, 55.5815078], [38.6333533, 55.5831776], [38.6306965, 55.584306], [38.6243261, 55.5817103], [38.6197174, 55.5836623], [38.617554, 55.5836199], [38.6128928, 55.5850895], [38.597569, 55.5881939], [38.5927291, 55.5902631], [38.5932308, 55.5955091], [38.5916564, 55.5973261], [38.5894284, 55.5970307], [38.5880581, 55.5984763], [38.5900855, 55.6020118], [38.5929265, 55.6029839], [38.5933775, 55.6042535], [38.6220608, 55.6011345], [38.6205228, 55.604838], [38.6253307, 55.6048554], [38.6255434, 55.6120904], [38.6241271, 55.6141775], [38.6244006, 55.6153911], [38.6229923, 55.6166852], [38.6116992, 55.6176286], [38.6076851, 55.6185139], [38.6034739, 55.6185533], [38.5880728, 55.6125071], [38.5772964, 55.6112736], [38.5731004, 55.6137066], [38.5664434, 55.614975], [38.5679404, 55.6229682], [38.5639965, 55.626753], [38.5654536, 55.6280878], [38.5720192, 55.6287321], [38.5761346, 55.6300949], [38.5711467, 55.6318015], [38.5667099, 55.6471882], [38.5516564, 55.6537146], [38.5297349, 55.6555868], [38.5248846, 55.6615089], [38.5240807, 55.6633135], [38.5249157, 55.666746], [38.5152112, 55.6685251], [38.5145545, 55.6636277], [38.5118486, 55.6568983], [38.5041244, 55.6579131], [38.5012822, 55.6587972], [38.4985389, 55.6621905], [38.4974007, 55.6645171], [38.4934058, 55.6655476], [38.4832412, 55.6669998], [38.4786048, 55.6734253], [38.4704457, 55.6783404], [38.4394882, 55.6818543], [38.4264524, 55.6865387], [38.4086882, 55.6978335], [38.4027235, 55.6979453], [38.3938397, 55.6918077], [38.3847817, 55.688283], [38.3691786, 55.6877697], [38.3563568, 55.6860377], [38.3544552, 55.6846706], [38.3517436, 55.6843141], [38.3480953, 55.6820291], [38.3454644, 55.6817419], [38.3326739, 55.6842471], [38.3325513, 55.6829632], [38.3312855, 55.681847], [38.3291165, 55.6820361], [38.3277605, 55.6814293], [38.3210596, 55.6815165], [38.321356, 55.6824984], [38.3148092, 55.683139], [38.3135964, 55.6796984], [38.3153342, 55.6795089], [38.3186856, 55.6761003], [38.3157764, 55.6753842], [38.3174664, 55.6748846], [38.3158864, 55.6740929], [38.3158457, 55.6744323], [38.311308, 55.6758503], [38.3056296, 55.6767314], [38.2980668, 55.676949], [38.2941968, 55.6751019], [38.2903553, 55.6755165], [38.2913488, 55.676386], [38.2855671, 55.6797523], [38.2753955, 55.6836449], [38.2678052, 55.6843126], [38.2682061, 55.6850512], [38.2548278, 55.6854108], [38.2514327, 55.6851978], [38.2481621, 55.683841], [38.238367, 55.6814677], [38.2307823, 55.6788251], [38.219091, 55.676236], [38.2130817, 55.6764775], [38.2061649, 55.6757905], [38.2059579, 55.6865682], [38.2081208, 55.6873701], [38.2075205, 55.6891325], [38.2051529, 55.691378], [38.1994166, 55.6933131], [38.1887357, 55.6958857], [38.184489, 55.6993217], [38.1788343, 55.7013889], [38.1734704, 55.7029622], [38.1711204, 55.702661], [38.1653896, 55.703495], [38.1629661, 55.7033891], [38.1591894, 55.7017887], [38.1559243, 55.7023383], [38.1250133, 55.701499], [38.1096624, 55.7104925], [38.0953228, 55.705647], [38.0960435, 55.7050704], [38.095012, 55.702986], [38.0960865, 55.7027053], [38.0907318, 55.6993118], [38.0838621, 55.7001564], [38.0744424, 55.6960898], [38.0650373, 55.6974142], [38.0640705, 55.6952829], [38.0649919, 55.6952336], [38.0645316, 55.694054], [38.0620119, 55.6897329], [38.0702359, 55.6915811], [38.0725341, 55.6903466], [38.0703282, 55.6892646], [38.0735944, 55.6870779], [38.0745998, 55.687499], [38.0758349, 55.6852001], [38.0795887, 55.6810242], [38.0873893, 55.6790416], [38.0761415, 55.6650079], [38.0697664, 55.6662277], [38.0686922, 55.6647136], [38.0647745, 55.6613245], [38.0613053, 55.6620977], [38.0603211, 55.6618505], [38.0590773, 55.6584199], [38.0596163, 55.6583193], [38.0597126, 55.6561947], [38.0560868, 55.6561098], [38.0557105, 55.6533496], [38.0529938, 55.6537222], [38.0513106, 55.6558961], [38.0502055, 55.6553455], [38.047565, 55.6553015], [38.0471139, 55.65603], [38.0408658, 55.6527606], [38.0429004, 55.6499932], [38.0445225, 55.6490384], [38.0424125, 55.6486263], [38.0445805, 55.6468938], [38.0477286, 55.6429643], [38.0406826, 55.6428555], [38.0418323, 55.6402354], [38.039384, 55.6405918], [38.0385021, 55.6401668], [38.0376259, 55.6405113], [38.0345784, 55.6403615], [38.0336508, 55.6396], [38.0325395, 55.6371278], [38.0313263, 55.6362762], [38.0246068, 55.6352255], [38.0247176, 55.6327759], [38.0258465, 55.6327809], [38.0256281, 55.6289849], [38.0181927, 55.629129], [38.0177152, 55.6244609], [38.009648, 55.6247532], [38.030794, 55.623504], [38.0108807, 55.6184911], [38.0114575, 55.6183185], [37.998298, 55.6141087], [37.9991353, 55.6137823], [38.0122596, 55.6184157], [38.0237369, 55.6216803], [38.0314918, 55.6234367], [38.033133, 55.6231999], [38.0308417, 55.6180286], [38.0312557, 55.6175503], [38.0306025, 55.6164191], [38.0269709, 55.6168065], [38.0263464, 55.6159967], [38.0299539, 55.6153544], [38.0304382, 55.6144971], [38.0334595, 55.6148955], [38.03525, 55.6114742], [38.037564, 55.6091372], [38.0353723, 55.6086521], [38.0360665, 55.6080961], [38.0332493, 55.6075515], [38.0336896, 55.6068322], [38.0377025, 55.6073353], [38.0377636, 55.6068502], [38.0398404, 55.6068366], [38.0408744, 55.6055713], [38.0409736, 55.6047627], [38.0401909, 55.6037277], [38.0326179, 55.5981145], [38.0216922, 55.5946747], [38.0247855, 55.5922747], [38.0211967, 55.5902195], [38.0227926, 55.5881987], [38.0200326, 55.5874469], [38.0237464, 55.58416], [38.0287152, 55.582665], [38.0353563, 55.5787598], [38.0347821, 55.5788833], [38.0347375, 55.5784294], [38.0321721, 55.5767901], [38.0289399, 55.5735176], [38.0279965, 55.5742147], [38.0257506, 55.5755513], [38.033481, 55.5700363], [38.0331563, 55.5698069], [38.0314783, 55.5707104], [38.0267731, 55.5741024], [38.0257345, 55.5637256], [38.029721, 55.562921], [38.0234176, 55.5549271], [38.0155768, 55.5500068], [37.9994497, 55.5425975], [37.9934778, 55.5388569], [37.9899162, 55.5386035], [37.9839471, 55.5408181], [37.97561, 55.5452614], [37.9661135, 55.5491385], [37.9490741, 55.5534024], [37.9392034, 55.5548442], [37.9383715, 55.5533644], [37.9387547, 55.550941], [37.9332515, 55.5471509], [37.9305665, 55.5465796], [37.9379794, 55.5446574], [37.9257324, 55.5401126], [37.9239138, 55.5384779], [37.921919, 55.5381257], [37.9198874, 55.535068], [37.9214792, 55.5346147], [37.9223416, 55.5349376], [37.9233562, 55.5344461], [37.9264013, 55.5344977], [37.9263134, 55.5340809], [37.9269333, 55.5338633], [37.9279361, 55.5296541], [37.9279208, 55.5215544], [37.9283637, 55.5181229], [37.9246511, 55.517585], [37.9239626, 55.5170362], [37.9241573, 55.5166801], [37.9299429, 55.5127766], [37.9330982, 55.5138103], [37.9323833, 55.5151185], [37.9325361, 55.5163588], [37.9354585, 55.5185231], [37.9374264, 55.5181861], [37.9437061, 55.5156619], [37.9465829, 55.5131866], [37.946867, 55.5119145], [37.9457519, 55.509609], [37.9517949, 55.5071967], [37.9523205, 55.5057888], [37.9615729, 55.5062418], [37.9619194, 55.5038437], [37.972322, 55.5058758], [37.9752514, 55.5035556], [37.974121, 55.5016973], [37.9606088, 55.5006899], [37.9613693, 55.4986808], [37.9605148, 55.4981789], [37.9607173, 55.4958674], [37.9547981, 55.4950097], [37.9549332, 55.4942997], [37.9539691, 55.4943895], [37.953581, 55.4960067], [37.9520532, 55.497604], [37.9453672, 55.4957654], [37.940461, 55.4949814], [37.9388033, 55.4967083], [37.9364459, 55.4971596], [37.9354356, 55.4979907], [37.9337295, 55.5015938], [37.930705, 55.5016995], [37.9295514, 55.5014855], [37.9157757, 55.4942753], [37.9126892, 55.4932463]], [[38.2035246, 55.4352655], [38.2056827, 55.4372425], [38.2059388, 55.4383886], [38.2068918, 55.4385256], [38.2110286, 55.4313939], [38.2150755, 55.4266231], [38.2201303, 55.4223639], [38.2219901, 55.4241715], [38.2218176, 55.4260986], [38.2224038, 55.4269525], [38.2264039, 55.4284699], [38.2292317, 55.4311713], [38.2287337, 55.4316863], [38.2289938, 55.4320766], [38.2306445, 55.4320491], [38.2315231, 55.4332058], [38.2294216, 55.4339174], [38.2302531, 55.4363047], [38.2352079, 55.4358261], [38.2361294, 55.4364401], [38.2404611, 55.4351109], [38.2419601, 55.4351512], [38.242935, 55.4359219], [38.2417115, 55.4361216], [38.2416994, 55.4376398], [38.2429547, 55.4387528], [38.2520536, 55.4417619], [38.2536431, 55.4395506], [38.2551547, 55.4384003], [38.2577769, 55.4374752], [38.2729985, 55.4346283], [38.2773662, 55.4322279], [38.2807956, 55.4270263], [38.2855168, 55.4242908], [38.2886218, 55.4235713], [38.3009433, 55.4223629], [38.302289, 55.4215103], [38.3036926, 55.4197112], [38.3042017, 55.4139731], [38.3022636, 55.4136874], [38.3006941, 55.4146358], [38.2986548, 55.4141427], [38.2955077, 55.4158966], [38.2937268, 55.4161023], [38.2874259, 55.412915], [38.2851854, 55.4126648], [38.2826097, 55.4113255], [38.2827028, 55.4108691], [38.2819705, 55.4107787], [38.2822223, 55.4102876], [38.281584, 55.4097827], [38.2824389, 55.4096018], [38.2819707, 55.4086952], [38.2831358, 55.4082821], [38.2827226, 55.4079623], [38.2830516, 55.4073915], [38.2790178, 55.4065694], [38.2840675, 55.4009647], [38.2894588, 55.4017613], [38.2903753, 55.4014253], [38.2946303, 55.4036843], [38.2978399, 55.4003267], [38.2970235, 55.400076], [38.2982793, 55.3982963], [38.297483, 55.3980195], [38.296392, 55.3976905], [38.2949889, 55.3981994], [38.2897431, 55.4012544], [38.2870701, 55.4012825], [38.2824058, 55.4003321], [38.2803978, 55.3992472], [38.2778822, 55.3973011], [38.2790051, 55.3969797], [38.2779655, 55.3950281], [38.2759865, 55.3939358], [38.275372, 55.3929424], [38.2682952, 55.3943104], [38.2477239, 55.3957798], [38.2473709, 55.3954926], [38.2481452, 55.3941789], [38.2459743, 55.3937645], [38.2455426, 55.393135], [38.2417647, 55.3937367], [38.2372073, 55.3957791], [38.2353565, 55.3962171], [38.2335345, 55.3954862], [38.2268958, 55.3972502], [38.2251901, 55.3983792], [38.2233905, 55.3984633], [38.2107494, 55.4049923], [38.2107466, 55.407053], [38.2094755, 55.4071772], [38.207583, 55.4094452], [38.2084812, 55.410292], [38.2088484, 55.4118099], [38.2027198, 55.4117943], [38.2017931, 55.4125556], [38.2014695, 55.4150127], [38.2052904, 55.4154887], [38.2036626, 55.4193596], [38.204132, 55.4214956], [38.2027705, 55.4230062], [38.2001436, 55.4237359], [38.1987598, 55.4251455], [38.198397, 55.4262451], [38.1974951, 55.4265474], [38.1969416, 55.4273067], [38.1970778, 55.4283186], [38.1960928, 55.4311748], [38.1972675, 55.4329895], [38.1988551, 55.43299], [38.201916, 55.434951], [38.2035246, 55.4352655]], [[38.0352307, 55.569891], [38.0374945, 55.574041], [38.0381176, 55.5762463], [38.0381845, 55.5788509], [38.0359243, 55.5827934], [38.0336691, 55.5848302], [38.0271726, 55.5888497], [38.02716, 55.5899373], [38.0288502, 55.5913938], [38.0331853, 55.5912517], [38.041195, 55.5900336], [38.0445672, 55.5908451], [38.0524513, 55.5944563], [38.0546097, 55.5950326], [38.057982, 55.5948293], [38.0588803, 55.5969844], [38.0571566, 55.5996184], [38.0588833, 55.6064843], [38.0599694, 55.6073418], [38.0656427, 55.6083724], [38.0672696, 55.6070392], [38.0691974, 55.6073253], [38.0690276, 55.6086345], [38.0713482, 55.6113493], [38.0692771, 55.6118689], [38.0702719, 55.612878], [38.07391, 55.6121976], [38.0727477, 55.6109357], [38.0765217, 55.609868], [38.0811819, 55.6093837], [38.0818032, 55.6100904], [38.0827321, 55.6100935], [38.0830929, 55.609458], [38.0843719, 55.6093892], [38.0833584, 55.6082903], [38.0841811, 55.6080884], [38.0850565, 55.6091729], [38.0860522, 55.6091177], [38.0885579, 55.6113119], [38.0943791, 55.6107635], [38.1000306, 55.6093425], [38.101597, 55.6103397], [38.1023141, 55.6100685], [38.105196, 55.6124886], [38.1039311, 55.6128594], [38.1052032, 55.6140051], [38.1063107, 55.6135465], [38.1067683, 55.6139023], [38.1430882, 55.5989313], [38.1399804, 55.5952001], [38.1433431, 55.593786], [38.1418469, 55.5846047], [38.1440705, 55.5832352], [38.1483731, 55.58378], [38.1480207, 55.5817578], [38.1484743, 55.5815075], [38.1655051, 55.5753649], [38.1711816, 55.5727127], [38.171413, 55.5717248], [38.1709526, 55.5707145], [38.1715472, 55.5699168], [38.1713533, 55.5688964], [38.1769093, 55.5693005], [38.1770633, 55.5676171], [38.1716498, 55.5672218], [38.1706359, 55.5636128], [38.1688212, 55.5633104], [38.1675597, 55.5602792], [38.1627789, 55.5545019], [38.1624447, 55.554597], [38.1608737, 55.5502273], [38.169517, 55.5458599], [38.17387, 55.5484341], [38.1762897, 55.5488262], [38.1782364, 55.5485606], [38.1787155, 55.5472653], [38.1797138, 55.546937], [38.1805504, 55.5453791], [38.1781382, 55.5441619], [38.1818457, 55.5427937], [38.1792063, 55.5410063], [38.1988901, 55.5310569], [38.1886488, 55.5244305], [38.1790591, 55.5293469], [38.177247, 55.5293581], [38.1769591, 55.5322222], [38.1752039, 55.5335568], [38.1726378, 55.5342632], [38.1631126, 55.5344133], [38.1573883, 55.535344], [38.1532308, 55.5382294], [38.1474144, 55.5460467], [38.144409, 55.5485389], [38.1410948, 55.5496064], [38.1360142, 55.5492087], [38.1262, 55.5449648], [38.1193997, 55.5440959], [38.114209, 55.5445846], [38.1122788, 55.5454658], [38.1095989, 55.5476331], [38.1074731, 55.5465227], [38.1054775, 55.5461192], [38.1042769, 55.5426691], [38.0951866, 55.5453098], [38.0939999, 55.5452587], [38.0867895, 55.5490835], [38.0745377, 55.55986], [38.0620059, 55.5693256], [38.0571761, 55.5722279], [38.0437427, 55.5661857], [38.0352307, 55.569891]]]}}, {"type": "Feature", "properties": {"rda_code": "MO-88", "rda_name": "SOLNECHNOGORSKY AREA / incl. SOLNEChNOGORSK/", "osm_name": "городской округ Солнечногорск", "match_score": 0.92, "match_reason": "contains"}, "geometry": {"type": "Polygon", "coordinates": [[[36.7092908, 56.1142129], [36.7125116, 56.1140752], [36.712503, 56.1145305], [36.7153525, 56.1140813], [36.7152005, 56.1133545], [36.7162632, 56.1130798], [36.7172022, 56.1114574], [36.7183545, 56.1105698], [36.7200637, 56.1107392], [36.7199733, 56.1094748], [36.7206874, 56.1095265], [36.7225504, 56.108221], [36.7250755, 56.1089127], [36.7293477, 56.1084006], [36.7318513, 56.1060342], [36.7344091, 56.1046488], [36.7350156, 56.1062517], [36.7374293, 56.1077697], [36.7410937, 56.1081321], [36.7423473, 56.1069006], [36.7417791, 56.1063541], [36.7425104, 56.1024649], [36.744209, 56.1006737], [36.7464012, 56.0988859], [36.7497494, 56.0971973], [36.7499648, 56.0966654], [36.7519156, 56.0963925], [36.7543944, 56.0950814], [36.7576814, 56.0944723], [36.7577837, 56.0949425], [36.7593878, 56.0952409], [36.7604509, 56.0960426], [36.7625995, 56.095486], [36.7688422, 56.0961526], [36.7828946, 56.0919229], [36.7874578, 56.092593], [36.7905341, 56.0922625], [36.7912678, 56.0918654], [36.7917943, 56.0902714], [36.7901974, 56.0875579], [36.787632, 56.0846998], [36.787604, 56.0839334], [36.7882124, 56.0832861], [36.7907399, 56.0827893], [36.7920228, 56.0835109], [36.7937677, 56.082282], [36.7966557, 56.0814381], [36.803804, 56.0819635], [36.8037684, 56.0827775], [36.8055923, 56.0819949], [36.808386, 56.0790512], [36.8089992, 56.0768648], [36.8068171, 56.0753927], [36.8045395, 56.0746991], [36.8075384, 56.0738427], [36.8086086, 56.0727806], [36.8121229, 56.0722692], [36.8124621, 56.0727016], [36.8122114, 56.0733608], [36.8108515, 56.0739911], [36.812401, 56.0743986], [36.8151341, 56.0719787], [36.8221537, 56.0728739], [36.8283739, 56.0711216], [36.8284538, 56.0707017], [36.8276317, 56.0706009], [36.8268044, 56.0691681], [36.8250571, 56.0679092], [36.8247605, 56.0661936], [36.8212608, 56.0640898], [36.8212026, 56.0631503], [36.8225611, 56.0628305], [36.8246462, 56.0610985], [36.8293961, 56.0610863], [36.8332805, 56.0596752], [36.8342821, 56.0587569], [36.8329731, 56.055613], [36.8335062, 56.0543915], [36.8353066, 56.053822], [36.8397926, 56.0547722], [36.8403652, 56.0540689], [36.8432591, 56.0535968], [36.8458882, 56.0516543], [36.8470279, 56.0489157], [36.8406278, 56.0457179], [36.8357081, 56.0448413], [36.835882, 56.0440879], [36.8377245, 56.0428081], [36.8412845, 56.0425967], [36.8428444, 56.0417944], [36.8448526, 56.0421248], [36.8451631, 56.0426535], [36.8480115, 56.042487], [36.8505958, 56.0401988], [36.8508267, 56.0377192], [36.8538478, 56.0372899], [36.8565398, 56.0348631], [36.8612225, 56.0364066], [36.8648085, 56.0369013], [36.8692467, 56.0354511], [36.8783396, 56.0355124], [36.8811981, 56.0348207], [36.8827819, 56.0316047], [36.8891018, 56.0306722], [36.8928473, 56.0292016], [36.8949809, 56.0273834], [36.8974775, 56.0286412], [36.9063727, 56.0302206], [36.9072031, 56.0290958], [36.9077184, 56.0259051], [36.9085056, 56.0241374], [36.9180053, 56.0239658], [36.9208443, 56.0228331], [36.9263435, 56.023575], [36.9276182, 56.0224779], [36.9328094, 56.0219843], [36.9849916, 56.0192077], [36.9876519, 56.0184463], [36.9870025, 56.0166234], [36.9878895, 56.0159647], [36.9905783, 56.0118298], [36.9862774, 56.0114151], [36.9913065, 56.0028767], [37.0053609, 55.9958586], [37.0035616, 55.9832341], [37.0201755, 55.9858273], [37.0210528, 55.9867176], [37.0227598, 55.9869967], [37.0244408, 55.9879656], [37.0274677, 55.9871973], [37.035299, 55.9888186], [37.0368137, 55.9911093], [37.040446, 55.9933543], [37.0479052, 55.9937855], [37.0466677, 55.9896702], [37.0496759, 55.9888991], [37.0515372, 55.9940089], [37.0668241, 55.9948663], [37.0661531, 55.9912404], [37.0669696, 55.9884408], [37.0629034, 55.9890626], [37.0620082, 55.9888241], [37.0616451, 55.9892497], [37.0582528, 55.989776], [37.0570174, 55.9851646], [37.0645398, 55.9833472], [37.0616129, 55.9812534], [37.0620348, 55.9752918], [37.0615874, 55.9738995], [37.0591773, 55.9716632], [37.0621638, 55.9695927], [37.0580889, 55.9629409], [37.0574656, 55.9577925], [37.0575927, 55.957041], [37.0602037, 55.9558813], [37.0605699, 55.9531247], [37.0602293, 55.9520238], [37.0614827, 55.951276], [37.0607065, 55.9500819], [37.0828638, 55.948638], [37.0893241, 55.9456622], [37.0918688, 55.9433019], [37.095457, 55.9381541], [37.0982364, 55.9382968], [37.0966075, 55.9347507], [37.0984355, 55.9345761], [37.0974877, 55.9317803], [37.0981932, 55.9259205], [37.1038552, 55.9263007], [37.1088003, 55.92838], [37.111575, 55.9289841], [37.1127107, 55.9271576], [37.1142902, 55.9261894], [37.1108938, 55.925315], [37.1108872, 55.9244623], [37.1079837, 55.9241321], [37.1055923, 55.9229719], [37.1043879, 55.9222097], [37.1058939, 55.9211085], [37.104449, 55.9206647], [37.1133141, 55.9184705], [37.1132926, 55.9193549], [37.1147464, 55.9202636], [37.1126437, 55.9209914], [37.1160036, 55.9227852], [37.1241155, 55.9210263], [37.1235255, 55.9195605], [37.1243102, 55.9174751], [37.1318041, 55.9142854], [37.1346171, 55.9119271], [37.1351499, 55.9120273], [37.1339958, 55.9152108], [37.1351334, 55.9151569], [37.1368825, 55.9163649], [37.1385437, 55.9155954], [37.1444857, 55.915526], [37.1469166, 55.914626], [37.1460465, 55.9193589], [37.148982, 55.9208148], [37.1471585, 55.9228927], [37.1477707, 55.9241872], [37.14892, 55.9247977], [37.1482899, 55.9255944], [37.1466637, 55.9250858], [37.1418779, 55.9253124], [37.1403258, 55.9247963], [37.1406979, 55.9237392], [37.1388933, 55.9235286], [37.1384824, 55.9275036], [37.1398341, 55.9294187], [37.1405098, 55.9292512], [37.1444678, 55.9319107], [37.1432937, 55.9340417], [37.1418579, 55.935372], [37.1404047, 55.9394527], [37.1442203, 55.9386717], [37.1490504, 55.9393225], [37.1543922, 55.9394971], [37.1575673, 55.9391116], [37.1619754, 55.9394962], [37.1701356, 55.9372437], [37.1747328, 55.9370776], [37.174568, 55.9461693], [37.1751497, 55.9485379], [37.1777887, 55.9512919], [37.1842377, 55.9550727], [37.183335, 55.9556326], [37.1844176, 55.957314], [37.1824199, 55.9587446], [37.1785276, 55.9583633], [37.1776085, 55.958712], [37.1749347, 55.9574722], [37.1728947, 55.9577978], [37.1724462, 55.95838], [37.1737425, 55.959221], [37.1736422, 55.9596349], [37.1706575, 55.9608217], [37.1686421, 55.9607015], [37.168944, 55.9599154], [37.1681062, 55.9594338], [37.169054, 55.9593206], [37.1690916, 55.9588251], [37.1676415, 55.9590573], [37.1671846, 55.9589284], [37.1672961, 55.9585208], [37.1659088, 55.9585208], [37.1660268, 55.9590673], [37.1640371, 55.9589706], [37.1640404, 55.9594924], [37.1630573, 55.9590231], [37.1623721, 55.9595502], [37.1627574, 55.9601202], [37.1619132, 55.9600188], [37.1616778, 55.9614896], [37.161014, 55.9618615], [37.1603316, 55.9614937], [37.1594204, 55.962495], [37.1590003, 55.9623492], [37.1594008, 55.9619009], [37.1568535, 55.9625578], [37.1564966, 55.9619784], [37.154456, 55.9619141], [37.1541848, 55.9624265], [37.1516231, 55.9617892], [37.1507193, 55.9625258], [37.149624, 55.9622873], [37.1492328, 55.9630419], [37.1466108, 55.9637194], [37.1483029, 55.9656039], [37.1455974, 55.9660427], [37.1458539, 55.9680705], [37.1463797, 55.9699697], [37.1487736, 55.9702666], [37.1487335, 55.9769919], [37.1440873, 55.9898821], [37.1456018, 55.990116], [37.1469252, 55.9910209], [37.1495825, 55.9911696], [37.1496616, 55.991567], [37.1488217, 55.9921204], [37.150691, 55.9931332], [37.1527443, 55.9930578], [37.152711, 55.994242], [37.1513682, 55.9962133], [37.1499296, 55.9965725], [37.1502483, 55.9975337], [37.1491992, 55.9983433], [37.1511709, 55.9995486], [37.1394169, 56.0097213], [37.1390684, 56.0095945], [37.1316021, 56.0164459], [37.1360907, 56.0191079], [37.138927, 56.017892], [37.1387536, 56.0183722], [37.1433486, 56.0176918], [37.1452354, 56.0180924], [37.1500948, 56.0172227], [37.1505203, 56.0164989], [37.158256, 56.0179977], [37.1597544, 56.0163625], [37.1591858, 56.0153355], [37.1599626, 56.0144412], [37.158661, 56.014142], [37.1588626, 56.0137002], [37.1617302, 56.0132212], [37.1626554, 56.0139375], [37.1638246, 56.0135953], [37.1646153, 56.0142329], [37.1677442, 56.0138908], [37.1776116, 56.0151322], [37.1852849, 56.0189154], [37.1842124, 56.0197214], [37.1845117, 56.0200182], [37.1869984, 56.0199938], [37.1889779, 56.0212238], [37.2032502, 56.0154857], [37.2073752, 56.0171497], [37.2113025, 56.0129758], [37.2106648, 56.0124305], [37.2423008, 56.0002817], [37.2443672, 56.0010943], [37.2463117, 56.0008098], [37.2474509, 55.9990808], [37.2485038, 55.9983936], [37.2484437, 55.9978412], [37.2615801, 55.9927361], [37.2626658, 55.9929869], [37.2614918, 55.9934674], [37.2707658, 55.9953849], [37.273475, 55.9971157], [37.271774, 55.9988492], [37.2670386, 56.0005703], [37.2643405, 56.003994], [37.2653369, 56.0063219], [37.2637568, 56.0068013], [37.2572454, 56.005973], [37.2556009, 56.006487], [37.2532688, 56.00459], [37.2529953, 56.0051755], [37.2539185, 56.0067174], [37.251869, 56.0076269], [37.2535418, 56.0095099], [37.2497164, 56.0110072], [37.2438225, 56.0099355], [37.2463699, 56.0361186], [37.2474996, 56.0371197], [37.2464797, 56.0386946], [37.2471984, 56.0455836], [37.2497143, 56.0456082], [37.2503608, 56.0471209], [37.2474226, 56.0471029], [37.2472019, 56.0475707], [37.2638623, 56.0470972], [37.265436, 56.0638589], [37.2639674, 56.0666793], [37.2534323, 56.0658221], [37.2503517, 56.0664833], [37.2454899, 56.0630023], [37.2400312, 56.064004], [37.240062, 56.0649971], [37.2432915, 56.066809], [37.2412178, 56.0699657], [37.2416816, 56.0710541], [37.2407679, 56.073173], [37.2396265, 56.073545], [37.2396113, 56.0747099], [37.2413189, 56.074353], [37.2478834, 56.0760705], [37.2522046, 56.0777752], [37.2519068, 56.0755688], [37.2531647, 56.073419], [37.2553181, 56.073092], [37.2586261, 56.074671], [37.2605993, 56.0736037], [37.2648204, 56.0755412], [37.2669657, 56.0746158], [37.267508, 56.0730091], [37.2678039, 56.0758836], [37.2687097, 56.0762058], [37.269972, 56.0792156], [37.2720465, 56.0798242], [37.2705748, 56.0830188], [37.2684364, 56.0839222], [37.2696733, 56.0915554], [37.2709538, 56.0925464], [37.2733217, 56.0931282], [37.2764518, 56.0932007], [37.2800967, 56.0958593], [37.2858641, 56.0961516], [37.2915805, 56.098097], [37.2930135, 56.0973233], [37.2947253, 56.0984312], [37.2934319, 56.1000897], [37.2936061, 56.1011591], [37.295118, 56.1028854], [37.2966833, 56.1029005], [37.3023833, 56.1012435], [37.3046972, 56.1034718], [37.3026303, 56.1042888], [37.2977778, 56.104927], [37.2999815, 56.1063175], [37.2985995, 56.106989], [37.2971682, 56.1070513], [37.2961626, 56.1065472], [37.2960476, 56.1058613], [37.2945163, 56.1047435], [37.2914428, 56.1050942], [37.2920277, 56.1089937], [37.2858674, 56.1088874], [37.279664, 56.1162792], [37.275936, 56.1153961], [37.2749834, 56.1232438], [37.2669883, 56.1236624], [37.2655391, 56.124333], [37.2622463, 56.1208707], [37.2599405, 56.1225298], [37.2549707, 56.1230597], [37.2546348, 56.1254753], [37.2538388, 56.1258256], [37.2532962, 56.1294376], [37.2485582, 56.1327914], [37.2466029, 56.1334536], [37.2455405, 56.1361456], [37.2458245, 56.136799], [37.2453715, 56.1389009], [37.2470741, 56.1411653], [37.2428985, 56.1415582], [37.2416222, 56.1427316], [37.2400966, 56.1453521], [37.2431455, 56.155347], [37.2423714, 56.1554272], [37.2431525, 56.1576963], [37.2428672, 56.1616743], [37.2481472, 56.1628614], [37.2484451, 56.1644129], [37.2463864, 56.1646599], [37.2413438, 56.1634191], [37.2365641, 56.1615835], [37.2312811, 56.161996], [37.2298922, 56.1636164], [37.2307664, 56.165094], [37.2294484, 56.1657804], [37.2310721, 56.1664735], [37.2297548, 56.1675822], [37.238432, 56.1712674], [37.23991, 56.1699805], [37.2431118, 56.168507], [37.2455327, 56.1665232], [37.2463235, 56.1648781], [37.248401, 56.1645851], [37.24789, 56.1680844], [37.2504282, 56.1678815], [37.2566084, 56.1696518], [37.2573133, 56.1709034], [37.2576647, 56.1735178], [37.2623639, 56.1810995], [37.2689382, 56.1888992], [37.2783584, 56.1901493], [37.2813204, 56.1883285], [37.2818015, 56.1926438], [37.283908, 56.1926916], [37.282856, 56.1943661], [37.2849953, 56.1952146], [37.2806127, 56.2045254], [37.2781505, 56.206549], [37.2765907, 56.2069041], [37.2718948, 56.2094023], [37.2720734, 56.2101511], [37.2697794, 56.2102991], [37.2612795, 56.209416], [37.2601687, 56.2106883], [37.2511204, 56.2128296], [37.2466203, 56.2167606], [37.2455444, 56.2181187], [37.2473774, 56.2184134], [37.2279459, 56.2407857], [37.2139893, 56.2408133], [37.186774, 56.2399356], [37.17694, 56.2349776], [37.1763197, 56.235239], [37.1752926, 56.2372814], [37.1732712, 56.2388858], [37.1739925, 56.2395471], [37.143511, 56.2385137], [37.1435238, 56.2381674], [37.1402818, 56.2379089], [37.1380692, 56.2383891], [37.1377262, 56.2414326], [37.138079, 56.2416709], [37.1389264, 56.2554449], [37.1447481, 56.2559484], [37.1452547, 56.2561238], [37.1452568, 56.2568516], [37.1471359, 56.2574754], [37.148253, 56.2573087], [37.1503854, 56.2584976], [37.1509343, 56.2592534], [37.1500152, 56.2607663], [37.1492622, 56.2608365], [37.1494833, 56.2604512], [37.14904, 56.2603409], [37.1485869, 56.2607437], [37.1482474, 56.2602912], [37.1479057, 56.2607064], [37.1459182, 56.2607521], [37.1454368, 56.2613945], [37.1515328, 56.2631543], [37.156437, 56.2678813], [37.1579728, 56.2680712], [37.1597213, 56.2696028], [37.161477, 56.2691116], [37.1619039, 56.2700621], [37.1618559, 56.2709764], [37.1611089, 56.2714471], [37.1615484, 56.2718281], [37.1599123, 56.2721625], [37.1601203, 56.2726089], [37.1591766, 56.2728184], [37.1583879, 56.2721495], [37.1571368, 56.2729118], [37.1559872, 56.2726409], [37.155403, 56.2731545], [37.1556567, 56.2743581], [37.1536072, 56.2745037], [37.1538711, 56.2760581], [37.15444, 56.2759248], [37.1553067, 56.2767925], [37.1546845, 56.2772291], [37.1522781, 56.2769475], [37.1523656, 56.27757], [37.1513588, 56.2780194], [37.1518844, 56.2784861], [37.1512649, 56.2785472], [37.1511575, 56.2790787], [37.1520341, 56.2793325], [37.150248, 56.2796963], [37.1515137, 56.2802197], [37.1498559, 56.2813958], [37.150911, 56.2821029], [37.1501176, 56.2829955], [37.1509777, 56.283125], [37.1490736, 56.2838271], [37.151456, 56.2842337], [37.1515571, 56.2845436], [37.1505607, 56.2849394], [37.1512237, 56.2855175], [37.150397, 56.2858586], [37.1503553, 56.2868234], [37.1487209, 56.2872724], [37.1463504, 56.2859728], [37.1466087, 56.2868294], [37.145576, 56.2865375], [37.1455303, 56.2858705], [37.1448196, 56.2856918], [37.1436425, 56.2862277], [37.1430547, 56.2855316], [37.139496, 56.285539], [37.1400956, 56.2860538], [37.1392236, 56.2867752], [37.1369605, 56.2871794], [37.1360746, 56.2877374], [37.1363472, 56.2885447], [37.1354082, 56.2890054], [37.1347524, 56.2887664], [37.1338164, 56.2890036], [37.1339641, 56.2893451], [37.1322592, 56.2894354], [37.129963, 56.289187], [37.1290105, 56.2897465], [37.1282942, 56.2896995], [37.128269, 56.289083], [37.1272669, 56.2894608], [37.1277313, 56.2901669], [37.1270246, 56.2902691], [37.1255627, 56.2895843], [37.1237297, 56.2896253], [37.1233793, 56.2898191], [37.1238841, 56.2901343], [37.1235468, 56.2906003], [37.1217275, 56.2904353], [37.1215771, 56.2910353], [37.1225167, 56.2910782], [37.1194349, 56.2916476], [37.117871, 56.2904791], [37.117095, 56.2909892], [37.1175357, 56.2917921], [37.1167866, 56.2917959], [37.1164482, 56.2910499], [37.1160223, 56.2917703], [37.11435, 56.2914987], [37.1136266, 56.292261], [37.1124692, 56.2920354], [37.1124461, 56.2930107], [37.1115928, 56.293088], [37.1121535, 56.2940312], [37.1113587, 56.2941157], [37.1108672, 56.293539], [37.1098572, 56.2939649], [37.1093872, 56.2935045], [37.1090581, 56.2940067], [37.1078004, 56.2938023], [37.1070235, 56.2948434], [37.1053051, 56.29442], [37.1044511, 56.2954973], [37.1065931, 56.2960106], [37.1064398, 56.2967961], [37.1069561, 56.2978016], [37.1053197, 56.2976552], [37.1058128, 56.29832], [37.10495, 56.299093], [37.1060972, 56.2992776], [37.10671, 56.3000046], [37.1081687, 56.3000421], [37.1061925, 56.3006535], [37.1050153, 56.301773], [37.1051793, 56.3024966], [37.106017, 56.3029397], [37.1042709, 56.3038475], [37.104706, 56.3042738], [37.1024229, 56.3041501], [37.1019489, 56.3045557], [37.1036033, 56.3052564], [37.1029443, 56.3055816], [37.1034747, 56.3062503], [37.1020214, 56.3063028], [37.103641, 56.3066076], [37.1023378, 56.3070822], [37.1028579, 56.3076381], [37.1008788, 56.3072051], [37.1006842, 56.3074565], [37.1015135, 56.3078095], [37.1008867, 56.3079613], [37.0989538, 56.3075126], [37.0990408, 56.3089266], [37.0985023, 56.3091655], [37.0997527, 56.3100911], [37.0963839, 56.3097719], [37.0959124, 56.3105113], [37.0967235, 56.3106399], [37.096887, 56.3111262], [37.0954516, 56.3113292], [37.0969615, 56.3116295], [37.0968455, 56.3121455], [37.095789, 56.3120087], [37.0955185, 56.3127473], [37.0950027, 56.3127827], [37.0934816, 56.3123401], [37.0934505, 56.3131974], [37.0939815, 56.3133294], [37.0925052, 56.3136827], [37.0925501, 56.3144705], [37.0902327, 56.3143053], [37.0911849, 56.3150067], [37.0897087, 56.3158331], [37.0881769, 56.3158817], [37.0878902, 56.3165726], [37.0867095, 56.3159482], [37.08597, 56.3163589], [37.0842479, 56.3160154], [37.0821012, 56.3149199], [37.0788437, 56.3158609], [37.0765163, 56.3173239], [37.0763256, 56.316841], [37.0751806, 56.3173668], [37.0723054, 56.3166696], [37.0720496, 56.3169343], [37.0732638, 56.3175135], [37.0721294, 56.3181916], [37.0721535, 56.3190639], [37.0732755, 56.319752], [37.0730337, 56.320274], [37.0675772, 56.3199808], [37.0671309, 56.3202307], [37.067154, 56.3208982], [37.065483, 56.320982], [37.0661339, 56.3216362], [37.0648991, 56.3219625], [37.0650692, 56.323306], [37.0637997, 56.3237693], [37.0636827, 56.3243285], [37.0638652, 56.3251878], [37.0653115, 56.326025], [37.0647389, 56.3264307], [37.0663606, 56.3268216], [37.0653443, 56.3274808], [37.0657669, 56.3289287], [37.0643737, 56.3297019], [37.0626877, 56.3295728], [37.057963, 56.3319443], [37.0578828, 56.3323843], [37.059713, 56.3340606], [37.0594609, 56.3347379], [37.0579008, 56.3342686], [37.0558414, 56.3348628], [37.0560337, 56.3340749], [37.0556933, 56.3338897], [37.0544489, 56.3345946], [37.0535167, 56.3337066], [37.0547206, 56.3333945], [37.0538943, 56.33226], [37.0511901, 56.3320461], [37.051068, 56.3315498], [37.0504449, 56.3315308], [37.0497522, 56.333102], [37.0482682, 56.3340686], [37.0489576, 56.3352044], [37.0507422, 56.3354375], [37.0500813, 56.3366206], [37.0484304, 56.337225], [37.048341, 56.3379275], [37.045947, 56.3375753], [37.0457002, 56.3381747], [37.0449804, 56.3379384], [37.0443911, 56.3381852], [37.0446034, 56.3385776], [37.0432842, 56.3387374], [37.0437564, 56.3391134], [37.0420468, 56.3391884], [37.0438939, 56.3400327], [37.044963, 56.3397796], [37.0439174, 56.3407699], [37.0444792, 56.3411937], [37.0406257, 56.3419971], [37.0402673, 56.3428978], [37.038981, 56.3419827], [37.0386946, 56.3426627], [37.0392923, 56.3432385], [37.038105, 56.3442816], [37.0380633, 56.3448283], [37.0363736, 56.3448179], [37.0367422, 56.345111], [37.0358662, 56.3461491], [37.0370869, 56.3462217], [37.0371746, 56.346615], [37.0359591, 56.3472483], [37.0348978, 56.3470726], [37.0345744, 56.3476914], [37.0369948, 56.3476898], [37.0367754, 56.3487164], [37.0378087, 56.3487745], [37.0372292, 56.3491677], [37.0375698, 56.3500963], [37.0349342, 56.3522525], [37.0325163, 56.3528749], [37.0327333, 56.3539515], [37.0298927, 56.3538918], [37.028864, 56.3531481], [37.0289477, 56.3548535], [37.0284033, 56.3553094], [37.0297512, 56.3557522], [37.0269918, 56.3560042], [37.0258771, 56.3572925], [37.0253831, 56.3565737], [37.0247193, 56.35667], [37.0247786, 56.3574212], [37.0230309, 56.3592714], [37.0248724, 56.3595907], [37.0240887, 56.359997], [37.0250261, 56.3605614], [37.0243446, 56.3616283], [37.0253421, 56.363262], [37.0244219, 56.3639175], [37.0241885, 56.3651561], [37.0225316, 56.3654418], [37.0182243, 56.3646389], [37.0178326, 56.3644258], [37.0182968, 56.3636839], [37.017876, 56.3635495], [37.0167098, 56.3640986], [37.0149508, 56.3641114], [37.0151619, 56.3634665], [37.0138253, 56.3631211], [37.0114425, 56.3638035], [37.0123577, 56.3643438], [37.0121323, 56.3645624], [37.0106727, 56.3641307], [37.0105647, 56.3632739], [37.0077889, 56.3641355], [37.0046658, 56.36319], [37.0047249, 56.364319], [37.0037606, 56.364413], [37.0038542, 56.3638129], [37.0030616, 56.3634663], [37.0024713, 56.3648177], [37.00174, 56.3649401], [37.0003558, 56.3645287], [37.0010959, 56.363376], [36.9988996, 56.359604], [36.9977657, 56.3549397], [37.0036532, 56.3507739], [37.0121197, 56.3474222], [37.0163393, 56.3483774], [37.0174802, 56.3493264], [37.0195866, 56.3477722], [37.0222734, 56.3438211], [37.0145375, 56.3420097], [37.0165834, 56.3396603], [37.0157013, 56.3390565], [37.0057999, 56.3347396], [37.0017674, 56.334606], [36.996073, 56.3369366], [36.9893958, 56.3379827], [36.9849314, 56.3380041], [36.981746, 56.3405002], [36.9768224, 56.3396052], [36.9719335, 56.3333852], [36.9724878, 56.3321751], [36.9755587, 56.329984], [36.9962019, 56.325792], [36.9935462, 56.3208774], [36.999852, 56.3185041], [37.008772, 56.3185802], [37.0101075, 56.3180181], [37.0093743, 56.3171575], [37.0094516, 56.3151506], [37.0075662, 56.3101085], [37.0179032, 56.3088623], [37.0125419, 56.305247], [37.0083382, 56.305699], [37.0021213, 56.3037234], [37.0015124, 56.3017843], [36.9977179, 56.3005068], [36.9938302, 56.3030383], [36.9939776, 56.3041733], [36.9831581, 56.308317], [36.9757407, 56.312524], [36.9718279, 56.3116435], [36.9701823, 56.3106955], [36.9651874, 56.3117448], [36.954064, 56.3158214], [36.9496951, 56.3118125], [36.9486155, 56.311434], [36.9457374, 56.3115505], [36.9460102, 56.3122535], [36.9456294, 56.313557], [36.9401794, 56.312972], [36.9388844, 56.3118302], [36.934218, 56.3094751], [36.9342137, 56.3082276], [36.9191748, 56.3052702], [36.9170247, 56.3077615], [36.9157465, 56.3064665], [36.9160872, 56.3054974], [36.9150991, 56.3042375], [36.910212, 56.3013158], [36.9089518, 56.2998623], [36.9078492, 56.2995632], [36.9112438, 56.2988457], [36.9185049, 56.2988996], [36.9196248, 56.2969363], [36.9206916, 56.2922457], [36.9160719, 56.2923951], [36.909733, 56.2916859], [36.909708, 56.2912666], [36.9081573, 56.2907482], [36.9056631, 56.2910791], [36.9056685, 56.2900937], [36.9039849, 56.2904404], [36.9023549, 56.2898413], [36.900703, 56.2902099], [36.9001752, 56.2893607], [36.8982737, 56.2890753], [36.8969965, 56.2898569], [36.8954316, 56.2897564], [36.8952323, 56.2905308], [36.8938168, 56.290319], [36.8927987, 56.2907544], [36.8896241, 56.2900287], [36.8889381, 56.2894536], [36.8882228, 56.2897795], [36.888941, 56.2903644], [36.8882774, 56.2907732], [36.8851925, 56.2893984], [36.8826043, 56.2902745], [36.8835981, 56.288058], [36.8817293, 56.2851572], [36.8818219, 56.2841255], [36.8792187, 56.2830642], [36.8784959, 56.281318], [36.8789991, 56.2808131], [36.8780947, 56.2786115], [36.8789487, 56.2783615], [36.879718, 56.2760564], [36.8837605, 56.2764785], [36.882875, 56.2747634], [36.8846259, 56.2719529], [36.8785179, 56.2711141], [36.8803886, 56.2672168], [36.8779832, 56.2642726], [36.8779308, 56.2570462], [36.8747462, 56.2568986], [36.871745, 56.259614], [36.8679413, 56.2558522], [36.8699558, 56.2537599], [36.8698461, 56.2504441], [36.8650664, 56.2484575], [36.8624461, 56.2459797], [36.8652981, 56.2441315], [36.8664057, 56.2402573], [36.8645248, 56.2387149], [36.8646576, 56.2367673], [36.8638973, 56.2338227], [36.8681194, 56.2311004], [36.8680467, 56.227282], [36.8545601, 56.2310074], [36.8530579, 56.2293914], [36.8543784, 56.2278972], [36.8098595, 56.2265033], [36.8004053, 56.2182746], [36.7685598, 56.2175362], [36.7651476, 56.2134143], [36.7567816, 56.2135465], [36.7460479, 56.2074515], [36.746679, 56.2049166], [36.7424959, 56.2016217], [36.7478079, 56.2009089], [36.7478932, 56.1994703], [36.7493332, 56.1983086], [36.7494951, 56.1961013], [36.7506042, 56.1943423], [36.7513239, 56.1907507], [36.7462241, 56.1888458], [36.7482715, 56.186637], [36.7432075, 56.1852954], [36.741074, 56.1852693], [36.7415631, 56.1848732], [36.7414167, 56.1844156], [36.7422081, 56.1841855], [36.7418537, 56.1835569], [36.7424135, 56.1833456], [36.7399936, 56.1825733], [36.7360829, 56.1826546], [36.7338039, 56.1798703], [36.7424344, 56.1790071], [36.745599, 56.1793031], [36.7462358, 56.1781749], [36.747806, 56.1776567], [36.7474905, 56.177202], [36.7479395, 56.1758725], [36.7471833, 56.1739048], [36.7464834, 56.1732772], [36.7443779, 56.172767], [36.7453131, 56.1720891], [36.7453077, 56.1713598], [36.738721, 56.1711094], [36.7347589, 56.168467], [36.7332487, 56.1669881], [36.7334861, 56.1667031], [36.7302835, 56.1650109], [36.7286043, 56.1647745], [36.7264293, 56.165877], [36.723699, 56.1640858], [36.7313268, 56.1609133], [36.7372146, 56.1546228], [36.7330378, 56.153263], [36.7505451, 56.1439025], [36.7530028, 56.1441274], [36.7560114, 56.1436659], [36.7558283, 56.1394266], [36.7547163, 56.1386494], [36.7533, 56.139083], [36.7472244, 56.1393919], [36.7461121, 56.1389976], [36.7520735, 56.1391094], [36.7545277, 56.138487], [36.7531976, 56.1350036], [36.7518655, 56.1333524], [36.7483927, 56.1333709], [36.7478045, 56.1329807], [36.747911, 56.1320073], [36.7447522, 56.1315444], [36.74476, 56.1309939], [36.7432946, 56.1305936], [36.7431649, 56.1295793], [36.7445506, 56.129086], [36.7443591, 56.12802], [36.7362759, 56.1281868], [36.7361568, 56.1273885], [36.7338023, 56.1269183], [36.733585, 56.126316], [36.7322927, 56.1259455], [36.7389285, 56.1224397], [36.7401613, 56.1224207], [36.7367745, 56.1209731], [36.7348603, 56.1161303], [36.7322986, 56.1144033], [36.7314717, 56.1129989], [36.7314208, 56.1115244], [36.7250789, 56.1113005], [36.7240561, 56.1134604], [36.725894, 56.1147641], [36.7281742, 56.1149052], [36.7289784, 56.1154059], [36.729004, 56.1169828], [36.7280418, 56.1178118], [36.7280473, 56.1187632], [36.7255101, 56.1189173], [36.7261306, 56.1181107], [36.7229402, 56.1176575], [36.7217121, 56.1179119], [36.7205263, 56.1172426], [36.7112088, 56.1176547], [36.7095765, 56.1162431], [36.7100066, 56.1147669], [36.7092908, 56.1142129]]]}}, {"type": "Feature", "properties": {"rda_code": "MO-95", "rda_name": "CHEKHOVSKY AREA / incl. CHEKHOV /", "osm_name": "муниципальный округ Чехов", "match_score": 0.92, "match_reason": "contains"}, "geometry": {"type": "Polygon", "coordinates": [[[37.0456319, 55.1421745], [37.0437387, 55.137764], [37.0439496, 55.1370303], [37.0417883, 55.1353119], [37.0423537, 55.1338897], [37.054792, 55.1283747], [37.060613, 55.1270786], [37.0550534, 55.1247662], [37.0573977, 55.1229282], [37.0556166, 55.121646], [37.0556996, 55.1211463], [37.0550492, 55.1212946], [37.0551967, 55.1204454], [37.0528711, 55.1178934], [37.052714, 55.1170756], [37.0532483, 55.1162129], [37.0518839, 55.1131729], [37.0553798, 55.1104579], [37.0570372, 55.1096477], [37.0579742, 55.1108716], [37.0630409, 55.1130515], [37.0669076, 55.1141573], [37.0708249, 55.1144449], [37.0728669, 55.1131577], [37.0761454, 55.1119591], [37.0814344, 55.1112014], [37.0814368, 55.1105781], [37.0969176, 55.1084304], [37.097198, 55.1068324], [37.0980927, 55.1063604], [37.0983001, 55.1054495], [37.097703, 55.1045956], [37.0951288, 55.1038479], [37.0972311, 55.1011538], [37.0976371, 55.1000884], [37.097323, 55.0991579], [37.098062, 55.0974638], [37.098692, 55.097106], [37.1011573, 55.0972913], [37.1077194, 55.0997278], [37.1145589, 55.0992044], [37.1157285, 55.0987393], [37.1170343, 55.096302], [37.1171475, 55.0933516], [37.1113145, 55.0874868], [37.1106713, 55.0852217], [37.1105718, 55.0807769], [37.1117519, 55.0765405], [37.114672, 55.0748009], [37.1203819, 55.073933], [37.1187618, 55.0715427], [37.1153759, 55.0703345], [37.1119883, 55.0682596], [37.1134224, 55.0660505], [37.1168692, 55.0648455], [37.1197901, 55.0618635], [37.121747, 55.0606685], [37.1285242, 55.0600011], [37.1318373, 55.0603971], [37.1408003, 55.059308], [37.1581975, 55.058302], [37.1642867, 55.059125], [37.1709761, 55.0589263], [37.1703614, 55.0576522], [37.1727501, 55.0569985], [37.1720201, 55.0559002], [37.1726296, 55.0555748], [37.1734226, 55.0565033], [37.1859706, 55.0536472], [37.1866876, 55.0543863], [37.1933982, 55.053874], [37.1959092, 55.0545404], [37.2001454, 55.0547019], [37.2024219, 55.0536425], [37.2067283, 55.049332], [37.2133056, 55.0488818], [37.2171492, 55.0491916], [37.2176454, 55.0475851], [37.2198709, 55.0473285], [37.2223097, 55.04526], [37.2226104, 55.0432093], [37.225844, 55.0390204], [37.2276042, 55.0390734], [37.2275415, 55.0394408], [37.2310684, 55.0402945], [37.2343549, 55.0425003], [37.2355448, 55.0425553], [37.2349398, 55.0436489], [37.234976, 55.0446874], [37.2371875, 55.0467206], [37.2396142, 55.0476991], [37.2395739, 55.0497336], [37.2407514, 55.0510198], [37.2398919, 55.051798], [37.2407002, 55.0525688], [37.2427448, 55.0525223], [37.2501525, 55.0558541], [37.2548713, 55.0570636], [37.2501427, 55.060712], [37.2519039, 55.0614516], [37.2570556, 55.0597352], [37.257829, 55.0590598], [37.2591884, 55.0606763], [37.2611917, 55.0620335], [37.2643405, 55.0593213], [37.26456, 55.0580663], [37.2660967, 55.0584441], [37.2799833, 55.0525474], [37.2880391, 55.0584947], [37.2942774, 55.0558218], [37.2949654, 55.055087], [37.2957512, 55.0524278], [37.2940423, 55.0514916], [37.295211, 55.0465429], [37.3005581, 55.0459089], [37.3027999, 55.0471335], [37.3027177, 55.0483676], [37.3048655, 55.0500291], [37.3120544, 55.0476331], [37.3119473, 55.0452031], [37.3124986, 55.0444305], [37.3113909, 55.0426697], [37.3158268, 55.0417021], [37.3174276, 55.0438253], [37.3195572, 55.0445463], [37.3202055, 55.044281], [37.320562, 55.0447865], [37.3221574, 55.0443814], [37.3407783, 55.0442891], [37.3403601, 55.0471023], [37.3333512, 55.0588933], [37.3387093, 55.0623682], [37.3426491, 55.0621775], [37.3482736, 55.0631102], [37.3540188, 55.0601305], [37.3668846, 55.0587487], [37.3681997, 55.0579082], [37.3726628, 55.0581739], [37.3809125, 55.0613054], [37.3835441, 55.0611409], [37.3875506, 55.0585434], [37.3872961, 55.0560805], [37.3902405, 55.0559027], [37.3923207, 55.0540237], [37.3961262, 55.0528374], [37.4023544, 55.0521268], [37.4159725, 55.0589029], [37.416464, 55.0620309], [37.4266351, 55.0682677], [37.4269244, 55.0663173], [37.4259455, 55.0628727], [37.4348237, 55.0618138], [37.4365277, 55.0622022], [37.4427993, 55.0621917], [37.4441366, 55.0609826], [37.4469219, 55.0603901], [37.4472142, 55.0612125], [37.4488842, 55.0612514], [37.4499189, 55.0600841], [37.4634857, 55.0611845], [37.4691923, 55.0595776], [37.4787208, 55.0627336], [37.484793, 55.0633821], [37.4863314, 55.0624751], [37.4842767, 55.0606278], [37.4878159, 55.0556874], [37.4993267, 55.0550753], [37.5022079, 55.0539191], [37.5047905, 55.0508221], [37.507263, 55.0495166], [37.5106826, 55.0408094], [37.5095296, 55.0378342], [37.5066189, 55.035452], [37.5049118, 55.0325044], [37.5016262, 55.0309365], [37.4978814, 55.0282088], [37.5011205, 55.0223146], [37.5054128, 55.0192401], [37.5076001, 55.0185074], [37.5064726, 55.0155703], [37.5073301, 55.0122666], [37.5143637, 55.0121419], [37.5169762, 55.0138821], [37.5195258, 55.010313], [37.5254763, 55.0061767], [37.528524, 55.0031704], [37.5396036, 55.0099801], [37.5380669, 55.0150535], [37.5393406, 55.0170661], [37.5400973, 55.0198891], [37.5584282, 55.0221449], [37.5620658, 55.0180694], [37.5621375, 55.016606], [37.5595804, 55.0125872], [37.5586513, 55.0090449], [37.5546894, 55.0084698], [37.5477694, 55.0037543], [37.5505837, 55.0010275], [37.5529543, 54.9999888], [37.5524186, 54.9994978], [37.5534293, 54.9977363], [37.5572742, 54.9959441], [37.5693494, 54.9982877], [37.5729892, 55.0013744], [37.5761346, 55.0021977], [37.5777532, 55.0031616], [37.5789761, 55.0061483], [37.5859036, 55.0091277], [37.5802639, 55.0091911], [37.5786253, 55.0099963], [37.5766852, 55.0102051], [37.5697174, 55.0134869], [37.5778652, 55.0157723], [37.5763228, 55.0206332], [37.579799, 55.0205948], [37.5906142, 55.0163584], [37.5933362, 55.0184715], [37.5926205, 55.019126], [37.594816, 55.0191012], [37.5986328, 55.0199757], [37.5998335, 55.019672], [37.6039755, 55.0212464], [37.6074354, 55.0235834], [37.6088919, 55.0232055], [37.614569, 55.0238476], [37.6180509, 55.0245088], [37.619529, 55.0252434], [37.6249867, 55.0242894], [37.62821, 55.0225401], [37.6289986, 55.0215385], [37.6632831, 55.0229158], [37.6626457, 55.0215366], [37.6637721, 55.0167548], [37.6690525, 55.0146859], [37.6705068, 55.009705], [37.674276, 55.0093155], [37.6737206, 55.0088974], [37.6809946, 55.0066013], [37.6974137, 55.0075026], [37.6931934, 55.0253974], [37.6937785, 55.0262632], [37.695916, 55.0341313], [37.6997071, 55.0329163], [37.6979606, 55.0360751], [37.6974131, 55.0423556], [37.6968465, 55.0429302], [37.7152629, 55.0441765], [37.7147225, 55.0454604], [37.7121315, 55.0443682], [37.703932, 55.0470539], [37.6987274, 55.0498949], [37.6991372, 55.0513917], [37.7009968, 55.0525334], [37.6734171, 55.0545761], [37.6772866, 55.057589], [37.6759807, 55.0585543], [37.6772094, 55.0598612], [37.6757098, 55.0610959], [37.6759274, 55.0627569], [37.6769663, 55.0645445], [37.6771764, 55.0664924], [37.6783076, 55.0674941], [37.6804614, 55.0672389], [37.681714, 55.0691453], [37.6808688, 55.0710672], [37.6824276, 55.0716024], [37.6848596, 55.0683926], [37.6865042, 55.0676934], [37.6894355, 55.0676177], [37.6965995, 55.0697383], [37.6991195, 55.0693576], [37.7062627, 55.0701536], [37.7108242, 55.0698648], [37.7103637, 55.0705017], [37.7073417, 55.0716157], [37.707947, 55.0722902], [37.7078885, 55.0734671], [37.7134385, 55.0724728], [37.7158752, 55.0736855], [37.7168308, 55.0734667], [37.7190512, 55.0752177], [37.7211648, 55.0756425], [37.7215318, 55.0761352], [37.7248824, 55.0759985], [37.7276937, 55.0753095], [37.7277806, 55.0793328], [37.7292025, 55.0813792], [37.7320466, 55.0835745], [37.7295934, 55.0865691], [37.7266662, 55.0882354], [37.7258631, 55.0927552], [37.729489, 55.094284], [37.728191, 55.0967048], [37.7187174, 55.1033744], [37.7149839, 55.1047785], [37.7109402, 55.1094469], [37.7156128, 55.1136671], [37.7164251, 55.1180569], [37.7167162, 55.1235907], [37.7190357, 55.125637], [37.7181382, 55.1272777], [37.7166074, 55.1274082], [37.7108767, 55.1256643], [37.7103042, 55.127967], [37.6702488, 55.130808], [37.6455629, 55.1318892], [37.6451209, 55.1278955], [37.63704, 55.1289039], [37.6351102, 55.1304348], [37.6314427, 55.1309555], [37.6320836, 55.1375116], [37.6302991, 55.1375128], [37.6306722, 55.1430587], [37.6329165, 55.1440022], [37.6320935, 55.1468888], [37.6296974, 55.1480193], [37.62783, 55.1483524], [37.6262625, 55.1479851], [37.6238385, 55.1490853], [37.6225582, 55.1490568], [37.6237686, 55.1511542], [37.6335728, 55.1566199], [37.6341198, 55.1577507], [37.6360697, 55.1572956], [37.6389501, 55.1556833], [37.6411142, 55.1554384], [37.6499317, 55.1567134], [37.6506786, 55.1573001], [37.6506132, 55.1578488], [37.6495334, 55.158721], [37.6505246, 55.1589835], [37.6498901, 55.1594665], [37.6503056, 55.1603611], [37.651306, 55.1605384], [37.6507012, 55.1613919], [37.6514802, 55.1615775], [37.6481444, 55.1647128], [37.6480485, 55.1659953], [37.6510362, 55.1670227], [37.6515785, 55.1703776], [37.6549246, 55.1700376], [37.6547136, 55.173704], [37.657112, 55.1739284], [37.663637, 55.1760855], [37.6639739, 55.177035], [37.6611982, 55.1786922], [37.6606134, 55.1798833], [37.6605797, 55.182341], [37.6589906, 55.1849231], [37.6612269, 55.1863367], [37.6585636, 55.1871558], [37.6500539, 55.188153], [37.6457582, 55.1917669], [37.6544835, 55.1952123], [37.6567023, 55.1926382], [37.6599573, 55.1937387], [37.6606555, 55.1959361], [37.6624374, 55.1973942], [37.675284, 55.2004413], [37.6863437, 55.1988558], [37.6875997, 55.1999103], [37.688086, 55.2019333], [37.6921961, 55.2012978], [37.6947267, 55.2022962], [37.6908499, 55.2096431], [37.6874506, 55.2093205], [37.6875494, 55.215894], [37.6914995, 55.2163537], [37.6871017, 55.2179986], [37.6846198, 55.216482], [37.6832281, 55.2174353], [37.6822068, 55.2169524], [37.6812144, 55.2175161], [37.6815802, 55.2177261], [37.6781695, 55.2194422], [37.6765999, 55.218403], [37.6709855, 55.2193088], [37.6535175, 55.2327], [37.6570194, 55.2336239], [37.6585113, 55.2348288], [37.6602162, 55.2352309], [37.6604579, 55.2360152], [37.6587325, 55.2372795], [37.6585747, 55.2412034], [37.6593011, 55.243845], [37.6669969, 55.2438346], [37.6692677, 55.2469446], [37.6737018, 55.2473748], [37.6744326, 55.2446541], [37.6772079, 55.2436402], [37.6803895, 55.2435543], [37.682832, 55.2440682], [37.6828502, 55.2454156], [37.6787371, 55.2455933], [37.6777068, 55.2462162], [37.6775171, 55.2483226], [37.6820785, 55.2510972], [37.6850902, 55.250602], [37.6876308, 55.2492596], [37.6905859, 55.2509148], [37.6899419, 55.2525087], [37.683907, 55.2544755], [37.6854877, 55.2566048], [37.6887681, 55.2589083], [37.6863848, 55.2619972], [37.6789537, 55.2592861], [37.6766501, 55.2646726], [37.6765321, 55.2667119], [37.677165, 55.2679254], [37.7063464, 55.2657908], [37.7069572, 55.2682523], [37.7086269, 55.2690723], [37.71679, 55.2704262], [37.7167773, 55.2715116], [37.715852, 55.2718768], [37.7172836, 55.2745527], [37.7164253, 55.2790812], [37.7141563, 55.2803687], [37.7134952, 55.2813619], [37.7143011, 55.2825498], [37.7111648, 55.2841929], [37.7073711, 55.2843138], [37.7070192, 55.2823506], [37.7063994, 55.2816323], [37.7043678, 55.2799727], [37.7012614, 55.2784267], [37.7004671, 55.277393], [37.6984659, 55.2776109], [37.6974351, 55.2761095], [37.6768012, 55.2773616], [37.6749085, 55.28005], [37.6658212, 55.2737717], [37.6629896, 55.2740928], [37.6554827, 55.2705178], [37.653196, 55.2700166], [37.6483749, 55.2698768], [37.6466981, 55.2706709], [37.6492483, 55.2715919], [37.647642, 55.2729642], [37.6448893, 55.2739832], [37.6428404, 55.2754284], [37.643914, 55.2754997], [37.6467023, 55.2776283], [37.6476813, 55.2798157], [37.6474876, 55.2845899], [37.6483827, 55.2860698], [37.6517862, 55.28577], [37.652933, 55.2875071], [37.6545087, 55.2874595], [37.6564119, 55.2863941], [37.6600109, 55.2854803], [37.6634327, 55.2880978], [37.6665152, 55.2893873], [37.6669158, 55.2905374], [37.6700738, 55.2930639], [37.6638897, 55.2959542], [37.6638745, 55.2966909], [37.669934, 55.2998287], [37.6767671, 55.3041136], [37.6755252, 55.3045247], [37.6748519, 55.3038306], [37.6732444, 55.30478], [37.6721073, 55.3047522], [37.6707786, 55.3053992], [37.670404, 55.3045921], [37.6657359, 55.3076409], [37.6642081, 55.309939], [37.6618981, 55.3095854], [37.6614223, 55.3106321], [37.6602367, 55.3107145], [37.6571844, 55.3125066], [37.6552693, 55.3124058], [37.6543509, 55.3113586], [37.652012, 55.3106686], [37.6508104, 55.3093314], [37.6482126, 55.3085284], [37.6461486, 55.3096649], [37.6449996, 55.3113513], [37.6364826, 55.3149663], [37.6354096, 55.3142892], [37.6333713, 55.3113249], [37.6330229, 55.311805], [37.6272019, 55.3132825], [37.6272362, 55.3146733], [37.6221848, 55.3130954], [37.6240541, 55.3099262], [37.6242096, 55.3073231], [37.6147612, 55.3050904], [37.6128279, 55.3037967], [37.6125985, 55.3030763], [37.6145837, 55.3025309], [37.6260287, 55.3016478], [37.6240637, 55.2997678], [37.6259907, 55.2988019], [37.6265821, 55.2977504], [37.6246898, 55.2959019], [37.6223359, 55.2964181], [37.6225755, 55.2882544], [37.6127774, 55.2886267], [37.6150668, 55.2877057], [37.614642, 55.2872615], [37.6165684, 55.2863791], [37.6197292, 55.2864567], [37.6197906, 55.2857871], [37.617603, 55.2831523], [37.6151995, 55.284886], [37.6083063, 55.2881546], [37.6045143, 55.288763], [37.594621, 55.2935807], [37.5957538, 55.2921292], [37.5970873, 55.2889375], [37.5997301, 55.2861118], [37.6001911, 55.2842674], [37.59135, 55.2824614], [37.5883288, 55.2761134], [37.585016, 55.273844], [37.5806598, 55.2675475], [37.5768682, 55.2702332], [37.5754328, 55.2721318], [37.5753327, 55.2742099], [37.5729715, 55.274825], [37.5725151, 55.2766482], [37.5694128, 55.2765905], [37.566558, 55.2762316], [37.5645144, 55.2740539], [37.5602911, 55.2727281], [37.5601246, 55.2721764], [37.556989, 55.2700412], [37.5540685, 55.2653188], [37.5518944, 55.264835], [37.5497612, 55.2662211], [37.5466817, 55.2664583], [37.5448894, 55.2656445], [37.5431861, 55.2659226], [37.5423718, 55.2655093], [37.5413874, 55.2661568], [37.5409998, 55.2660648], [37.5413345, 55.2655712], [37.5407321, 55.2656111], [37.5401174, 55.2661724], [37.539551, 55.2682769], [37.5381215, 55.2694008], [37.5408627, 55.2777652], [37.5398319, 55.2777605], [37.5401715, 55.2790739], [37.5383862, 55.279192], [37.5357069, 55.2817687], [37.5359168, 55.2834163], [37.5374939, 55.2853961], [37.5366918, 55.2871368], [37.5323772, 55.2853001], [37.5307401, 55.2852579], [37.526304, 55.2874241], [37.5260144, 55.2900252], [37.5252678, 55.2910642], [37.522871, 55.2913219], [37.5228929, 55.2927261], [37.523659, 55.2933044], [37.5215436, 55.2941273], [37.5188183, 55.2944237], [37.5144701, 55.2963976], [37.5112252, 55.2972368], [37.5073118, 55.2865542], [37.505726, 55.2855889], [37.5019065, 55.2858439], [37.4978688, 55.2850755], [37.4968194, 55.2841557], [37.4925844, 55.2836531], [37.4921363, 55.2824152], [37.4909634, 55.2820296], [37.4878824, 55.2820118], [37.4880326, 55.2811965], [37.4871747, 55.2809985], [37.4863421, 55.2813284], [37.4844533, 55.2835014], [37.4827408, 55.2833729], [37.4825088, 55.2819719], [37.4811805, 55.2816143], [37.475876, 55.2828453], [37.473721, 55.2819502], [37.4735941, 55.2814628], [37.4701138, 55.2802191], [37.4701177, 55.2792828], [37.4665632, 55.2743282], [37.4620065, 55.2732505], [37.462569, 55.2720965], [37.4618174, 55.2713608], [37.4558285, 55.2698653], [37.4538963, 55.2698404], [37.4537987, 55.2688152], [37.4551846, 55.2688403], [37.4554716, 55.2685152], [37.4551435, 55.2681954], [37.45576, 55.2680162], [37.4540581, 55.2654118], [37.4552898, 55.2639099], [37.4545339, 55.2621607], [37.4523821, 55.2619665], [37.4528935, 55.2624462], [37.4506442, 55.2636419], [37.449724, 55.2622961], [37.4483985, 55.2615329], [37.440476, 55.2605324], [37.4399257, 55.2591898], [37.4066409, 55.2608402], [37.4053152, 55.2505764], [37.4003799, 55.2500923], [37.3851209, 55.2468083], [37.3532432, 55.2388534], [37.3344099, 55.2380419], [37.3350536, 55.237498], [37.3333916, 55.2286723], [37.3268107, 55.2290142], [37.3166632, 55.2282851], [37.3178195, 55.2227216], [37.3169676, 55.2207156], [37.3008467, 55.2245258], [37.3000805, 55.2272295], [37.2999211, 55.2306084], [37.3043326, 55.2318411], [37.306662, 55.2316975], [37.3050466, 55.2342715], [37.3049981, 55.2358075], [37.3052108, 55.2381806], [37.3069924, 55.2401223], [37.3029831, 55.2429011], [37.2944596, 55.2423799], [37.291024, 55.2485853], [37.2715607, 55.2588241], [37.2678845, 55.2564651], [37.2768652, 55.2515818], [37.2744925, 55.2446116], [37.2696046, 55.2407218], [37.2701554, 55.2404862], [37.2512725, 55.2399967], [37.2474556, 55.2419298], [37.2455159, 55.2392653], [37.2347826, 55.2427651], [37.2355324, 55.2443924], [37.233157, 55.245576], [37.2348499, 55.2476266], [37.2342665, 55.2479159], [37.2190046, 55.2531095], [37.2162311, 55.2522317], [37.2142064, 55.2526908], [37.2126754, 55.2516161], [37.2097666, 55.2507992], [37.2078402, 55.2491025], [37.2059444, 55.2494691], [37.2052939, 55.2484473], [37.2039596, 55.2476514], [37.2039546, 55.2468874], [37.2011838, 55.2443623], [37.2017656, 55.2431625], [37.2026733, 55.2431052], [37.2023596, 55.2427387], [37.2041579, 55.2423591], [37.2048645, 55.2416338], [37.1998437, 55.2377152], [37.1939404, 55.2348099], [37.1890012, 55.2364724], [37.1848703, 55.2368846], [37.178098, 55.2342875], [37.1758457, 55.2325556], [37.1715136, 55.2313471], [37.1633611, 55.2315787], [37.1662744, 55.2161455], [37.1695854, 55.2157646], [37.1696084, 55.2149628], [37.167991, 55.2116104], [37.1666677, 55.2114437], [37.1688774, 55.1946373], [37.1744385, 55.1950437], [37.1741827, 55.1938593], [37.1734088, 55.1930112], [37.1733621, 55.1916136], [37.1672809, 55.1854214], [37.1683554, 55.1828375], [37.1673875, 55.1806257], [37.1700468, 55.1737862], [37.1695846, 55.1724223], [37.1698061, 55.1714461], [37.1711277, 55.1703684], [37.1713388, 55.1654708], [37.169879, 55.1643393], [37.1666616, 55.1653771], [37.1660961, 55.1643813], [37.1620628, 55.1647183], [37.1571762, 55.1617451], [37.1563181, 55.1647621], [37.1407765, 55.1643778], [37.1420798, 55.1556758], [37.1105834, 55.1541636], [37.1112104, 55.149187], [37.0643935, 55.147119], [37.064748, 55.1442772], [37.0448159, 55.143376], [37.0456319, 55.1421745]]]}}, {"type": "Feature", "properties": {"rda_code": "MO-36", "rda_name": "CITY DISTRICT of PODOLSK", "osm_name": "городской округ Подольск", "match_score": 1.0, "match_reason": "exact"}, "geometry": {"type": "Polygon", "coordinates": [[[37.3713843, 55.4478643], [37.3735957, 55.4453994], [37.3766781, 55.445442], [37.3768884, 55.4459402], [37.3786057, 55.4463362], [37.387714, 55.4463702], [37.390163, 55.444124], [37.3893875, 55.4421428], [37.3907715, 55.441942], [37.3948177, 55.4424419], [37.3958112, 55.4432264], [37.3965604, 55.4432097], [37.3980297, 55.4451082], [37.3989863, 55.4454482], [37.4000303, 55.4443934], [37.3955266, 55.4403695], [37.3958776, 55.440258], [37.3914808, 55.4377533], [37.3896677, 55.4378291], [37.387864, 55.4386494], [37.3865229, 55.4384364], [37.3866836, 55.4344334], [37.426521, 55.4323914], [37.425765, 55.4273621], [37.4249751, 55.4266027], [37.4302935, 55.4290124], [37.4335436, 55.4267923], [37.432232, 55.4263577], [37.4309513, 55.4267312], [37.4289233, 55.4263896], [37.4269782, 55.4253606], [37.4285851, 55.424064], [37.432456, 55.4232928], [37.4335665, 55.4217877], [37.4332369, 55.4191733], [37.4348987, 55.4191064], [37.4354048, 55.420764], [37.4388367, 55.4203019], [37.4392823, 55.4185887], [37.4361026, 55.4152643], [37.4364067, 55.4150334], [37.4360151, 55.4145858], [37.4369281, 55.4138807], [37.4400633, 55.4142144], [37.4412201, 55.4136732], [37.4425603, 55.4141316], [37.443536, 55.413182], [37.4480521, 55.4144397], [37.448065, 55.4150885], [37.4503189, 55.4156612], [37.4504908, 55.4147951], [37.4523819, 55.4133069], [37.4561268, 55.4122945], [37.458272, 55.4124089], [37.4599771, 55.4133144], [37.4666876, 55.4128461], [37.4676881, 55.4120447], [37.4655875, 55.4090158], [37.4660092, 55.4083704], [37.4689586, 55.4067817], [37.4620614, 55.4048679], [37.4633838, 55.4026522], [37.4609465, 55.40157], [37.4613095, 55.3994057], [37.4675195, 55.3997002], [37.4685178, 55.3990376], [37.4639024, 55.3986548], [37.4639932, 55.3980216], [37.4680511, 55.3924038], [37.4705403, 55.3900254], [37.4639283, 55.3882286], [37.4670528, 55.3846863], [37.4692698, 55.3798179], [37.4644879, 55.3766404], [37.4675039, 55.3712907], [37.4654688, 55.369186], [37.4621777, 55.3676752], [37.4609584, 55.369733], [37.4589141, 55.3713219], [37.4583274, 55.3728535], [37.4568148, 55.3739786], [37.4571173, 55.3746194], [37.4559941, 55.3753045], [37.4559439, 55.3772654], [37.4542571, 55.3792863], [37.4543213, 55.3799374], [37.4536979, 55.3803332], [37.4525711, 55.3801666], [37.4489963, 55.3815979], [37.4471078, 55.3811656], [37.4454943, 55.3774], [37.4451276, 55.3750456], [37.4408831, 55.3740663], [37.4382338, 55.3745455], [37.4353002, 55.3727901], [37.4342001, 55.3700291], [37.4293322, 55.3688048], [37.4314132, 55.3671481], [37.4299465, 55.3650953], [37.4301001, 55.3647014], [37.4275721, 55.3646524], [37.4430878, 55.3529225], [37.4403134, 55.3526866], [37.4410265, 55.3519495], [37.419933, 55.3513156], [37.4196608, 55.3506228], [37.4209183, 55.3494581], [37.4223185, 55.3463694], [37.422863, 55.3432068], [37.419583, 55.3420419], [37.4172882, 55.3418945], [37.4148509, 55.3410097], [37.4142545, 55.3412899], [37.4135544, 55.3408106], [37.4137878, 55.3403683], [37.4108708, 55.339196], [37.4100281, 55.3392992], [37.4102096, 55.3388715], [37.4058405, 55.3364604], [37.4051145, 55.3365341], [37.4058534, 55.3350078], [37.4079148, 55.3338205], [37.4107281, 55.3325743], [37.4142904, 55.3318379], [37.4153283, 55.3305895], [37.4208414, 55.3289206], [37.4229134, 55.3239272], [37.4247546, 55.3224923], [37.4241039, 55.3215254], [37.4246914, 55.3206312], [37.4249141, 55.3172176], [37.4278176, 55.3147269], [37.4223367, 55.3123556], [37.4221271, 55.3115196], [37.4146471, 55.311858], [37.4097827, 55.309415], [37.4069784, 55.3113646], [37.4018094, 55.3129758], [37.4003438, 55.3144945], [37.3966906, 55.3160378], [37.395524, 55.3149424], [37.3894551, 55.3162834], [37.3827304, 55.3167873], [37.3862674, 55.3145634], [37.3879199, 55.3121699], [37.3898721, 55.3122243], [37.3896529, 55.3111677], [37.3904437, 55.3111972], [37.3914242, 55.3095854], [37.393178, 55.3096076], [37.3936511, 55.3078776], [37.3950736, 55.3080662], [37.3953854, 55.3073743], [37.3926628, 55.3066182], [37.3914314, 55.3040634], [37.389964, 55.3025414], [37.3915035, 55.3013855], [37.392513, 55.2995215], [37.3975224, 55.301331], [37.3992597, 55.3010211], [37.3994496, 55.3016912], [37.404074, 55.3004863], [37.4040946, 55.2984537], [37.4030065, 55.2977662], [37.4028638, 55.2965262], [37.4035994, 55.2961392], [37.4049077, 55.296789], [37.4064218, 55.2962269], [37.4070097, 55.2966998], [37.4080627, 55.2961867], [37.4090998, 55.2966664], [37.4103055, 55.2960095], [37.4108982, 55.2962582], [37.41323, 55.2935885], [37.4119795, 55.2931831], [37.412161, 55.2927919], [37.4085699, 55.2919091], [37.409719, 55.2901725], [37.4115127, 55.2906585], [37.4144168, 55.2904961], [37.4179872, 55.2912782], [37.4162643, 55.2905693], [37.4166338, 55.2901743], [37.4152262, 55.2900262], [37.4154462, 55.286497], [37.4141932, 55.2836148], [37.4128338, 55.2822172], [37.4109072, 55.2787407], [37.411629, 55.27863], [37.4066409, 55.2608402], [37.4399257, 55.2591898], [37.440476, 55.2605324], [37.4483985, 55.2615329], [37.449724, 55.2622961], [37.4506442, 55.2636419], [37.4528935, 55.2624462], [37.4523821, 55.2619665], [37.4545339, 55.2621607], [37.4552898, 55.2639099], [37.4540581, 55.2654118], [37.45576, 55.2680162], [37.4551435, 55.2681954], [37.4554716, 55.2685152], [37.4551846, 55.2688403], [37.4537987, 55.2688152], [37.4538963, 55.2698404], [37.4558285, 55.2698653], [37.4618174, 55.2713608], [37.462569, 55.2720965], [37.4620065, 55.2732505], [37.4665632, 55.2743282], [37.4701177, 55.2792828], [37.4701138, 55.2802191], [37.4735941, 55.2814628], [37.473721, 55.2819502], [37.475876, 55.2828453], [37.4811805, 55.2816143], [37.4825088, 55.2819719], [37.4827408, 55.2833729], [37.4844533, 55.2835014], [37.4863421, 55.2813284], [37.4871747, 55.2809985], [37.4880326, 55.2811965], [37.4878824, 55.2820118], [37.4909634, 55.2820296], [37.4921363, 55.2824152], [37.4925844, 55.2836531], [37.4968194, 55.2841557], [37.4978688, 55.2850755], [37.5019065, 55.2858439], [37.505726, 55.2855889], [37.5073118, 55.2865542], [37.5112252, 55.2972368], [37.5144701, 55.2963976], [37.5188183, 55.2944237], [37.5215436, 55.2941273], [37.523659, 55.2933044], [37.5228929, 55.2927261], [37.522871, 55.2913219], [37.5252678, 55.2910642], [37.5260144, 55.2900252], [37.526304, 55.2874241], [37.5307401, 55.2852579], [37.5323772, 55.2853001], [37.5366918, 55.2871368], [37.5374939, 55.2853961], [37.5359168, 55.2834163], [37.5357069, 55.2817687], [37.5383862, 55.279192], [37.5401715, 55.2790739], [37.5398319, 55.2777605], [37.5408627, 55.2777652], [37.5381215, 55.2694008], [37.539551, 55.2682769], [37.5401174, 55.2661724], [37.5407321, 55.2656111], [37.5413345, 55.2655712], [37.5409998, 55.2660648], [37.5413874, 55.2661568], [37.5423718, 55.2655093], [37.5431861, 55.2659226], [37.5448894, 55.2656445], [37.5466817, 55.2664583], [37.5497612, 55.2662211], [37.5518944, 55.264835], [37.5540685, 55.2653188], [37.556989, 55.2700412], [37.5601246, 55.2721764], [37.5602911, 55.2727281], [37.5645144, 55.2740539], [37.566558, 55.2762316], [37.5694128, 55.2765905], [37.5725151, 55.2766482], [37.5729715, 55.274825], [37.5753327, 55.2742099], [37.5754328, 55.2721318], [37.5768682, 55.2702332], [37.5806598, 55.2675475], [37.585016, 55.273844], [37.5883288, 55.2761134], [37.59135, 55.2824614], [37.6001911, 55.2842674], [37.5997301, 55.2861118], [37.5970873, 55.2889375], [37.5957538, 55.2921292], [37.594621, 55.2935807], [37.6045143, 55.288763], [37.6083063, 55.2881546], [37.6151995, 55.284886], [37.617603, 55.2831523], [37.6197906, 55.2857871], [37.6197292, 55.2864567], [37.6165684, 55.2863791], [37.614642, 55.2872615], [37.6150668, 55.2877057], [37.6127774, 55.2886267], [37.6225755, 55.2882544], [37.6223359, 55.2964181], [37.6246898, 55.2959019], [37.6265821, 55.2977504], [37.6259907, 55.2988019], [37.6240637, 55.2997678], [37.6260287, 55.3016478], [37.6161387, 55.3022811], [37.6125985, 55.3030763], [37.6128279, 55.3037967], [37.6147612, 55.3050904], [37.6242096, 55.3073231], [37.6240541, 55.3099262], [37.6221848, 55.3130954], [37.6272362, 55.3146733], [37.6272019, 55.3132825], [37.6330229, 55.311805], [37.6333713, 55.3113249], [37.6354096, 55.3142892], [37.6364826, 55.3149663], [37.6449996, 55.3113513], [37.6461486, 55.3096649], [37.6487456, 55.3084471], [37.6508104, 55.3093314], [37.652012, 55.3106686], [37.6543509, 55.3113586], [37.6552693, 55.3124058], [37.6571844, 55.3125066], [37.6602367, 55.3107145], [37.6614223, 55.3106321], [37.6618981, 55.3095854], [37.6642081, 55.309939], [37.6657359, 55.3076409], [37.670404, 55.3045921], [37.6707786, 55.3053992], [37.6721073, 55.3047522], [37.6732444, 55.30478], [37.6748519, 55.3038306], [37.6755252, 55.3045247], [37.6763507, 55.3042784], [37.6773257, 55.3049066], [37.6753404, 55.3062244], [37.6762295, 55.3073088], [37.6752172, 55.3085486], [37.6730851, 55.3110495], [37.6714373, 55.3118866], [37.6720961, 55.3137764], [37.6713166, 55.3143049], [37.6722027, 55.3150359], [37.6714412, 55.3156924], [37.6728221, 55.3168039], [37.6758351, 55.3168865], [37.6763723, 55.3183191], [37.6788084, 55.318459], [37.6790909, 55.3193361], [37.6828326, 55.3142461], [37.6832012, 55.3116803], [37.687229, 55.3108565], [37.6883632, 55.3084448], [37.69075, 55.3059781], [37.694196, 55.3054856], [37.6990407, 55.308101], [37.6993129, 55.3111339], [37.7027771, 55.3121081], [37.7036863, 55.310698], [37.7062653, 55.311652], [37.7054334, 55.3131548], [37.7056066, 55.3148368], [37.7026202, 55.319226], [37.7033009, 55.3207823], [37.7007065, 55.3218854], [37.7003125, 55.323294], [37.7020603, 55.3232741], [37.7030365, 55.3252961], [37.7047589, 55.3260187], [37.7053173, 55.3276605], [37.7020546, 55.3294721], [37.7006318, 55.3326382], [37.6946564, 55.3315965], [37.6936396, 55.3324993], [37.6943174, 55.3326892], [37.6929865, 55.333431], [37.6941176, 55.3337267], [37.6926982, 55.3346483], [37.6963575, 55.3357555], [37.6959427, 55.3361287], [37.6940134, 55.3361273], [37.6921884, 55.3357451], [37.689712, 55.3364255], [37.688615, 55.3379492], [37.6898169, 55.3389463], [37.6943756, 55.339849], [37.6952655, 55.3404517], [37.6908059, 55.3411762], [37.687846, 55.3408679], [37.6875409, 55.3409922], [37.6882347, 55.3425442], [37.686529, 55.3432153], [37.6868257, 55.3440004], [37.6893827, 55.3463516], [37.6892712, 55.3474497], [37.6859213, 55.3474733], [37.6851641, 55.3483044], [37.6857999, 55.3564278], [37.6846675, 55.3563818], [37.6834315, 55.3577926], [37.6847569, 55.3615764], [37.685977, 55.3614002], [37.6873679, 55.3658749], [37.6855668, 55.3690611], [37.6800649, 55.3690679], [37.6816477, 55.3711698], [37.6800672, 55.371284], [37.679667, 55.3731664], [37.6779702, 55.3733936], [37.6740494, 55.3729559], [37.6687229, 55.3687645], [37.6648261, 55.3701364], [37.6653618, 55.376003], [37.6147371, 55.3802194], [37.6150026, 55.3806661], [37.6188129, 55.3811973], [37.6178994, 55.3828393], [37.6163386, 55.3842145], [37.6184479, 55.3863436], [37.6196209, 55.3845568], [37.6209807, 55.3848373], [37.621879, 55.3815691], [37.6237029, 55.3810266], [37.629529, 55.387825], [37.6296558, 55.3897327], [37.6289611, 55.3901699], [37.6232194, 55.388404], [37.6220525, 55.3887794], [37.6200751, 55.3882076], [37.619736, 55.388879], [37.6161529, 55.3894052], [37.6096995, 55.3891285], [37.6090858, 55.3923302], [37.6096837, 55.3945], [37.6075019, 55.3951574], [37.6067229, 55.3981029], [37.6119937, 55.3991829], [37.6132358, 55.398994], [37.6131242, 55.4002726], [37.606641, 55.400419], [37.6065643, 55.4014521], [37.6089495, 55.4014735], [37.6120249, 55.4033523], [37.6148034, 55.4022904], [37.6151556, 55.4009747], [37.6169305, 55.4006851], [37.6177368, 55.4015404], [37.6167043, 55.4019448], [37.6172966, 55.4026584], [37.6171325, 55.4034762], [37.6159289, 55.4039713], [37.6157587, 55.4047059], [37.6163759, 55.4057043], [37.6188598, 55.4072066], [37.6198306, 55.4068061], [37.6214475, 55.4074876], [37.6224939, 55.4089269], [37.6244759, 55.4094576], [37.6249868, 55.4100305], [37.6282397, 55.40983], [37.6307137, 55.410784], [37.6347233, 55.4111408], [37.6395058, 55.410679], [37.641887, 55.4117338], [37.6420869, 55.4146603], [37.6377554, 55.415776], [37.6342058, 55.4147355], [37.6321672, 55.4163178], [37.6300266, 55.4170124], [37.6257718, 55.4211641], [37.6337152, 55.4241482], [37.6360103, 55.4257684], [37.6390336, 55.430534], [37.6397688, 55.4305097], [37.6392945, 55.4311723], [37.6395157, 55.4316275], [37.6388633, 55.4320215], [37.639341, 55.4333605], [37.6390431, 55.4336556], [37.639443, 55.4341776], [37.6404354, 55.4342754], [37.6410784, 55.4348913], [37.6407321, 55.4350824], [37.6415904, 55.4351965], [37.6418441, 55.4357395], [37.640866, 55.4360183], [37.6405486, 55.437034], [37.6420499, 55.4376777], [37.6436627, 55.4376474], [37.6444509, 55.4390714], [37.6479962, 55.4393839], [37.6480314, 55.4416743], [37.64922, 55.4421258], [37.648964, 55.4432515], [37.6502212, 55.4438366], [37.6509493, 55.4454751], [37.6556945, 55.4441122], [37.6616639, 55.4461956], [37.6623407, 55.4478761], [37.6591949, 55.4496712], [37.6589357, 55.450264], [37.6593409, 55.4513771], [37.6549546, 55.454415], [37.6537107, 55.4558535], [37.6620502, 55.4594988], [37.6634188, 55.4580187], [37.6671557, 55.4563263], [37.6698481, 55.4567717], [37.6709325, 55.4571387], [37.6703541, 55.4578903], [37.6658657, 55.4597737], [37.6651674, 55.4610424], [37.6669265, 55.461919], [37.673323, 55.4610534], [37.6755846, 55.4613036], [37.6776356, 55.4622583], [37.6781982, 55.4638801], [37.6790262, 55.4646079], [37.6835121, 55.4655373], [37.6847493, 55.465438], [37.6873533, 55.4642166], [37.6895091, 55.4646764], [37.6915461, 55.4681653], [37.6914995, 55.4690401], [37.6905438, 55.4699544], [37.686118, 55.4711502], [37.6843291, 55.4722922], [37.6839247, 55.4732369], [37.6847953, 55.4740351], [37.6885742, 55.4743941], [37.6895343, 55.4750773], [37.6894034, 55.4758071], [37.6878727, 55.4774689], [37.6879986, 55.4784356], [37.6975872, 55.4809], [37.701404, 55.483426], [37.7035957, 55.4858093], [37.7025861, 55.4865024], [37.7058184, 55.488357], [37.7022354, 55.4905439], [37.7092872, 55.4943837], [37.7114575, 55.4980892], [37.7151435, 55.4981348], [37.7132594, 55.5046283], [37.7093722, 55.5062159], [37.7078156, 55.5144793], [37.7053238, 55.5148396], [37.7039163, 55.5142262], [37.7029126, 55.5157206], [37.7022848, 55.5170562], [37.7053313, 55.5175507], [37.7031184, 55.5205315], [37.7018648, 55.51994], [37.7002545, 55.5179333], [37.7003705, 55.517345], [37.6923352, 55.5187322], [37.691088, 55.5196586], [37.6915504, 55.5213416], [37.6810237, 55.5212029], [37.6804586, 55.5185374], [37.6782038, 55.5156874], [37.678261, 55.5146714], [37.6760959, 55.5129375], [37.6748424, 55.5123772], [37.6753114, 55.5132476], [37.6738068, 55.513561], [37.674287, 55.5147712], [37.6731862, 55.514895], [37.6730187, 55.5155894], [37.6718397, 55.5154788], [37.6720872, 55.5161499], [37.6707552, 55.5157919], [37.6704198, 55.5160061], [37.6707585, 55.5165076], [37.6683627, 55.5170563], [37.6689985, 55.5177075], [37.6681925, 55.5176121], [37.6671162, 55.5170599], [37.6689787, 55.5149891], [37.6694369, 55.5137799], [37.6679294, 55.5137567], [37.6676869, 55.5117533], [37.6634967, 55.5133103], [37.6644016, 55.5111157], [37.6639508, 55.5107916], [37.6647517, 55.510436], [37.6590569, 55.5100029], [37.6595184, 55.5091361], [37.6566601, 55.5084807], [37.6565848, 55.5080896], [37.6514936, 55.5113012], [37.6450607, 55.51284], [37.642106, 55.5130216], [37.6377146, 55.5120821], [37.6280108, 55.5056297], [37.6271033, 55.5063437], [37.6263991, 55.5081911], [37.6256602, 55.5080099], [37.6254023, 55.5093737], [37.6278862, 55.5109006], [37.626305, 55.5116502], [37.6237794, 55.5107314], [37.6209027, 55.5121509], [37.6157721, 55.5121312], [37.6140462, 55.5104669], [37.6138755, 55.5094871], [37.6080963, 55.509844], [37.6089293, 55.5024075], [37.6056934, 55.5023511], [37.6056731, 55.501871], [37.6091037, 55.500877], [37.610417, 55.4932414], [37.6079282, 55.4927869], [37.6073946, 55.4918154], [37.6096167, 55.4911336], [37.6110248, 55.4914069], [37.6113541, 55.4896351], [37.6064915, 55.4882986], [37.6058837, 55.4907826], [37.6046793, 55.4916699], [37.6035226, 55.4914006], [37.6035763, 55.4904832], [37.601931, 55.4892832], [37.600389, 55.488858], [37.5969087, 55.4893318], [37.5950843, 55.4887276], [37.5833567, 55.4935768], [37.5818913, 55.4920181], [37.5845028, 55.4911955], [37.5832057, 55.4906384], [37.5859645, 55.489054], [37.5837123, 55.4876748], [37.5870275, 55.4867217], [37.5834559, 55.4862914], [37.5798005, 55.4836784], [37.5777803, 55.4837651], [37.578667, 55.4866923], [37.5674551, 55.4876619], [37.5654849, 55.487418], [37.5641086, 55.4824981], [37.5627617, 55.4799323], [37.5629741, 55.4793015], [37.5617604, 55.4747904], [37.5608064, 55.4742513], [37.5608448, 55.4733871], [37.5447501, 55.4726458], [37.5456016, 55.4648502], [37.5470935, 55.4645853], [37.5459091, 55.4615658], [37.5470641, 55.4621168], [37.5475792, 55.4616789], [37.5459199, 55.4597185], [37.5478605, 55.4598497], [37.5480083, 55.4568969], [37.5443163, 55.4578625], [37.5397451, 55.4555388], [37.5368187, 55.4547761], [37.5366617, 55.4533485], [37.5327639, 55.4536847], [37.5316055, 55.4517498], [37.5319498, 55.4509649], [37.5315207, 55.4469073], [37.5347712, 55.4449509], [37.5366695, 55.4399235], [37.5357037, 55.4398081], [37.5358069, 55.4392485], [37.5366355, 55.4392247], [37.5383916, 55.4374857], [37.5352652, 55.4362787], [37.5253346, 55.4358356], [37.5134813, 55.4359233], [37.5085424, 55.4363932], [37.5026007, 55.4381216], [37.4994875, 55.4413729], [37.4953792, 55.4422722], [37.4955284, 55.4430545], [37.489942, 55.4444722], [37.4872088, 55.446569], [37.4861087, 55.4462039], [37.4858147, 55.4472491], [37.4864241, 55.4478283], [37.4954621, 55.4490745], [37.4985348, 55.4500383], [37.4985177, 55.4508902], [37.4961659, 55.4523601], [37.492149, 55.4561663], [37.4962517, 55.4580984], [37.4968869, 55.45877], [37.4967152, 55.4591398], [37.4899346, 55.4608869], [37.4842097, 55.4583028], [37.4798838, 55.4598455], [37.4792143, 55.460663], [37.4780473, 55.4606287], [37.4773275, 55.4616609], [37.4740837, 55.461277], [37.4700953, 55.4622729], [37.4653222, 55.4648329], [37.4579022, 55.4656842], [37.4576475, 55.4659171], [37.4583164, 55.4662046], [37.4585142, 55.4679137], [37.4642182, 55.4684469], [37.4646724, 55.4708569], [37.4629517, 55.4708889], [37.4616214, 55.469874], [37.4600779, 55.4702088], [37.4595553, 55.4712541], [37.4581076, 55.471311], [37.4570119, 55.4727569], [37.4520502, 55.4725548], [37.4476133, 55.4751068], [37.4496746, 55.4801239], [37.4481589, 55.4802174], [37.4464698, 55.4820796], [37.4446378, 55.4821179], [37.4391728, 55.479488], [37.4388297, 55.4787126], [37.4345242, 55.4768387], [37.4322319, 55.4762306], [37.4284714, 55.475886], [37.4271003, 55.4762609], [37.4262247, 55.475893], [37.429736, 55.4717742], [37.429091, 55.4694207], [37.4245489, 55.4698473], [37.4210819, 55.4683775], [37.4196233, 55.4687008], [37.4157164, 55.4661543], [37.4122044, 55.4656282], [37.4112571, 55.4629321], [37.4076272, 55.4650853], [37.4050761, 55.4650821], [37.4003774, 55.4669892], [37.4027853, 55.4684995], [37.3945731, 55.4690068], [37.3910316, 55.4666742], [37.3924964, 55.4641254], [37.3942065, 55.4631642], [37.3914592, 55.4600073], [37.3887682, 55.4571004], [37.3876604, 55.456687], [37.3843227, 55.4578768], [37.3836378, 55.4570306], [37.3864742, 55.4559248], [37.3868338, 55.4540843], [37.3879022, 55.4535718], [37.3865797, 55.4523232], [37.3844749, 55.4512963], [37.3802654, 55.4520103], [37.3770309, 55.4518512], [37.3767946, 55.4513286], [37.3757657, 55.4513303], [37.3745434, 55.4498542], [37.3727168, 55.4499159], [37.3713843, 55.4478643]]]}}, {"type": "Feature", "properties": {"rda_code": "MO-69", "rda_name": "LENINSKY AREA / incl. VIDNOE /", "osm_name": "Ленинский городской округ", "match_score": 0.92, "match_reason": "contains"}, "geometry": {"type": "Polygon", "coordinates": [[[37.5784455, 55.5216802], [37.5855231, 55.5179973], [37.5858048, 55.5171294], [37.5886984, 55.5155293], [37.589715, 55.5140097], [37.5918282, 55.5124933], [37.5980226, 55.5147069], [37.6008921, 55.5109247], [37.603814, 55.5130378], [37.6047679, 55.5125038], [37.6021162, 55.5104561], [37.6138755, 55.5094871], [37.6140462, 55.5104669], [37.6157721, 55.5121312], [37.6209027, 55.5121509], [37.6237794, 55.5107314], [37.626305, 55.5116502], [37.6278862, 55.5109006], [37.6254023, 55.5093737], [37.6256602, 55.5080099], [37.6263991, 55.5081911], [37.6271033, 55.5063437], [37.6280108, 55.5056297], [37.6377146, 55.5120821], [37.642106, 55.5130216], [37.6450607, 55.51284], [37.6514936, 55.5113012], [37.6565848, 55.5080896], [37.6566601, 55.5084807], [37.6595184, 55.5091361], [37.6590569, 55.5100029], [37.6647517, 55.510436], [37.6639508, 55.5107916], [37.6644016, 55.5111157], [37.6634967, 55.5133103], [37.6676869, 55.5117533], [37.6679294, 55.5137567], [37.6694369, 55.5137799], [37.6689787, 55.5149891], [37.6671162, 55.5170599], [37.6688161, 55.5177318], [37.6683627, 55.5170563], [37.6698246, 55.517015], [37.6709018, 55.5163933], [37.6704198, 55.5160061], [37.6707552, 55.5157919], [37.6720872, 55.5161499], [37.6718397, 55.5154788], [37.6730187, 55.5155894], [37.6731862, 55.514895], [37.674287, 55.5147712], [37.6738068, 55.513561], [37.6753114, 55.5132476], [37.6748424, 55.5123772], [37.678261, 55.5146714], [37.6782038, 55.5156874], [37.6804586, 55.5185374], [37.6810237, 55.5212029], [37.6915504, 55.5213416], [37.691088, 55.5196586], [37.6923352, 55.5187322], [37.7003705, 55.517345], [37.7002545, 55.5179333], [37.7018648, 55.51994], [37.7031184, 55.5205315], [37.7053313, 55.5175507], [37.7022848, 55.5170562], [37.7029126, 55.5157206], [37.7039163, 55.5142262], [37.7053238, 55.5148396], [37.7078156, 55.5144793], [37.7093722, 55.5062159], [37.7132594, 55.5046283], [37.7151435, 55.4981348], [37.719385, 55.498085], [37.7216484, 55.4968326], [37.7216561, 55.4962308], [37.7224107, 55.4956608], [37.7303132, 55.4957002], [37.7326855, 55.4963628], [37.7335363, 55.4971276], [37.7326604, 55.4984472], [37.7334292, 55.4996986], [37.7367135, 55.5006103], [37.7416968, 55.5001205], [37.7437223, 55.4991338], [37.7439069, 55.4978222], [37.7415975, 55.4937959], [37.7421819, 55.4928831], [37.7441228, 55.4925151], [37.7533941, 55.4929835], [37.7556939, 55.4905485], [37.7575616, 55.4901464], [37.7595872, 55.4881104], [37.7619539, 55.4886536], [37.76078, 55.4920102], [37.7623266, 55.4937525], [37.763413, 55.4942773], [37.7647542, 55.4932015], [37.7672361, 55.4939611], [37.7666871, 55.4947492], [37.7673489, 55.495209], [37.7709299, 55.4941564], [37.7716642, 55.4945944], [37.7723048, 55.4940423], [37.7739663, 55.4950806], [37.7697662, 55.4979906], [37.7710624, 55.4984926], [37.7741128, 55.4986546], [37.7761376, 55.4976478], [37.7814944, 55.4973451], [37.783338, 55.4991882], [37.7849605, 55.4987825], [37.7888006, 55.4993235], [37.7904456, 55.4986949], [37.7907686, 55.496988], [37.7929204, 55.4957051], [37.7921351, 55.4948508], [37.7929629, 55.4942774], [37.794602, 55.4939746], [37.7997515, 55.4945524], [37.8004085, 55.4932967], [37.8029246, 55.4914527], [37.8056599, 55.4917218], [37.808585, 55.49105], [37.8094982, 55.4912592], [37.811381, 55.4882953], [37.8159472, 55.4887318], [37.815936, 55.4880222], [37.8190171, 55.4877783], [37.8196191, 55.487088], [37.8178717, 55.4857834], [37.8188615, 55.4849006], [37.8330966, 55.4900588], [37.8320658, 55.4916087], [37.8262826, 55.4946273], [37.8267225, 55.5038527], [37.8279852, 55.5059669], [37.825244, 55.5073652], [37.8178769, 55.5093545], [37.8165336, 55.5103841], [37.8233681, 55.5117312], [37.8254532, 55.5107183], [37.8272093, 55.5109674], [37.8283316, 55.5138978], [37.8263781, 55.516155], [37.8284627, 55.5167489], [37.8287071, 55.5163483], [37.8299815, 55.5165464], [37.8300704, 55.5148687], [37.8313406, 55.5150918], [37.8316456, 55.514011], [37.8310914, 55.5127573], [37.8321473, 55.511642], [37.833218, 55.5119771], [37.8345775, 55.5108833], [37.8362763, 55.5113371], [37.8368369, 55.5127621], [37.8432046, 55.5117707], [37.8447164, 55.5111879], [37.8460251, 55.5097773], [37.8473346, 55.506849], [37.8452402, 55.5059048], [37.8445412, 55.5076619], [37.8434658, 55.5083781], [37.841231, 55.5085764], [37.8387467, 55.507999], [37.8410283, 55.5061168], [37.8453875, 55.5048972], [37.8486167, 55.5061079], [37.8496259, 55.5053497], [37.8524896, 55.5063974], [37.8514777, 55.5072881], [37.8555859, 55.5080376], [37.8521326, 55.5122749], [37.8515156, 55.5123739], [37.8474847, 55.5160433], [37.8516188, 55.5173311], [37.8549849, 55.5169798], [37.8612834, 55.5184732], [37.8626488, 55.5177], [37.8662637, 55.5180142], [37.8679011, 55.5200587], [37.8668284, 55.5207262], [37.8676176, 55.5214599], [37.867768, 55.5229911], [37.8723216, 55.523079], [37.8724478, 55.5243138], [37.8743192, 55.5243146], [37.8745266, 55.5230732], [37.8761942, 55.5231141], [37.8789847, 55.5218027], [37.8793097, 55.5208618], [37.8789859, 55.518726], [37.8802463, 55.5136241], [37.8823953, 55.5134324], [37.886602, 55.5118513], [37.8944666, 55.5103085], [37.897024, 55.5095282], [37.8985242, 55.5084725], [37.8995638, 55.5060069], [37.899108, 55.5024136], [37.8994757, 55.5011564], [37.9020132, 55.4986704], [37.9027701, 55.4946783], [37.9036403, 55.4938403], [37.9055551, 55.4931642], [37.9091365, 55.4928756], [37.9126892, 55.4932463], [37.9157757, 55.4942753], [37.9295514, 55.5014855], [37.930705, 55.5016995], [37.9337295, 55.5015938], [37.9354356, 55.4979907], [37.9364459, 55.4971596], [37.9388033, 55.4967083], [37.940461, 55.4949814], [37.9453672, 55.4957654], [37.9520532, 55.497604], [37.953581, 55.4960067], [37.9539691, 55.4943895], [37.9549332, 55.4942997], [37.9547981, 55.4950097], [37.9607173, 55.4958674], [37.9605148, 55.4981789], [37.9613693, 55.4986808], [37.9606088, 55.5006899], [37.974121, 55.5016973], [37.9752514, 55.5035556], [37.972322, 55.5058758], [37.9619194, 55.5038437], [37.9615729, 55.5062418], [37.9523205, 55.5057888], [37.9517949, 55.5071967], [37.9457519, 55.509609], [37.946867, 55.5119145], [37.9465829, 55.5131866], [37.9437061, 55.5156619], [37.9374264, 55.5181861], [37.9354585, 55.5185231], [37.9325361, 55.5163588], [37.9323833, 55.5151185], [37.9330982, 55.5138103], [37.9299429, 55.5127766], [37.9241573, 55.5166801], [37.9239626, 55.5170362], [37.9246511, 55.517585], [37.9283637, 55.5181229], [37.9279208, 55.5215544], [37.9279361, 55.5296541], [37.9269333, 55.5338633], [37.9263134, 55.5340809], [37.9264013, 55.5344977], [37.9233562, 55.5344461], [37.9223416, 55.5349376], [37.9214792, 55.5346147], [37.9198874, 55.535068], [37.921919, 55.5381257], [37.9239138, 55.5384779], [37.9257324, 55.5401126], [37.9379794, 55.5446574], [37.9305665, 55.5465796], [37.9332515, 55.5471509], [37.9387547, 55.550941], [37.9383715, 55.5533644], [37.9392034, 55.5548442], [37.9346726, 55.5562453], [37.9150538, 55.5599415], [37.9112081, 55.5637713], [37.9055411, 55.5681461], [37.9011469, 55.5697343], [37.889312, 55.5711499], [37.8808805, 55.5753831], [37.8734164, 55.5840592], [37.8689747, 55.587585], [37.8676115, 55.5894136], [37.8693869, 55.5918832], [37.872503, 55.5949296], [37.8718421, 55.596168], [37.8704976, 55.5969418], [37.8665652, 55.5977516], [37.856743, 55.599181], [37.8541071, 55.6002959], [37.85377, 55.6011761], [37.8542958, 55.6020865], [37.8559136, 55.6028796], [37.8679848, 55.6050097], [37.8691559, 55.6060521], [37.8692027, 55.607239], [37.8683672, 55.6083102], [37.8667022, 55.6093449], [37.8571289, 55.6100245], [37.8555545, 55.6108758], [37.8529499, 55.6155729], [37.8517527, 55.6168138], [37.8502915, 55.6175182], [37.8476744, 55.6176396], [37.8373619, 55.6162518], [37.8263387, 55.6165279], [37.8240903, 55.615278], [37.8200032, 55.6115598], [37.813975, 55.6095726], [37.8097141, 55.6095307], [37.8031926, 55.6102509], [37.7988837, 55.6113774], [37.7975967, 55.6128627], [37.7975125, 55.6199371], [37.7964287, 55.6212098], [37.793561, 55.6229597], [37.7837364, 55.618106], [37.7843611, 55.6174671], [37.7868296, 55.6171254], [37.7871859, 55.6169067], [37.7869299, 55.6166549], [37.7840116, 55.6168207], [37.7800723, 55.6158902], [37.7538314, 55.6015974], [37.733529, 55.5929779], [37.7325459, 55.5921338], [37.7320986, 55.5909144], [37.7320406, 55.5899349], [37.7328042, 55.5891672], [37.7321735, 55.5887973], [37.7302523, 55.5897125], [37.7263489, 55.5900666], [37.6925643, 55.5771246], [37.6917887, 55.5764074], [37.6913799, 55.5747848], [37.6917206, 55.5729498], [37.6909246, 55.5723191], [37.6891553, 55.5734796], [37.6851823, 55.5741203], [37.6760494, 55.5720884], [37.6707236, 55.5716683], [37.653897, 55.572285], [37.6507517, 55.5717346], [37.6496649, 55.5724788], [37.6350402, 55.5734491], [37.6055416, 55.5750574], [37.6041629, 55.5744194], [37.603685, 55.5752108], [37.6003203, 55.5753745], [37.5983199, 55.5743151], [37.5978589, 55.5735129], [37.5985121, 55.5721869], [37.6005631, 55.5707353], [37.6016747, 55.5672282], [37.6035767, 55.5645916], [37.5942413, 55.5608762], [37.589454, 55.557683], [37.5833174, 55.5378616], [37.5839151, 55.5371993], [37.5784455, 55.5216802]]]}}, {"type": "Feature", "properties": {"rda_code": "MO-68", "rda_name": "KRASNOGORSKY AREA / incl. KRASNOGORSK /", "osm_name": "городской округ Красногорск", "match_score": 0.92, "match_reason": "contains"}, "geometry": {"type": "Polygon", "coordinates": [[[37.0914779, 55.7496817], [37.0891874, 55.7494553], [37.0919686, 55.7493551], [37.0920348, 55.748315], [37.0969356, 55.7478609], [37.096471, 55.7462736], [37.099146, 55.74597], [37.0989852, 55.7455553], [37.0996978, 55.7454212], [37.0986207, 55.7435587], [37.1035453, 55.7426244], [37.1051615, 55.7451597], [37.1153156, 55.742887], [37.112195, 55.7379435], [37.1159062, 55.73771], [37.1162693, 55.7386499], [37.1166961, 55.7386467], [37.119546, 55.7418786], [37.1228922, 55.740705], [37.1259044, 55.7430432], [37.1362592, 55.7383777], [37.1403251, 55.7410888], [37.1440223, 55.7425652], [37.147081, 55.742919], [37.1523069, 55.7421872], [37.1598057, 55.7444068], [37.163964, 55.7448236], [37.167504, 55.7445127], [37.172072, 55.7430454], [37.1735623, 55.7397483], [37.1804774, 55.733524], [37.1882083, 55.7322133], [37.1941722, 55.7331271], [37.196041, 55.7338714], [37.2005557, 55.7385877], [37.2117477, 55.7442985], [37.2213482, 55.7519353], [37.2247447, 55.7531539], [37.2354249, 55.7540732], [37.23895, 55.7536719], [37.242431, 55.75253], [37.245435, 55.7501631], [37.2489112, 55.7454288], [37.2516744, 55.7441971], [37.2620004, 55.7447042], [37.2734954, 55.7432551], [37.2781234, 55.7440032], [37.2801814, 55.7453787], [37.2805812, 55.7463936], [37.2804159, 55.7489113], [37.2810945, 55.7519794], [37.2810977, 55.7548243], [37.2804815, 55.7589337], [37.2814564, 55.7607315], [37.2868481, 55.7629662], [37.2961856, 55.7642375], [37.2988646, 55.7662456], [37.3001104, 55.7693673], [37.3014785, 55.7705161], [37.3050905, 55.7712323], [37.3084937, 55.7705913], [37.309291, 55.7711009], [37.3108516, 55.7754361], [37.3153018, 55.7746034], [37.322415, 55.7769447], [37.3229729, 55.7767335], [37.3240236, 55.7775334], [37.3234666, 55.7777055], [37.3243366, 55.7786025], [37.3268031, 55.7793281], [37.3284094, 55.7810864], [37.3128271, 55.7863845], [37.3131458, 55.7797513], [37.3118433, 55.7801654], [37.3115518, 55.7841496], [37.310606, 55.7844642], [37.3128801, 55.7877903], [37.315399, 55.7884035], [37.3128219, 55.7908116], [37.3100592, 55.7920866], [37.3115333, 55.7925879], [37.3164453, 55.7927791], [37.3143887, 55.7936861], [37.3170698, 55.7950391], [37.3231509, 55.7970297], [37.3246147, 55.7966965], [37.3245271, 55.796288], [37.3249703, 55.7966009], [37.3209466, 55.7978523], [37.3191509, 55.7972729], [37.319386, 55.7966376], [37.3167382, 55.7957912], [37.3162922, 55.7963769], [37.3152007, 55.796163], [37.315274, 55.7968902], [37.3126617, 55.7956909], [37.3118836, 55.7968584], [37.3114403, 55.7967947], [37.3116774, 55.7963949], [37.3093743, 55.7958481], [37.3091117, 55.7971259], [37.3079191, 55.7972282], [37.3143061, 55.7981332], [37.3147699, 55.7992573], [37.32179, 55.8007522], [37.334486, 55.7996108], [37.3349988, 55.8010969], [37.3361042, 55.8020658], [37.3427758, 55.8051114], [37.3478479, 55.8066493], [37.3494535, 55.8064784], [37.3582512, 55.8033426], [37.3594884, 55.8012546], [37.3575402, 55.8000128], [37.3538935, 55.798865], [37.352094, 55.797147], [37.3486793, 55.7964211], [37.3578174, 55.7925683], [37.3680103, 55.7899212], [37.3705101, 55.7880302], [37.3691739, 55.7894487], [37.36724, 55.7903819], [37.3678444, 55.791361], [37.3721524, 55.7916076], [37.3744812, 55.7923635], [37.3827563, 55.8009245], [37.3859537, 55.8051878], [37.3867855, 55.8069524], [37.3859825, 55.8073094], [37.3862501, 55.8087495], [37.3806199, 55.8093712], [37.3804959, 55.8090228], [37.3793519, 55.8091719], [37.3779693, 55.8079152], [37.3778686, 55.8069855], [37.3791232, 55.8065438], [37.3785716, 55.80568], [37.376167, 55.805729], [37.3754202, 55.8047682], [37.3760573, 55.8046013], [37.3758233, 55.8043714], [37.3752774, 55.8045172], [37.3735617, 55.8029868], [37.3723787, 55.8031748], [37.3720858, 55.8033929], [37.3729467, 55.8087717], [37.3717466, 55.8092419], [37.3738627, 55.8125917], [37.3764306, 55.8120872], [37.3774474, 55.8126881], [37.3801967, 55.8113191], [37.3796746, 55.8106902], [37.3810808, 55.8106454], [37.3807281, 55.8096574], [37.3857106, 55.8092794], [37.3861685, 55.8098155], [37.3878905, 55.8097622], [37.3939187, 55.829862], [37.3854286, 55.8306599], [37.3799375, 55.8306661], [37.3689161, 55.8280237], [37.365873, 55.8264811], [37.3635376, 55.8243612], [37.3622219, 55.8221992], [37.3589247, 55.8228877], [37.3568826, 55.8265268], [37.3540129, 55.8263994], [37.3563725, 55.8226601], [37.3541462, 55.8223551], [37.3546059, 55.8217604], [37.3523121, 55.8212845], [37.3491556, 55.8222253], [37.3515886, 55.8243916], [37.3497145, 55.8263737], [37.345129, 55.8259601], [37.3446985, 55.82627], [37.3485673, 55.8290754], [37.3486509, 55.8307152], [37.3481358, 55.8310258], [37.3487294, 55.8322171], [37.3439355, 55.8330958], [37.341868, 55.8341905], [37.3450013, 55.8364662], [37.3403714, 55.8390079], [37.3406559, 55.840255], [37.3474647, 55.8406036], [37.3480271, 55.8409993], [37.3490019, 55.8437918], [37.3428857, 55.84484], [37.333004, 55.8452849], [37.3320437, 55.8459483], [37.3341284, 55.8477278], [37.3371679, 55.8481715], [37.3369193, 55.8484643], [37.3373335, 55.8487991], [37.3382777, 55.84896], [37.3376436, 55.8498363], [37.3404435, 55.8515384], [37.3409418, 55.8526499], [37.3404194, 55.8529675], [37.3395754, 55.8553365], [37.3402152, 55.8558445], [37.3404913, 55.8577091], [37.3414536, 55.8586909], [37.3420073, 55.8601929], [37.3451935, 55.8613095], [37.3465853, 55.8622364], [37.3458799, 55.8629437], [37.3464795, 55.863129], [37.349819, 55.8637988], [37.3578908, 55.8642649], [37.3628222, 55.8676471], [37.3649318, 55.8674018], [37.3652052, 55.8678988], [37.3673514, 55.868019], [37.3678568, 55.8675786], [37.3692386, 55.8677947], [37.3706176, 55.8673116], [37.3723143, 55.8676862], [37.3731226, 55.8671531], [37.3774889, 55.8683619], [37.3794062, 55.8673525], [37.3793053, 55.8669384], [37.3780191, 55.8665727], [37.3783515, 55.8660894], [37.3774496, 55.8647195], [37.3797707, 55.8632944], [37.3781735, 55.8619917], [37.3784965, 55.8608482], [37.3800303, 55.8594722], [37.3765154, 55.8581766], [37.3758579, 55.8569941], [37.3761554, 55.8561788], [37.3749347, 55.8551704], [37.3798725, 55.8534722], [37.3819717, 55.854568], [37.3855164, 55.85451], [37.3871672, 55.8558609], [37.3899694, 55.8541642], [37.3920551, 55.8550098], [37.3945561, 55.8544023], [37.3976398, 55.8599735], [37.4016622, 55.8644698], [37.4068486, 55.8684287], [37.411428, 55.8709576], [37.404035, 55.8759958], [37.3944357, 55.8772425], [37.3821655, 55.8778687], [37.3810568, 55.878284], [37.3798326, 55.8799355], [37.378165, 55.8801579], [37.3758465, 55.8812893], [37.3728638, 55.8815439], [37.3711691, 55.8835482], [37.3720567, 55.8847927], [37.3715512, 55.8850993], [37.3677094, 55.8857736], [37.3671254, 55.8852518], [37.3682087, 55.8836623], [37.3597932, 55.8810317], [37.3592823, 55.8823868], [37.3599662, 55.8828546], [37.3567816, 55.8861761], [37.3472886, 55.8869876], [37.3464233, 55.8839161], [37.3440875, 55.8840349], [37.3439408, 55.8831562], [37.3375194, 55.8830883], [37.3370652, 55.8815599], [37.3377292, 55.8804335], [37.3424519, 55.8799922], [37.3398595, 55.8742007], [37.3304525, 55.8797165], [37.3266014, 55.876781], [37.3135722, 55.8847456], [37.3103762, 55.8860728], [37.3132242, 55.8927172], [37.3097912, 55.8932787], [37.3111757, 55.9000861], [37.3118984, 55.9001654], [37.3114301, 55.9031714], [37.3109873, 55.9036509], [37.3035775, 55.9031065], [37.3034538, 55.902498], [37.3013202, 55.904399], [37.3003915, 55.9039544], [37.2959588, 55.9042645], [37.2947978, 55.9032332], [37.2928085, 55.9034794], [37.2907401, 55.8996454], [37.2900288, 55.8995735], [37.2888709, 55.900676], [37.2878595, 55.9032866], [37.287793, 55.9053861], [37.2882976, 55.9058229], [37.2852549, 55.9068109], [37.2850389, 55.9056227], [37.2832652, 55.9047417], [37.2806455, 55.9051168], [37.2815619, 55.9029432], [37.2791117, 55.9011735], [37.2788163, 55.8991674], [37.2771198, 55.8981283], [37.2813382, 55.8961418], [37.2805461, 55.8948623], [37.277362, 55.8942358], [37.270188, 55.8970823], [37.2697315, 55.8941358], [37.2789313, 55.8925522], [37.2839179, 55.8950914], [37.2876863, 55.8935396], [37.2930943, 55.892636], [37.2920416, 55.8901785], [37.2884554, 55.8909696], [37.2855627, 55.8906542], [37.2845205, 55.8897546], [37.2840275, 55.8908112], [37.2771316, 55.8893888], [37.2739207, 55.8896526], [37.2721106, 55.8914933], [37.2679796, 55.8917023], [37.2651442, 55.8929431], [37.2617169, 55.8921614], [37.2604718, 55.8914216], [37.2587541, 55.892059], [37.2584329, 55.8934756], [37.254181, 55.8924389], [37.2503773, 55.8924498], [37.2479414, 55.8892053], [37.2489109, 55.8880998], [37.2531157, 55.8862576], [37.2541586, 55.8843497], [37.2556471, 55.8831388], [37.245783, 55.8816515], [37.24467, 55.8848294], [37.2336264, 55.8862624], [37.231249, 55.885427], [37.2275941, 55.8869112], [37.2245483, 55.8867559], [37.2238932, 55.8876647], [37.2235483, 55.8893734], [37.2238656, 55.8900509], [37.2280306, 55.8886097], [37.2302176, 55.8885681], [37.2323522, 55.8896822], [37.2341435, 55.8892255], [37.2347793, 55.8898018], [37.2360336, 55.8898153], [37.2346692, 55.8872835], [37.2414526, 55.8864972], [37.2417318, 55.8872438], [37.2428017, 55.887323], [37.2428234, 55.8887867], [37.2397334, 55.890329], [37.2474313, 55.8923241], [37.2470181, 55.8934271], [37.2420369, 55.8963772], [37.2405031, 55.8959912], [37.2407928, 55.8945788], [37.2415003, 55.8935761], [37.2431326, 55.8928011], [37.2418209, 55.891771], [37.2392335, 55.8922546], [37.2366164, 55.8919456], [37.2350211, 55.8931832], [37.2384459, 55.8950768], [37.2370064, 55.8956017], [37.2356777, 55.8971514], [37.232949, 55.8956874], [37.2308754, 55.8984376], [37.2314628, 55.8996754], [37.2266522, 55.9006052], [37.2241806, 55.8965936], [37.2185292, 55.8987002], [37.222986, 55.9008846], [37.2217377, 55.9026853], [37.2178198, 55.9028401], [37.2177795, 55.9007916], [37.2149989, 55.9009473], [37.2134997, 55.9036053], [37.2123688, 55.902924], [37.2052977, 55.9014864], [37.2025356, 55.9038265], [37.198304, 55.9032056], [37.1983273, 55.9042516], [37.1928321, 55.905193], [37.189843, 55.907631], [37.18624, 55.9087409], [37.181464, 55.9116941], [37.1781497, 55.9129319], [37.1746383, 55.9133212], [37.1730607, 55.9149622], [37.1698449, 55.9157326], [37.1689719, 55.9172615], [37.1622541, 55.9162592], [37.1599309, 55.9151141], [37.1510385, 55.9143765], [37.1503113, 55.913137], [37.1486216, 55.9125266], [37.1476318, 55.9105323], [37.1494201, 55.9057207], [37.1429622, 55.905983], [37.1398589, 55.9076189], [37.1381815, 55.9033914], [37.1355344, 55.9002933], [37.1291237, 55.9009903], [37.1285474, 55.9029789], [37.127012, 55.902685], [37.127082, 55.9013122], [37.1262076, 55.9012497], [37.1256214, 55.900263], [37.125816, 55.8994241], [37.127008, 55.8988617], [37.1288211, 55.8985929], [37.1295632, 55.8995012], [37.1333621, 55.8983888], [37.1357242, 55.8933792], [37.132805, 55.8905571], [37.1369624, 55.8880318], [37.1411553, 55.8873924], [37.1470545, 55.8880727], [37.1507489, 55.8866122], [37.1536747, 55.884555], [37.1553283, 55.8827685], [37.1548318, 55.8860026], [37.1616612, 55.8846174], [37.1631978, 55.8821948], [37.1672603, 55.8830592], [37.1662438, 55.884347], [37.1666716, 55.885291], [37.1677397, 55.8858849], [37.1708013, 55.8842021], [37.1696955, 55.8833963], [37.1711039, 55.8824738], [37.1685526, 55.8808564], [37.1742486, 55.8770397], [37.1726275, 55.8751697], [37.1732494, 55.8747482], [37.1687577, 55.8723643], [37.1689216, 55.8711026], [37.1707529, 55.8703441], [37.1711398, 55.8692475], [37.1727503, 55.8685673], [37.1743855, 55.869133], [37.1738594, 55.8705834], [37.1772156, 55.8707326], [37.1770704, 55.8673314], [37.1764102, 55.8667772], [37.1771817, 55.8660512], [37.1759756, 55.8630502], [37.1729974, 55.8626412], [37.1690646, 55.8634751], [37.1669271, 55.8634556], [37.1654179, 55.8617359], [37.1638577, 55.8621398], [37.1624233, 55.8608773], [37.1669941, 55.858922], [37.166277, 55.8567245], [37.1663378, 55.8529035], [37.1645617, 55.8520669], [37.1610107, 55.8540319], [37.1571592, 55.8547407], [37.156115, 55.8524398], [37.1516235, 55.849239], [37.1525662, 55.8487064], [37.151015, 55.8479736], [37.1516076, 55.8465755], [37.1487342, 55.8459953], [37.1475481, 55.8462046], [37.1472394, 55.8470007], [37.1458083, 55.8471062], [37.1449626, 55.8457631], [37.1459277, 55.8450174], [37.1458088, 55.8440542], [37.1445573, 55.8440655], [37.140597, 55.845397], [37.1386512, 55.8447484], [37.1371816, 55.8433749], [37.135167, 55.8427225], [37.1359582, 55.8425896], [37.1355083, 55.8416403], [37.137816, 55.8378661], [37.1455109, 55.8379041], [37.1507602, 55.8351387], [37.1504343, 55.8347266], [37.1518221, 55.8338804], [37.1545707, 55.8337845], [37.1545756, 55.8333332], [37.1550694, 55.8332997], [37.1533338, 55.8289798], [37.1595942, 55.82709], [37.1584527, 55.8263618], [37.1560471, 55.826235], [37.1523332, 55.8272892], [37.1495152, 55.8260616], [37.1505618, 55.8222405], [37.147816, 55.8219625], [37.1477802, 55.8208986], [37.1490858, 55.8196301], [37.1504267, 55.8170454], [37.1523068, 55.8158582], [37.151546, 55.8138849], [37.1492492, 55.8140268], [37.1484374, 55.8134072], [37.1494783, 55.8123881], [37.152372, 55.8114076], [37.153834, 55.8116033], [37.1558035, 55.8128319], [37.1565612, 55.8140281], [37.1602497, 55.8144887], [37.1617399, 55.8154591], [37.1638897, 55.815647], [37.1554067, 55.8080228], [37.1335813, 55.8061606], [37.1303728, 55.8030093], [37.1287961, 55.7993729], [37.125267, 55.7954244], [37.1268382, 55.7935524], [37.1266091, 55.7924247], [37.1270291, 55.7905583], [37.1234067, 55.7897683], [37.1235347, 55.7890487], [37.1212579, 55.7860047], [37.1208307, 55.7844681], [37.1151976, 55.7849385], [37.1122375, 55.7835067], [37.1154647, 55.7799441], [37.1112494, 55.7795402], [37.1106139, 55.7803047], [37.1050436, 55.7797426], [37.1047814, 55.7815999], [37.0987975, 55.7815027], [37.0984163, 55.7796131], [37.0967022, 55.7795491], [37.0965893, 55.7786258], [37.0933179, 55.7788111], [37.0935787, 55.7755488], [37.090466, 55.775516], [37.0862753, 55.773355], [37.0809588, 55.7760656], [37.078835, 55.7749193], [37.0777909, 55.7734362], [37.079896, 55.7715647], [37.0765843, 55.7701178], [37.0767965, 55.7667805], [37.0832932, 55.7671285], [37.0835051, 55.7659359], [37.0909158, 55.7667802], [37.0934133, 55.7664095], [37.0929757, 55.7641602], [37.0945666, 55.7616683], [37.0956794, 55.7585559], [37.0946487, 55.758305], [37.0942721, 55.756716], [37.0919524, 55.7572273], [37.0895937, 55.7527042], [37.0893359, 55.7519612], [37.089671, 55.7514757], [37.0915147, 55.7511575], [37.0914779, 55.7496817]], [[37.3023539, 55.7986335], [37.2931684, 55.7963971], [37.2932645, 55.7980647], [37.290502, 55.8019897], [37.2977692, 55.803354], [37.3035641, 55.8035588], [37.3029227, 55.8024772], [37.3023539, 55.7986335]]]}}, {"type": "Feature", "properties": {"rda_code": "MO-77", "rda_name": "ODINTSOVSKY AREA / incl. ODINTSOVO /", "osm_name": "Одинцовский городской округ", "match_score": 0.92, "match_reason": "contains"}, "geometry": {"type": "Polygon", "coordinates": [[[36.4560665, 55.4940099], [36.4607952, 55.4937464], [36.4603804, 55.4972712], [36.461416, 55.4998949], [36.4587563, 55.5014328], [36.4794389, 55.5097249], [36.5040038, 55.5202892], [36.5199617, 55.5117719], [36.5223282, 55.510702], [36.5275103, 55.5094504], [36.5290479, 55.5072367], [36.5328797, 55.504943], [36.5360002, 55.5043474], [36.5398984, 55.5023198], [36.5464173, 55.5000567], [36.5586537, 55.4978726], [36.5586792, 55.4946602], [36.5596625, 55.4921733], [36.5587791, 55.4923508], [36.5571876, 55.488901], [36.5551128, 55.4884188], [36.5554836, 55.4866052], [36.5558917, 55.48516], [36.5622126, 55.4816687], [36.5687016, 55.4814771], [36.5762604, 55.4825958], [36.5779914, 55.4857327], [36.5685877, 55.4888276], [36.5733678, 55.4942316], [36.5731967, 55.5070251], [36.5741365, 55.5061092], [36.5794704, 55.5070868], [36.5855352, 55.5104663], [36.5901957, 55.5102986], [36.589786, 55.508772], [36.6060014, 55.5040725], [36.6059449, 55.5054919], [36.6131579, 55.5065273], [36.6145789, 55.5075547], [36.6160429, 55.5078289], [36.6179982, 55.5071863], [36.6199768, 55.5084657], [36.6227292, 55.5085319], [36.6255964, 55.5079052], [36.6269041, 55.5073421], [36.6258976, 55.5065702], [36.625869, 55.5048503], [36.6275756, 55.5041977], [36.6257302, 55.5035998], [36.6219238, 55.500642], [36.627655, 55.4989478], [36.6249874, 55.4958447], [36.6238979, 55.4929823], [36.6300197, 55.49158], [36.6296398, 55.4917741], [36.6306247, 55.4919896], [36.6309122, 55.4934929], [36.6317285, 55.4937965], [36.6319717, 55.4956742], [36.633883, 55.49664], [36.6337008, 55.4973269], [36.6363807, 55.5008576], [36.635222, 55.5019876], [36.6357928, 55.503459], [36.6354386, 55.5038989], [36.637619, 55.5038055], [36.6401569, 55.5052078], [36.6455713, 55.5059538], [36.6508944, 55.5050383], [36.6531928, 55.5057968], [36.6567719, 55.5060044], [36.6647209, 55.5026493], [36.6661936, 55.500808], [36.6719744, 55.4967086], [36.6746801, 55.4965695], [36.67942, 55.4941275], [36.6839104, 55.4926456], [36.6918824, 55.4915051], [36.6929851, 55.5018945], [36.7024616, 55.5035776], [36.7091384, 55.5029899], [36.7197559, 55.5031418], [36.7299178, 55.5094881], [36.7318188, 55.5079003], [36.7326708, 55.5061719], [36.7341481, 55.505152], [36.739638, 55.5053207], [36.7429968, 55.5077519], [36.7466158, 55.5089532], [36.7494317, 55.5114883], [36.7527848, 55.5128126], [36.7564896, 55.5129174], [36.7593332, 55.5099938], [36.7627451, 55.5092785], [36.7688026, 55.5093837], [36.7776393, 55.514153], [36.7814417, 55.5139092], [36.7866104, 55.512452], [36.7893429, 55.5140208], [36.7892197, 55.5144027], [36.8129852, 55.5285461], [36.8162801, 55.5294686], [36.8201916, 55.5295646], [36.8203896, 55.5311165], [36.8182093, 55.5347618], [36.8175554, 55.5422799], [36.8210314, 55.5475531], [36.8221166, 55.5482902], [36.8320707, 55.5520982], [36.8357175, 55.5525257], [36.8512407, 55.5532998], [36.861605, 55.5529568], [36.8643797, 55.5550576], [36.8843238, 55.5546142], [36.8850399, 55.5641948], [36.9012221, 55.563941], [36.8999181, 55.5702562], [36.9165695, 55.5710354], [36.9857561, 55.5763142], [36.9858241, 55.5759662], [36.9896569, 55.5762171], [36.9896566, 55.5766002], [36.9997459, 55.5773174], [36.9968763, 55.5668631], [36.99767, 55.567047], [37.0023997, 55.5709512], [37.0089152, 55.5727756], [37.0166581, 55.5736732], [37.0287327, 55.5781358], [37.0262242, 55.5815877], [37.0255396, 55.5834423], [37.0017874, 55.584212], [37.0039222, 55.5911428], [37.0047312, 55.591431], [37.0045307, 55.5920032], [37.0104974, 55.593955], [37.0101737, 55.5943138], [37.0113421, 55.5950197], [37.0172353, 55.5959034], [37.0212297, 55.5940665], [37.0213318, 55.5936584], [37.0238855, 55.5940631], [37.025126, 55.5927304], [37.023857, 55.5928454], [37.0236373, 55.5924952], [37.0294957, 55.5911837], [37.030901, 55.5920527], [37.0310212, 55.593013], [37.0305796, 55.5934367], [37.0328204, 55.5971518], [37.031255, 55.5971559], [37.0305282, 55.5988953], [37.0264137, 55.5987583], [37.0264385, 55.59953], [37.0275832, 55.5997963], [37.0253663, 55.6035251], [37.0167938, 55.602488], [37.0166094, 55.603153], [37.0155748, 55.6030687], [37.0162956, 55.6044216], [37.0617688, 55.6096076], [37.0712728, 55.6110732], [37.0746285, 55.6083382], [37.0722792, 55.6072873], [37.0737451, 55.6054934], [37.0778086, 55.6058831], [37.0789806, 55.6052931], [37.0782912, 55.600558], [37.0783377, 55.5960918], [37.0791712, 55.5940808], [37.0812354, 55.5922083], [37.0831526, 55.5887061], [37.0861835, 55.5901771], [37.0948648, 55.5925064], [37.091995, 55.5961835], [37.0991405, 55.5961291], [37.0957269, 55.6001139], [37.1022096, 55.6024867], [37.1164617, 55.6056356], [37.1177472, 55.6044504], [37.1186071, 55.6017141], [37.1196966, 55.6007624], [37.1239601, 55.5989605], [37.127159, 55.5987868], [37.132427, 55.5991855], [37.1347813, 55.6013166], [37.1345233, 55.6021888], [37.1331439, 55.6033598], [37.1340274, 55.6040467], [37.1326594, 55.6055784], [37.1424864, 55.6091606], [37.1434963, 55.6086676], [37.1442405, 55.6091571], [37.1457541, 55.6082916], [37.145171, 55.6091424], [37.1461173, 55.6093796], [37.1471655, 55.6072195], [37.147166, 55.6057528], [37.1517971, 55.6042234], [37.1601568, 55.6042443], [37.1638954, 55.6055263], [37.1720429, 55.6052282], [37.1773901, 55.6072624], [37.1796117, 55.6097112], [37.18015, 55.6096255], [37.1814276, 55.6109121], [37.1822467, 55.6128981], [37.1845189, 55.6124445], [37.1867703, 55.6127264], [37.1854743, 55.6187847], [37.1886489, 55.6201733], [37.2068403, 55.622902], [37.2112733, 55.6201053], [37.2145561, 55.6227591], [37.2166718, 55.6219493], [37.2177146, 55.6224326], [37.2221999, 55.6204884], [37.2247907, 55.6215142], [37.2273077, 55.6196406], [37.2290128, 55.6202011], [37.2293493, 55.6213634], [37.2256346, 55.6232302], [37.2286086, 55.6237836], [37.2292053, 55.6245168], [37.2320197, 55.6254034], [37.2357827, 55.6248652], [37.2374386, 55.626491], [37.2376231, 55.6274725], [37.2350611, 55.6289021], [37.2401098, 55.6325269], [37.2438889, 55.6335642], [37.243271, 55.6340362], [37.2408375, 55.6338384], [37.2400519, 55.6341953], [37.2393897, 55.6353258], [37.2363575, 55.6359836], [37.2350901, 55.6373606], [37.2359693, 55.6377932], [37.2351353, 55.6387035], [37.2371924, 55.6401731], [37.2388452, 55.6420895], [37.2406147, 55.6418635], [37.241555, 55.6432245], [37.2408203, 55.6437305], [37.2488942, 55.6456366], [37.2556955, 55.6488541], [37.2616017, 55.6495367], [37.2621013, 55.6500668], [37.2656877, 55.6494889], [37.2661825, 55.6503723], [37.2714907, 55.6515065], [37.2714137, 55.650525], [37.2753777, 55.6501223], [37.2753863, 55.6496037], [37.2828129, 55.6495367], [37.2902143, 55.6484944], [37.2900957, 55.651944], [37.2895877, 55.6519478], [37.2885859, 55.6548888], [37.290921, 55.655349], [37.2921022, 55.6545607], [37.292651, 55.6547243], [37.2929212, 55.6540814], [37.2925284, 55.6536944], [37.2926244, 55.6520749], [37.2901594, 55.6519416], [37.2902696, 55.6484902], [37.3056825, 55.6463066], [37.3112033, 55.646572], [37.3121033, 55.6472609], [37.3127913, 55.6498345], [37.3115233, 55.6500832], [37.3115376, 55.6511939], [37.3229081, 55.6508895], [37.3240457, 55.6610045], [37.3208897, 55.6610341], [37.3191526, 55.6616033], [37.3195225, 55.664281], [37.3254413, 55.6644473], [37.3275623, 55.6632246], [37.3314387, 55.663877], [37.3371845, 55.6630316], [37.3375276, 55.6625356], [37.3368822, 55.6615442], [37.3320097, 55.6596748], [37.3410192, 55.657135], [37.3409501, 55.65773], [37.3418702, 55.6580635], [37.3415492, 55.6588625], [37.342325, 55.6595461], [37.34203, 55.6601291], [37.3438717, 55.6617317], [37.3437296, 55.6623024], [37.3476527, 55.6620314], [37.3484908, 55.6629065], [37.3480466, 55.6658288], [37.351702, 55.6648773], [37.3535824, 55.6637243], [37.3505088, 55.6624102], [37.3502376, 55.6611985], [37.3528876, 55.6603377], [37.3584524, 55.6625761], [37.358244, 55.6660449], [37.3646174, 55.6691244], [37.3690415, 55.6689191], [37.3699988, 55.6679968], [37.3697653, 55.6595194], [37.370952, 55.6590578], [37.3769914, 55.659102], [37.3780033, 55.6594828], [37.379712, 55.6640279], [37.3805794, 55.6645089], [37.3861581, 55.6645757], [37.3890614, 55.6619263], [37.3941332, 55.6609367], [37.404661, 55.6619362], [37.4154573, 55.6647647], [37.4130736, 55.6674098], [37.4073381, 55.6696825], [37.4067319, 55.6703729], [37.4059429, 55.6701039], [37.4040325, 55.6710433], [37.4048008, 55.6728286], [37.4057073, 55.673281], [37.4059717, 55.6744578], [37.4112905, 55.6774909], [37.410585, 55.6780483], [37.417481, 55.6807762], [37.4154479, 55.6820433], [37.4142093, 55.6820281], [37.4151749, 55.6825086], [37.4146952, 55.683798], [37.414734, 55.6859516], [37.4125257, 55.6902313], [37.4103742, 55.6926292], [37.4021617, 55.6988389], [37.3968641, 55.6965214], [37.3961249, 55.6982156], [37.3952772, 55.6989981], [37.3966154, 55.696523], [37.3943217, 55.6963587], [37.3936964, 55.6948131], [37.3901959, 55.6967759], [37.3841384, 55.6938261], [37.3836932, 55.6930726], [37.3810709, 55.6926361], [37.3748651, 55.6889363], [37.371502, 55.6900401], [37.372858, 55.6910665], [37.3679036, 55.6917278], [37.3660692, 55.6901032], [37.3643209, 55.6906915], [37.3633645, 55.6899639], [37.3626871, 55.6887764], [37.3643424, 55.6882166], [37.3639508, 55.6877694], [37.3596676, 55.6890355], [37.3610831, 55.6900911], [37.357973, 55.6917385], [37.3558015, 55.6874558], [37.3566586, 55.6877063], [37.3550715, 55.6855232], [37.3611, 55.6820978], [37.3580956, 55.6790776], [37.3574845, 55.6792432], [37.3542991, 55.6763211], [37.3489862, 55.678562], [37.3460859, 55.6762989], [37.3262279, 55.68276], [37.3292925, 55.6856526], [37.3298214, 55.6854426], [37.3268711, 55.6829631], [37.3309701, 55.6815531], [37.3325117, 55.6829408], [37.3341064, 55.6820478], [37.3348271, 55.6824529], [37.3336066, 55.6832286], [37.3339095, 55.6842], [37.3294276, 55.6857865], [37.3376329, 55.6935156], [37.3386913, 55.6925674], [37.3387, 55.6913651], [37.3378599, 55.6901498], [37.3387602, 55.6886541], [37.3385424, 55.6872882], [37.3394208, 55.6873443], [37.3397625, 55.6881671], [37.3438553, 55.6892225], [37.3439443, 55.6905941], [37.3423516, 55.6925536], [37.3423737, 55.6932191], [37.3445685, 55.6969048], [37.3449652, 55.6983969], [37.347376, 55.6976493], [37.3518141, 55.7001658], [37.3514621, 55.7022513], [37.3560893, 55.7047715], [37.3563797, 55.7046023], [37.353968, 55.7031365], [37.3541338, 55.7023401], [37.3531138, 55.7017954], [37.3533615, 55.7004503], [37.3556302, 55.7005218], [37.355769, 55.6994601], [37.3574355, 55.6995235], [37.3573203, 55.7005489], [37.3633195, 55.7007325], [37.3633127, 55.7018251], [37.364439, 55.7008773], [37.365595, 55.7009431], [37.3646683, 55.701862], [37.3656043, 55.7020509], [37.365914, 55.7029208], [37.3664989, 55.7030851], [37.3668194, 55.7021291], [37.3691059, 55.702475], [37.3679514, 55.7026652], [37.36774, 55.7032986], [37.3709402, 55.7036925], [37.3704149, 55.7041782], [37.368481, 55.7036899], [37.3661551, 55.7070035], [37.3690857, 55.7074115], [37.3693474, 55.7084951], [37.3675067, 55.7079718], [37.3651927, 55.7080444], [37.3644213, 55.7089047], [37.3718947, 55.7109556], [37.3754669, 55.7114978], [37.37606, 55.7107201], [37.3767396, 55.7106743], [37.3774809, 55.7093972], [37.3781937, 55.6968433], [37.3786586, 55.6971253], [37.3791575, 55.6967504], [37.3795116, 55.6969227], [37.3790342, 55.6973127], [37.382014, 55.6985367], [37.3854471, 55.6969691], [37.3878858, 55.6981045], [37.3898298, 55.6969492], [37.3921625, 55.6984232], [37.3886458, 55.7007934], [37.3904837, 55.7024365], [37.3882393, 55.7032332], [37.3885622, 55.7035562], [37.3879413, 55.7043201], [37.3924774, 55.7059193], [37.386661, 55.7111475], [37.3826351, 55.7126392], [37.3815623, 55.7126033], [37.381352, 55.7130943], [37.3843099, 55.7151659], [37.3811235, 55.7213834], [37.378454, 55.7233384], [37.3792148, 55.7241949], [37.3792684, 55.7250186], [37.3757427, 55.7318875], [37.3747956, 55.7318736], [37.3739824, 55.7325129], [37.3745176, 55.7343246], [37.3689477, 55.745982], [37.3683119, 55.75013], [37.368489, 55.7625565], [37.367872, 55.7630371], [37.367905, 55.7641355], [37.3656124, 55.7644124], [37.3686078, 55.7669409], [37.3686444, 55.76869], [37.3665267, 55.7700084], [37.3667564, 55.7709031], [37.3652599, 55.771728], [37.3677005, 55.7720618], [37.3688249, 55.7727246], [37.3690717, 55.7827259], [37.3705971, 55.7880425], [37.3594889, 55.7839671], [37.3605084, 55.7830987], [37.3522319, 55.7780272], [37.3524395, 55.7737624], [37.3506306, 55.7728787], [37.3484687, 55.7701745], [37.3470671, 55.7695512], [37.3445145, 55.7697565], [37.3444969, 55.7685981], [37.3383438, 55.7692766], [37.3403335, 55.7704036], [37.3382839, 55.7712914], [37.3323016, 55.7719341], [37.3319586, 55.7713753], [37.3322475, 55.767984], [37.3287193, 55.7672931], [37.3207023, 55.7668207], [37.3189369, 55.7695065], [37.3127565, 55.769081], [37.3074784, 55.7709348], [37.3050905, 55.7712323], [37.3014785, 55.7705161], [37.3001104, 55.7693673], [37.2988646, 55.7662456], [37.2975256, 55.7648721], [37.2940352, 55.7638454], [37.2868481, 55.7629662], [37.2814564, 55.7607315], [37.2804815, 55.7589337], [37.2810977, 55.7548243], [37.2810945, 55.7519794], [37.2804159, 55.7489113], [37.2805812, 55.7463936], [37.2796945, 55.7449226], [37.2771434, 55.7436618], [37.2734954, 55.7432551], [37.2620004, 55.7447042], [37.2516744, 55.7441971], [37.2489112, 55.7454288], [37.245435, 55.7501631], [37.242431, 55.75253], [37.23895, 55.7536719], [37.2354249, 55.7540732], [37.2247447, 55.7531539], [37.2213482, 55.7519353], [37.2117477, 55.7442985], [37.2005557, 55.7385877], [37.196041, 55.7338714], [37.1941722, 55.7331271], [37.1882083, 55.7322133], [37.1804774, 55.733524], [37.1735623, 55.7397483], [37.172072, 55.7430454], [37.1701837, 55.743915], [37.1657806, 55.7447606], [37.1582043, 55.7441499], [37.1531248, 55.7422648], [37.147081, 55.742919], [37.1440223, 55.7425652], [37.1403251, 55.7410888], [37.1362592, 55.7383777], [37.1259044, 55.7430432], [37.1228922, 55.740705], [37.119546, 55.7418786], [37.1166961, 55.7386467], [37.1162693, 55.7386499], [37.1159062, 55.73771], [37.112195, 55.7379435], [37.1153156, 55.742887], [37.1051615, 55.7451597], [37.1035453, 55.7426244], [37.0986207, 55.7435587], [37.0996978, 55.7454212], [37.0989852, 55.7455553], [37.099146, 55.74597], [37.096471, 55.7462736], [37.0969356, 55.7478609], [37.0920348, 55.748315], [37.0919686, 55.7493551], [37.0891874, 55.7494553], [37.0914779, 55.7496817], [37.0915147, 55.7511575], [37.089671, 55.7514757], [37.0893359, 55.7519612], [37.0919524, 55.7572273], [37.0942721, 55.756716], [37.0946487, 55.758305], [37.0956794, 55.7585559], [37.0945666, 55.7616683], [37.0570055, 55.7634527], [37.0391834, 55.7645533], [37.0380959, 55.7649518], [37.0337126, 55.7631358], [37.0282469, 55.7586439], [37.0238195, 55.7589884], [37.015292, 55.763415], [36.9946015, 55.7723012], [36.9859639, 55.7743698], [36.9835661, 55.7754152], [36.9833322, 55.7760619], [36.9744812, 55.7760395], [36.973649, 55.7748893], [36.970326, 55.7745464], [36.9698586, 55.7765591], [36.9681281, 55.7792526], [36.9620888, 55.7792874], [36.9625799, 55.7810242], [36.9595074, 55.7813326], [36.9561895, 55.7803611], [36.9536365, 55.780258], [36.9531663, 55.7829328], [36.9490648, 55.7831837], [36.953177, 55.7865359], [36.9361942, 55.7862951], [36.9355266, 55.7953846], [36.9297043, 55.7937441], [36.9240027, 55.7929455], [36.9222384, 55.7963002], [36.9202917, 55.7972839], [36.9221105, 55.7994908], [36.9289662, 55.7990129], [36.9328414, 55.7993217], [36.929993, 55.8001604], [36.9295807, 55.8024879], [36.928526, 55.8032935], [36.9291415, 55.8061032], [36.9308321, 55.8068884], [36.9246233, 55.811592], [36.9218095, 55.808287], [36.9142648, 55.8076234], [36.9115702, 55.8064676], [36.9006337, 55.8041951], [36.8936816, 55.8020579], [36.8904097, 55.802065], [36.8866855, 55.8010661], [36.8842818, 55.8011349], [36.8806867, 55.8017964], [36.8788463, 55.8035375], [36.8788097, 55.804337], [36.883081, 55.8064833], [36.8771228, 55.810383], [36.8784326, 55.81194], [36.8802224, 55.8183151], [36.8621234, 55.8205625], [36.8607351, 55.8213646], [36.8571795, 55.8217939], [36.8549191, 55.8175677], [36.8543116, 55.8154537], [36.8501165, 55.8125213], [36.8438736, 55.8148365], [36.8435905, 55.8163359], [36.8408596, 55.8176328], [36.8403827, 55.8201758], [36.8392049, 55.8216728], [36.8372176, 55.8226547], [36.8333425, 55.822682], [36.8223294, 55.8243591], [36.8107841, 55.8242531], [36.8101391, 55.8218267], [36.8074875, 55.8213788], [36.8046904, 55.8201797], [36.801595, 55.8202342], [36.8001797, 55.8208254], [36.7997488, 55.820341], [36.7970897, 55.822172], [36.7973491, 55.8240412], [36.7962582, 55.8246171], [36.7962276, 55.8250597], [36.79441, 55.8251917], [36.7925139, 55.824515], [36.7916382, 55.8251435], [36.7898074, 55.8237664], [36.7886626, 55.8240982], [36.7875144, 55.8235028], [36.7886288, 55.8224579], [36.7876461, 55.8212522], [36.7864235, 55.8209587], [36.7826777, 55.8176703], [36.7793746, 55.8169198], [36.7801181, 55.8179259], [36.7793017, 55.8188185], [36.7738081, 55.8225759], [36.7699324, 55.8219159], [36.7696996, 55.8227171], [36.7654232, 55.8238384], [36.7657018, 55.8243763], [36.7670943, 55.8248838], [36.7661327, 55.8255475], [36.7664379, 55.8275427], [36.765282, 55.8281796], [36.7653543, 55.8289999], [36.7611756, 55.8302839], [36.7603494, 55.8298043], [36.7578963, 55.8304722], [36.7551579, 55.8288235], [36.7189912, 55.8299229], [36.6715526, 55.8317672], [36.6715857, 55.8333984], [36.6691555, 55.8324055], [36.6660268, 55.8319728], [36.6614018, 55.8335177], [36.6595596, 55.8329194], [36.6587758, 55.8315369], [36.6611268, 55.8293016], [36.6670327, 55.8282628], [36.6709545, 55.8253124], [36.6679063, 55.8236005], [36.6643277, 55.8234076], [36.66217, 55.823456], [36.6611369, 55.824799], [36.6592858, 55.8232882], [36.6557755, 55.824619], [36.6533706, 55.8205689], [36.654643, 55.814265], [36.6396777, 55.8141127], [36.6399486, 55.813416], [36.6390499, 55.8115371], [36.6396236, 55.8106289], [36.6392247, 55.8097705], [36.6397463, 55.8094007], [36.6394626, 55.8090501], [36.6299489, 55.8050697], [36.6298001, 55.8035171], [36.6323346, 55.8027677], [36.6310025, 55.7983476], [36.6257534, 55.7960522], [36.6062403, 55.7959361], [36.5993504, 55.7919997], [36.5978998, 55.791582], [36.5957312, 55.7891274], [36.6017517, 55.7865775], [36.6009844, 55.7831534], [36.5995292, 55.7805811], [36.5967729, 55.7797851], [36.5912282, 55.7794725], [36.5839381, 55.7798495], [36.5807302, 55.7817079], [36.5586961, 55.7883313], [36.5522379, 55.787212], [36.5514268, 55.7848399], [36.5469264, 55.7812314], [36.5421484, 55.7800664], [36.5379259, 55.7804257], [36.5334184, 55.7801754], [36.5330632, 55.7756456], [36.5322062, 55.7748032], [36.5280427, 55.773859], [36.5276573, 55.7726955], [36.5377197, 55.7715197], [36.5386875, 55.7705924], [36.5381945, 55.7673664], [36.5411171, 55.7663298], [36.5525212, 55.760161], [36.5515137, 55.7570389], [36.5446944, 55.7567146], [36.5420086, 55.7550801], [36.5442286, 55.752376], [36.5430054, 55.7478074], [36.5415492, 55.746487], [36.5492508, 55.7448787], [36.5529909, 55.7419411], [36.5545632, 55.7396431], [36.5508972, 55.7400352], [36.5490047, 55.7378956], [36.5512531, 55.7294629], [36.547291, 55.7274357], [36.5472331, 55.7269152], [36.5432984, 55.7260805], [36.5418715, 55.7253236], [36.5409682, 55.7244133], [36.5414463, 55.7225734], [36.541191, 55.7195985], [36.5399181, 55.719659], [36.5391726, 55.7180775], [36.5381581, 55.7179372], [36.5349385, 55.7158558], [36.5300592, 55.7141356], [36.5295956, 55.7132216], [36.526464, 55.7111144], [36.5253601, 55.7093315], [36.5341189, 55.7073764], [36.5440024, 55.7072887], [36.5462408, 55.7077533], [36.5489792, 55.7074262], [36.554873, 55.7054279], [36.559856, 55.7013522], [36.5535303, 55.7013573], [36.5548054, 55.6983859], [36.5560629, 55.6972685], [36.5567077, 55.6953964], [36.5591671, 55.6938231], [36.5640357, 55.692164], [36.5689196, 55.6925615], [36.5665608, 55.6918337], [36.5654344, 55.6907202], [36.5615626, 55.6895022], [36.5619312, 55.6881277], [36.5686734, 55.6835832], [36.576481, 55.6807515], [36.5803946, 55.6785279], [36.5838323, 55.6774228], [36.5811318, 55.6741383], [36.5840145, 55.6705092], [36.5881439, 55.6688288], [36.5855441, 55.6678404], [36.569041, 55.6641929], [36.5632351, 55.6604084], [36.5640956, 55.6577667], [36.5697759, 55.6549043], [36.5742656, 55.648857], [36.5717133, 55.6483241], [36.5720946, 55.6479479], [36.571118, 55.6476455], [36.5715804, 55.6471216], [36.5692464, 55.6461911], [36.5696445, 55.6459594], [36.5693426, 55.6454531], [36.5683375, 55.6448282], [36.5685833, 55.6422524], [36.5695414, 55.6418415], [36.569215, 55.6413151], [36.571941, 55.6401966], [36.5698464, 55.6384974], [36.5691433, 55.6367885], [36.567581, 55.6349571], [36.5638567, 55.6328468], [36.5634573, 55.6311757], [36.564195, 55.630147], [36.5729978, 55.6238726], [36.5778445, 55.6225501], [36.5803721, 55.6205442], [36.5824943, 55.6197489], [36.5897478, 55.6191089], [36.5975308, 55.6170501], [36.5986814, 55.6163392], [36.5992026, 55.6150032], [36.5988622, 55.6145071], [36.5900015, 55.6096039], [36.5791809, 55.6053779], [36.5708924, 55.6039037], [36.5597332, 55.6027742], [36.5728695, 55.5937063], [36.5585652, 55.5942836], [36.5559479, 55.5967576], [36.5565462, 55.5977697], [36.552479, 55.598507], [36.5544847, 55.6019061], [36.5527698, 55.6020597], [36.5505854, 55.6029764], [36.5460696, 55.6010209], [36.547514, 55.602758], [36.5456174, 55.6033078], [36.5451407, 55.6028836], [36.5439624, 55.6031521], [36.5432301, 55.6025365], [36.5416943, 55.6031391], [36.5376745, 55.5989768], [36.5337977, 55.5910535], [36.529019, 55.5912595], [36.5242452, 55.5923789], [36.5210733, 55.5890862], [36.5172966, 55.5902446], [36.5126228, 55.5885356], [36.5148636, 55.5871226], [36.5118111, 55.5858172], [36.509766, 55.5843662], [36.5100068, 55.5840208], [36.5095564, 55.58365], [36.5006856, 55.5781364], [36.5048629, 55.5746564], [36.5024688, 55.5733343], [36.5009803, 55.5734057], [36.4975031, 55.5720496], [36.4942329, 55.5718557], [36.4930613, 55.5737487], [36.4905038, 55.5727599], [36.4896686, 55.5746235], [36.4830042, 55.574363], [36.4828869, 55.570914], [36.4697432, 55.5700114], [36.4696745, 55.5695833], [36.4531551, 55.5692247], [36.4247645, 55.5672589], [36.4237183, 55.5677353], [36.4100469, 55.5562625], [36.4055328, 55.5541648], [36.3992472, 55.5524768], [36.3935409, 55.5503232], [36.3925805, 55.5497561], [36.392333, 55.5486371], [36.3907789, 55.548227], [36.399003, 55.5389643], [36.3997069, 55.538709], [36.4007607, 55.5374183], [36.4009098, 55.5364272], [36.3973757, 55.5360733], [36.3962228, 55.5352116], [36.3940287, 55.535287], [36.3927671, 55.534677], [36.3923987, 55.5303184], [36.3894388, 55.5305727], [36.3892638, 55.5296206], [36.3837386, 55.5273769], [36.3830641, 55.5246778], [36.3839056, 55.5243236], [36.3829921, 55.5235805], [36.3838016, 55.5224319], [36.3847993, 55.5225148], [36.3877785, 55.5208673], [36.3864276, 55.5204836], [36.3869089, 55.5195611], [36.3942946, 55.5218197], [36.3962318, 55.5212704], [36.3971013, 55.5201974], [36.3991718, 55.5194701], [36.3990027, 55.5189304], [36.403244, 55.5180935], [36.4055435, 55.5197757], [36.4242172, 55.5175453], [36.424738, 55.5158813], [36.4273205, 55.5160819], [36.4268876, 55.5139689], [36.4284411, 55.5135505], [36.4285403, 55.5127744], [36.4239151, 55.5114966], [36.4263047, 55.5094685], [36.4287818, 55.5056978], [36.4383366, 55.5074777], [36.4389632, 55.5060302], [36.438875, 55.5036866], [36.4421944, 55.4969415], [36.4438998, 55.4971471], [36.4470789, 55.4989419], [36.4496301, 55.4970833], [36.4527759, 55.4979496], [36.454344, 55.4968263], [36.4542724, 55.4958275], [36.4560665, 55.4940099]], [[36.9077905, 55.7473194], [36.9080791, 55.7487516], [36.9159827, 55.7466723], [36.9210193, 55.7465802], [36.9285044, 55.7511747], [36.9329204, 55.7526366], [36.9332186, 55.7544071], [36.968056, 55.7600373], [36.9718082, 55.757945], [36.9706585, 55.7557498], [36.9593587, 55.755276], [36.95816, 55.7574756], [36.957574, 55.757317], [36.9571074, 55.7582455], [36.9576736, 55.7556788], [36.9563714, 55.7539658], [36.9581946, 55.7512045], [36.9606094, 55.7506549], [36.9590075, 55.7498752], [36.9612733, 55.7494691], [36.9644145, 55.7476768], [36.9669592, 55.7474575], [36.9682773, 55.7487923], [36.9681319, 55.7495498], [36.9703896, 55.7495426], [36.9720134, 55.7539217], [36.9722925, 55.7533992], [36.9718338, 55.7521907], [36.9781789, 55.7511847], [36.9776597, 55.7515842], [36.9801621, 55.7542061], [36.9807915, 55.7559098], [36.974935, 55.7572142], [36.9757432, 55.7583754], [36.9787545, 55.7604866], [36.9836419, 55.758684], [36.9840749, 55.7581047], [36.9827135, 55.7576446], [36.9869564, 55.7546642], [36.986711, 55.7528776], [36.9873075, 55.7517866], [36.9845415, 55.7502597], [36.9888469, 55.7486136], [36.989554, 55.7487137], [36.9899966, 55.7493987], [36.9911174, 55.7484322], [36.9850081, 55.7454836], [36.9861771, 55.7445116], [36.9882726, 55.7449323], [36.9920502, 55.7447089], [36.993349, 55.7469535], [36.9951626, 55.74769], [36.9926467, 55.7490654], [36.9917856, 55.7486864], [36.9915739, 55.7488271], [36.9926082, 55.7491656], [36.9950134, 55.7483046], [36.9959948, 55.7473461], [37.0045814, 55.7485672], [37.0060342, 55.749596], [37.0081556, 55.7477279], [37.0030084, 55.745421], [37.0015124, 55.7453994], [37.0009544, 55.7449905], [37.0007667, 55.7443813], [37.0012334, 55.7441836], [37.0006561, 55.7436745], [36.9993958, 55.7436096], [37.0001077, 55.7429705], [36.999492, 55.7431492], [36.9992755, 55.7422746], [37.0016663, 55.7416437], [37.0066403, 55.745394], [37.0101808, 55.7463877], [37.0124514, 55.7466503], [37.0163334, 55.7462604], [37.0202347, 55.7450013], [37.0204704, 55.7454183], [37.0238426, 55.7429299], [37.0242715, 55.7408832], [37.0229166, 55.7365324], [37.0219665, 55.7349139], [37.0291177, 55.7339643], [37.0248364, 55.7337855], [37.0233049, 55.7331091], [37.0240186, 55.7322579], [37.0272512, 55.7335201], [37.0297623, 55.7322119], [37.0332835, 55.7318949], [37.0359293, 55.7321848], [37.038907, 55.7316322], [37.0414517, 55.7303537], [37.043381, 55.7285276], [37.0467747, 55.7268231], [37.0477575, 55.723524], [37.0473855, 55.7218452], [37.0447642, 55.7208031], [37.0426585, 55.7210281], [37.0427511, 55.7202131], [37.04219, 55.7194428], [37.0409758, 55.7192852], [37.0525396, 55.7183531], [37.0542571, 55.720357], [37.0488262, 55.7213876], [37.048983, 55.7219833], [37.0520351, 55.7223199], [37.0548139, 55.7236971], [37.0645853, 55.7231905], [37.0653773, 55.7223701], [37.0682754, 55.7231292], [37.0691643, 55.7234714], [37.069299, 55.7259854], [37.070237, 55.7290194], [37.0737775, 55.7301381], [37.0809928, 55.7280767], [37.0851969, 55.7280204], [37.0884741, 55.72737], [37.0888284, 55.7279198], [37.0950375, 55.7282274], [37.0969849, 55.7261353], [37.1017724, 55.7256202], [37.104137, 55.7264495], [37.1081949, 55.7263805], [37.1125706, 55.7271232], [37.1159645, 55.7287447], [37.1203158, 55.7317722], [37.1206477, 55.7327893], [37.1194743, 55.734789], [37.1158835, 55.7361734], [37.1110085, 55.7322845], [37.1102543, 55.7332288], [37.1076652, 55.7347674], [37.1050672, 55.7339193], [37.1028701, 55.7342177], [37.1051824, 55.7326387], [37.1032833, 55.7326267], [37.0999867, 55.7317497], [37.0962655, 55.73171], [37.0961019, 55.7309438], [37.0968781, 55.7309173], [37.096697, 55.7306011], [37.0958803, 55.7306109], [37.0943494, 55.7287203], [37.0913412, 55.7302886], [37.0877789, 55.730724], [37.082354, 55.7325818], [37.0794847, 55.7354089], [37.080015, 55.7351446], [37.0803827, 55.7353694], [37.0796637, 55.7357381], [37.081503, 55.7361524], [37.084327, 55.7390383], [37.0858717, 55.741638], [37.0897839, 55.7413193], [37.0924909, 55.7436487], [37.0969672, 55.7437903], [37.1073875, 55.7415743], [37.1120681, 55.738999], [37.1116255, 55.7380078], [37.1129099, 55.7377207], [37.1164023, 55.7375041], [37.1169218, 55.736586], [37.1220161, 55.7348608], [37.121588, 55.7338884], [37.1277753, 55.7280823], [37.1192901, 55.7238615], [37.1230623, 55.7212047], [37.1194844, 55.7200132], [37.1188975, 55.7208232], [37.1167376, 55.7199401], [37.1120866, 55.7170626], [37.1130095, 55.7161027], [37.1076668, 55.7156382], [37.1076764, 55.7160637], [37.1058073, 55.7157871], [37.1041179, 55.7163682], [37.0964024, 55.7162999], [37.0963994, 55.7155826], [37.0788462, 55.7154165], [37.0679025, 55.7228781], [37.0616544, 55.7203735], [37.0601391, 55.7188833], [37.0591818, 55.7134016], [37.0583929, 55.712052], [37.0545397, 55.7097566], [37.0464822, 55.7090709], [37.0399688, 55.7088433], [37.0379436, 55.7091739], [37.035394, 55.7110656], [37.0338403, 55.7139869], [37.0275145, 55.7123285], [37.0246619, 55.7097268], [37.0266438, 55.7095588], [37.0270286, 55.7099707], [37.0262926, 55.7103176], [37.026716, 55.7108271], [37.0275626, 55.7104911], [37.0284574, 55.7110331], [37.0283176, 55.7115572], [37.0291475, 55.7118178], [37.0352703, 55.7075022], [37.0350798, 55.7071189], [37.0337804, 55.7071993], [37.0344352, 55.7066217], [37.0201063, 55.7067931], [37.0200859, 55.7064787], [37.0174123, 55.7065554], [37.0172354, 55.7053671], [37.0041736, 55.7054131], [37.003711, 55.7060341], [37.0023572, 55.7062488], [37.0029219, 55.7070039], [37.0001598, 55.707391], [36.9920438, 55.7120899], [36.997908, 55.712477], [36.9979693, 55.7113234], [36.9975067, 55.711059], [37.0002415, 55.7078854], [37.0020443, 55.7080848], [37.0019422, 55.7095834], [37.0029355, 55.7098747], [37.0033641, 55.7107485], [37.0013258, 55.7111267], [37.0020783, 55.7119366], [37.000017, 55.711561], [36.9989761, 55.713186], [37.0029763, 55.7141632], [37.0033505, 55.713803], [37.005058, 55.715447], [37.0066907, 55.7158303], [37.0078132, 55.7147496], [37.0110243, 55.7152286], [37.0119359, 55.7146499], [37.0132216, 55.7121589], [37.0130244, 55.7103538], [37.0110855, 55.7104036], [37.0094324, 55.7074907], [37.013521, 55.7072952], [37.013521, 55.7067854], [37.0152353, 55.7066014], [37.0158612, 55.7066014], [37.0159304, 55.7070567], [37.0206459, 55.7069193], [37.0207248, 55.7084159], [37.0242523, 55.7095857], [37.0197019, 55.7107038], [37.0148396, 55.7107633], [37.0173715, 55.7156616], [37.0147591, 55.7162173], [37.0116706, 55.7158647], [37.0127999, 55.7185663], [37.01214, 55.7204247], [37.0096637, 55.7197005], [37.0083235, 55.7198193], [37.0093235, 55.7229842], [37.0070581, 55.7232026], [37.0065411, 55.7236815], [37.0067179, 55.7247933], [37.0060733, 55.7253243], [36.9998871, 55.7229565], [36.9989827, 55.7210491], [36.9967025, 55.7192609], [36.9912379, 55.7189466], [36.9852055, 55.7213417], [36.9846475, 55.7209462], [36.9815688, 55.7225447], [36.977403, 55.7235146], [36.9773645, 55.7241973], [36.9762966, 55.7241539], [36.9751613, 55.7250859], [36.9722269, 55.7257848], [36.9679937, 55.7278057], [36.9625675, 55.7277732], [36.9622211, 55.7279574], [36.9633949, 55.7295068], [36.9620864, 55.7299294], [36.9632698, 55.7337161], [36.9652517, 55.7354494], [36.9706298, 55.7363649], [36.9738432, 55.7362565], [36.9797216, 55.7347561], [36.9807126, 55.7331798], [36.9803566, 55.7327464], [36.9806645, 55.7321126], [36.9839163, 55.7295502], [36.9849746, 55.7273343], [36.9856481, 55.7273289], [36.9935544, 55.7315609], [36.9908558, 55.7334623], [36.9954305, 55.7359188], [36.9942712, 55.7365282], [36.9960126, 55.7369615], [36.9965947, 55.7366338], [36.9993559, 55.7383563], [37.0023432, 55.7351307], [37.0031706, 55.7351713], [37.005114, 55.738015], [37.0056864, 55.7396562], [37.0025452, 55.7398403], [36.9953439, 55.73834], [36.9935304, 55.7374355], [36.9918082, 55.7359216], [36.9923999, 55.7356209], [36.9908798, 55.7346242], [36.9901005, 55.7350657], [36.9895569, 55.734738], [36.9856075, 55.737032], [36.9839527, 55.7385296], [36.9925202, 55.7398484], [36.9940932, 55.7405823], [36.9927944, 55.7414164], [36.9901775, 55.7418442], [36.9891432, 55.7414516], [36.9905671, 55.7399161], [36.9900524, 55.739648], [36.9832381, 55.7387938], [36.9828107, 55.7392104], [36.9813821, 55.7386657], [36.9775837, 55.7421556], [36.9743208, 55.7411057], [36.9754663, 55.7400903], [36.9748891, 55.7396001], [36.9763911, 55.7384217], [36.9719209, 55.7380879], [36.9638402, 55.7361599], [36.9638787, 55.7350955], [36.9619978, 55.7327527], [36.9476722, 55.7317613], [36.9468661, 55.7358523], [36.9460306, 55.7367582], [36.9352279, 55.7371427], [36.9360069, 55.7395585], [36.9396924, 55.7388605], [36.9408813, 55.7390788], [36.941123, 55.7423217], [36.9426226, 55.7420828], [36.9438571, 55.7432325], [36.9432126, 55.743399], [36.9453832, 55.7455499], [36.9448014, 55.7469737], [36.9458608, 55.747483], [36.944602, 55.7482261], [36.9484381, 55.7500398], [36.9479688, 55.7503205], [36.9486079, 55.7511871], [36.948236, 55.7517362], [36.94566, 55.7512278], [36.9438108, 55.7536499], [36.9436315, 55.7546611], [36.9410639, 55.7543163], [36.9408181, 55.7539135], [36.937655, 55.7539187], [36.9340787, 55.7435035], [36.9240219, 55.7368892], [36.9162043, 55.7369542], [36.9107647, 55.7362825], [36.9101958, 55.7368593], [36.9105616, 55.7385928], [36.9094437, 55.7390942], [36.9080318, 55.7412453], [36.9047674, 55.7413271], [36.904718, 55.7408697], [36.9063896, 55.7395704], [36.9067721, 55.7386015], [36.9104673, 55.7385651], [36.9101237, 55.736857], [36.9107236, 55.7362346], [36.9162379, 55.7369018], [36.9237123, 55.7368148], [36.9208708, 55.732897], [36.9177111, 55.7334413], [36.917579, 55.7330759], [36.9193905, 55.7312466], [36.9189142, 55.7310489], [36.9177549, 55.7320781], [36.9141952, 55.7328392], [36.9093029, 55.7320917], [36.904074, 55.7321513], [36.8960645, 55.7332726], [36.8895754, 55.7330266], [36.8880788, 55.7344361], [36.8885414, 55.7348575], [36.8893441, 55.7340301], [36.8900381, 55.7343595], [36.8904871, 55.7336011], [36.8936164, 55.7338769], [36.8983105, 55.7332947], [36.8997282, 55.7337604], [36.8999302, 55.7351417], [36.9005548, 55.7351641], [36.8992183, 55.7410401], [36.8968708, 55.7421693], [36.8971979, 55.7424455], [36.8985833, 55.7418064], [36.8997474, 55.7453672], [36.9028742, 55.7449123], [36.9047551, 55.7453943], [36.9060491, 55.7469566], [36.9077905, 55.7473194]], [[37.1670809, 55.6778289], [37.1648239, 55.6798307], [37.1680278, 55.680146], [37.1690318, 55.69041], [37.1721547, 55.6902962], [37.172397, 55.6923347], [37.1771592, 55.6921715], [37.1772055, 55.6926176], [37.2017884, 55.6918797], [37.206257, 55.6893791], [37.2071039, 55.688498], [37.2069144, 55.6881708], [37.2085562, 55.6879316], [37.209503, 55.6856268], [37.2113591, 55.6854896], [37.2113369, 55.6849835], [37.2104136, 55.6849892], [37.2097205, 55.6794143], [37.2036248, 55.6796719], [37.2020903, 55.680276], [37.1930456, 55.6776505], [37.1874369, 55.6778817], [37.1750454, 55.6722157], [37.1736751, 55.6697923], [37.1782646, 55.6705939], [37.1776708, 55.6697382], [37.1780156, 55.6691341], [37.1760348, 55.6687443], [37.1739845, 55.6688185], [37.1670809, 55.6778289]]]}}, {"type": "Feature", "properties": {"rda_code": "MO-56", "rda_name": "CITY DISTRICT of KRASNOZNAMENSK", "osm_name": "городской округ Краснознаменск", "match_score": 1.0, "match_reason": "exact"}, "geometry": {"type": "Polygon", "coordinates": [[[37.0039222, 55.5911428], [37.0017874, 55.584212], [37.030201, 55.5833119], [37.0352827, 55.5840009], [37.0362357, 55.5827275], [37.0365262, 55.5811245], [37.0448457, 55.5810443], [37.0442218, 55.5805706], [37.0454227, 55.579171], [37.0434045, 55.5786914], [37.0430936, 55.5750812], [37.0388274, 55.5739589], [37.0816181, 55.5734024], [37.0832275, 55.5740466], [37.0829156, 55.575705], [37.0749157, 55.5757252], [37.0749161, 55.5772896], [37.083045, 55.5775656], [37.0831788, 55.5805445], [37.0786424, 55.580562], [37.078579, 55.5826738], [37.0750155, 55.5821035], [37.0750681, 55.5842425], [37.0794003, 55.5851951], [37.0792612, 55.5866914], [37.0802257, 55.5870496], [37.0812673, 55.5888831], [37.0831395, 55.5887776], [37.0812354, 55.5922083], [37.0791712, 55.5940808], [37.0783377, 55.5960918], [37.0782912, 55.600558], [37.0789806, 55.6052931], [37.0778086, 55.6058831], [37.0737451, 55.6054934], [37.0722792, 55.6072873], [37.0746285, 55.6083382], [37.0712728, 55.6110732], [37.0617688, 55.6096076], [37.0162956, 55.6044216], [37.0155748, 55.6030687], [37.0166094, 55.603153], [37.0167938, 55.602488], [37.0253663, 55.6035251], [37.0275832, 55.5997963], [37.0264385, 55.59953], [37.0264137, 55.5987583], [37.0305282, 55.5988953], [37.031255, 55.5971559], [37.0328204, 55.5971518], [37.0305796, 55.5934367], [37.0310212, 55.593013], [37.030901, 55.5920527], [37.0294957, 55.5911837], [37.0236373, 55.5924952], [37.023857, 55.5928454], [37.025126, 55.5927304], [37.0238855, 55.5940631], [37.0213318, 55.5936584], [37.0212297, 55.5940665], [37.0172353, 55.5959034], [37.0111342, 55.5949577], [37.0101737, 55.5943138], [37.0104974, 55.593955], [37.0046496, 55.5920803], [37.0047312, 55.591431], [37.0039222, 55.5911428]]]}}, {"type": "Feature", "properties": {"rda_code": "MO-21", "rda_name": "CITY DISTRICT of KOLOMNA /incl. OZERY /", "osm_name": "городской округ Коломна", "match_score": 0.92, "match_reason": "contains"}, "geometry": {"type": "Polygon", "coordinates": [[[38.3089144, 54.8610637], [38.315578, 54.860024], [38.3381613, 54.8610249], [38.3497776, 54.8623789], [38.359861, 54.8650431], [38.3762714, 54.8679831], [38.3892778, 54.8681857], [38.3989271, 54.8672168], [38.4106553, 54.8673651], [38.4215975, 54.8659861], [38.4350024, 54.8633364], [38.4447264, 54.8597748], [38.4393942, 54.8522059], [38.4315338, 54.8532657], [38.4305922, 54.8518202], [38.4287425, 54.8508518], [38.4281316, 54.8487908], [38.4260807, 54.848254], [38.425529, 54.8478004], [38.4256332, 54.847291], [38.4250579, 54.8473722], [38.4237133, 54.8460444], [38.4223386, 54.843499], [38.4256795, 54.8432383], [38.4266809, 54.8416688], [38.4271467, 54.8391646], [38.4287591, 54.8369219], [38.4377852, 54.8344222], [38.4387105, 54.8332664], [38.4389124, 54.8279901], [38.4413182, 54.8247964], [38.4428454, 54.8247712], [38.441391, 54.8196788], [38.4371846, 54.8160592], [38.4399571, 54.815115], [38.440261, 54.8136972], [38.4429672, 54.8117877], [38.4459719, 54.8125063], [38.4462692, 54.8131022], [38.4438547, 54.8139175], [38.4445983, 54.8145484], [38.444167, 54.8174542], [38.4457876, 54.817413], [38.44715, 54.8153708], [38.4510204, 54.8124462], [38.4508112, 54.8120511], [38.4478349, 54.8123695], [38.4474775, 54.8100149], [38.4496275, 54.8083902], [38.4510547, 54.80926], [38.4514076, 54.8084381], [38.4503772, 54.8079473], [38.4508184, 54.8071826], [38.4526921, 54.8070554], [38.4560379, 54.8039108], [38.455195, 54.8035029], [38.4561926, 54.8017983], [38.4590635, 54.8020182], [38.4593833, 54.8007979], [38.4611078, 54.8012089], [38.4636479, 54.8004538], [38.4600406, 54.7985132], [38.4572239, 54.7977423], [38.4559675, 54.7982999], [38.4534882, 54.7982838], [38.4517637, 54.7972971], [38.4523685, 54.794272], [38.443488, 54.7936081], [38.4438374, 54.7919285], [38.443529, 54.7907997], [38.4426864, 54.7900547], [38.4475162, 54.7876139], [38.4662318, 54.7854134], [38.4717696, 54.7834593], [38.4961362, 54.7866962], [38.5034178, 54.7763296], [38.5033896, 54.7747121], [38.500686, 54.771468], [38.5007866, 54.7696479], [38.497025, 54.7688475], [38.4978733, 54.7679928], [38.4998919, 54.7673373], [38.4959201, 54.7672464], [38.4950441, 54.7674012], [38.4949082, 54.7678493], [38.4937329, 54.7673538], [38.4914118, 54.767623], [38.4873973, 54.7650655], [38.4871301, 54.7630704], [38.4860299, 54.7610251], [38.4818412, 54.757236], [38.4791113, 54.7558862], [38.4786353, 54.7562563], [38.4732228, 54.7546384], [38.4744907, 54.7505767], [38.4791863, 54.749735], [38.483153, 54.7479393], [38.4908423, 54.7471701], [38.4925802, 54.7465814], [38.4934335, 54.7448875], [38.4941991, 54.7450325], [38.4948503, 54.7459732], [38.4963933, 54.7453952], [38.4967841, 54.7467029], [38.4985939, 54.7476683], [38.5020972, 54.7474565], [38.5062839, 54.749799], [38.5078895, 54.7485096], [38.5159928, 54.7458579], [38.5229313, 54.7468501], [38.5329999, 54.7473135], [38.5369393, 54.7497664], [38.5379092, 54.7512516], [38.5396763, 54.7526354], [38.5390741, 54.7529305], [38.5393058, 54.7534884], [38.5378022, 54.7541114], [38.5375511, 54.7548938], [38.5368175, 54.7550963], [38.5362406, 54.7547134], [38.5351875, 54.7560471], [38.5366684, 54.7575006], [38.5361968, 54.7579236], [38.5375388, 54.7579111], [38.5384961, 54.7594259], [38.5405188, 54.759906], [38.5438462, 54.7617047], [38.5449289, 54.7627841], [38.5495178, 54.7630274], [38.5501371, 54.7623981], [38.5506387, 54.7624995], [38.5556537, 54.7647017], [38.5582264, 54.7666438], [38.5634359, 54.7659452], [38.5644871, 54.7652676], [38.5661209, 54.7656103], [38.5743821, 54.7649277], [38.5783916, 54.7694063], [38.578349, 54.7708632], [38.5819823, 54.7736927], [38.582905, 54.7768376], [38.6005119, 54.7758712], [38.6007393, 54.7773831], [38.6035016, 54.7792776], [38.6042268, 54.7811895], [38.6076553, 54.7819776], [38.6099569, 54.7819525], [38.6147202, 54.7850055], [38.6144374, 54.785947], [38.6246465, 54.791311], [38.6262489, 54.7936117], [38.629259, 54.7938336], [38.6310178, 54.7954485], [38.6423845, 54.7962029], [38.6392031, 54.8050244], [38.6405075, 54.8046874], [38.6446677, 54.805199], [38.6514079, 54.8072164], [38.6540897, 54.8084923], [38.6572439, 54.8086397], [38.6582761, 54.8077168], [38.6624686, 54.8088094], [38.6670519, 54.808762], [38.6729818, 54.8077404], [38.6773581, 54.8046694], [38.6802617, 54.8052984], [38.6848364, 54.7974336], [38.6872075, 54.7987312], [38.6920768, 54.7991673], [38.6938705, 54.7988133], [38.6972375, 54.7993775], [38.7004426, 54.7989475], [38.713218, 54.8009838], [38.7128843, 54.80056], [38.714369, 54.7985547], [38.7144816, 54.7962134], [38.7225774, 54.7962806], [38.7230509, 54.8007209], [38.7194063, 54.8093466], [38.7191416, 54.8123425], [38.7196249, 54.8149968], [38.71813, 54.8185862], [38.7240209, 54.8191421], [38.7280879, 54.818325], [38.7309902, 54.8204542], [38.7394788, 54.8228508], [38.7473041, 54.8232507], [38.7509488, 54.8228321], [38.7506398, 54.8238604], [38.7490242, 54.8244842], [38.7484414, 54.8256051], [38.7487227, 54.8263316], [38.7515746, 54.8264133], [38.7519078, 54.8256444], [38.7532298, 54.8255685], [38.7529306, 54.821924], [38.7540931, 54.8211888], [38.7604853, 54.8192877], [38.7659315, 54.8183813], [38.7690703, 54.8166168], [38.7707365, 54.8179127], [38.7693663, 54.822138], [38.7629037, 54.8312874], [38.7607643, 54.8308907], [38.7597659, 54.8333038], [38.7613437, 54.8351702], [38.7584553, 54.8372847], [38.744711, 54.8330195], [38.7430303, 54.8329868], [38.7460738, 54.8391311], [38.7650657, 54.8433582], [38.7532221, 54.8579493], [38.7545337, 54.8620903], [38.7555966, 54.8625117], [38.7569757, 54.8623571], [38.7591517, 54.8610619], [38.7616765, 54.8581531], [38.7636508, 54.8574919], [38.7668542, 54.8599035], [38.7636792, 54.8642866], [38.7866231, 54.860132], [38.7903121, 54.8627227], [38.7973515, 54.8610834], [38.8031427, 54.8684819], [38.8028689, 54.8696083], [38.7987323, 54.8691394], [38.7962534, 54.8702757], [38.7937095, 54.8725776], [38.7925775, 54.8730258], [38.7932708, 54.8737297], [38.7925648, 54.8751726], [38.7929442, 54.8761801], [38.791746, 54.8769487], [38.7920106, 54.8773651], [38.7958242, 54.8773831], [38.7956838, 54.8784383], [38.7962276, 54.8793727], [38.8034537, 54.8867498], [38.8032363, 54.8884992], [38.8008118, 54.8893687], [38.7974217, 54.8892791], [38.7884417, 54.8874495], [38.7741843, 54.8896196], [38.7654795, 54.8922899], [38.7592178, 54.8947695], [38.7578718, 54.8959657], [38.7577878, 54.8969934], [38.7560671, 54.8995268], [38.7558617, 54.900335], [38.7570124, 54.9014894], [38.7637623, 54.9047661], [38.7657822, 54.9037578], [38.7704613, 54.899507], [38.7733823, 54.8986824], [38.7802128, 54.9000507], [38.7828294, 54.8999257], [38.7950627, 54.9016331], [38.8037492, 54.9042537], [38.8029592, 54.9069247], [38.8012057, 54.90782], [38.8001786, 54.9093608], [38.7967976, 54.9106196], [38.7956959, 54.911552], [38.7857014, 54.9118958], [38.7823045, 54.9124332], [38.7758056, 54.9149868], [38.7736391, 54.9170782], [38.7735659, 54.9191445], [38.7742074, 54.9199084], [38.7752209, 54.9207747], [38.7789602, 54.9223768], [38.7827066, 54.9228983], [38.7879881, 54.92266], [38.7882644, 54.923144], [38.7960951, 54.9237709], [38.7955552, 54.9248543], [38.7914804, 54.9255884], [38.7890697, 54.925021], [38.7872155, 54.925128], [38.7841724, 54.926361], [38.7809987, 54.9283963], [38.7717185, 54.9265635], [38.7712622, 54.9248955], [38.7698623, 54.9245519], [38.7680226, 54.9243877], [38.7684505, 54.9249635], [38.7674697, 54.9254062], [38.7619871, 54.9252581], [38.7639149, 54.9285717], [38.765515, 54.9298088], [38.7669041, 54.9348442], [38.7744996, 54.9345714], [38.7727407, 54.9364546], [38.7713938, 54.9366968], [38.7713485, 54.9434127], [38.7721893, 54.94343], [38.7732924, 54.9464488], [38.7727166, 54.9473263], [38.7743652, 54.9491573], [38.7831769, 54.9484187], [38.783785, 54.9491576], [38.7834871, 54.9510514], [38.7843938, 54.953761], [38.7838769, 54.9583907], [38.7798701, 54.9637871], [38.778831, 54.9643311], [38.7754975, 54.9644914], [38.7748167, 54.9637745], [38.7715716, 54.9647942], [38.7709779, 54.9716462], [38.7696391, 54.9751663], [38.7618608, 54.9861406], [38.758108, 54.9946166], [38.7562368, 55.0031965], [38.7566436, 55.0076323], [38.7587842, 55.0109278], [38.7619123, 55.0140047], [38.7623943, 55.0156132], [38.7613577, 55.0188889], [38.7641237, 55.0197381], [38.7873283, 55.0184171], [38.785892, 55.0069392], [38.7941078, 54.9999964], [38.7979537, 54.9983313], [38.8003449, 54.9942435], [38.8090187, 54.9976563], [38.8155105, 54.9938277], [38.8338015, 54.9795332], [38.8347535, 54.9794662], [38.8352682, 54.978484], [38.8684358, 54.9758965], [38.8763662, 54.9758542], [38.88996, 54.9742473], [38.9188885, 54.9733289], [38.9301616, 54.9721005], [38.9289233, 54.9735783], [38.9346586, 54.9749403], [38.9380215, 54.9707853], [38.9389563, 54.9702812], [38.9424942, 54.9712419], [38.9428672, 54.9699386], [38.9497558, 54.9714003], [38.9506219, 54.9700443], [38.9556456, 54.9728723], [38.9625982, 54.9741977], [38.9565203, 54.9787816], [38.9617988, 54.9851015], [38.9650843, 54.9879054], [38.9697207, 54.9905246], [38.971124, 54.9956692], [38.8869661, 55.0432957], [38.8911965, 55.043581], [38.8922729, 55.0443667], [38.8977176, 55.0460468], [38.9006134, 55.04774], [38.9017409, 55.0493217], [38.8949368, 55.0562323], [38.8941384, 55.0585142], [38.893728, 55.0621676], [38.9024759, 55.0661115], [38.9046539, 55.0656746], [38.9180413, 55.0581], [38.9174038, 55.0567319], [38.9333448, 55.0521254], [38.9317948, 55.0496487], [38.9325048, 55.0481167], [38.9648636, 55.0365124], [38.9813529, 55.0354325], [38.9973457, 55.0389601], [39.0214672, 55.031566], [39.0555152, 55.0223529], [39.0635926, 55.0310132], [39.0774669, 55.0527855], [39.0640604, 55.0576655], [39.0602809, 55.0603076], [39.0594181, 55.0625841], [39.0595052, 55.0653702], [39.0601438, 55.0671662], [39.0618626, 55.0686729], [39.0697249, 55.0728015], [39.0826141, 55.0771754], [39.0862327, 55.0795111], [39.0874026, 55.0820483], [39.0876955, 55.0858342], [39.0873121, 55.0885684], [39.0830371, 55.0928638], [39.0942395, 55.0997545], [39.1039317, 55.0968062], [39.1190508, 55.112186], [39.1288632, 55.1119407], [39.1297623, 55.1132225], [39.1322412, 55.1126864], [39.1374686, 55.1141783], [39.1382257, 55.1148434], [39.1625366, 55.1093929], [39.1638059, 55.1084855], [39.1799107, 55.1076167], [39.1787864, 55.1028575], [39.182235, 55.103846], [39.1913222, 55.1102447], [39.1916279, 55.1070569], [39.1958507, 55.1035452], [39.2320684, 55.096695], [39.2447647, 55.1112464], [39.2501018, 55.1096697], [39.253087, 55.1101692], [39.254689, 55.1116275], [39.2626305, 55.1107113], [39.2637537, 55.1117456], [39.2653492, 55.1112789], [39.2682336, 55.1115749], [39.2699801, 55.113092], [39.2807317, 55.1176014], [39.2861615, 55.1184985], [39.2894478, 55.1197264], [39.2905328, 55.1219089], [39.2938964, 55.1230244], [39.3257232, 55.1374778], [39.3244982, 55.1380853], [39.2890403, 55.143973], [39.2801754, 55.1447037], [39.2738876, 55.1446582], [39.2720533, 55.1459404], [39.2706949, 55.1460084], [39.2698931, 55.1453948], [39.270265, 55.1447159], [39.2717988, 55.1439766], [39.2713554, 55.1418246], [39.2729768, 55.1422143], [39.2735372, 55.1416606], [39.2725369, 55.1405693], [39.2739408, 55.1394991], [39.2734049, 55.1389474], [39.2719556, 55.1386827], [39.269257, 55.1386823], [39.2699958, 55.1378545], [39.2690092, 55.137115], [39.2693002, 55.1367201], [39.2689363, 55.1363947], [39.2650576, 55.1358781], [39.2624724, 55.1365027], [39.2609878, 55.135268], [39.2605769, 55.1355003], [39.2610896, 55.1380538], [39.2603598, 55.1384652], [39.258914, 55.138134], [39.2584358, 55.1373297], [39.2580304, 55.1375893], [39.2582328, 55.1383127], [39.2547719, 55.1390999], [39.2493567, 55.1377225], [39.2457538, 55.1417573], [39.2441206, 55.1445427], [39.2396881, 55.1438001], [39.2363796, 55.1414992], [39.2230004, 55.1488442], [39.2226368, 55.152962], [39.2206537, 55.1542103], [39.2157118, 55.1449573], [39.21241, 55.1421632], [39.2088783, 55.1400669], [39.2061787, 55.1370258], [39.2045381, 55.1365537], [39.1942487, 55.1373926], [39.1874587, 55.1438317], [39.1825412, 55.1433587], [39.1646489, 55.1487599], [39.1591694, 55.1467246], [39.1534252, 55.149586], [39.1578656, 55.1508575], [39.1564308, 55.1582008], [39.154965, 55.1582908], [39.1538452, 55.1591463], [39.1517514, 55.1592778], [39.1494977, 55.1606355], [39.149537, 55.1612514], [39.148931, 55.1617384], [39.1315051, 55.1616733], [39.1309116, 55.1632658], [39.1282751, 55.1666295], [39.1253501, 55.1693345], [39.1190769, 55.1737442], [39.1196189, 55.1769322], [39.1191027, 55.1780474], [39.1154703, 55.17935], [39.1108218, 55.1799119], [39.1064269, 55.1816704], [39.1013098, 55.1809629], [39.0974994, 55.1846375], [39.0962868, 55.1933359], [39.1038215, 55.1996184], [39.1040266, 55.2018057], [39.1049698, 55.2033535], [39.1045104, 55.2040527], [39.102719, 55.2043308], [39.1007259, 55.20538], [39.1024913, 55.2061902], [39.0983609, 55.2097293], [39.096939, 55.2078833], [39.0932799, 55.2062634], [39.0704718, 55.1976708], [39.0688044, 55.1976544], [39.066522, 55.1964916], [39.0636709, 55.1973854], [39.0622825, 55.198908], [39.0477835, 55.1938413], [39.0466174, 55.1928747], [39.0442115, 55.1919747], [39.0430495, 55.1884839], [39.0438508, 55.186194], [39.0435835, 55.1851441], [39.0416116, 55.1846274], [39.0384797, 55.1845128], [39.035985, 55.1856613], [39.0351581, 55.1844917], [39.0329747, 55.185779], [39.0260599, 55.1849652], [39.0192784, 55.181475], [39.0195437, 55.1836381], [39.0123342, 55.1876005], [39.0095, 55.1899779], [39.0077928, 55.1901564], [39.0069208, 55.1888398], [38.9954983, 55.1862598], [38.9914505, 55.1855066], [38.9882723, 55.1859354], [38.9788918, 55.1824529], [38.9768329, 55.1800895], [38.971703, 55.1798657], [38.9689817, 55.1809524], [38.9678743, 55.1829984], [38.9650062, 55.1861272], [38.9627982, 55.1872973], [38.9609653, 55.1894806], [38.9583935, 55.1906399], [38.9548363, 55.1934288], [38.9427783, 55.1985606], [38.9389554, 55.1988194], [38.9412668, 55.2009623], [38.9475976, 55.2031268], [38.9445632, 55.2050577], [38.9439956, 55.2058912], [38.9387198, 55.2069617], [38.9369592, 55.2066297], [38.9350081, 55.2069883], [38.9268191, 55.2068716], [38.9270838, 55.2076042], [38.9205549, 55.2089016], [38.9254952, 55.2164762], [38.9232589, 55.2173542], [38.9237013, 55.2188148], [38.9274383, 55.2221754], [38.9231436, 55.226421], [38.9324817, 55.2379205], [38.9356026, 55.2385889], [38.9366803, 55.2394009], [38.93955, 55.2393319], [38.9444358, 55.2405458], [38.9455695, 55.2403001], [38.9595193, 55.24384], [38.967622, 55.243264], [38.9713656, 55.2437668], [38.9776963, 55.2427464], [38.9894753, 55.2465735], [38.9795014, 55.2597788], [38.9670814, 55.2574785], [38.9551366, 55.252826], [38.9451102, 55.2509203], [38.9356422, 55.2462987], [38.9317348, 55.2457911], [38.9251025, 55.249764], [38.9225625, 55.252316], [38.9326454, 55.254431], [38.9349195, 55.2567821], [38.932276, 55.2577454], [38.9315435, 55.2649243], [38.9162508, 55.2662875], [38.9135089, 55.2621773], [38.900986, 55.2642746], [38.9002593, 55.2660729], [38.8879972, 55.2667473], [38.8839027, 55.2488427], [38.8530801, 55.2507253], [38.8545249, 55.2516069], [38.8494565, 55.2560653], [38.8443055, 55.2541784], [38.840446, 55.2546027], [38.8390515, 55.2561396], [38.8339032, 55.2561164], [38.826709, 55.2571966], [38.8218738, 55.2559492], [38.8202829, 55.2546165], [38.8194706, 55.2530861], [38.8168575, 55.2523649], [38.8113266, 55.2531952], [38.8117385, 55.2546833], [38.8068919, 55.257816], [38.8108451, 55.261773], [38.8145851, 55.2614491], [38.8173877, 55.2630187], [38.8154321, 55.2648685], [38.805737, 55.2655045], [38.7994359, 55.2641143], [38.7982104, 55.2632098], [38.7941566, 55.2629838], [38.7912424, 55.2633526], [38.7912708, 55.261794], [38.7879418, 55.258949], [38.7851629, 55.2532789], [38.7822151, 55.2533809], [38.782258, 55.2526788], [38.7758528, 55.2514156], [38.7743549, 55.2504734], [38.7735534, 55.2487715], [38.7747028, 55.2484642], [38.7746796, 55.2469647], [38.7770313, 55.2434762], [38.775254, 55.2433596], [38.774774, 55.2417873], [38.7733301, 55.2407608], [38.7728949, 55.2397862], [38.7717577, 55.2396938], [38.7682327, 55.2434777], [38.7611264, 55.2420241], [38.761398, 55.2415815], [38.7589323, 55.2394506], [38.7500152, 55.2369914], [38.7502235, 55.238051], [38.7487619, 55.2392445], [38.7418882, 55.2415556], [38.7395623, 55.241477], [38.7322886, 55.2375196], [38.7255908, 55.2415414], [38.7201507, 55.2399206], [38.7204337, 55.2389046], [38.7190442, 55.2355376], [38.7168171, 55.2352918], [38.7105813, 55.2358797], [38.7091994, 55.2370672], [38.7064502, 55.2369689], [38.7037782, 55.2405446], [38.6977851, 55.2395309], [38.6970228, 55.2381514], [38.6714799, 55.2361659], [38.6668542, 55.23951], [38.6656946, 55.2411976], [38.6590751, 55.2419581], [38.6585368, 55.2461194], [38.655056, 55.2452602], [38.6469613, 55.2455233], [38.6438636, 55.2449167], [38.6417896, 55.2437277], [38.6389423, 55.2435398], [38.6408401, 55.2399149], [38.6362272, 55.2400159], [38.6340355, 55.2371136], [38.6331936, 55.2351594], [38.633235, 55.2329146], [38.6344564, 55.2314456], [38.6339207, 55.2306555], [38.6267987, 55.2321778], [38.6255167, 55.2300324], [38.6212604, 55.2304979], [38.6187945, 55.2296446], [38.6172966, 55.2302944], [38.6133835, 55.2296302], [38.6104525, 55.2319703], [38.6070589, 55.2324683], [38.6007208, 55.2309256], [38.5951019, 55.228072], [38.5931568, 55.2261498], [38.5939164, 55.2240676], [38.5943488, 55.2240054], [38.5938918, 55.2230167], [38.5944302, 55.2221755], [38.5939301, 55.2212363], [38.5912492, 55.2215355], [38.5889117, 55.2208822], [38.5864066, 55.2223556], [38.575159, 55.2270505], [38.5725873, 55.2267965], [38.5722273, 55.2275838], [38.5711094, 55.2276568], [38.5698371, 55.2270005], [38.5691225, 55.227445], [38.5694372, 55.2282776], [38.5677605, 55.22887], [38.5674021, 55.2281594], [38.5664885, 55.2278339], [38.5654063, 55.2288955], [38.5656007, 55.2296851], [38.561797, 55.23029], [38.5614742, 55.2311635], [38.5599319, 55.2311009], [38.5592805, 55.2319704], [38.5596415, 55.2325047], [38.558163, 55.2324744], [38.5584273, 55.2330341], [38.5575046, 55.2339487], [38.5561267, 55.2340527], [38.5565437, 55.234824], [38.5555652, 55.2345503], [38.5550296, 55.2349778], [38.5558091, 55.2355871], [38.5547486, 55.2367696], [38.5529789, 55.236885], [38.5518076, 55.2364197], [38.5514986, 55.2366834], [38.5523372, 55.2370185], [38.5519227, 55.2373977], [38.5502577, 55.2371024], [38.5443351, 55.2343255], [38.5407011, 55.2336398], [38.5305399, 55.2302907], [38.5381669, 55.2270183], [38.5391193, 55.2257886], [38.5391633, 55.2248033], [38.539831, 55.2249904], [38.543043, 55.2228225], [38.5429763, 55.2216241], [38.5438296, 55.2199374], [38.5412032, 55.2195447], [38.5379223, 55.2201133], [38.5346187, 55.2190773], [38.5315917, 55.2198645], [38.5275184, 55.22002], [38.5260498, 55.2203581], [38.5256734, 55.2208728], [38.5230941, 55.2212797], [38.5227334, 55.2218269], [38.5175565, 55.2226991], [38.5175239, 55.2231429], [38.5164594, 55.2230966], [38.516064, 55.2235232], [38.5152473, 55.2230392], [38.5147932, 55.2234706], [38.5137941, 55.2234217], [38.5136295, 55.223918], [38.5127914, 55.2238245], [38.5122963, 55.2246144], [38.5111262, 55.2244989], [38.5082611, 55.2255053], [38.505424, 55.2255066], [38.5008101, 55.227819], [38.4984919, 55.2278298], [38.4986935, 55.2282539], [38.4980178, 55.2285775], [38.4970167, 55.2283426], [38.4972672, 55.2289098], [38.4929602, 55.2292871], [38.4913768, 55.2300892], [38.4848298, 55.2310757], [38.4781559, 55.2313268], [38.4769961, 55.2286906], [38.4792688, 55.2285658], [38.4821882, 55.2277017], [38.4827612, 55.2268824], [38.4595148, 55.2238122], [38.4596726, 55.2225246], [38.4608253, 55.2214167], [38.4588323, 55.2166129], [38.4565211, 55.2164777], [38.4538281, 55.2170905], [38.4535418, 55.2156451], [38.4549128, 55.2111437], [38.454432, 55.2084998], [38.4511738, 55.2101436], [38.4488439, 55.2093493], [38.4422425, 55.2088887], [38.4424493, 55.2079708], [38.4388144, 55.206976], [38.4367866, 55.2104967], [38.4351194, 55.2111676], [38.4320626, 55.2106679], [38.4307025, 55.2134396], [38.4275199, 55.2133955], [38.4215064, 55.2120953], [38.4168193, 55.2084805], [38.4160533, 55.2084178], [38.4154074, 55.2070407], [38.4181531, 55.2053369], [38.4183182, 55.2039449], [38.4174954, 55.2030773], [38.4181271, 55.2025859], [38.4180115, 55.2013692], [38.4190993, 55.2007564], [38.4194643, 55.1996308], [38.4194501, 55.1981367], [38.4179729, 55.1974021], [38.4166721, 55.1956098], [38.4172148, 55.1937791], [38.4183319, 55.1931877], [38.4175665, 55.1919104], [38.4270843, 55.1907792], [38.4333687, 55.1908197], [38.4369388, 55.1920746], [38.4360965, 55.1895611], [38.4339186, 55.1885044], [38.437302, 55.1848636], [38.4421773, 55.1809922], [38.4473605, 55.1778784], [38.4477137, 55.1764057], [38.4498371, 55.1753425], [38.4513121, 55.1736813], [38.4508402, 55.1722776], [38.451754, 55.1711197], [38.4545913, 55.1709189], [38.4554496, 55.170082], [38.4562743, 55.1699564], [38.4581558, 55.1677916], [38.4564315, 55.1652673], [38.458418, 55.1574215], [38.4486441, 55.1560383], [38.4476529, 55.158203], [38.4443746, 55.160512], [38.4413305, 55.1596172], [38.4334273, 55.1589471], [38.4306458, 55.1591536], [38.4247389, 55.1577433], [38.4224293, 55.1562163], [38.4190683, 55.1523279], [38.4160218, 55.1504631], [38.4171776, 55.1482502], [38.4208527, 55.1476931], [38.4206008, 55.1460274], [38.416271, 55.1453759], [38.4149549, 55.1471764], [38.4131082, 55.1470727], [38.4128685, 55.1477686], [38.4110642, 55.1438841], [38.4094131, 55.142399], [38.3964342, 55.1372237], [38.3963473, 55.1328697], [38.3929913, 55.1311848], [38.3966157, 55.1245907], [38.403858, 55.125778], [38.4048871, 55.123234], [38.4037502, 55.12293], [38.4036344, 55.1209726], [38.4070787, 55.1214898], [38.4065986, 55.1219188], [38.4130496, 55.1236912], [38.4171622, 55.1227543], [38.4205026, 55.125144], [38.4163251, 55.1277744], [38.4148448, 55.1296985], [38.4169175, 55.1307676], [38.415195, 55.1324661], [38.4131807, 55.1315514], [38.4125473, 55.1338584], [38.4179811, 55.1357122], [38.421633, 55.1355991], [38.4228018, 55.1335013], [38.4228652, 55.1311945], [38.4272218, 55.1311457], [38.4267616, 55.1296341], [38.4283638, 55.1296476], [38.428822, 55.1286167], [38.4304414, 55.1281479], [38.4299449, 55.1279101], [38.4299889, 55.126581], [38.4309047, 55.125711], [38.430866, 55.1247346], [38.4283277, 55.1228402], [38.4272702, 55.1211371], [38.4260631, 55.1214043], [38.4251398, 55.1210649], [38.4253592, 55.1196127], [38.4234349, 55.1180762], [38.4223323, 55.1186684], [38.4194125, 55.1179585], [38.4187272, 55.1167498], [38.4145224, 55.1138454], [38.4142039, 55.1128001], [38.412978, 55.1115936], [38.4126997, 55.1110648], [38.4130482, 55.1107919], [38.4150314, 55.1110852], [38.4193936, 55.1097337], [38.4202561, 55.1087501], [38.4196943, 55.1080231], [38.4211043, 55.1064507], [38.4184248, 55.105767], [38.4188649, 55.1049973], [38.4170628, 55.1045286], [38.4156236, 55.1056168], [38.4169639, 55.1072986], [38.4164664, 55.1079279], [38.4124863, 55.1101594], [38.4086298, 55.1092309], [38.4089943, 55.1065182], [38.4103419, 55.1065877], [38.4093578, 55.1043035], [38.4086992, 55.1041141], [38.4088513, 55.102878], [38.4134642, 55.1022969], [38.4164633, 55.0995341], [38.4199888, 55.099881], [38.4239937, 55.100944], [38.4232374, 55.1017187], [38.4209262, 55.1012792], [38.4190712, 55.1027766], [38.420991, 55.1030746], [38.420315, 55.1045012], [38.423875, 55.1053861], [38.423396, 55.1063833], [38.4260694, 55.1076857], [38.4285967, 55.1053813], [38.426557, 55.1028684], [38.424761, 55.101978], [38.4299111, 55.0969309], [38.432057, 55.0936016], [38.4317818, 55.0931808], [38.432831, 55.0912134], [38.4343727, 55.0914961], [38.4353086, 55.0906579], [38.4442361, 55.0912567], [38.4426794, 55.0927543], [38.4423544, 55.0941392], [38.4447586, 55.0938858], [38.4502872, 55.0957108], [38.4508592, 55.0952002], [38.4516024, 55.0931285], [38.4472411, 55.090344], [38.4499532, 55.0897623], [38.447608, 55.086179], [38.4475183, 55.0814717], [38.4493618, 55.0766397], [38.4434733, 55.0737614], [38.4456986, 55.0716224], [38.4430097, 55.0703329], [38.4381157, 55.0714876], [38.434513, 55.0732981], [38.4293193, 55.0745387], [38.4288266, 55.0721727], [38.4298321, 55.0606134], [38.4229758, 55.0579448], [38.4173999, 55.0544531], [38.4255139, 55.0519266], [38.42805, 55.0466121], [38.4302948, 55.0447863], [38.4325547, 55.0438434], [38.4335188, 55.0426964], [38.4287828, 55.0415127], [38.4236784, 55.0413619], [38.4192941, 55.0383461], [38.4199434, 55.0336898], [38.4190238, 55.0314268], [38.4202915, 55.0266691], [38.4132064, 55.0193076], [38.4118207, 55.0193477], [38.4086818, 55.0205507], [38.4050099, 55.0208129], [38.4040181, 55.019092], [38.4039943, 55.0161395], [38.403034, 55.0151763], [38.4018097, 55.0155032], [38.4008415, 55.01479], [38.396773, 55.0166824], [38.3924674, 55.0148856], [38.3866828, 55.0162873], [38.3855018, 55.0161989], [38.3864841, 55.0144133], [38.385181, 55.0105245], [38.3818158, 55.0049001], [38.378283, 55.0029737], [38.3751357, 55.0046401], [38.3735343, 55.0039252], [38.3714034, 55.004714], [38.3695847, 55.003099], [38.3691986, 55.00209], [38.3682989, 55.002142], [38.359587, 55.0062687], [38.3558272, 55.0045684], [38.3426795, 55.0003947], [38.3415124, 55.0013082], [38.3438405, 55.0045842], [38.3440565, 55.0056496], [38.3408692, 55.0060024], [38.3360789, 55.0085186], [38.3312446, 55.0054924], [38.3302812, 55.0058769], [38.3274686, 55.0052862], [38.3223982, 54.9767116], [38.3072422, 54.9774553], [38.3036689, 54.9600606], [38.2969821, 54.9601915], [38.2999358, 54.9583474], [38.3039835, 54.9568955], [38.3082558, 54.9574957], [38.310287, 54.9503801], [38.3084544, 54.9495366], [38.3117842, 54.9482214], [38.312939, 54.9452561], [38.3086769, 54.941334], [38.3184714, 54.9365137], [38.335477, 54.9348733], [38.3335319, 54.9291203], [38.3446575, 54.927362], [38.3468219, 54.9252893], [38.3479254, 54.9249901], [38.3474759, 54.9229382], [38.360802, 54.9207798], [38.3636217, 54.9191265], [38.3757819, 54.9179373], [38.3891527, 54.9154718], [38.3886711, 54.9149236], [38.3888742, 54.9142274], [38.3859327, 54.9129509], [38.3874348, 54.9122651], [38.3868165, 54.9123312], [38.3860632, 54.9109272], [38.3865502, 54.9107713], [38.3864464, 54.9100003], [38.3845094, 54.9094014], [38.3822856, 54.9102695], [38.379121, 54.9098896], [38.375198, 54.9080276], [38.3725937, 54.9061308], [38.3763595, 54.904576], [38.3758094, 54.906487], [38.3866776, 54.9074144], [38.3871373, 54.9059368], [38.3889733, 54.9060713], [38.3893555, 54.9047814], [38.3885988, 54.9044857], [38.3890161, 54.9029789], [38.3881054, 54.9024588], [38.3893058, 54.8981731], [38.3835918, 54.8976036], [38.3819082, 54.8900298], [38.3656824, 54.8914225], [38.3646364, 54.888872], [38.3661759, 54.8859236], [38.364438, 54.8855629], [38.3413491, 54.8871016], [38.3392707, 54.8724694], [38.3384158, 54.8723352], [38.337466, 54.8730526], [38.3364635, 54.8705169], [38.3185509, 54.8714345], [38.3182787, 54.8645167], [38.3096846, 54.8656617], [38.3097232, 54.8622124], [38.3089144, 54.8610637]]]}}, {"type": "Feature", "properties": {"rda_code": "MO-09", "rda_name": "CITY DISTRICT of DOMODEDOVO", "osm_name": "городской округ Домодедово", "match_score": 1.0, "match_reason": "exact"}, "geometry": {"type": "Polygon", "coordinates": [[[37.6163386, 55.3842145], [37.6188129, 55.3811973], [37.6150026, 55.3806661], [37.6147371, 55.3802194], [37.6653618, 55.376003], [37.6648261, 55.3701364], [37.6687229, 55.3687645], [37.6740494, 55.3729559], [37.679667, 55.3731664], [37.6800672, 55.371284], [37.6816477, 55.3711698], [37.6800649, 55.3690679], [37.6855668, 55.3690611], [37.6873679, 55.3658749], [37.685977, 55.3614002], [37.6847569, 55.3615764], [37.6834315, 55.3577926], [37.6846675, 55.3563818], [37.6857999, 55.3564278], [37.6851641, 55.3483044], [37.6859213, 55.3474733], [37.6892712, 55.3474497], [37.6893827, 55.3463516], [37.6868257, 55.3440004], [37.686529, 55.3432153], [37.6882347, 55.3425442], [37.6875409, 55.3409922], [37.6908059, 55.3411762], [37.6952655, 55.3404517], [37.6943756, 55.339849], [37.6898169, 55.3389463], [37.688615, 55.3379492], [37.689712, 55.3364255], [37.6921884, 55.3357451], [37.6959427, 55.3361287], [37.6963575, 55.3357555], [37.6926982, 55.3346483], [37.6941176, 55.3337267], [37.6929865, 55.333431], [37.6943174, 55.3326892], [37.6936396, 55.3324993], [37.6946564, 55.3315965], [37.6956692, 55.33161], [37.7006318, 55.3326382], [37.7020546, 55.3294721], [37.7053173, 55.3276605], [37.7047589, 55.3260187], [37.7030365, 55.3252961], [37.7020603, 55.3232741], [37.7003125, 55.323294], [37.7007065, 55.3218854], [37.7033009, 55.3207823], [37.7026202, 55.319226], [37.7056066, 55.3148368], [37.7054334, 55.3131548], [37.7062653, 55.311652], [37.7036863, 55.310698], [37.7027771, 55.3121081], [37.6993129, 55.3111339], [37.6990407, 55.308101], [37.694196, 55.3054856], [37.69075, 55.3059781], [37.6883632, 55.3084448], [37.687229, 55.3108565], [37.6832012, 55.3116803], [37.6828326, 55.3142461], [37.6793275, 55.3192308], [37.6788084, 55.318459], [37.6763723, 55.3183191], [37.6758351, 55.3168865], [37.6720796, 55.316473], [37.6714412, 55.3156924], [37.6722027, 55.3150359], [37.6713166, 55.3143049], [37.6720961, 55.3137764], [37.6714373, 55.3118866], [37.6730851, 55.3110495], [37.6752172, 55.3085486], [37.6762295, 55.3073088], [37.6753404, 55.3062244], [37.6773257, 55.3049066], [37.6763507, 55.3042784], [37.6767671, 55.3041136], [37.669934, 55.2998287], [37.6638745, 55.2966909], [37.6638897, 55.2959542], [37.6700738, 55.2930639], [37.6669158, 55.2905374], [37.6665152, 55.2893873], [37.6634327, 55.2880978], [37.6600109, 55.2854803], [37.6564119, 55.2863941], [37.6545087, 55.2874595], [37.652933, 55.2875071], [37.6517862, 55.28577], [37.6483827, 55.2860698], [37.6474876, 55.2845899], [37.6476813, 55.2798157], [37.6467023, 55.2776283], [37.643914, 55.2754997], [37.6428404, 55.2754284], [37.6448893, 55.2739832], [37.647642, 55.2729642], [37.6492483, 55.2715919], [37.6466981, 55.2706709], [37.6483749, 55.2698768], [37.653196, 55.2700166], [37.6554827, 55.2705178], [37.6629896, 55.2740928], [37.6658212, 55.2737717], [37.6749085, 55.28005], [37.6768012, 55.2773616], [37.6974351, 55.2761095], [37.6984659, 55.2776109], [37.7004671, 55.277393], [37.7012614, 55.2784267], [37.7043678, 55.2799727], [37.7063994, 55.2816323], [37.7070192, 55.2823506], [37.7073711, 55.2843138], [37.7111648, 55.2841929], [37.7143011, 55.2825498], [37.7134952, 55.2813619], [37.7141563, 55.2803687], [37.7164253, 55.2790812], [37.7172836, 55.2745527], [37.715852, 55.2718768], [37.7167773, 55.2715116], [37.71679, 55.2704262], [37.7086269, 55.2690723], [37.7069572, 55.2682523], [37.7063464, 55.2657908], [37.677165, 55.2679254], [37.6765321, 55.2667119], [37.6766501, 55.2646726], [37.6789537, 55.2592861], [37.6863848, 55.2619972], [37.6887681, 55.2589083], [37.6854877, 55.2566048], [37.683907, 55.2544755], [37.6899419, 55.2525087], [37.6905859, 55.2509148], [37.6876308, 55.2492596], [37.6850902, 55.250602], [37.6820785, 55.2510972], [37.6775171, 55.2483226], [37.6777068, 55.2462162], [37.6787371, 55.2455933], [37.6828502, 55.2454156], [37.682832, 55.2440682], [37.6803895, 55.2435543], [37.6772079, 55.2436402], [37.6744326, 55.2446541], [37.6737018, 55.2473748], [37.6692677, 55.2469446], [37.6669969, 55.2438346], [37.6593011, 55.243845], [37.6585747, 55.2412034], [37.6587325, 55.2372795], [37.6604579, 55.2360152], [37.6602162, 55.2352309], [37.6585113, 55.2348288], [37.6570194, 55.2336239], [37.6535175, 55.2327], [37.6709855, 55.2193088], [37.6765999, 55.218403], [37.6781695, 55.2194422], [37.6815802, 55.2177261], [37.6812144, 55.2175161], [37.6822068, 55.2169524], [37.6832281, 55.2174353], [37.6846198, 55.216482], [37.6871017, 55.2179986], [37.6914995, 55.2163537], [37.6875494, 55.215894], [37.6874506, 55.2093205], [37.6908499, 55.2096431], [37.6947267, 55.2022962], [37.6921961, 55.2012978], [37.688086, 55.2019333], [37.6875997, 55.1999103], [37.6863437, 55.1988558], [37.675284, 55.2004413], [37.6624374, 55.1973942], [37.6606555, 55.1959361], [37.6599573, 55.1937387], [37.6567023, 55.1926382], [37.6544835, 55.1952123], [37.6457582, 55.1917669], [37.6500539, 55.188153], [37.6585636, 55.1871558], [37.6612269, 55.1863367], [37.6589906, 55.1849231], [37.6605797, 55.182341], [37.6606134, 55.1798833], [37.6611982, 55.1786922], [37.6639739, 55.177035], [37.663637, 55.1760855], [37.657112, 55.1739284], [37.6547136, 55.173704], [37.6549246, 55.1700376], [37.6515785, 55.1703776], [37.6510362, 55.1670227], [37.6480485, 55.1659953], [37.6481444, 55.1647128], [37.6514802, 55.1615775], [37.6507012, 55.1613919], [37.651306, 55.1605384], [37.6503056, 55.1603611], [37.6498901, 55.1594665], [37.6505246, 55.1589835], [37.6495334, 55.158721], [37.6506132, 55.1578488], [37.6506786, 55.1573001], [37.6499317, 55.1567134], [37.6411142, 55.1554384], [37.6389501, 55.1556833], [37.6360697, 55.1572956], [37.6341198, 55.1577507], [37.6335728, 55.1566199], [37.6237686, 55.1511542], [37.6229598, 55.1503008], [37.6225582, 55.1490568], [37.6238385, 55.1490853], [37.6262625, 55.1479851], [37.62783, 55.1483524], [37.6296974, 55.1480193], [37.6320935, 55.1468888], [37.6329165, 55.1440022], [37.6306722, 55.1430587], [37.6302991, 55.1375128], [37.6320836, 55.1375116], [37.6314427, 55.1309555], [37.6351102, 55.1304348], [37.63704, 55.1289039], [37.6451209, 55.1278955], [37.6455629, 55.1318892], [37.6702488, 55.130808], [37.7103042, 55.127967], [37.7094939, 55.1352339], [37.7095356, 55.1455617], [37.7126057, 55.1460087], [37.7178338, 55.1485114], [37.7169865, 55.1511166], [37.7151743, 55.154166], [37.7168114, 55.1553922], [37.7178319, 55.1573825], [37.7317458, 55.1573623], [37.7391534, 55.1550364], [37.7441144, 55.1553673], [37.7451911, 55.1562036], [37.7663522, 55.1549415], [37.7691907, 55.1528034], [37.7650196, 55.1511793], [37.7637497, 55.1517251], [37.7602382, 55.1480421], [37.7669551, 55.1487854], [37.7714112, 55.1484086], [37.772653, 55.1476456], [37.7773934, 55.1467717], [37.7767473, 55.1453127], [37.7741574, 55.144528], [37.7733768, 55.1423707], [37.7775582, 55.1387689], [37.7822136, 55.1372865], [37.7859219, 55.1371208], [37.7942683, 55.13445], [37.7949924, 55.1349603], [37.8029481, 55.1326551], [37.8067077, 55.1322978], [37.8088986, 55.1314448], [37.8131402, 55.1312227], [37.8157792, 55.1286596], [37.8167495, 55.1283763], [37.8179285, 55.1287856], [37.8232724, 55.1270618], [37.8274825, 55.126323], [37.8305207, 55.1243309], [37.832794, 55.1259665], [37.8306667, 55.1268163], [37.8343312, 55.1330083], [37.8387043, 55.1338733], [37.8408528, 55.1360254], [37.8398252, 55.1387334], [37.8369076, 55.1385361], [37.8349374, 55.1404394], [37.8355067, 55.1440127], [37.8361811, 55.1451528], [37.831679, 55.1484256], [37.8314193, 55.1501861], [37.8275356, 55.1526607], [37.826284, 55.1540612], [37.8254833, 55.155494], [37.826594, 55.1570815], [37.8290103, 55.1565473], [37.8293588, 55.1569039], [37.8332017, 55.1556677], [37.8316132, 55.1532599], [37.8374593, 55.152792], [37.8401429, 55.1530767], [37.8416336, 55.1557244], [37.8468412, 55.1574414], [37.8491091, 55.1574773], [37.8509642, 55.1590384], [37.8524204, 55.1642933], [37.8539231, 55.167344], [37.8555865, 55.166734], [37.859358, 55.1668124], [37.8622944, 55.1682681], [37.8622964, 55.1692274], [37.8634925, 55.1692603], [37.8643428, 55.1670727], [37.8670661, 55.1656302], [37.8686884, 55.1658036], [37.8699428, 55.1643818], [37.8703663, 55.1644228], [37.8711672, 55.162499], [37.8707603, 55.1622268], [37.8725832, 55.1609571], [37.874501, 55.1613154], [37.8770664, 55.1591579], [37.8754281, 55.1586568], [37.8763121, 55.1571504], [37.8759308, 55.1561454], [37.8730424, 55.1543276], [37.8757605, 55.1530833], [37.8782809, 55.1547326], [37.8795368, 55.1548506], [37.8801994, 55.1539467], [37.8795344, 55.1531905], [37.8814133, 55.1523666], [37.8843653, 55.1531925], [37.8870783, 55.1558556], [37.8887264, 55.155129], [37.8899517, 55.1561552], [37.8941109, 55.1547131], [37.8931904, 55.1507011], [37.8951295, 55.1503558], [37.8944811, 55.1508943], [37.8949487, 55.1522542], [37.8971863, 55.1538065], [37.9057697, 55.1513643], [37.9079923, 55.1518696], [37.9039303, 55.1532952], [37.9047591, 55.1541121], [37.9095971, 55.1524926], [37.9085581, 55.1549837], [37.9090389, 55.1584276], [37.9128278, 55.1591411], [37.9164062, 55.1591716], [37.9237977, 55.1638358], [37.9244592, 55.1655553], [37.926301, 55.1655344], [37.9262385, 55.1687075], [37.9274717, 55.1682103], [37.9313917, 55.1685549], [37.9317336, 55.1690502], [37.9372468, 55.1666483], [37.9387215, 55.1667759], [37.9379593, 55.1683547], [37.9385679, 55.1685894], [37.9350225, 55.1719927], [37.9327776, 55.1753218], [37.9272825, 55.1895369], [37.9262592, 55.1892156], [37.9264119, 55.188193], [37.9253536, 55.1875492], [37.9232944, 55.1886725], [37.9214723, 55.1882401], [37.9211415, 55.1885778], [37.9167106, 55.1867424], [37.9143361, 55.184288], [37.9127047, 55.1846381], [37.9118732, 55.1859109], [37.9118532, 55.1871146], [37.9109069, 55.1891803], [37.9134734, 55.1919927], [37.9124105, 55.1929297], [37.9142537, 55.1946059], [37.912983, 55.1955927], [37.908296, 55.1961509], [37.9092317, 55.1982021], [37.901463, 55.1994302], [37.8995216, 55.2007536], [37.8976169, 55.2008909], [37.8979575, 55.2031385], [37.9040163, 55.2045662], [37.9037401, 55.2064599], [37.9077745, 55.2088423], [37.9069915, 55.2098138], [37.9074558, 55.2110356], [37.9092989, 55.2124653], [37.9083795, 55.2139858], [37.9103046, 55.2146253], [37.913896, 55.2134914], [37.915302, 55.2138325], [37.9126946, 55.2191146], [37.9117847, 55.2190144], [37.9120437, 55.2184306], [37.909978, 55.2180627], [37.9062737, 55.2186281], [37.9067149, 55.2194123], [37.9027158, 55.2194917], [37.9010748, 55.2202987], [37.901358, 55.2209874], [37.8995399, 55.2215126], [37.9006404, 55.2225505], [37.9005497, 55.2230906], [37.8999327, 55.2231483], [37.9037069, 55.2262837], [37.9116672, 55.2286206], [37.9075928, 55.2417063], [37.9183672, 55.2409179], [37.9202249, 55.2370113], [37.9216292, 55.2374938], [37.92707, 55.2374702], [37.942088, 55.2340858], [37.9455613, 55.2296223], [37.9385244, 55.2286231], [37.9339963, 55.2262028], [37.9318339, 55.2226392], [37.9328555, 55.2226354], [37.9340651, 55.2216777], [37.9412369, 55.2204274], [37.9419954, 55.219881], [37.9441479, 55.2170141], [37.9424093, 55.2166825], [37.9411321, 55.2137623], [37.9458299, 55.2111084], [37.9546493, 55.2122885], [37.9581375, 55.2106083], [37.9786252, 55.2146495], [37.9788176, 55.2152283], [37.9812665, 55.2157473], [37.9830094, 55.218018], [37.9840662, 55.2184255], [37.985604, 55.2180991], [37.9865005, 55.2194865], [37.9838016, 55.2225898], [37.9872797, 55.2227255], [37.9877573, 55.2222465], [38.0122048, 55.227807], [38.0120089, 55.2335867], [38.0136592, 55.2362132], [38.0155811, 55.2350322], [38.0156932, 55.2345298], [38.014973, 55.233971], [38.015752, 55.2335027], [38.0240657, 55.2333437], [38.0256252, 55.2347385], [38.0299031, 55.2347317], [38.0344815, 55.2357364], [38.0350776, 55.2343613], [38.0409135, 55.2310415], [38.0449735, 55.2320544], [38.0504217, 55.2320642], [38.0543659, 55.2351821], [38.0553692, 55.2351565], [38.0581824, 55.2390518], [38.0601645, 55.2408491], [38.0601629, 55.2413663], [38.0609851, 55.2415477], [38.0609477, 55.2420022], [38.0617851, 55.2424654], [38.0613874, 55.2430254], [38.0625521, 55.2439304], [38.0625399, 55.2446981], [38.065668, 55.2448711], [38.0657076, 55.2454395], [38.0672157, 55.2457403], [38.0687108, 55.2448456], [38.0701605, 55.2451868], [38.0728442, 55.2447907], [38.0742983, 55.2455971], [38.0757973, 55.24576], [38.0759803, 55.2467319], [38.0752853, 55.2473975], [38.0765854, 55.2480894], [38.0766069, 55.2488934], [38.0782345, 55.2493894], [38.0785246, 55.2501336], [38.0795014, 55.2502004], [38.079123, 55.2508659], [38.0802263, 55.250974], [38.0806162, 55.2520671], [38.081203, 55.2519693], [38.0823492, 55.2528428], [38.0837485, 55.2529031], [38.0845075, 55.2522213], [38.085308, 55.2526628], [38.0889761, 55.2519749], [38.0906025, 55.2526585], [38.092529, 55.2524729], [38.0934505, 55.2529071], [38.0973549, 55.2530657], [38.0977507, 55.2536033], [38.0992827, 55.2534759], [38.107225, 55.2548249], [38.1045762, 55.2589388], [38.1052876, 55.2610852], [38.1107183, 55.2627199], [38.1113092, 55.2683047], [38.1089228, 55.270671], [38.1058322, 55.2746522], [38.1056998, 55.2754736], [38.1127656, 55.2841641], [38.113369, 55.2858736], [38.1154242, 55.28763], [38.1153823, 55.2891707], [38.1182976, 55.2937135], [38.1202094, 55.2947357], [38.1207634, 55.2955712], [38.1190261, 55.2956758], [38.1169712, 55.2969375], [38.1110296, 55.2986682], [38.1095904, 55.2987172], [38.1062723, 55.2975849], [38.0974078, 55.2977661], [38.0960497, 55.2973538], [38.095643, 55.2988971], [38.096576, 55.299704], [38.0983176, 55.3002029], [38.0988772, 55.3018601], [38.1048013, 55.3101664], [38.0851202, 55.3107977], [38.0869547, 55.3159447], [38.0785825, 55.3164508], [38.078811, 55.3147873], [38.0764577, 55.3140143], [38.0764799, 55.3105875], [38.0728708, 55.3067015], [38.0701407, 55.3055557], [38.069562, 55.3047109], [38.0584875, 55.305965], [38.0575372, 55.3049619], [38.049018, 55.3020727], [38.045853, 55.3036948], [38.0310373, 55.29879], [38.0345251, 55.3094835], [38.0212284, 55.3107222], [38.0206853, 55.3124948], [38.0103977, 55.3145771], [38.0090259, 55.31671], [38.0076049, 55.3175136], [37.9958673, 55.3192864], [37.9934995, 55.3208303], [37.9932264, 55.3233952], [37.9940055, 55.3260528], [37.9950669, 55.3260323], [37.9971059, 55.327522], [37.9995842, 55.3311741], [38.0024341, 55.3328027], [38.0037561, 55.33274], [38.0035294, 55.3317823], [38.0017704, 55.3294913], [37.9998835, 55.3279344], [38.0091864, 55.3277918], [38.0098744, 55.3300292], [38.0090295, 55.3305824], [38.0092356, 55.3316938], [38.0116745, 55.333236], [38.0144586, 55.3336748], [38.0165842, 55.3372825], [38.0164111, 55.3382962], [38.0182039, 55.3376655], [38.0202742, 55.3380786], [38.0213223, 55.3368501], [38.0235948, 55.3366264], [38.0245543, 55.3360577], [38.0264642, 55.3369545], [38.0272458, 55.3356401], [38.0298742, 55.3347687], [38.0309458, 55.3336055], [38.0337655, 55.3332108], [38.0336343, 55.3323291], [38.0343491, 55.3318643], [38.0366547, 55.3324451], [38.0390475, 55.3317484], [38.0408639, 55.3320761], [38.0434476, 55.3344091], [38.0388181, 55.3360672], [38.0430719, 55.3408046], [38.0446178, 55.3455507], [38.0479496, 55.3459701], [38.0481356, 55.3465582], [38.0529065, 55.3476155], [38.0527043, 55.3495754], [38.0591213, 55.3542911], [38.0552056, 55.3567522], [38.0457319, 55.3649786], [38.0387379, 55.368066], [38.030311, 55.377347], [38.0225832, 55.3782139], [38.0144387, 55.3812966], [38.0092721, 55.3793501], [38.0082721, 55.3775634], [38.0045074, 55.3775999], [38.0058994, 55.382647], [38.0044587, 55.3837637], [38.0012308, 55.3851244], [37.9996693, 55.3852858], [37.9969233, 55.3839395], [37.992315, 55.3860835], [37.9915501, 55.3872268], [37.9944199, 55.3897642], [37.999116, 55.3896199], [38.0008511, 55.3912948], [37.9965717, 55.3924827], [37.9917212, 55.3970617], [37.9908616, 55.3991057], [37.9882939, 55.3996997], [37.9879532, 55.4029912], [37.9857665, 55.4056385], [37.9863308, 55.4072462], [37.9861368, 55.4095743], [37.9868618, 55.4115678], [37.9853393, 55.4122696], [37.9861436, 55.4135155], [37.9857776, 55.414374], [37.9768609, 55.4145865], [37.9681344, 55.4109323], [37.9604619, 55.4100404], [37.9604479, 55.409214], [37.958164, 55.408378], [37.9562141, 55.4099285], [37.95306, 55.4088025], [37.9516619, 55.4108127], [37.9493161, 55.4127954], [37.9461923, 55.4122801], [37.9448268, 55.4132486], [37.9467996, 55.4150557], [37.9396964, 55.4185779], [37.9373962, 55.4184197], [37.935239, 55.4165219], [37.9361221, 55.4154665], [37.9318017, 55.4142177], [37.9307683, 55.4153712], [37.9327191, 55.4168601], [37.9312925, 55.4222886], [37.9298441, 55.4220419], [37.9280993, 55.4234676], [37.9300692, 55.4254336], [37.9305529, 55.4272366], [37.9298326, 55.4304043], [37.9305302, 55.4317916], [37.9320217, 55.4318097], [37.93381, 55.4310703], [37.9406985, 55.4351469], [37.9461464, 55.4353096], [37.9592878, 55.4343677], [37.9636359, 55.4359856], [37.9653042, 55.4383208], [37.9653308, 55.4396088], [37.9640755, 55.4400988], [37.9622865, 55.4436246], [37.9631716, 55.4436779], [37.9635751, 55.4461315], [37.9629727, 55.4466491], [37.9633414, 55.4474452], [37.9587885, 55.4485773], [37.9576064, 55.4484813], [37.9564689, 55.4491071], [37.9537741, 55.4488586], [37.9536432, 55.449391], [37.954505, 55.4500842], [37.9529287, 55.4515], [37.9530502, 55.4525839], [37.9517617, 55.4532387], [37.9522618, 55.4543507], [37.9502552, 55.4550693], [37.9495406, 55.4546309], [37.9480701, 55.4549604], [37.9479572, 55.4556042], [37.9485427, 55.4560148], [37.9465477, 55.4565897], [37.9476494, 55.4570562], [37.9471911, 55.4577695], [37.9487996, 55.4578887], [37.9486376, 55.4586254], [37.9498665, 55.4591801], [37.9500722, 55.4598549], [37.9495843, 55.460054], [37.9500076, 55.4603436], [37.9490965, 55.4605302], [37.9511129, 55.4619303], [37.9511744, 55.4624454], [37.9497791, 55.4621284], [37.9489903, 55.4632209], [37.9484321, 55.4632916], [37.9483322, 55.4629093], [37.9471153, 55.4635268], [37.9473798, 55.463938], [37.9465424, 55.4652093], [37.9474052, 55.4657564], [37.9489671, 55.4658607], [37.9482029, 55.4662914], [37.9479265, 55.4678197], [37.945543, 55.4678423], [37.9453431, 55.4697072], [37.9468176, 55.4716246], [37.9457703, 55.472084], [37.9431461, 55.4713851], [37.9421664, 55.4720486], [37.9420231, 55.4732987], [37.9442337, 55.4733], [37.944957, 55.474033], [37.9460419, 55.4734792], [37.9466068, 55.4739213], [37.9459368, 55.4741393], [37.9464506, 55.4742436], [37.9464273, 55.4751797], [37.9477725, 55.4749889], [37.9479478, 55.4762501], [37.9495695, 55.4764783], [37.9494518, 55.4769984], [37.9437043, 55.4772028], [37.9415492, 55.4785157], [37.937017, 55.4798721], [37.9317604, 55.4773444], [37.919529, 55.4747617], [37.9203833, 55.4740424], [37.9219034, 55.4743773], [37.9247243, 55.4738184], [37.9209613, 55.4719174], [37.920263, 55.4707105], [37.9195989, 55.4709108], [37.9192581, 55.4705231], [37.9192325, 55.4691835], [37.9233771, 55.4638611], [37.922649, 55.4629538], [37.9151654, 55.463243], [37.9147837, 55.4641672], [37.9135847, 55.4647574], [37.9074615, 55.4618864], [37.9048778, 55.4616105], [37.9011513, 55.4648601], [37.8964388, 55.471851], [37.9027482, 55.4740531], [37.9036893, 55.4726938], [37.9046876, 55.472517], [37.9152768, 55.4724661], [37.9134225, 55.4735114], [37.9129852, 55.4745755], [37.9139135, 55.474847], [37.9110786, 55.4749185], [37.9109292, 55.4765626], [37.9089055, 55.4764939], [37.9075281, 55.4779318], [37.9084704, 55.4784701], [37.9046845, 55.4824374], [37.9059036, 55.4830534], [37.9041821, 55.4845957], [37.9047192, 55.4849061], [37.8968595, 55.4884303], [37.8989318, 55.489719], [37.9030751, 55.4907459], [37.9089329, 55.4908579], [37.9091365, 55.4928756], [37.9055551, 55.4931642], [37.9036403, 55.4938403], [37.9027701, 55.4946783], [37.9020132, 55.4986704], [37.8994757, 55.5011564], [37.899108, 55.5024136], [37.8995638, 55.5060069], [37.8985242, 55.5084725], [37.897024, 55.5095282], [37.8944666, 55.5103085], [37.886602, 55.5118513], [37.8823953, 55.5134324], [37.8802463, 55.5136241], [37.8789859, 55.518726], [37.8793097, 55.5208618], [37.8789847, 55.5218027], [37.8761942, 55.5231141], [37.8745266, 55.5230732], [37.8743192, 55.5243146], [37.8724478, 55.5243138], [37.8723216, 55.523079], [37.867768, 55.5229911], [37.8676176, 55.5214599], [37.8668284, 55.5207262], [37.8679011, 55.5200587], [37.8662637, 55.5180142], [37.8626488, 55.5177], [37.8612834, 55.5184732], [37.8549849, 55.5169798], [37.8516188, 55.5173311], [37.8474847, 55.5160433], [37.8515156, 55.5123739], [37.8521326, 55.5122749], [37.8555859, 55.5080376], [37.8514777, 55.5072881], [37.8524896, 55.5063974], [37.8496259, 55.5053497], [37.8486167, 55.5061079], [37.8453875, 55.5048972], [37.8410283, 55.5061168], [37.8387467, 55.507999], [37.841231, 55.5085764], [37.8434658, 55.5083781], [37.8445412, 55.5076619], [37.8452402, 55.5059048], [37.8473346, 55.506849], [37.8460251, 55.5097773], [37.8447164, 55.5111879], [37.8432046, 55.5117707], [37.8368369, 55.5127621], [37.8362763, 55.5113371], [37.8345775, 55.5108833], [37.833218, 55.5119771], [37.8321473, 55.511642], [37.8310914, 55.5127573], [37.8316456, 55.514011], [37.8313406, 55.5150918], [37.8300704, 55.5148687], [37.8299815, 55.5165464], [37.8287071, 55.5163483], [37.8284627, 55.5167489], [37.8263781, 55.516155], [37.8283316, 55.5138978], [37.8272093, 55.5109674], [37.8254532, 55.5107183], [37.8233681, 55.5117312], [37.8165336, 55.5103841], [37.8178769, 55.5093545], [37.825244, 55.5073652], [37.8279852, 55.5059669], [37.8267225, 55.5038527], [37.8262826, 55.4946273], [37.8320658, 55.4916087], [37.8330966, 55.4900588], [37.8188615, 55.4849006], [37.8178717, 55.4857834], [37.8196191, 55.487088], [37.8190171, 55.4877783], [37.815936, 55.4880222], [37.8159472, 55.4887318], [37.811381, 55.4882953], [37.8094982, 55.4912592], [37.808585, 55.49105], [37.8056599, 55.4917218], [37.8029246, 55.4914527], [37.8004085, 55.4932967], [37.7997515, 55.4945524], [37.794602, 55.4939746], [37.7929629, 55.4942774], [37.7921351, 55.4948508], [37.7929204, 55.4957051], [37.7907686, 55.496988], [37.7904456, 55.4986949], [37.7888006, 55.4993235], [37.7849605, 55.4987825], [37.783338, 55.4991882], [37.7814944, 55.4973451], [37.7761376, 55.4976478], [37.7741128, 55.4986546], [37.7710624, 55.4984926], [37.7697662, 55.4979906], [37.7739663, 55.4950806], [37.7723048, 55.4940423], [37.7716642, 55.4945944], [37.7709299, 55.4941564], [37.7673489, 55.495209], [37.7666871, 55.4947492], [37.7672361, 55.4939611], [37.7647542, 55.4932015], [37.763413, 55.4942773], [37.7623266, 55.4937525], [37.76078, 55.4920102], [37.7619539, 55.4886536], [37.7595872, 55.4881104], [37.7575616, 55.4901464], [37.7556939, 55.4905485], [37.7533941, 55.4929835], [37.7441228, 55.4925151], [37.7421819, 55.4928831], [37.7415975, 55.4937959], [37.7439069, 55.4978222], [37.7437223, 55.4991338], [37.7416968, 55.5001205], [37.7367135, 55.5006103], [37.7334292, 55.4996986], [37.7326604, 55.4984472], [37.7335363, 55.4971276], [37.7326855, 55.4963628], [37.7279304, 55.4954905], [37.727484, 55.495878], [37.7224107, 55.4956608], [37.7216561, 55.4962308], [37.7216484, 55.4968326], [37.7186941, 55.498229], [37.7114575, 55.4980892], [37.7092872, 55.4943837], [37.7022161, 55.4905213], [37.7058184, 55.488357], [37.7025861, 55.4865024], [37.7035957, 55.4858093], [37.701404, 55.483426], [37.6975872, 55.4809], [37.6879986, 55.4784356], [37.6878727, 55.4774689], [37.6894034, 55.4758071], [37.6895343, 55.4750773], [37.6885742, 55.4743941], [37.6847953, 55.4740351], [37.6839247, 55.4732369], [37.6843291, 55.4722922], [37.686118, 55.4711502], [37.6905438, 55.4699544], [37.6914995, 55.4690401], [37.6915461, 55.4681653], [37.6895091, 55.4646764], [37.6873533, 55.4642166], [37.6847493, 55.465438], [37.6835121, 55.4655373], [37.6790262, 55.4646079], [37.6781982, 55.4638801], [37.6776356, 55.4622583], [37.6755846, 55.4613036], [37.673323, 55.4610534], [37.6669265, 55.461919], [37.6651674, 55.4610424], [37.6658657, 55.4597737], [37.6703541, 55.4578903], [37.6709325, 55.4571387], [37.6698481, 55.4567717], [37.6671557, 55.4563263], [37.6634188, 55.4580187], [37.6620502, 55.4594988], [37.6537107, 55.4558535], [37.6549546, 55.454415], [37.6593409, 55.4513771], [37.6589357, 55.450264], [37.6591949, 55.4496712], [37.6623407, 55.4478761], [37.6616639, 55.4461956], [37.6556945, 55.4441122], [37.6509493, 55.4454751], [37.6502212, 55.4438366], [37.648964, 55.4432515], [37.64922, 55.4421258], [37.6480314, 55.4416743], [37.6479962, 55.4393839], [37.6444509, 55.4390714], [37.6436627, 55.4376474], [37.6420499, 55.4376777], [37.6405486, 55.437034], [37.640866, 55.4360183], [37.6418441, 55.4357395], [37.6415904, 55.4351965], [37.6407321, 55.4350824], [37.6410784, 55.4348913], [37.6404354, 55.4342754], [37.639443, 55.4341776], [37.6390431, 55.4336556], [37.639341, 55.4333605], [37.6388633, 55.4320215], [37.6395157, 55.4316275], [37.6392945, 55.4311723], [37.6397688, 55.4305097], [37.6390336, 55.430534], [37.6360103, 55.4257684], [37.6337152, 55.4241482], [37.6257718, 55.4211641], [37.6300266, 55.4170124], [37.6321672, 55.4163178], [37.6342058, 55.4147355], [37.6377554, 55.415776], [37.6420869, 55.4146603], [37.641887, 55.4117338], [37.6395058, 55.410679], [37.6347233, 55.4111408], [37.6307137, 55.410784], [37.6282397, 55.40983], [37.6249868, 55.4100305], [37.6244759, 55.4094576], [37.6224939, 55.4089269], [37.6214475, 55.4074876], [37.6198306, 55.4068061], [37.6188598, 55.4072066], [37.6163759, 55.4057043], [37.6157587, 55.4047059], [37.6159289, 55.4039713], [37.6171325, 55.4034762], [37.6172966, 55.4026584], [37.6167043, 55.4019448], [37.6177368, 55.4015404], [37.6169305, 55.4006851], [37.6151556, 55.4009747], [37.6148034, 55.4022904], [37.6120249, 55.4033523], [37.6089495, 55.4014735], [37.6065643, 55.4014521], [37.606641, 55.400419], [37.6131242, 55.4002726], [37.6132358, 55.398994], [37.6119937, 55.3991829], [37.6067229, 55.3981029], [37.6075019, 55.3951574], [37.6096837, 55.3945], [37.6090858, 55.3923302], [37.6096995, 55.3891285], [37.6161529, 55.3894052], [37.619736, 55.388879], [37.6200751, 55.3882076], [37.6220525, 55.3887794], [37.6232194, 55.388404], [37.6289611, 55.3901699], [37.6296558, 55.3897327], [37.629529, 55.387825], [37.6237029, 55.3810266], [37.621879, 55.3815691], [37.6209807, 55.3848373], [37.6196209, 55.3845568], [37.6184479, 55.3863436], [37.6163386, 55.3842145]]]}}, {"type": "Feature", "properties": {"rda_code": "MO-72", "rda_name": "LYUBERTSY AREA / incl. LYUBERTSY /", "osm_name": "городской округ Люберцы", "match_score": 0.92, "match_reason": "contains"}, "geometry": {"type": "Polygon", "coordinates": [[[37.793561, 55.6229597], [37.7964287, 55.6212098], [37.7975125, 55.6199371], [37.7974457, 55.6137665], [37.7975967, 55.6128627], [37.7988837, 55.6113774], [37.8031926, 55.6102509], [37.8097141, 55.6095307], [37.813975, 55.6095726], [37.8180399, 55.6106693], [37.8200032, 55.6115598], [37.8240903, 55.615278], [37.8263387, 55.6165279], [37.8373619, 55.6162518], [37.8476744, 55.6176396], [37.8502915, 55.6175182], [37.8529499, 55.6155729], [37.8555545, 55.6108758], [37.8571289, 55.6100245], [37.8667022, 55.6093449], [37.8692027, 55.607239], [37.8691559, 55.6060521], [37.8679848, 55.6050097], [37.8559136, 55.6028796], [37.8542958, 55.6020865], [37.85377, 55.6011761], [37.8541071, 55.6002959], [37.856743, 55.599181], [37.8704976, 55.5969418], [37.8712686, 55.6016836], [37.8756374, 55.6020571], [37.8807822, 55.6016615], [37.8844037, 55.602996], [37.8889944, 55.6029344], [37.8995494, 55.6051414], [37.9019654, 55.6048746], [37.9034982, 55.6061531], [37.9066941, 55.606983], [37.9121399, 55.6045796], [37.9134846, 55.5983089], [37.9141664, 55.5983436], [37.9152869, 55.5931293], [37.9149156, 55.592051], [37.9155907, 55.5892481], [37.9170304, 55.5882482], [37.9211143, 55.5875825], [37.9264578, 55.584356], [37.925982, 55.5730525], [37.9301994, 55.5729626], [37.9291052, 55.5745643], [37.9316709, 55.5752722], [37.9333726, 55.5724782], [37.9367952, 55.5693514], [37.9406183, 55.56854], [37.9420735, 55.5688843], [37.9422335, 55.5708963], [37.947211, 55.5714983], [37.9484896, 55.572651], [37.9492561, 55.5726181], [37.9491069, 55.5718135], [37.9522725, 55.5696698], [37.9561787, 55.5723944], [37.9592724, 55.5723498], [37.9594866, 55.5711517], [37.9650461, 55.5715986], [37.9661985, 55.5689952], [37.9681229, 55.5673229], [37.9721878, 55.5700507], [37.9734804, 55.5694829], [37.9731478, 55.5681174], [37.973682, 55.5676667], [37.9734053, 55.5672705], [37.9739584, 55.566317], [37.9721039, 55.5642721], [37.9662269, 55.5635148], [37.9629013, 55.5624757], [37.962004, 55.56102], [37.9620296, 55.5605288], [37.9646188, 55.5592939], [37.9687282, 55.5537788], [37.9653457, 55.5526913], [37.9689211, 55.5509349], [37.9661135, 55.5491385], [37.97561, 55.5452614], [37.9839471, 55.5408181], [37.9899162, 55.5386035], [37.9934778, 55.5388569], [37.9994497, 55.5425975], [38.0155768, 55.5500068], [38.0234176, 55.5549271], [38.029721, 55.562921], [38.0257345, 55.5637256], [38.0267731, 55.5741024], [38.0314783, 55.5707104], [38.0331563, 55.5698069], [38.033481, 55.5700363], [38.0257506, 55.5755513], [38.0289399, 55.5735176], [38.0321721, 55.5767901], [38.0347375, 55.5784294], [38.0347821, 55.5788833], [38.0353563, 55.5787598], [38.0287152, 55.582665], [38.0237464, 55.58416], [38.0200326, 55.5874469], [38.0227926, 55.5881987], [38.0211967, 55.5902195], [38.0247855, 55.5922747], [38.0216922, 55.5946747], [38.0326179, 55.5981145], [38.0401909, 55.6037277], [38.0409736, 55.6047627], [38.0408744, 55.6055713], [38.0398404, 55.6068366], [38.0377636, 55.6068502], [38.0377025, 55.6073353], [38.0336896, 55.6068322], [38.0332493, 55.6075515], [38.0360665, 55.6080961], [38.0353723, 55.6086521], [38.037564, 55.6091372], [38.03525, 55.6114742], [38.0334595, 55.6148955], [38.0304382, 55.6144971], [38.0299539, 55.6153544], [38.0263464, 55.6159967], [38.0269709, 55.6168065], [38.0306025, 55.6164191], [38.0312557, 55.6175503], [38.0308417, 55.6180286], [38.033133, 55.6231999], [38.0314918, 55.6234367], [38.0237369, 55.6216803], [38.0122596, 55.6184157], [37.9991353, 55.6137823], [37.998298, 55.6141087], [38.0114575, 55.6183185], [38.0108807, 55.6184911], [38.030794, 55.623504], [38.009648, 55.6247532], [38.0177152, 55.6244609], [38.0181927, 55.629129], [38.0256281, 55.6289849], [38.0258465, 55.6327809], [38.0247176, 55.6327759], [38.0246068, 55.6352255], [38.0313263, 55.6362762], [38.0325395, 55.6371278], [38.0336508, 55.6396], [38.0345784, 55.6403615], [38.0376259, 55.6405113], [38.0385021, 55.6401668], [38.039384, 55.6405918], [38.0418323, 55.6402354], [38.0406826, 55.6428555], [38.0477286, 55.6429643], [38.0445805, 55.6468938], [38.0424125, 55.6486263], [38.0445225, 55.6490384], [38.0429004, 55.6499932], [38.0408658, 55.6527606], [38.0471139, 55.65603], [38.047565, 55.6553015], [38.0502055, 55.6553455], [38.0513106, 55.6558961], [38.0529938, 55.6537222], [38.0557105, 55.6533496], [38.0560868, 55.6561098], [38.0597126, 55.6561947], [38.0596163, 55.6583193], [38.0590773, 55.6584199], [38.0603211, 55.6618505], [38.0613053, 55.6620977], [38.0647745, 55.6613245], [38.0686922, 55.6647136], [38.0697664, 55.6662277], [38.0761415, 55.6650079], [38.0873893, 55.6790416], [38.0795887, 55.6810242], [38.0758349, 55.6852001], [38.0745998, 55.687499], [38.0735944, 55.6870779], [38.0703282, 55.6892646], [38.0725341, 55.6903466], [38.0702359, 55.6915811], [38.0620119, 55.6897329], [38.0645316, 55.694054], [38.0649919, 55.6952336], [38.0640705, 55.6952829], [38.0650373, 55.6974142], [38.0584348, 55.697591], [38.0412823, 55.7004414], [38.038071, 55.7015001], [38.0375359, 55.7009889], [38.0307031, 55.701742], [38.0300575, 55.7028492], [38.0285157, 55.703829], [38.0239995, 55.7055162], [38.0231023, 55.705336], [38.0231925, 55.7050241], [38.021277, 55.7053291], [38.0191068, 55.7046401], [38.0179501, 55.7055612], [38.0178957, 55.7084297], [38.0167888, 55.7085029], [38.0176593, 55.7115357], [38.0136562, 55.7130979], [38.009307, 55.712287], [38.0097813, 55.7101691], [38.0082443, 55.7093854], [38.0041331, 55.7081763], [38.0018082, 55.708392], [37.9992157, 55.7075476], [37.9985707, 55.7059523], [37.9959326, 55.7039247], [37.9938082, 55.7045076], [37.991878, 55.7043498], [37.9873281, 55.7029235], [37.9806108, 55.7085401], [37.9741161, 55.7112077], [37.9754126, 55.7153012], [37.9738957, 55.7161103], [37.9594228, 55.7184392], [37.9574293, 55.72063], [37.9562229, 55.7211773], [37.950181, 55.7210131], [37.948041, 55.7202503], [37.9555126, 55.720222], [37.9584742, 55.7176168], [37.9674277, 55.716249], [37.9606662, 55.7147541], [37.9598592, 55.7140911], [37.9667063, 55.7104986], [37.964077, 55.7093106], [37.9530979, 55.7112623], [37.9496668, 55.7113411], [37.947302, 55.7085965], [37.9579107, 55.7059401], [37.9597448, 55.7045084], [37.9582197, 55.7029398], [37.9589259, 55.7026134], [37.9570098, 55.7008737], [37.9560377, 55.7011036], [37.9565075, 55.7022066], [37.9557559, 55.7027316], [37.9542086, 55.7027752], [37.9529031, 55.7013629], [37.9533496, 55.7006091], [37.9466318, 55.7000094], [37.945237, 55.6991227], [37.9455387, 55.6980898], [37.9448393, 55.697767], [37.9447161, 55.6971238], [37.9486602, 55.6950725], [37.9497773, 55.6952421], [37.9508767, 55.6961866], [37.9556123, 55.6945131], [37.9539295, 55.692726], [37.9563543, 55.6927429], [37.9575785, 55.6938492], [37.9602039, 55.692774], [37.9578801, 55.6894508], [37.9611844, 55.6890271], [37.9611673, 55.6880814], [37.9634548, 55.6873656], [37.9632451, 55.6865588], [37.9647713, 55.6861743], [37.9628732, 55.6856636], [37.9629849, 55.6850358], [37.9637986, 55.6845183], [37.9630378, 55.6828163], [37.9635879, 55.6815758], [37.9633796, 55.680907], [37.9644024, 55.6798146], [37.9618591, 55.6777142], [37.9613556, 55.6756369], [37.9637963, 55.6739042], [37.9486257, 55.6755023], [37.9204717, 55.676143], [37.9189453, 55.6805191], [37.9137928, 55.6816045], [37.9142673, 55.6830077], [37.9132908, 55.6833168], [37.9172582, 55.6862674], [37.9177251, 55.6876942], [37.9186031, 55.68826], [37.9231927, 55.6892714], [37.9282528, 55.6949993], [37.9358711, 55.696811], [37.939877, 55.696504], [37.9398067, 55.6980146], [37.9266095, 55.6982211], [37.924743, 55.6970422], [37.9189383, 55.6994252], [37.9151667, 55.6970473], [37.9134366, 55.6978652], [37.913525, 55.7021999], [37.9122367, 55.7029951], [37.9114697, 55.7047888], [37.9073625, 55.7046228], [37.9061276, 55.7062585], [37.9070118, 55.7069911], [37.8869711, 55.7052153], [37.8805731, 55.7011496], [37.8811401, 55.7008616], [37.8794724, 55.7002681], [37.8715322, 55.6952975], [37.8600534, 55.7011368], [37.8595289, 55.7008246], [37.858176, 55.7012543], [37.8573155, 55.7006976], [37.858407, 55.7001245], [37.8561665, 55.6987648], [37.8640933, 55.6936883], [37.8600053, 55.6910309], [37.8647451, 55.6882644], [37.864792, 55.6873501], [37.8589569, 55.6772117], [37.8568896, 55.6757013], [37.8739141, 55.6677554], [37.8756304, 55.6660771], [37.8795255, 55.6645193], [37.880035, 55.6648371], [37.8952963, 55.6575778], [37.8924023, 55.6555479], [37.9007061, 55.6432164], [37.9000068, 55.6342234], [37.8913134, 55.6344714], [37.8914067, 55.6355433], [37.8786692, 55.6357043], [37.8770072, 55.6348146], [37.8752765, 55.6349267], [37.8754249, 55.6353373], [37.8734144, 55.6361727], [37.868827, 55.635918], [37.8678707, 55.6362554], [37.8673418, 55.6352274], [37.8643035, 55.6354204], [37.860625, 55.6371577], [37.8559716, 55.6378252], [37.8541598, 55.6392624], [37.8482696, 55.6375975], [37.8455091, 55.6394691], [37.8417857, 55.6406752], [37.8426177, 55.6427343], [37.8438859, 55.6436367], [37.8436612, 55.6443373], [37.8414543, 55.6447573], [37.8417022, 55.6450858], [37.8410914, 55.6455148], [37.8387271, 55.6459876], [37.8384904, 55.6477074], [37.8355407, 55.647544], [37.8349822, 55.6473779], [37.8352286, 55.6456836], [37.8284407, 55.6456765], [37.8273401, 55.6450855], [37.8225401, 55.6415104], [37.8241147, 55.6405853], [37.8235106, 55.6396749], [37.8217579, 55.6390816], [37.8207199, 55.6394263], [37.8181167, 55.6390925], [37.793561, 55.6229597]]]}}, {"type": "Feature", "properties": {"rda_code": "MO-66", "rda_name": "KLINSKY AREA / incl. VYSOKOVSK, KLIN /", "osm_name": "городской округ Клин", "match_score": 0.88, "match_reason": "token:klin~klinsky vysokovsk klin"}, "geometry": {"type": "Polygon", "coordinates": [[[36.0886671, 56.3356617], [36.0948754, 56.3337316], [36.0934916, 56.3337094], [36.1362181, 56.3083107], [36.1397624, 56.3063201], [36.1419714, 56.3058443], [36.1428902, 56.3046649], [36.1511451, 56.3023875], [36.1539458, 56.3023322], [36.1561878, 56.2998689], [36.1526624, 56.2975409], [36.1544429, 56.2880734], [36.1561415, 56.2870669], [36.1555333, 56.2845881], [36.1570217, 56.283805], [36.1794793, 56.2864903], [36.2006226, 56.2866977], [36.1969945, 56.284387], [36.1931288, 56.2835317], [36.1868466, 56.2796101], [36.1836769, 56.2757319], [36.1875873, 56.2687887], [36.1862093, 56.2622058], [36.185402, 56.2613878], [36.1857173, 56.2605299], [36.202895, 56.2588162], [36.2103943, 56.2484563], [36.2128989, 56.2441199], [36.2098234, 56.2409311], [36.2059605, 56.243015], [36.1984758, 56.2445278], [36.1919797, 56.2434824], [36.1897593, 56.2374979], [36.1853206, 56.2396544], [36.1787379, 56.2384271], [36.181242, 56.2331937], [36.204365, 56.220163], [36.1998929, 56.2175791], [36.1986195, 56.2174211], [36.1985907, 56.2170158], [36.1998446, 56.2160784], [36.2016332, 56.2159183], [36.2016559, 56.2154286], [36.2054889, 56.2153426], [36.2062133, 56.2108942], [36.2100641, 56.20828], [36.210419, 56.2066622], [36.2115134, 56.2057902], [36.2176843, 56.2046855], [36.2241641, 56.2044959], [36.2301887, 56.2060247], [36.239306, 56.205591], [36.2539036, 56.2084467], [36.2591077, 56.2078312], [36.2634701, 56.2059634], [36.2670102, 56.2085607], [36.2729595, 56.205823], [36.2670755, 56.2011264], [36.267907, 56.1958032], [36.2668103, 56.194117], [36.263544, 56.1920572], [36.2643216, 56.1909146], [36.2631284, 56.1901136], [36.2634336, 56.1872199], [36.2626293, 56.1870788], [36.2628823, 56.1867118], [36.2613161, 56.1856966], [36.2617423, 56.1848413], [36.2656416, 56.1846805], [36.2749868, 56.1810072], [36.2806694, 56.182145], [36.2897876, 56.1807711], [36.2917108, 56.1811302], [36.2939636, 56.1827143], [36.298053, 56.1836539], [36.3046815, 56.1864392], [36.3053718, 56.1828304], [36.3023214, 56.181033], [36.3019265, 56.1801127], [36.3000482, 56.179431], [36.3027891, 56.1781546], [36.3024478, 56.177787], [36.3037169, 56.176552], [36.3078739, 56.1735214], [36.3116854, 56.1716982], [36.3112492, 56.1711328], [36.3114285, 56.169522], [36.3110814, 56.1690209], [36.3127361, 56.1677301], [36.3192859, 56.1679591], [36.3228746, 56.1662141], [36.3265654, 56.165171], [36.3317109, 56.1662236], [36.3326859, 56.1660548], [36.3339668, 56.1650298], [36.3356396, 56.1647761], [36.3407156, 56.1661379], [36.3400694, 56.1680279], [36.3500148, 56.1686942], [36.3491927, 56.1649527], [36.3414278, 56.1647977], [36.3388718, 56.1641307], [36.3360298, 56.1603415], [36.3379769, 56.1602532], [36.3398578, 56.1591415], [36.3425171, 56.1595018], [36.3429126, 56.1600846], [36.3440446, 56.1595374], [36.3454448, 56.1599625], [36.3460138, 56.159822], [36.3460618, 56.1593285], [36.3477042, 56.1593742], [36.3477763, 56.1588938], [36.350466, 56.159203], [36.3487735, 56.1553432], [36.3496666, 56.1473493], [36.3478369, 56.1461314], [36.345648, 56.1456051], [36.3333213, 56.1471128], [36.3336823, 56.1435447], [36.3445913, 56.1295342], [36.341727, 56.1268685], [36.3347105, 56.1232695], [36.3315393, 56.1203053], [36.3280334, 56.1188489], [36.328496, 56.1168273], [36.3334578, 56.1143704], [36.3362204, 56.1120317], [36.3367886, 56.1102038], [36.3367047, 56.1086119], [36.332534, 56.104597], [36.3357185, 56.0982902], [36.3344132, 56.095311], [36.3342058, 56.0905388], [36.3393807, 56.0879407], [36.3408915, 56.086398], [36.3408138, 56.0843158], [36.3394376, 56.0818774], [36.3336484, 56.0798484], [36.33277, 56.0790142], [36.3309986, 56.0785361], [36.3309484, 56.0781219], [36.3317155, 56.0736367], [36.3381806, 56.0670737], [36.3755503, 56.068296], [36.4528117, 56.0689807], [36.4523029, 56.0705247], [36.4528506, 56.0726537], [36.4572828, 56.0744674], [36.4598184, 56.076691], [36.460671, 56.078093], [36.4623279, 56.078659], [36.4645239, 56.0808658], [36.4679457, 56.0813087], [36.4699036, 56.0809122], [36.4711975, 56.0815767], [36.4718214, 56.0813433], [36.4712905, 56.0808151], [36.4716644, 56.0804832], [36.4723396, 56.080787], [36.4732292, 56.0801825], [36.4738511, 56.0806924], [36.4744374, 56.0800835], [36.474642, 56.080705], [36.4753139, 56.0805301], [36.4756716, 56.0796933], [36.4770559, 56.0802918], [36.4784017, 56.080084], [36.4782133, 56.0792485], [36.4777221, 56.0790462], [36.4784433, 56.0788577], [36.4782126, 56.0783692], [36.4770936, 56.0785714], [36.4791043, 56.0774066], [36.4785667, 56.0772259], [36.4784041, 56.0761885], [36.4793251, 56.0758674], [36.4800204, 56.0745036], [36.4840138, 56.0741762], [36.4847614, 56.0733658], [36.4865552, 56.073283], [36.4861888, 56.0731529], [36.4891217, 56.0701348], [36.4989813, 56.0753075], [36.5027666, 56.0758202], [36.5161872, 56.0765611], [36.5184474, 56.072498], [36.5267265, 56.073217], [36.5370802, 56.0778289], [36.5360435, 56.0787128], [36.5547049, 56.0801087], [36.5569465, 56.0779708], [36.5623037, 56.0837924], [36.5695742, 56.0814467], [36.5760956, 56.0818305], [36.5765407, 56.0839601], [36.57999, 56.083903], [36.5820423, 56.0834231], [36.5872534, 56.0808917], [36.5878857, 56.0790926], [36.5904127, 56.0794422], [36.5983381, 56.07889], [36.5984244, 56.0778969], [36.601856, 56.0778492], [36.6009169, 56.0788501], [36.601353, 56.0795306], [36.6030714, 56.0804147], [36.604663, 56.080404], [36.606273, 56.0810712], [36.6059915, 56.0816654], [36.6166572, 56.0790046], [36.616871, 56.082542], [36.6188043, 56.0854421], [36.6226787, 56.0880286], [36.6309355, 56.0869339], [36.6365551, 56.0822826], [36.6415565, 56.0831849], [36.650553, 56.0862334], [36.6530343, 56.0921534], [36.651056, 56.0921409], [36.6471795, 56.0951384], [36.6471942, 56.0958441], [36.6460379, 56.0960669], [36.6456599, 56.0976515], [36.6463569, 56.098757], [36.644288, 56.1020118], [36.6405477, 56.10247], [36.6417006, 56.1040207], [36.6373444, 56.1058611], [36.6367087, 56.1070923], [36.6333344, 56.1074949], [36.6329571, 56.1082036], [36.6362612, 56.1090109], [36.6351587, 56.1112319], [36.6381112, 56.112804], [36.6426726, 56.1124317], [36.6430439, 56.1101438], [36.65911, 56.1074427], [36.6580132, 56.105735], [36.6625818, 56.1042704], [36.6656918, 56.106545], [36.6703174, 56.1074635], [36.6686879, 56.1057401], [36.6679911, 56.1031233], [36.6690975, 56.1015229], [36.6734891, 56.101199], [36.6764924, 56.101682], [36.6779095, 56.1011234], [36.6795116, 56.1027976], [36.6817064, 56.1041102], [36.683424, 56.1061929], [36.6878575, 56.1074262], [36.691669, 56.1068618], [36.6917712, 56.1083337], [36.6875324, 56.1102128], [36.6904234, 56.111429], [36.6922439, 56.1112929], [36.6921944, 56.1123174], [36.6933928, 56.1128036], [36.6922672, 56.1142965], [36.6932816, 56.1150747], [36.6915953, 56.115445], [36.6907127, 56.1162395], [36.6865159, 56.1146667], [36.6764755, 56.114943], [36.6768568, 56.1175648], [36.6790597, 56.1180392], [36.680262, 56.1197749], [36.6795277, 56.1223596], [36.6799954, 56.12299], [36.6776222, 56.1239532], [36.6744915, 56.1238459], [36.6702515, 56.1246679], [36.6686122, 56.1271208], [36.6708251, 56.127147], [36.6717456, 56.1257952], [36.6755776, 56.1249079], [36.6757021, 56.1244055], [36.6770491, 56.1244388], [36.6766795, 56.1250911], [36.6772385, 56.1253731], [36.6809492, 56.1232624], [36.6826258, 56.1228216], [36.6845621, 56.1236323], [36.6875599, 56.1232764], [36.6894468, 56.1235557], [36.6915517, 56.1218624], [36.6934095, 56.118758], [36.6976415, 56.1198205], [36.6998923, 56.1198408], [36.69955, 56.118933], [36.7016566, 56.1190607], [36.7037898, 56.1165399], [36.7039635, 56.1143002], [36.7048059, 56.1129615], [36.7104746, 56.1118058], [36.7151313, 56.1123705], [36.7163038, 56.1119178], [36.7163618, 56.1107599], [36.713978, 56.1092143], [36.7114902, 56.1064025], [36.7133203, 56.1053825], [36.7177867, 56.1051358], [36.7180848, 56.1032899], [36.7154604, 56.1019816], [36.7214754, 56.1010431], [36.7213435, 56.1002234], [36.7244614, 56.1001665], [36.7268765, 56.1022308], [36.7274585, 56.1040016], [36.7288499, 56.1050358], [36.7285865, 56.1054447], [36.7229577, 56.1065586], [36.716572, 56.1056851], [36.7144876, 56.1056669], [36.7126987, 56.1063122], [36.715082, 56.1080974], [36.7172212, 56.1111223], [36.7165823, 56.1120744], [36.7155724, 56.1126617], [36.7133516, 56.1126732], [36.711308, 56.1120112], [36.70559, 56.1129049], [36.7043761, 56.1143954], [36.7044799, 56.1157198], [36.705226, 56.1148716], [36.7092908, 56.1142129], [36.7100066, 56.1147669], [36.7095765, 56.1162431], [36.7112088, 56.1176547], [36.7205263, 56.1172426], [36.7217121, 56.1179119], [36.7229402, 56.1176575], [36.7261306, 56.1181107], [36.7255101, 56.1189173], [36.7280473, 56.1187632], [36.7280418, 56.1178118], [36.729004, 56.1169828], [36.7289784, 56.1154059], [36.7281742, 56.1149052], [36.725894, 56.1147641], [36.7240561, 56.1134604], [36.7250789, 56.1113005], [36.7314208, 56.1115244], [36.7314717, 56.1129989], [36.7322986, 56.1144033], [36.7348603, 56.1161303], [36.7367745, 56.1209731], [36.7401613, 56.1224207], [36.7389285, 56.1224397], [36.7322927, 56.1259455], [36.733585, 56.126316], [36.7338023, 56.1269183], [36.7361568, 56.1273885], [36.7362759, 56.1281868], [36.7443591, 56.12802], [36.7445506, 56.129086], [36.7431649, 56.1295793], [36.7432946, 56.1305936], [36.74476, 56.1309939], [36.7447522, 56.1315444], [36.747911, 56.1320073], [36.7478045, 56.1329807], [36.7483927, 56.1333709], [36.7518655, 56.1333524], [36.7531976, 56.1350036], [36.7545277, 56.138487], [36.7520735, 56.1391094], [36.7461121, 56.1389976], [36.7472244, 56.1393919], [36.7533, 56.139083], [36.7547163, 56.1386494], [36.7558283, 56.1394266], [36.7560114, 56.1436659], [36.7530028, 56.1441274], [36.7505451, 56.1439025], [36.7330378, 56.153263], [36.7372146, 56.1546228], [36.7313268, 56.1609133], [36.723699, 56.1640858], [36.7264293, 56.165877], [36.7286043, 56.1647745], [36.7302835, 56.1650109], [36.7334861, 56.1667031], [36.7332487, 56.1669881], [36.7347589, 56.168467], [36.738721, 56.1711094], [36.7453077, 56.1713598], [36.7453131, 56.1720891], [36.7443779, 56.172767], [36.7464834, 56.1732772], [36.7471833, 56.1739048], [36.7479395, 56.1758725], [36.7474905, 56.177202], [36.747806, 56.1776567], [36.7462358, 56.1781749], [36.745599, 56.1793031], [36.7424344, 56.1790071], [36.7338039, 56.1798703], [36.7360829, 56.1826546], [36.7399936, 56.1825733], [36.7424135, 56.1833456], [36.7418537, 56.1835569], [36.7422081, 56.1841855], [36.7414167, 56.1844156], [36.7415631, 56.1848732], [36.741074, 56.1852693], [36.7432075, 56.1852954], [36.7482715, 56.186637], [36.7462241, 56.1888458], [36.7513239, 56.1907507], [36.7506042, 56.1943423], [36.7494951, 56.1961013], [36.7493332, 56.1983086], [36.7478932, 56.1994703], [36.7478079, 56.2009089], [36.7424959, 56.2016217], [36.746679, 56.2049166], [36.7460479, 56.2074515], [36.7567816, 56.2135465], [36.7651476, 56.2134143], [36.7685598, 56.2175362], [36.8004053, 56.2182746], [36.8098595, 56.2265033], [36.8543784, 56.2278972], [36.8530579, 56.2293914], [36.8545601, 56.2310074], [36.8680467, 56.227282], [36.8681194, 56.2311004], [36.8638973, 56.2338227], [36.8646576, 56.2367673], [36.8645248, 56.2387149], [36.8664057, 56.2402573], [36.8652981, 56.2441315], [36.8624461, 56.2459797], [36.8650664, 56.2484575], [36.8698461, 56.2504441], [36.8699558, 56.2537599], [36.8679413, 56.2558522], [36.871745, 56.259614], [36.8747462, 56.2568986], [36.8779308, 56.2570462], [36.8779832, 56.2642726], [36.8803886, 56.2672168], [36.8785179, 56.2711141], [36.8846259, 56.2719529], [36.882875, 56.2747634], [36.8837605, 56.2764785], [36.879718, 56.2760564], [36.8789487, 56.2783615], [36.8780947, 56.2786115], [36.8789991, 56.2808131], [36.8784959, 56.281318], [36.8792187, 56.2830642], [36.8818219, 56.2841255], [36.8817293, 56.2851572], [36.8835981, 56.288058], [36.8826153, 56.2897629], [36.882727, 56.2903886], [36.8851925, 56.2893984], [36.8882774, 56.2907732], [36.888941, 56.2903644], [36.8882228, 56.2897795], [36.8889381, 56.2894536], [36.8896241, 56.2900287], [36.8927987, 56.2907544], [36.8938168, 56.290319], [36.8952323, 56.2905308], [36.8954316, 56.2897564], [36.8969965, 56.2898569], [36.8982737, 56.2890753], [36.9001752, 56.2893607], [36.900703, 56.2902099], [36.9023549, 56.2898413], [36.9039849, 56.2904404], [36.9056685, 56.2900937], [36.9056631, 56.2910791], [36.9081573, 56.2907482], [36.909708, 56.2912666], [36.909733, 56.2916859], [36.9160719, 56.2923951], [36.9206916, 56.2922457], [36.9196248, 56.2969363], [36.9185049, 56.2988996], [36.9112438, 56.2988457], [36.9078492, 56.2995632], [36.9089518, 56.2998623], [36.910212, 56.3013158], [36.9150991, 56.3042375], [36.9160872, 56.3054974], [36.9157465, 56.3064665], [36.9170247, 56.3077615], [36.9191748, 56.3052702], [36.9342137, 56.3082276], [36.934218, 56.3094751], [36.9388844, 56.3118302], [36.9401794, 56.312972], [36.9456294, 56.313557], [36.9460102, 56.3122535], [36.9457374, 56.3115505], [36.9486155, 56.311434], [36.9496951, 56.3118125], [36.954064, 56.3158214], [36.9651874, 56.3117448], [36.9701823, 56.3106955], [36.9718279, 56.3116435], [36.9757407, 56.312524], [36.9831581, 56.308317], [36.9939776, 56.3041733], [36.9938302, 56.3030383], [36.9977179, 56.3005068], [37.0015124, 56.3017843], [37.0021213, 56.3037234], [37.0083382, 56.305699], [37.0125419, 56.305247], [37.0175115, 56.3083283], [37.0179032, 56.3088623], [37.0075662, 56.3101085], [37.0094516, 56.3151506], [37.0093743, 56.3171575], [37.0101075, 56.3180181], [37.008772, 56.3185802], [36.999852, 56.3185041], [36.9935462, 56.3208774], [36.9962019, 56.325792], [36.9755587, 56.329984], [36.9724878, 56.3321751], [36.9719335, 56.3333852], [36.9768224, 56.3396052], [36.981746, 56.3405002], [36.9849314, 56.3380041], [36.9893958, 56.3379827], [36.996073, 56.3369366], [37.0017674, 56.334606], [37.0057999, 56.3347396], [37.0165834, 56.3396603], [37.0145375, 56.3420097], [37.0222734, 56.3438211], [37.0195866, 56.3477722], [37.0174802, 56.3493264], [37.0163393, 56.3483774], [37.0121197, 56.3474222], [37.0036532, 56.3507739], [36.9977657, 56.3549397], [36.9993061, 56.3607763], [37.0010959, 56.363376], [37.0003558, 56.3645287], [37.0022281, 56.3649498], [37.0030616, 56.3634663], [37.0038542, 56.3638129], [37.0037606, 56.364413], [37.0047249, 56.364319], [37.0046658, 56.36319], [37.0077889, 56.3641355], [37.0105647, 56.3632739], [37.0106727, 56.3641307], [37.0121323, 56.3645624], [37.0123577, 56.3643438], [37.0114425, 56.3638035], [37.0138253, 56.3631211], [37.0151619, 56.3634665], [37.0149508, 56.3641114], [37.0167098, 56.3640986], [37.017876, 56.3635495], [37.0182968, 56.3636839], [37.0178326, 56.3644258], [37.0182243, 56.3646389], [37.0225316, 56.3654418], [37.0244906, 56.365143], [37.0217944, 56.3683094], [37.0188362, 56.3701912], [37.0160867, 56.3702027], [37.0156942, 56.3732379], [37.0164832, 56.3744937], [37.0184727, 56.376021], [37.0197154, 56.3784793], [37.0245285, 56.380339], [37.0130177, 56.3939639], [37.0183302, 56.3947538], [37.0189264, 56.3935572], [37.0227585, 56.3938409], [37.0234715, 56.3926125], [37.0290433, 56.3936279], [37.031989, 56.3979048], [37.0428896, 56.3998945], [37.0452478, 56.4009585], [37.0451463, 56.4020121], [37.0439583, 56.4024905], [37.039433, 56.4018945], [37.0344641, 56.402365], [37.0265997, 56.4019125], [37.0310706, 56.4072059], [37.0237755, 56.4081832], [37.0323485, 56.4177257], [37.0288317, 56.4180613], [37.0262618, 56.4308421], [37.0216765, 56.4321232], [37.0197614, 56.4358027], [37.0165069, 56.4366553], [37.0148122, 56.4384078], [37.0125703, 56.4387309], [37.0123955, 56.4396065], [37.0102644, 56.4396531], [37.0078987, 56.4410978], [37.0067003, 56.4424361], [37.0062083, 56.4471425], [37.0086198, 56.4500538], [37.0068869, 56.4510083], [37.0040883, 56.4516326], [37.0012692, 56.4514241], [36.9992697, 56.4505536], [36.9911143, 56.4534738], [36.9880036, 56.4537448], [36.9875973, 56.4556262], [36.9839165, 56.4572935], [36.9829982, 56.4587474], [36.9776029, 56.4623093], [36.9786929, 56.4637996], [36.9817633, 56.4644028], [36.985904, 56.4661108], [36.9891372, 56.4689737], [36.9932578, 56.4709677], [36.9933358, 56.4738362], [37.001098, 56.4747767], [37.00133, 56.4758564], [37.0035484, 56.4773521], [37.002569, 56.4786964], [37.0039718, 56.4787045], [37.0044528, 56.4794888], [37.006179, 56.4800451], [37.0074411, 56.4811774], [37.0125866, 56.4815514], [37.0150618, 56.482289], [37.0149899, 56.4841953], [37.0162943, 56.4847245], [37.0168286, 56.4858885], [37.0168305, 56.4948705], [37.0219136, 56.4948634], [37.0238102, 56.4963495], [37.0297016, 56.4969385], [37.0329714, 56.4967752], [37.0329991, 56.50082], [37.0336818, 56.5044085], [37.0415469, 56.5040455], [37.063238, 56.5007214], [37.0725734, 56.5029366], [37.0727183, 56.5036635], [37.075371, 56.5057277], [37.0973727, 56.5113525], [37.0951868, 56.5131993], [37.0990209, 56.5224797], [37.1015243, 56.5235498], [37.1028081, 56.5263428], [37.0999358, 56.5326067], [37.0961533, 56.5325178], [37.0924187, 56.5337432], [37.0894736, 56.5335213], [37.08234, 56.5303468], [37.0752469, 56.5300835], [37.0709532, 56.5286021], [37.0672093, 56.5265738], [37.0531385, 56.5262019], [37.0444277, 56.5269488], [37.0438046, 56.5282429], [37.0375476, 56.5335515], [37.031445, 56.5338402], [37.0266514, 56.5349454], [37.018609, 56.5380784], [37.0064945, 56.5391463], [37.003313, 56.5405151], [36.99624, 56.5406204], [36.9924935, 56.5417459], [36.9829288, 56.546381], [36.9746995, 56.5475525], [36.9697959, 56.5468835], [36.9691874, 56.5472866], [36.9709271, 56.5645292], [36.967094, 56.5661583], [36.9613883, 56.5657411], [36.9607256, 56.5665406], [36.9338561, 56.5703881], [36.9274631, 56.5706598], [36.9220941, 56.5693685], [36.9165772, 56.5702749], [36.9075731, 56.5725619], [36.8989098, 56.5757954], [36.8992116, 56.5769061], [36.8961615, 56.5787092], [36.8917073, 56.5833564], [36.8861351, 56.5847154], [36.885653, 56.5823203], [36.883481, 56.5791096], [36.8805898, 56.5781078], [36.8730561, 56.5797499], [36.8531425, 56.5863168], [36.8463088, 56.5867494], [36.8342726, 56.5905452], [36.8294994, 56.5897287], [36.8235661, 56.590776], [36.8166382, 56.5951406], [36.8069224, 56.5952826], [36.803018, 56.5974755], [36.8008416, 56.5933282], [36.8054192, 56.5903445], [36.8130779, 56.5791033], [36.8038167, 56.5735838], [36.8003708, 56.5686151], [36.7853113, 56.5681927], [36.7513789, 56.5546205], [36.7498096, 56.5533214], [36.7530964, 56.5517109], [36.7408072, 56.546422], [36.7023554, 56.5381215], [36.6999308, 56.5385083], [36.6773014, 56.5327027], [36.6528698, 56.5232231], [36.6676102, 56.5152551], [36.6699406, 56.5134679], [36.6817212, 56.498062], [36.6741688, 56.4982076], [36.6722092, 56.499765], [36.6664624, 56.5020288], [36.6638082, 56.4997896], [36.6564584, 56.5027823], [36.6487413, 56.5034985], [36.6454399, 56.5072834], [36.6459374, 56.50996], [36.6525059, 56.5162953], [36.6455874, 56.5151217], [36.6428393, 56.5136152], [36.6397223, 56.5136442], [36.6390473, 56.5119523], [36.6277136, 56.5148088], [36.6268253, 56.5156022], [36.6215497, 56.5172019], [36.6194522, 56.5165779], [36.6148586, 56.517958], [36.6116568, 56.5159087], [36.6076086, 56.5161646], [36.5978472, 56.5126451], [36.5965946, 56.5103486], [36.5956317, 56.5098183], [36.5960139, 56.5090925], [36.5969095, 56.5087251], [36.5954993, 56.5082128], [36.5948799, 56.5075607], [36.5950311, 56.5068125], [36.5942625, 56.5061873], [36.5941621, 56.5057158], [36.5949945, 56.5049895], [36.5919214, 56.5042114], [36.5904962, 56.5027074], [36.5908963, 56.5013466], [36.5901697, 56.5010103], [36.5895697, 56.4998356], [36.5827093, 56.4993736], [36.5785549, 56.4985384], [36.5736276, 56.4988778], [36.5677493, 56.4980706], [36.5639923, 56.4985724], [36.5614215, 56.498105], [36.5542611, 56.5008286], [36.5514517, 56.499936], [36.5507003, 56.5003824], [36.5404777, 56.4967088], [36.5387514, 56.4891315], [36.5401583, 56.4876147], [36.5397611, 56.484004], [36.5420875, 56.4825408], [36.5397878, 56.4778186], [36.5424301, 56.4738432], [36.537906, 56.4726833], [36.5354868, 56.4744594], [36.445613, 56.4739516], [36.4425059, 56.4781193], [36.3982452, 56.4666525], [36.3923507, 56.4669331], [36.3929973, 56.4592162], [36.383028, 56.457481], [36.3760521, 56.4575309], [36.3759766, 56.4518982], [36.3598846, 56.450653], [36.3588521, 56.4484266], [36.3356117, 56.4473341], [36.3263588, 56.4448692], [36.3056152, 56.4414909], [36.3060285, 56.4403811], [36.3004578, 56.4388499], [36.2995326, 56.4373452], [36.2954936, 56.4335319], [36.2886319, 56.4337841], [36.2839483, 56.4305532], [36.2812795, 56.426657], [36.2762673, 56.4227109], [36.273977, 56.4175642], [36.1265917, 56.3995134], [36.1258346, 56.398249], [36.1269706, 56.3981138], [36.1262569, 56.3975199], [36.1293556, 56.3979779], [36.1294293, 56.3974473], [36.1300597, 56.3974213], [36.1305264, 56.3978993], [36.1314868, 56.3972018], [36.1316769, 56.39756], [36.1324028, 56.3973385], [36.1319462, 56.396977], [36.1328231, 56.3967454], [36.1322765, 56.3962144], [36.1331958, 56.3959986], [36.1308409, 56.3948865], [36.1295865, 56.3950536], [36.1281045, 56.3932052], [36.1246928, 56.386915], [36.1172167, 56.3849418], [36.1111865, 56.3856847], [36.1073041, 56.3881347], [36.1051487, 56.3849626], [36.099533, 56.3802851], [36.0973396, 56.3754818], [36.0978031, 56.3734058], [36.0952609, 56.3687999], [36.0920874, 56.367206], [36.0918569, 56.3484286], [36.0949121, 56.348428], [36.0961932, 56.3477112], [36.0936599, 56.3435547], [36.0937512, 56.3419343], [36.0886671, 56.3356617]]]}}, {"type": "Feature", "properties": {"rda_code": "MO-64", "rda_name": "ISTRINSKY AREA / incl. DEDOVSK, ISTRA /", "osm_name": "муниципальный округ Истра", "match_score": 0.92, "match_reason": "contains"}, "geometry": {"type": "Polygon", "coordinates": [[[36.2579261, 56.0568108], [36.2595911, 56.0558736], [36.2594466, 56.0554322], [36.2601636, 56.0546946], [36.2592364, 56.0539917], [36.2589411, 56.0526481], [36.2595292, 56.0517731], [36.2604255, 56.0514406], [36.2606857, 56.0499614], [36.2616011, 56.049665], [36.2635856, 56.0500094], [36.264361, 56.0495648], [36.2641697, 56.0491507], [36.2649438, 56.049036], [36.2644533, 56.0475954], [36.2650216, 56.046868], [36.2642297, 56.0465931], [36.2649474, 56.0461283], [36.2640897, 56.0450681], [36.2643753, 56.0446751], [36.2637873, 56.0444974], [36.2641783, 56.0441812], [36.2636708, 56.0439564], [36.2637041, 56.0434138], [36.2646278, 56.0420335], [36.2654708, 56.0419036], [36.2650903, 56.0412391], [36.2662804, 56.0403519], [36.2670383, 56.0387588], [36.2676259, 56.0386341], [36.2666612, 56.037721], [36.267129, 56.0375734], [36.2664958, 56.0374469], [36.2664382, 56.0359665], [36.2670009, 56.0353137], [36.2667706, 56.0338466], [36.2675218, 56.0326357], [36.2678392, 56.0308292], [36.271621, 56.0267969], [36.2739666, 56.025285], [36.2843072, 56.0221883], [36.2872414, 56.0207308], [36.2880919, 56.0196357], [36.2910178, 56.018021], [36.2898954, 56.0147239], [36.2880862, 56.0136145], [36.2893928, 56.0109055], [36.2893479, 56.0095972], [36.2905543, 56.0078937], [36.293945, 56.0075057], [36.2992453, 56.0085332], [36.3015458, 56.0072008], [36.3036771, 56.004553], [36.3108497, 56.0040691], [36.3205959, 56.0016862], [36.3226123, 56.0019473], [36.3261384, 55.9920298], [36.3279885, 55.9850321], [36.3256867, 55.9838212], [36.3262552, 55.9828269], [36.325572, 55.9812195], [36.324449, 55.9811911], [36.3260984, 55.9789042], [36.32631, 55.9772865], [36.3269238, 55.9770794], [36.3263271, 55.975748], [36.3291916, 55.971892], [36.3296332, 55.9703058], [36.3289346, 55.9702993], [36.3285765, 55.9691077], [36.3235482, 55.9696656], [36.321945, 55.9663392], [36.3221138, 55.9642255], [36.3217121, 55.9630251], [36.3276493, 55.9621602], [36.3356124, 55.962998], [36.3356717, 55.9635398], [36.3342032, 55.9640259], [36.3341528, 55.9646837], [36.3335895, 55.9644736], [36.3308806, 55.9655159], [36.331315, 55.9668034], [36.3338901, 55.9669058], [36.3334742, 55.9677401], [36.333729, 55.9682565], [36.332511, 55.9688798], [36.3334072, 55.9692893], [36.3326498, 55.9694714], [36.3333631, 55.9697598], [36.3334134, 55.9706843], [36.338402, 55.9698017], [36.3409683, 55.9653895], [36.3497319, 55.9653621], [36.3521774, 55.9664106], [36.3532175, 55.9663778], [36.3564612, 55.9711175], [36.3561656, 55.9738385], [36.3575625, 55.9753097], [36.35069, 55.9771594], [36.3470805, 55.9757567], [36.3498098, 55.9827861], [36.35647, 55.9835303], [36.3602224, 55.9844897], [36.3636788, 55.9787675], [36.3815169, 55.9820062], [36.3881708, 55.9828539], [36.3926875, 55.9828582], [36.3977302, 55.9823952], [36.3999219, 55.9786906], [36.4001378, 55.9769663], [36.4163652, 55.9758172], [36.4191012, 55.9765653], [36.4228496, 55.9767256], [36.4294358, 55.9791121], [36.4315379, 55.9791674], [36.4363754, 55.9804492], [36.4406718, 55.9794901], [36.4463229, 55.9764688], [36.4442797, 55.9748235], [36.4435438, 55.9751097], [36.4420928, 55.9732857], [36.4407416, 55.965734], [36.4369679, 55.9658553], [36.430783, 55.9669954], [36.4271888, 55.9654464], [36.4261633, 55.9645276], [36.4248717, 55.964555], [36.4242858, 55.9639481], [36.4235137, 55.9604568], [36.4249168, 55.9588332], [36.4278011, 55.9591266], [36.428246, 55.9600927], [36.4300926, 55.960334], [36.4364523, 55.9591803], [36.4392755, 55.9572366], [36.4430129, 55.9739723], [36.4436567, 55.9746507], [36.4443433, 55.9744286], [36.4471435, 55.9765177], [36.4464569, 55.9768659], [36.4488065, 55.9784987], [36.4512259, 55.9796362], [36.4569175, 55.9789609], [36.4596356, 55.9780268], [36.4662104, 55.9779581], [36.4752295, 55.9759778], [36.4736081, 55.9742818], [36.4731112, 55.966869], [36.4768184, 55.9670952], [36.4769304, 55.9647886], [36.4778409, 55.9629197], [36.4790614, 55.9620966], [36.4914978, 55.9620768], [36.491737, 55.9608495], [36.4926496, 55.9603859], [36.4926475, 55.9596883], [36.493634, 55.9587553], [36.4931256, 55.9561527], [36.4935565, 55.9551086], [36.4910251, 55.9441845], [36.4890738, 55.9259757], [36.4737868, 55.926654], [36.4729956, 55.9225731], [36.4707531, 55.9224693], [36.4713986, 55.926781], [36.4483812, 55.9280418], [36.4460158, 55.9266068], [36.4450787, 55.9253496], [36.4442694, 55.9229724], [36.4427372, 55.9217198], [36.4381855, 55.9200632], [36.43906, 55.9180815], [36.439947, 55.9186471], [36.4401529, 55.919503], [36.4439883, 55.9207319], [36.4432414, 55.9173605], [36.4412272, 55.915784], [36.439969, 55.9160621], [36.4417374, 55.9122862], [36.443184, 55.9125199], [36.448969, 55.9151112], [36.4523377, 55.9141455], [36.4581724, 55.9109409], [36.4583766, 55.9101751], [36.4604303, 55.9093062], [36.4629183, 55.9097133], [36.4660113, 55.9119953], [36.4721858, 55.9090384], [36.4691314, 55.9074082], [36.4696454, 55.9025818], [36.476628, 55.8990197], [36.487451, 55.8909336], [36.4900272, 55.8907368], [36.4905972, 55.8900949], [36.4943881, 55.889672], [36.4950753, 55.8891848], [36.5013852, 55.8878953], [36.5124221, 55.8828715], [36.5202259, 55.8780263], [36.5269645, 55.8731372], [36.5301676, 55.8643752], [36.5269967, 55.8612324], [36.5150213, 55.8573761], [36.4939784, 55.8485513], [36.4809898, 55.8471982], [36.476069, 55.8459977], [36.4759749, 55.8437701], [36.473076, 55.8408227], [36.4756618, 55.8391661], [36.4795297, 55.8397109], [36.4873859, 55.8380362], [36.4882443, 55.8382078], [36.4897047, 55.8367332], [36.4889655, 55.8353664], [36.4922065, 55.8348475], [36.4954082, 55.8332824], [36.498626, 55.8327325], [36.4970716, 55.8273686], [36.4970148, 55.8256835], [36.4936362, 55.8262682], [36.4898938, 55.8250369], [36.4838536, 55.8256756], [36.4822393, 55.8230994], [36.4712667, 55.823162], [36.4727463, 55.8164519], [36.4681614, 55.8166164], [36.4573385, 55.8158045], [36.4485697, 55.8168075], [36.4444018, 55.8165111], [36.4421523, 55.813889], [36.4425301, 55.8125532], [36.4400129, 55.8113022], [36.4391883, 55.8103789], [36.4424059, 55.807242], [36.4487175, 55.8046465], [36.4473726, 55.8036742], [36.4462765, 55.8038795], [36.4429871, 55.7997067], [36.4414543, 55.7997492], [36.4403769, 55.7975025], [36.4423671, 55.7970521], [36.4424748, 55.7960438], [36.4405005, 55.7953417], [36.4398677, 55.7935796], [36.4402658, 55.7925135], [36.4415636, 55.7911968], [36.4451802, 55.7891138], [36.4447479, 55.7878418], [36.4484174, 55.7867976], [36.4490122, 55.7878628], [36.4518992, 55.7875324], [36.4535159, 55.7878985], [36.4570617, 55.7900436], [36.4577986, 55.7899135], [36.459337, 55.7917058], [36.4608787, 55.7925244], [36.4678416, 55.792382], [36.4706029, 55.7934224], [36.4753181, 55.7940831], [36.4781093, 55.7937606], [36.4769593, 55.7928891], [36.4776077, 55.7850788], [36.4750763, 55.7821625], [36.4821874, 55.7795797], [36.4845013, 55.777066], [36.4878036, 55.7749221], [36.4923727, 55.7738394], [36.496914, 55.7713248], [36.5014404, 55.7709958], [36.5061561, 55.7720114], [36.5082083, 55.7785916], [36.5088985, 55.7795008], [36.5329026, 55.7769952], [36.5334184, 55.7801754], [36.5379259, 55.7804257], [36.5421484, 55.7800664], [36.5469264, 55.7812314], [36.5514268, 55.7848399], [36.5522379, 55.787212], [36.5586961, 55.7883313], [36.5807302, 55.7817079], [36.5839381, 55.7798495], [36.5912282, 55.7794725], [36.5967729, 55.7797851], [36.5995292, 55.7805811], [36.6009844, 55.7831534], [36.6017517, 55.7865775], [36.5957312, 55.7891274], [36.5978998, 55.791582], [36.5993504, 55.7919997], [36.6062403, 55.7959361], [36.6257534, 55.7960522], [36.6310025, 55.7983476], [36.6323346, 55.8027677], [36.6298001, 55.8035171], [36.6299489, 55.8050697], [36.6394626, 55.8090501], [36.6397463, 55.8094007], [36.6392247, 55.8097705], [36.6396236, 55.8106289], [36.6390499, 55.8115371], [36.6399486, 55.813416], [36.6396777, 55.8141127], [36.654643, 55.814265], [36.6533706, 55.8205689], [36.6557755, 55.824619], [36.6592858, 55.8232882], [36.6611369, 55.824799], [36.66217, 55.823456], [36.6643277, 55.8234076], [36.6679063, 55.8236005], [36.6709545, 55.8253124], [36.6670327, 55.8282628], [36.6611268, 55.8293016], [36.6587758, 55.8315369], [36.6595596, 55.8329194], [36.6614018, 55.8335177], [36.6660268, 55.8319728], [36.6691555, 55.8324055], [36.6715857, 55.8333984], [36.6715526, 55.8317672], [36.7189912, 55.8299229], [36.7551579, 55.8288235], [36.7578963, 55.8304722], [36.7603494, 55.8298043], [36.7611756, 55.8302839], [36.7653543, 55.8289999], [36.765282, 55.8281796], [36.7664379, 55.8275427], [36.7661327, 55.8255475], [36.7670943, 55.8248838], [36.7657018, 55.8243763], [36.7654232, 55.8238384], [36.7696996, 55.8227171], [36.7699324, 55.8219159], [36.7738081, 55.8225759], [36.7793017, 55.8188185], [36.7801181, 55.8179259], [36.7793746, 55.8169198], [36.7826777, 55.8176703], [36.7864235, 55.8209587], [36.7876461, 55.8212522], [36.7886288, 55.8224579], [36.7875144, 55.8235028], [36.7886626, 55.8240982], [36.7898074, 55.8237664], [36.7916382, 55.8251435], [36.7925139, 55.824515], [36.79441, 55.8251917], [36.7962276, 55.8250597], [36.7962582, 55.8246171], [36.7973491, 55.8240412], [36.7970897, 55.822172], [36.7997488, 55.820341], [36.8001797, 55.8208254], [36.801595, 55.8202342], [36.8046904, 55.8201797], [36.8074875, 55.8213788], [36.8101391, 55.8218267], [36.8107841, 55.8242531], [36.8192005, 55.8246216], [36.8356065, 55.8224261], [36.8372176, 55.8226547], [36.8392049, 55.8216728], [36.8403827, 55.8201758], [36.8408596, 55.8176328], [36.8435905, 55.8163359], [36.8438736, 55.8148365], [36.8501165, 55.8125213], [36.8543116, 55.8154537], [36.8549191, 55.8175677], [36.8571795, 55.8217939], [36.8607351, 55.8213646], [36.8621234, 55.8205625], [36.8802224, 55.8183151], [36.8784326, 55.81194], [36.8771228, 55.810383], [36.883081, 55.8064833], [36.8788097, 55.804337], [36.8788463, 55.8035375], [36.8806867, 55.8017964], [36.8842818, 55.8011349], [36.8866855, 55.8010661], [36.8904097, 55.802065], [36.8936816, 55.8020579], [36.9006337, 55.8041951], [36.9115702, 55.8064676], [36.9142648, 55.8076234], [36.9218095, 55.808287], [36.9246233, 55.811592], [36.9308321, 55.8068884], [36.9291415, 55.8061032], [36.928526, 55.8032935], [36.9295807, 55.8024879], [36.929993, 55.8001604], [36.9328414, 55.7993217], [36.9289662, 55.7990129], [36.9221105, 55.7994908], [36.9202917, 55.7972839], [36.9222384, 55.7963002], [36.9240027, 55.7929455], [36.9297043, 55.7937441], [36.9355266, 55.7953846], [36.9361942, 55.7862951], [36.953177, 55.7865359], [36.9490648, 55.7831837], [36.9531663, 55.7829328], [36.9536365, 55.780258], [36.9561895, 55.7803611], [36.9595074, 55.7813326], [36.9625799, 55.7810242], [36.9620888, 55.7792874], [36.9681281, 55.7792526], [36.9698586, 55.7765591], [36.970326, 55.7745464], [36.973649, 55.7748893], [36.9744812, 55.7760395], [36.9833322, 55.7760619], [36.9835661, 55.7754152], [36.9859639, 55.7743698], [36.9946015, 55.7723012], [37.015292, 55.763415], [37.0238195, 55.7589884], [37.0282469, 55.7586439], [37.0337126, 55.7631358], [37.0380959, 55.7649518], [37.0391834, 55.7645533], [37.0570055, 55.7634527], [37.0945666, 55.7616683], [37.0929757, 55.7641602], [37.0934133, 55.7664095], [37.0909158, 55.7667802], [37.0835051, 55.7659359], [37.0832932, 55.7671285], [37.0767965, 55.7667805], [37.0765843, 55.7701178], [37.079896, 55.7715647], [37.0777909, 55.7734362], [37.078835, 55.7749193], [37.0809588, 55.7760656], [37.0862753, 55.773355], [37.090466, 55.775516], [37.0935787, 55.7755488], [37.0933179, 55.7788111], [37.0965893, 55.7786258], [37.0967022, 55.7795491], [37.0984163, 55.7796131], [37.0987975, 55.7815027], [37.1047814, 55.7815999], [37.1050436, 55.7797426], [37.1106139, 55.7803047], [37.1112494, 55.7795402], [37.1154647, 55.7799441], [37.1122375, 55.7835067], [37.1151976, 55.7849385], [37.1208307, 55.7844681], [37.1212579, 55.7860047], [37.1235347, 55.7890487], [37.1234067, 55.7897683], [37.1270291, 55.7905583], [37.1266091, 55.7924247], [37.1268382, 55.7935524], [37.125267, 55.7954244], [37.1287961, 55.7993729], [37.1303728, 55.8030093], [37.1335813, 55.8061606], [37.1554067, 55.8080228], [37.1638897, 55.815647], [37.1617399, 55.8154591], [37.1602497, 55.8144887], [37.1565612, 55.8140281], [37.1558035, 55.8128319], [37.153834, 55.8116033], [37.152372, 55.8114076], [37.1494783, 55.8123881], [37.1484374, 55.8134072], [37.1492492, 55.8140268], [37.151546, 55.8138849], [37.1523068, 55.8158582], [37.1504267, 55.8170454], [37.1490858, 55.8196301], [37.1477802, 55.8208986], [37.147816, 55.8219625], [37.1505618, 55.8222405], [37.1495152, 55.8260616], [37.1523332, 55.8272892], [37.1560471, 55.826235], [37.1584527, 55.8263618], [37.1595942, 55.82709], [37.1533338, 55.8289798], [37.1550694, 55.8332997], [37.1545756, 55.8333332], [37.1545707, 55.8337845], [37.1518221, 55.8338804], [37.1504343, 55.8347266], [37.1507602, 55.8351387], [37.1455109, 55.8379041], [37.137816, 55.8378661], [37.1355083, 55.8416403], [37.1359582, 55.8425896], [37.135167, 55.8427225], [37.1371816, 55.8433749], [37.1386512, 55.8447484], [37.140597, 55.845397], [37.1445573, 55.8440655], [37.1458088, 55.8440542], [37.1459277, 55.8450174], [37.1449626, 55.8457631], [37.1458083, 55.8471062], [37.1472394, 55.8470007], [37.1475481, 55.8462046], [37.1487342, 55.8459953], [37.1516076, 55.8465755], [37.151015, 55.8479736], [37.1525662, 55.8487064], [37.1516235, 55.849239], [37.156115, 55.8524398], [37.1571592, 55.8547407], [37.1610107, 55.8540319], [37.1645617, 55.8520669], [37.1663378, 55.8529035], [37.166277, 55.8567245], [37.1669941, 55.858922], [37.1624233, 55.8608773], [37.1638577, 55.8621398], [37.1654179, 55.8617359], [37.1669271, 55.8634556], [37.1690646, 55.8634751], [37.1729974, 55.8626412], [37.1759756, 55.8630502], [37.1771817, 55.8660512], [37.1764102, 55.8667772], [37.1770704, 55.8673314], [37.1772156, 55.8707326], [37.1738594, 55.8705834], [37.1743855, 55.869133], [37.1727503, 55.8685673], [37.1711398, 55.8692475], [37.1707529, 55.8703441], [37.1689216, 55.8711026], [37.1687577, 55.8723643], [37.1732494, 55.8747482], [37.1726275, 55.8751697], [37.1742486, 55.8770397], [37.1685526, 55.8808564], [37.1711039, 55.8824738], [37.1696955, 55.8833963], [37.1708013, 55.8842021], [37.1677397, 55.8858849], [37.1666716, 55.885291], [37.1662438, 55.884347], [37.1672603, 55.8830592], [37.1631978, 55.8821948], [37.1616612, 55.8846174], [37.1548318, 55.8860026], [37.1553283, 55.8827685], [37.1536747, 55.884555], [37.1507489, 55.8866122], [37.1470545, 55.8880727], [37.1411553, 55.8873924], [37.1369624, 55.8880318], [37.1328856, 55.8903848], [37.1357242, 55.8933792], [37.1333621, 55.8983888], [37.1295632, 55.8995012], [37.1288211, 55.8985929], [37.127008, 55.8988617], [37.125816, 55.8994241], [37.1257916, 55.9007267], [37.1262076, 55.9012497], [37.127082, 55.9013122], [37.127012, 55.902685], [37.1285474, 55.9029789], [37.1291237, 55.9009903], [37.1355344, 55.9002933], [37.1381815, 55.9033914], [37.139975, 55.908351], [37.1395444, 55.9093131], [37.1379125, 55.9105595], [37.1346171, 55.9119271], [37.1318041, 55.9142854], [37.1243102, 55.9174751], [37.1235255, 55.9195605], [37.1241155, 55.9210263], [37.1160036, 55.9227852], [37.1126437, 55.9209914], [37.1147464, 55.9202636], [37.1132926, 55.9193549], [37.1133141, 55.9184705], [37.104449, 55.9206647], [37.1058939, 55.9211085], [37.1043879, 55.9222097], [37.1055923, 55.9229719], [37.1079837, 55.9241321], [37.1108872, 55.9244623], [37.1108938, 55.925315], [37.1142902, 55.9261894], [37.1127107, 55.9271576], [37.111575, 55.9289841], [37.1088003, 55.92838], [37.1038552, 55.9263007], [37.0981932, 55.9259205], [37.0974877, 55.9317803], [37.0984355, 55.9345761], [37.0966075, 55.9347507], [37.0982364, 55.9382968], [37.095457, 55.9381541], [37.0918688, 55.9433019], [37.0893241, 55.9456622], [37.0828638, 55.948638], [37.0607065, 55.9500819], [37.0614827, 55.951276], [37.0602293, 55.9520238], [37.0605699, 55.9531247], [37.0602037, 55.9558813], [37.0575927, 55.957041], [37.0574656, 55.9577925], [37.0580889, 55.9629409], [37.0621638, 55.9695927], [37.0591773, 55.9716632], [37.0615874, 55.9738995], [37.0620348, 55.9752918], [37.0616129, 55.9812534], [37.0645398, 55.9833472], [37.0570174, 55.9851646], [37.0582528, 55.989776], [37.0616451, 55.9892497], [37.0620082, 55.9888241], [37.0629034, 55.9890626], [37.0669696, 55.9884408], [37.0661531, 55.9912404], [37.0668241, 55.9948663], [37.0515372, 55.9940089], [37.0496759, 55.9888991], [37.0466677, 55.9896702], [37.0479052, 55.9937855], [37.040446, 55.9933543], [37.0368137, 55.9911093], [37.035299, 55.9888186], [37.0274677, 55.9871973], [37.0244408, 55.9879656], [37.0227598, 55.9869967], [37.0210528, 55.9867176], [37.0201755, 55.9858273], [37.0035616, 55.9832341], [37.0053609, 55.9958586], [36.9913065, 56.0028767], [36.9862774, 56.0114151], [36.9905783, 56.0118298], [36.9878895, 56.0159647], [36.9870025, 56.0166234], [36.9876519, 56.0184463], [36.9849916, 56.0192077], [36.9328094, 56.0219843], [36.9276182, 56.0224779], [36.9263435, 56.023575], [36.9208443, 56.0228331], [36.9180053, 56.0239658], [36.9085056, 56.0241374], [36.9077184, 56.0259051], [36.9072031, 56.0290958], [36.9063727, 56.0302206], [36.8974775, 56.0286412], [36.8949809, 56.0273834], [36.8928473, 56.0292016], [36.8891018, 56.0306722], [36.8827819, 56.0316047], [36.8811981, 56.0348207], [36.8783396, 56.0355124], [36.8692467, 56.0354511], [36.8648085, 56.0369013], [36.8612225, 56.0364066], [36.8565398, 56.0348631], [36.8538478, 56.0372899], [36.8508267, 56.0377192], [36.8505958, 56.0401988], [36.8480115, 56.042487], [36.8451631, 56.0426535], [36.8448526, 56.0421248], [36.8428444, 56.0417944], [36.8412845, 56.0425967], [36.8377245, 56.0428081], [36.835882, 56.0440879], [36.8357081, 56.0448413], [36.8406278, 56.0457179], [36.8470279, 56.0489157], [36.8458882, 56.0516543], [36.8432591, 56.0535968], [36.8403652, 56.0540689], [36.8397926, 56.0547722], [36.8353066, 56.053822], [36.8335062, 56.0543915], [36.8329731, 56.055613], [36.8342821, 56.0587569], [36.8332805, 56.0596752], [36.8293961, 56.0610863], [36.8246462, 56.0610985], [36.8225611, 56.0628305], [36.8212026, 56.0631503], [36.8212608, 56.0640898], [36.8247605, 56.0661936], [36.8250571, 56.0679092], [36.8268044, 56.0691681], [36.8276317, 56.0706009], [36.8284538, 56.0707017], [36.8283739, 56.0711216], [36.8221537, 56.0728739], [36.8151341, 56.0719787], [36.812401, 56.0743986], [36.8108515, 56.0739911], [36.8122114, 56.0733608], [36.8124621, 56.0727016], [36.8121229, 56.0722692], [36.8086086, 56.0727806], [36.8075384, 56.0738427], [36.8045395, 56.0746991], [36.8068171, 56.0753927], [36.8089992, 56.0768648], [36.808386, 56.0790512], [36.8055923, 56.0819949], [36.8037684, 56.0827775], [36.803804, 56.0819635], [36.7966557, 56.0814381], [36.7937677, 56.082282], [36.7920228, 56.0835109], [36.7907399, 56.0827893], [36.7882124, 56.0832861], [36.787604, 56.0839334], [36.787632, 56.0846998], [36.7901974, 56.0875579], [36.7917943, 56.0902714], [36.7912678, 56.0918654], [36.7905341, 56.0922625], [36.7874578, 56.092593], [36.7828946, 56.0919229], [36.7688422, 56.0961526], [36.7625995, 56.095486], [36.7604509, 56.0960426], [36.7593878, 56.0952409], [36.7577837, 56.0949425], [36.7576814, 56.0944723], [36.7543944, 56.0950814], [36.7519156, 56.0963925], [36.7499648, 56.0966654], [36.7497494, 56.0971973], [36.7464012, 56.0988859], [36.744209, 56.1006737], [36.7425104, 56.1024649], [36.7417791, 56.1063541], [36.7423473, 56.1069006], [36.7410937, 56.1081321], [36.7374293, 56.1077697], [36.7350156, 56.1062517], [36.7344091, 56.1046488], [36.7318513, 56.1060342], [36.7293477, 56.1084006], [36.7250755, 56.1089127], [36.7225504, 56.108221], [36.7206874, 56.1095265], [36.7199733, 56.1094748], [36.7200637, 56.1107392], [36.7183545, 56.1105698], [36.7172022, 56.1114574], [36.7162632, 56.1130798], [36.7152005, 56.1133545], [36.7153525, 56.1140813], [36.712503, 56.1145305], [36.7125116, 56.1140752], [36.7092908, 56.1142129], [36.705226, 56.1148716], [36.7044799, 56.1157198], [36.7043761, 56.1143954], [36.70559, 56.1129049], [36.711308, 56.1120112], [36.7133516, 56.1126732], [36.7155724, 56.1126617], [36.7165823, 56.1120744], [36.7172212, 56.1111223], [36.715082, 56.1080974], [36.7126987, 56.1063122], [36.7144876, 56.1056669], [36.716572, 56.1056851], [36.7229577, 56.1065586], [36.7281241, 56.1056174], [36.7288499, 56.1050358], [36.7274585, 56.1040016], [36.7268765, 56.1022308], [36.7244614, 56.1001665], [36.7213435, 56.1002234], [36.7214754, 56.1010431], [36.7154604, 56.1019816], [36.7180848, 56.1032899], [36.7177867, 56.1051358], [36.7133203, 56.1053825], [36.7114902, 56.1064025], [36.713978, 56.1092143], [36.7163618, 56.1107599], [36.7163038, 56.1119178], [36.7151313, 56.1123705], [36.7104746, 56.1118058], [36.7048059, 56.1129615], [36.7039635, 56.1143002], [36.7037898, 56.1165399], [36.7016566, 56.1190607], [36.69955, 56.118933], [36.6998923, 56.1198408], [36.6976415, 56.1198205], [36.6934095, 56.118758], [36.6915517, 56.1218624], [36.6894468, 56.1235557], [36.6875599, 56.1232764], [36.6845621, 56.1236323], [36.6826258, 56.1228216], [36.6809492, 56.1232624], [36.6772385, 56.1253731], [36.6766795, 56.1250911], [36.6770491, 56.1244388], [36.6757021, 56.1244055], [36.6755776, 56.1249079], [36.6717456, 56.1257952], [36.6708251, 56.127147], [36.6686122, 56.1271208], [36.6702515, 56.1246679], [36.6744915, 56.1238459], [36.6776222, 56.1239532], [36.6799954, 56.12299], [36.6795277, 56.1223596], [36.680262, 56.1197749], [36.6790597, 56.1180392], [36.6768568, 56.1175648], [36.6764755, 56.114943], [36.6865159, 56.1146667], [36.6907127, 56.1162395], [36.6915953, 56.115445], [36.6933495, 56.1150062], [36.6922672, 56.1142965], [36.6933928, 56.1128036], [36.6921944, 56.1123174], [36.6922439, 56.1112929], [36.6904234, 56.111429], [36.6875324, 56.1102128], [36.6917712, 56.1083337], [36.691669, 56.1068618], [36.6878575, 56.1074262], [36.683424, 56.1061929], [36.6817064, 56.1041102], [36.6795116, 56.1027976], [36.6779095, 56.1011234], [36.6764924, 56.101682], [36.6734891, 56.101199], [36.6690975, 56.1015229], [36.6679911, 56.1031233], [36.6686879, 56.1057401], [36.6703174, 56.1074635], [36.6656918, 56.106545], [36.6625818, 56.1042704], [36.6580132, 56.105735], [36.65911, 56.1074427], [36.6430439, 56.1101438], [36.6426726, 56.1124317], [36.6381112, 56.112804], [36.6351587, 56.1112319], [36.6362612, 56.1090109], [36.6329571, 56.1082036], [36.6333344, 56.1074949], [36.6367087, 56.1070923], [36.6373444, 56.1058611], [36.6417006, 56.1040207], [36.6405477, 56.10247], [36.644288, 56.1020118], [36.6463569, 56.098757], [36.6456599, 56.0976515], [36.6460379, 56.0960669], [36.6471942, 56.0958441], [36.6471795, 56.0951384], [36.651056, 56.0921409], [36.6530343, 56.0921534], [36.650553, 56.0862334], [36.6448044, 56.0840886], [36.6365551, 56.0822826], [36.6309355, 56.0869339], [36.6226787, 56.0880286], [36.6188043, 56.0854421], [36.616871, 56.082542], [36.6166572, 56.0790046], [36.6059915, 56.0816654], [36.606273, 56.0810712], [36.604663, 56.080404], [36.6030714, 56.0804147], [36.601353, 56.0795306], [36.6009169, 56.0788501], [36.601856, 56.0778492], [36.5984244, 56.0778969], [36.5983381, 56.07889], [36.5904127, 56.0794422], [36.5878857, 56.0790926], [36.5872534, 56.0808917], [36.5820423, 56.0834231], [36.57999, 56.083903], [36.5765407, 56.0839601], [36.5760956, 56.0818305], [36.5695742, 56.0814467], [36.5623037, 56.0837924], [36.5569465, 56.0779708], [36.5547049, 56.0801087], [36.5360435, 56.0787128], [36.5370802, 56.0778289], [36.5267265, 56.073217], [36.5184474, 56.072498], [36.5161872, 56.0765611], [36.5027666, 56.0758202], [36.4989813, 56.0753075], [36.4891217, 56.0701348], [36.4861888, 56.0731529], [36.4865552, 56.073283], [36.4847614, 56.0733658], [36.4840138, 56.0741762], [36.4800204, 56.0745036], [36.4793251, 56.0758674], [36.4784041, 56.0761885], [36.4785667, 56.0772259], [36.4791043, 56.0774066], [36.4770936, 56.0785714], [36.4782126, 56.0783692], [36.4784433, 56.0788577], [36.4777221, 56.0790462], [36.4782133, 56.0792485], [36.4784017, 56.080084], [36.4770559, 56.0802918], [36.4756716, 56.0796933], [36.4753139, 56.0805301], [36.474642, 56.080705], [36.4744374, 56.0800835], [36.4738511, 56.0806924], [36.4732292, 56.0801825], [36.4723396, 56.080787], [36.4716644, 56.0804832], [36.4712905, 56.0808151], [36.4718214, 56.0813433], [36.4711975, 56.0815767], [36.4699036, 56.0809122], [36.4679457, 56.0813087], [36.4645239, 56.0808658], [36.4623279, 56.078659], [36.460671, 56.078093], [36.4598184, 56.076691], [36.4572828, 56.0744674], [36.4528506, 56.0726537], [36.4523029, 56.0705247], [36.4528117, 56.0689807], [36.3755503, 56.068296], [36.3384269, 56.067038], [36.3394767, 56.0659615], [36.3350348, 56.0613881], [36.3321133, 56.059915], [36.324387, 56.0578997], [36.3140509, 56.0569739], [36.3125636, 56.0605841], [36.3117081, 56.0611242], [36.3028855, 56.0605503], [36.2998655, 56.0642981], [36.2979367, 56.0659245], [36.2956179, 56.0667888], [36.2928516, 56.0699299], [36.2923387, 56.0712377], [36.2933541, 56.0727993], [36.2931086, 56.0743405], [36.2841816, 56.0748708], [36.279733, 56.074181], [36.2782897, 56.0724442], [36.2711624, 56.0688725], [36.2618834, 56.0670538], [36.259638, 56.0676965], [36.2570757, 56.0670901], [36.2553012, 56.0679275], [36.2545938, 56.0669314], [36.2531336, 56.067125], [36.2529235, 56.0665003], [36.2512187, 56.06654], [36.2511345, 56.0644768], [36.2646734, 56.0627642], [36.2629276, 56.0615041], [36.2628631, 56.0599117], [36.2612165, 56.0580438], [36.2598448, 56.0571549], [36.2579261, 56.0568108]]]}}, {"type": "Feature", "properties": {"rda_code": "MO-70", "rda_name": "LOTOSHINSKY AREA", "osm_name": "муниципальный округ Лотошино", "match_score": 1.0, "match_reason": "exact"}, "geometry": {"type": "Polygon", "coordinates": [[[35.4067694, 56.2442577], [35.4125099, 56.2404217], [35.4169295, 56.2242357], [35.439889, 56.2104774], [35.4525054, 56.1996837], [35.4535684, 56.1994247], [35.4542609, 56.1999858], [35.4554322, 56.1994644], [35.457316, 56.1999176], [35.4574715, 56.2003355], [35.4580346, 56.2001165], [35.4588675, 56.2009183], [35.4589501, 56.2005321], [35.4601268, 56.2008133], [35.4599141, 56.2013376], [35.4619756, 56.2015149], [35.4611907, 56.2017574], [35.4624722, 56.2018617], [35.4624972, 56.2026685], [35.4620779, 56.2027483], [35.4625196, 56.2031963], [35.4686001, 56.2037708], [35.4717378, 56.2052374], [35.468419, 56.2082585], [35.4916168, 56.2126339], [35.4945814, 56.2099506], [35.510616, 56.2029612], [35.5146532, 56.2027477], [35.5168587, 56.2011056], [35.5178137, 56.2009687], [35.5174712, 56.1968379], [35.5161682, 56.1945439], [35.5067651, 56.1896533], [35.4993436, 56.1876045], [35.4990959, 56.1846006], [35.4997078, 56.1836246], [35.5021287, 56.1829645], [35.5046224, 56.1836695], [35.5070025, 56.182236], [35.5083354, 56.1821887], [35.5079356, 56.181498], [35.5090118, 56.1815829], [35.5106343, 56.1827122], [35.5119103, 56.1816886], [35.5131308, 56.181638], [35.5147877, 56.1800611], [35.5204049, 56.1806442], [35.5202305, 56.1799343], [35.5224171, 56.1801626], [35.5231406, 56.1794307], [35.5249585, 56.1795087], [35.5251151, 56.1788562], [35.5256417, 56.1793436], [35.5250811, 56.1807455], [35.5273068, 56.180298], [35.5285967, 56.1813836], [35.5311754, 56.181354], [35.5327311, 56.1833736], [35.5358034, 56.1838435], [35.5356493, 56.1726892], [35.5504189, 56.1724145], [35.5489962, 56.1683453], [35.545203, 56.1682654], [35.5422272, 56.1655742], [35.5393855, 56.1655842], [35.5316365, 56.1677313], [35.5275605, 56.1679499], [35.5293134, 56.1641951], [35.5328354, 56.1609075], [35.5346851, 56.1583365], [35.5359255, 56.1561277], [35.5357925, 56.1546272], [35.5366631, 56.1525822], [35.538195, 56.1521516], [35.5408382, 56.1534577], [35.5434102, 56.1526854], [35.5440788, 56.1530893], [35.5449802, 56.1525188], [35.5466427, 56.153247], [35.5467692, 56.1537077], [35.5493828, 56.1533296], [35.550853, 56.155508], [35.5518325, 56.1552055], [35.5540468, 56.1555802], [35.5545617, 56.1552372], [35.5585626, 56.1556161], [35.56098, 56.1559986], [35.5605904, 56.1565178], [35.5611072, 56.1567839], [35.5625783, 56.1560831], [35.5639988, 56.1563378], [35.5639031, 56.1551827], [35.570889, 56.1545823], [35.5939494, 56.1553432], [35.5955445, 56.1478495], [35.5976951, 56.146817], [35.5988849, 56.1476198], [35.6003985, 56.1473933], [35.600567, 56.1480436], [35.6036236, 56.1480518], [35.6037351, 56.1485204], [35.6094586, 56.1483355], [35.6084748, 56.1418033], [35.6144891, 56.1386924], [35.6169179, 56.1363619], [35.6195095, 56.1363518], [35.6186837, 56.1327736], [35.6322207, 56.1301095], [35.6335166, 56.1379715], [35.6518974, 56.140886], [35.6566017, 56.1449882], [35.6582449, 56.1451292], [35.6645887, 56.1422432], [35.6734845, 56.1366316], [35.6766735, 56.1380747], [35.6819923, 56.1360457], [35.6807155, 56.1342198], [35.6816569, 56.1303108], [35.6788686, 56.1270569], [35.6808403, 56.1235832], [35.6791274, 56.1212633], [35.6845785, 56.1206331], [35.6891942, 56.1217653], [35.700155, 56.1167929], [35.7132787, 56.1194013], [35.7140342, 56.1199973], [35.7136623, 56.1206315], [35.7139937, 56.1214314], [35.7146693, 56.1216941], [35.7141933, 56.1226155], [35.7157063, 56.1232913], [35.7143792, 56.1238938], [35.7135937, 56.1249242], [35.7146611, 56.1254439], [35.7135259, 56.1256744], [35.7138809, 56.1263623], [35.7126508, 56.1265012], [35.7124168, 56.1269248], [35.7132275, 56.1271371], [35.7129113, 56.1277108], [35.7138197, 56.1281963], [35.7137571, 56.128969], [35.7156767, 56.1289728], [35.7161844, 56.130238], [35.7152326, 56.1303036], [35.7167741, 56.1305985], [35.715786, 56.1313426], [35.7135956, 56.1314688], [35.7147648, 56.1331886], [35.7159538, 56.1336941], [35.7154727, 56.1345722], [35.7163757, 56.1347705], [35.7175266, 56.1360838], [35.7161267, 56.1366875], [35.7136341, 56.1359115], [35.7113518, 56.1359413], [35.7091343, 56.1365197], [35.7097056, 56.1371726], [35.7081017, 56.1370188], [35.7092089, 56.1372743], [35.7092151, 56.1376549], [35.7062947, 56.1367835], [35.7037052, 56.1369886], [35.7046905, 56.1401278], [35.7072927, 56.1422561], [35.7085611, 56.145909], [35.7111822, 56.1503315], [35.7111476, 56.1522327], [35.7095991, 56.1550451], [35.7072989, 56.1620897], [35.7098401, 56.1640667], [35.7145875, 56.1647587], [35.7171561, 56.1659765], [35.7275115, 56.1670808], [35.728557, 56.1677268], [35.7291303, 56.1699883], [35.7353922, 56.1744171], [35.7374703, 56.1728982], [35.7394026, 56.1733802], [35.7414664, 56.1730901], [35.742683, 56.1737832], [35.7473734, 56.1744022], [35.749586, 56.1734159], [35.7569037, 56.1789809], [35.7598042, 56.1782479], [35.7676617, 56.1778498], [35.7716689, 56.177164], [35.7764664, 56.17614], [35.7793235, 56.1749704], [35.7849851, 56.1777172], [35.7910906, 56.1772937], [35.7947339, 56.175945], [35.795723, 56.1751123], [35.7988206, 56.1775935], [35.7997797, 56.1822061], [35.8073099, 56.1830062], [35.8098434, 56.1800685], [35.8150982, 56.1809347], [35.8228487, 56.1841354], [35.8217601, 56.1840432], [35.8203477, 56.1854903], [35.8234388, 56.1855009], [35.8239133, 56.185052], [35.8283788, 56.18587], [35.8288003, 56.1871027], [35.8283605, 56.1904155], [35.8290691, 56.1917003], [35.8361269, 56.1910493], [35.8429644, 56.1914828], [35.8552711, 56.1897263], [35.8594373, 56.1897461], [35.8636947, 56.1899002], [35.864746, 56.1911456], [35.8690955, 56.1911984], [35.8760883, 56.1930573], [35.8787509, 56.1924789], [35.8815935, 56.1951752], [35.8736682, 56.1971359], [35.874843, 56.198632], [35.8833495, 56.201187], [35.894503, 56.1964858], [35.893909, 56.195816], [35.8953775, 56.195874], [35.9176663, 56.1864875], [35.9182412, 56.1856702], [35.9250882, 56.1854128], [35.9283093, 56.1863888], [35.9406543, 56.1876837], [35.941437, 56.1884115], [35.9450382, 56.1982135], [35.9487369, 56.1987814], [35.9497791, 56.2016413], [35.9690918, 56.2010909], [35.9692352, 56.2023965], [35.971088, 56.2037819], [35.9730942, 56.2038999], [35.9753953, 56.2047581], [35.9735229, 56.2053238], [35.9742246, 56.205588], [35.9732037, 56.2065729], [35.9736728, 56.2072217], [35.9728399, 56.2079312], [35.9805955, 56.2105236], [35.9801862, 56.2128561], [36.0132924, 56.2105839], [36.0135861, 56.2087895], [36.0240438, 56.2108751], [36.0259352, 56.2118387], [36.0304608, 56.2116454], [36.0314584, 56.2120961], [36.0319954, 56.2148633], [36.0345895, 56.215585], [36.0352807, 56.2163406], [36.0335576, 56.2194091], [36.0305561, 56.2202134], [36.0272364, 56.2242656], [36.0256053, 56.2253872], [36.0266529, 56.2259238], [36.0247713, 56.2275301], [36.0261181, 56.2315933], [36.0197732, 56.2342399], [36.0217957, 56.2455581], [36.0346004, 56.2503095], [36.0383583, 56.2533718], [36.0489764, 56.2563287], [36.0487834, 56.255604], [36.0496405, 56.2544873], [36.0507318, 56.2545201], [36.0513753, 56.2535768], [36.0532246, 56.2538143], [36.0531218, 56.2528008], [36.0560814, 56.2531244], [36.0624879, 56.2519122], [36.0642022, 56.2523777], [36.0655642, 56.2516253], [36.0674804, 56.2524437], [36.0712585, 56.2523929], [36.0746287, 56.2532262], [36.0781098, 56.2523024], [36.0793246, 56.2526716], [36.0901786, 56.2503311], [36.0891196, 56.3047858], [36.1042173, 56.3053406], [36.1042028, 56.3149164], [36.1242887, 56.3154785], [36.0934916, 56.3337094], [36.0948754, 56.3337316], [36.0844017, 56.3371613], [36.0812474, 56.3370323], [36.0813879, 56.3381215], [36.0754251, 56.340024], [36.0685513, 56.3377615], [36.0670827, 56.3368411], [36.0671151, 56.3358143], [36.06473, 56.3356492], [36.0607159, 56.339127], [36.0633978, 56.3451616], [36.0589274, 56.3478679], [36.0594996, 56.3488234], [36.059423, 56.350353], [36.0623678, 56.3539462], [36.0666503, 56.3559198], [36.0742378, 56.3567222], [36.0735255, 56.363181], [36.0707538, 56.3642959], [36.0697906, 56.3634786], [36.0644777, 56.366155], [36.0610848, 56.3662914], [36.0582177, 56.3677877], [36.0548633, 56.3711297], [36.0499488, 56.3732563], [36.0370076, 56.3729928], [36.0373139, 56.3703446], [36.038899, 56.366067], [36.0378502, 56.3653265], [36.0348547, 56.36546], [36.0298203, 56.3670942], [36.030223, 56.3674433], [36.0286776, 56.372815], [36.0209916, 56.3766353], [36.0121549, 56.37822], [35.958513, 56.3780324], [35.9600719, 56.3720488], [35.9582903, 56.3720162], [35.9540449, 56.3747398], [35.9531026, 56.3703943], [35.90503, 56.3735493], [35.9058757, 56.3772569], [35.8939116, 56.3741231], [35.8864687, 56.374554], [35.8716253, 56.3721202], [35.8709607, 56.3730188], [35.8620361, 56.3786351], [35.8620007, 56.3794388], [35.8661742, 56.3811481], [35.8625285, 56.3866408], [35.8579453, 56.385804], [35.8435383, 56.3808087], [35.8360794, 56.3882729], [35.8400212, 56.390115], [35.8421583, 56.3896763], [35.8491063, 56.3911312], [35.852905, 56.389077], [35.8557108, 56.3897006], [35.8608106, 56.3939448], [35.8509883, 56.3974091], [35.8510217, 56.398105], [35.8482508, 56.3982553], [35.8475873, 56.3979162], [35.8499055, 56.3961612], [35.8507265, 56.3960386], [35.8505253, 56.3953363], [35.8470226, 56.3953945], [35.8470473, 56.3946087], [35.8461973, 56.3940096], [35.8401198, 56.3920063], [35.8383391, 56.3924864], [35.8400984, 56.3943147], [35.8392762, 56.3972018], [35.8349581, 56.399296], [35.8329436, 56.3972276], [35.8157828, 56.3982445], [35.8157188, 56.4017716], [35.8183879, 56.4046473], [35.801089, 56.406391], [35.7918637, 56.3963943], [35.780788, 56.3995229], [35.769391, 56.3897676], [35.7587459, 56.3905443], [35.7533608, 56.3895842], [35.7408937, 56.3907616], [35.7352719, 56.3897207], [35.7340829, 56.3928397], [35.7318474, 56.3941087], [35.7317277, 56.3972868], [35.7303456, 56.3981569], [35.7326313, 56.4082754], [35.7298209, 56.4119346], [35.7289805, 56.4138302], [35.7181904, 56.4110864], [35.6970673, 56.4248959], [35.6996118, 56.428367], [35.681303, 56.4291467], [35.6824988, 56.4310149], [35.6810291, 56.4316901], [35.6816726, 56.4326299], [35.6812634, 56.4331095], [35.6816827, 56.4345802], [35.6837066, 56.4347469], [35.6845456, 56.4376518], [35.6860787, 56.4452339], [35.6852856, 56.4467454], [35.683487, 56.4475985], [35.6760344, 56.4472897], [35.6729753, 56.4480554], [35.6732336, 56.4505836], [35.6739967, 56.4512217], [35.6640864, 56.4478095], [35.6571269, 56.4515936], [35.6593935, 56.4583952], [35.6600367, 56.4585222], [35.65877, 56.4599408], [35.6552192, 56.4600681], [35.6500036, 56.4616299], [35.6454311, 56.461478], [35.6423317, 56.4619447], [35.639686, 56.4614253], [35.6359527, 56.4591235], [35.63492, 56.4580304], [35.6342552, 56.4563199], [35.6330633, 56.4570396], [35.6302448, 56.4547782], [35.6263694, 56.4568662], [35.6267784, 56.4572005], [35.621673, 56.4585071], [35.620529, 56.4597141], [35.6232732, 56.4603806], [35.6244141, 56.463124], [35.6257752, 56.4639742], [35.6261894, 56.4693974], [35.6234429, 56.4690954], [35.6228903, 56.4708296], [35.6222999, 56.4715352], [35.6215177, 56.4716496], [35.6197015, 56.4743551], [35.6202404, 56.4770525], [35.607636, 56.4780152], [35.5996847, 56.4777774], [35.5965077, 56.4747054], [35.5911273, 56.472281], [35.5865047, 56.4716348], [35.5826157, 56.4702505], [35.5641486, 56.4592285], [35.5629954, 56.4600134], [35.5551694, 56.4626949], [35.5529444, 56.4579668], [35.5543711, 56.4560425], [35.5535366, 56.4497751], [35.5464755, 56.4502245], [35.5451962, 56.4467501], [35.5431589, 56.4433993], [35.5399535, 56.4429241], [35.5371128, 56.4406869], [35.5329258, 56.4413269], [35.5310465, 56.4428179], [35.5271386, 56.4400748], [35.5287706, 56.4385445], [35.5296413, 56.435194], [35.5231891, 56.4310342], [35.5184568, 56.4303333], [35.4948144, 56.4306876], [35.489591, 56.4323263], [35.4845143, 56.4358793], [35.4772849, 56.4367025], [35.4734054, 56.4378063], [35.474473, 56.4394433], [35.4750946, 56.4420368], [35.4775316, 56.4443279], [35.4796477, 56.4452221], [35.4833512, 56.4455246], [35.479299, 56.4492823], [35.4800421, 56.4496938], [35.476864, 56.4520563], [35.477568, 56.4525701], [35.4677585, 56.4565788], [35.4549747, 56.4589282], [35.4469459, 56.4584429], [35.4397103, 56.4570276], [35.4342706, 56.4586556], [35.4284129, 56.4544263], [35.4297476, 56.4507786], [35.4264903, 56.4473491], [35.4248719, 56.4434394], [35.450912, 56.435054], [35.4567911, 56.4320048], [35.4570089, 56.4306903], [35.455878, 56.4291976], [35.453892, 56.4278004], [35.4475147, 56.4271537], [35.4456197, 56.4276536], [35.4423748, 56.4310622], [35.4403239, 56.4308169], [35.4389852, 56.4290648], [35.4377952, 56.4244823], [35.4357169, 56.4233987], [35.4357702, 56.4225779], [35.4380264, 56.4218136], [35.4378676, 56.4204702], [35.4370897, 56.4198938], [35.4336208, 56.4212293], [35.4301173, 56.42123], [35.429612, 56.4208828], [35.4296738, 56.4198107], [35.4312135, 56.4177699], [35.4312881, 56.4146466], [35.4292568, 56.4047609], [35.4269836, 56.4038588], [35.4272782, 56.4032408], [35.4260186, 56.4024763], [35.4256823, 56.4009793], [35.4246728, 56.4004913], [35.4249086, 56.399386], [35.4243104, 56.3984903], [35.4224783, 56.3980201], [35.42173, 56.3970033], [35.4190046, 56.3960357], [35.4231317, 56.3907497], [35.4168729, 56.3842569], [35.4176673, 56.3829073], [35.4200242, 56.3816051], [35.42172, 56.3813196], [35.4230102, 56.3823811], [35.4263053, 56.3833431], [35.4262614, 56.383805], [35.4276306, 56.3845755], [35.4313593, 56.3821658], [35.4387982, 56.3856663], [35.4498682, 56.3844905], [35.4543787, 56.3827187], [35.4616288, 56.3788701], [35.482958, 56.3839234], [35.4931277, 56.3951563], [35.4979575, 56.3995509], [35.5070156, 56.397116], [35.5203231, 56.39541], [35.5137893, 56.3890874], [35.5211739, 56.384587], [35.5151111, 56.3812078], [35.5132737, 56.3792507], [35.5114994, 56.3804592], [35.5084676, 56.3802636], [35.5067752, 56.3755632], [35.5063476, 56.3694815], [35.5048672, 56.3686349], [35.5054076, 56.3675749], [35.4993594, 56.3655423], [35.4982639, 56.3674304], [35.4984082, 56.3694832], [35.4966968, 56.3705032], [35.4918956, 56.3711361], [35.4896834, 56.3723579], [35.482453, 56.3735201], [35.4779466, 56.3680558], [35.4779458, 56.3668346], [35.4767701, 56.3655626], [35.4705119, 56.3612158], [35.4722212, 56.3599497], [35.4791069, 56.3594342], [35.4807894, 56.3609478], [35.4874342, 56.3651215], [35.495738, 56.3644114], [35.4975319, 56.3648587], [35.4950941, 56.3635307], [35.4985516, 56.3619959], [35.4789665, 56.3586767], [35.4809771, 56.3461855], [35.4683578, 56.3376181], [35.4776519, 56.3360334], [35.4727999, 56.3347499], [35.4656976, 56.3306214], [35.4749532, 56.3289031], [35.4806214, 56.3273097], [35.4773673, 56.3238042], [35.478075, 56.3219364], [35.4769199, 56.3128726], [35.4692295, 56.3099705], [35.4672129, 56.3097067], [35.4678137, 56.3078917], [35.4816918, 56.3022182], [35.4782888, 56.2994244], [35.479307, 56.2979292], [35.4832866, 56.2954454], [35.4827622, 56.2946894], [35.4828111, 56.2934867], [35.484554, 56.2916238], [35.4829581, 56.2908264], [35.4877736, 56.2905105], [35.4897342, 56.289807], [35.4913424, 56.2869627], [35.4803413, 56.2882285], [35.4722815, 56.2840178], [35.4744541, 56.2812276], [35.4752989, 56.2781983], [35.4749621, 56.2768128], [35.4852793, 56.2699462], [35.4927876, 56.2667671], [35.4956432, 56.2646267], [35.4976793, 56.2646265], [35.49939, 56.2640676], [35.5023101, 56.2594863], [35.484037, 56.2496698], [35.486361, 56.2472348], [35.4781727, 56.246029], [35.4679598, 56.2424181], [35.4616352, 56.2409786], [35.4427616, 56.2391971], [35.438708, 56.2394754], [35.4338645, 56.2412886], [35.4303205, 56.2419575], [35.4296068, 56.2425174], [35.4294447, 56.2438699], [35.4268292, 56.2453395], [35.426072, 56.2472415], [35.4238341, 56.2480744], [35.4185414, 56.2475579], [35.4151768, 56.2477341], [35.4137352, 56.2487095], [35.4120417, 56.2489213], [35.4079301, 56.2480735], [35.4082079, 56.2471371], [35.4068693, 56.2456853], [35.4067694, 56.2442577]]]}}, {"type": "Feature", "properties": {"rda_code": "MO-93", "rda_name": "SHAKHOVSKOY AREA", "osm_name": "муниципальный округ Шаховская", "match_score": 0.87, "match_reason": "fuzzy:shakhovskaya~shakhovskoy"}, "geometry": {"type": "Polygon", "coordinates": [[[35.1484955, 55.9575013], [35.1542599, 55.9538013], [35.1546736, 55.952722], [35.1575084, 55.9502733], [35.158618, 55.948456], [35.1583496, 55.9463564], [35.1600784, 55.9450392], [35.1632933, 55.9438064], [35.1739069, 55.937766], [35.1855306, 55.9329605], [35.1875058, 55.9316501], [35.1880928, 55.9286932], [35.1968209, 55.9243612], [35.1985106, 55.9211498], [35.2014051, 55.9216575], [35.2044862, 55.9194568], [35.2044284, 55.9148296], [35.1947868, 55.9088561], [35.189813, 55.9071534], [35.1992791, 55.8891257], [35.2042015, 55.8988388], [35.2070013, 55.9007083], [35.2130267, 55.9033521], [35.2170061, 55.9066102], [35.2206735, 55.9080273], [35.2269271, 55.9088826], [35.2271854, 55.9077402], [35.2128951, 55.901035], [35.2121004, 55.89917], [35.2099649, 55.8978814], [35.2109025, 55.8967351], [35.210518, 55.895967], [35.2088786, 55.8954623], [35.2086372, 55.8941466], [35.2182383, 55.8969063], [35.2274569, 55.8926045], [35.2305795, 55.8869161], [35.22436, 55.883492], [35.2234361, 55.8802176], [35.2289812, 55.8769043], [35.2311281, 55.8728787], [35.2356561, 55.8713323], [35.2345224, 55.86836], [35.2379202, 55.8672984], [35.2398662, 55.8652321], [35.2472133, 55.8621832], [35.2495471, 55.8600748], [35.2490803, 55.8587574], [35.2498172, 55.8573897], [35.2495066, 55.8555098], [35.2469354, 55.8519057], [35.2500778, 55.847059], [35.2508038, 55.8470177], [35.2519919, 55.8450477], [35.254193, 55.8447526], [35.2543904, 55.8451903], [35.2555656, 55.8440384], [35.2565057, 55.8442689], [35.2588847, 55.8433458], [35.2590674, 55.842765], [35.2598776, 55.842651], [35.2596456, 55.8422384], [35.2624758, 55.841143], [35.2622458, 55.840378], [35.2631327, 55.8400905], [35.2630625, 55.8397377], [35.2675722, 55.8387161], [35.2699489, 55.8367457], [35.2694183, 55.8329646], [35.2681335, 55.8306198], [35.2680711, 55.8297009], [35.2686866, 55.8292579], [35.2685934, 55.8284763], [35.2692978, 55.8279212], [35.2692718, 55.8273263], [35.271418, 55.8268889], [35.271493, 55.8264026], [35.2740389, 55.8261761], [35.2763263, 55.8263449], [35.2774089, 55.8272494], [35.2784688, 55.826928], [35.2783897, 55.827354], [35.2792166, 55.8274358], [35.28063, 55.8267251], [35.2800297, 55.8259966], [35.280328, 55.8249418], [35.2813101, 55.824791], [35.2809934, 55.8244463], [35.2818331, 55.8241757], [35.2819642, 55.8236049], [35.2845987, 55.8224592], [35.2844098, 55.8221869], [35.284942, 55.8219116], [35.2843666, 55.8213088], [35.2852696, 55.8208239], [35.2844016, 55.8194788], [35.2849957, 55.8185338], [35.2859292, 55.8185147], [35.28598, 55.8179017], [35.2878286, 55.8178979], [35.2873996, 55.8173047], [35.2881876, 55.817104], [35.2876732, 55.8164189], [35.2883075, 55.8158409], [35.2870739, 55.8151175], [35.2865159, 55.8139831], [35.28298, 55.8125986], [35.2814683, 55.8090731], [35.2812579, 55.8080737], [35.2825811, 55.8051068], [35.2831689, 55.7998299], [35.2864623, 55.7985342], [35.2892775, 55.7982327], [35.2931868, 55.7985654], [35.2946146, 55.799122], [35.2976461, 55.7979416], [35.2983349, 55.7985259], [35.3008263, 55.7985399], [35.3015976, 55.7992029], [35.3013113, 55.7994069], [35.3029334, 55.7997813], [35.3039513, 55.7989434], [35.303745, 55.7983836], [35.3050238, 55.7983132], [35.3061952, 55.796563], [35.3078193, 55.7966211], [35.3074897, 55.7958972], [35.3137681, 55.7974806], [35.3145401, 55.7965954], [35.3170566, 55.7967184], [35.3174386, 55.7964015], [35.3171623, 55.7959683], [35.3192863, 55.7949115], [35.3194226, 55.7937521], [35.3214903, 55.7937342], [35.323622, 55.7945914], [35.3244146, 55.7941703], [35.3242794, 55.7937915], [35.3281744, 55.7948929], [35.3301221, 55.7939413], [35.3292031, 55.7932399], [35.3295031, 55.7925434], [35.3307818, 55.792565], [35.3310746, 55.7921633], [35.3308812, 55.7908761], [35.3300692, 55.7906942], [35.3306465, 55.7899082], [35.3300364, 55.7879327], [35.3311876, 55.787151], [35.3338892, 55.7871242], [35.3349886, 55.785735], [35.3346687, 55.7853996], [35.3357236, 55.7847576], [35.3347254, 55.7845788], [35.3364001, 55.7835689], [35.3370777, 55.7836066], [35.337212, 55.7842668], [35.3386107, 55.7838831], [35.3388436, 55.7836121], [35.3379356, 55.7831486], [35.3384417, 55.7829548], [35.3399038, 55.783114], [35.3416774, 55.7842486], [35.3418976, 55.7858504], [35.3428148, 55.7870778], [35.3439787, 55.7875381], [35.34523, 55.786779], [35.3467821, 55.7846307], [35.348172, 55.7842638], [35.348834, 55.78492], [35.3520653, 55.7858751], [35.3533864, 55.7855817], [35.3545315, 55.7863569], [35.3548735, 55.7853989], [35.3543459, 55.7849193], [35.3549059, 55.7846016], [35.3561233, 55.7850685], [35.356169, 55.785665], [35.357085, 55.7855721], [35.3572884, 55.785177], [35.3568907, 55.784932], [35.3592692, 55.7849076], [35.3609131, 55.7859445], [35.3631118, 55.7863622], [35.3661779, 55.7850919], [35.3719216, 55.7872618], [35.3735279, 55.7869254], [35.3753871, 55.7855494], [35.3759324, 55.7861798], [35.3773264, 55.7852027], [35.3768518, 55.7848135], [35.3775423, 55.7845126], [35.3803859, 55.7862205], [35.3816906, 55.7875584], [35.3847293, 55.7875416], [35.3853294, 55.7871802], [35.3852811, 55.7866366], [35.3869905, 55.7863125], [35.3907191, 55.786815], [35.390804, 55.7873679], [35.3917324, 55.7870202], [35.3932183, 55.7873228], [35.3927331, 55.7862972], [35.3947954, 55.7867578], [35.3945985, 55.7856502], [35.3924608, 55.784458], [35.3903365, 55.7839199], [35.39088, 55.7822555], [35.3919821, 55.7819812], [35.391169, 55.7813942], [35.3930293, 55.781677], [35.3933112, 55.7806465], [35.392135, 55.780192], [35.3927372, 55.7794654], [35.3901692, 55.7793094], [35.3899438, 55.7790345], [35.3912882, 55.7769216], [35.3900435, 55.77607], [35.390066, 55.775225], [35.3882603, 55.7746573], [35.3890291, 55.7732557], [35.3934441, 55.7719406], [35.3919133, 55.7710415], [35.3928127, 55.7699532], [35.3894211, 55.7690058], [35.3872874, 55.768994], [35.3858612, 55.7665538], [35.3880146, 55.766455], [35.3872554, 55.7651141], [35.3880531, 55.7645887], [35.3878251, 55.7641818], [35.3899931, 55.7634979], [35.3923508, 55.7641664], [35.3929036, 55.7640831], [35.3930241, 55.7633862], [35.3962093, 55.7637429], [35.3964629, 55.7629917], [35.3978439, 55.7632423], [35.3981601, 55.7627382], [35.3997515, 55.7625324], [35.4002831, 55.7628288], [35.4005931, 55.7643364], [35.4020671, 55.7642939], [35.4018664, 55.7636605], [35.4035186, 55.7635577], [35.4030027, 55.7630313], [35.4044072, 55.7620271], [35.4038911, 55.7615576], [35.4046234, 55.7609249], [35.4079644, 55.76021], [35.4081889, 55.7591947], [35.4106288, 55.7589216], [35.4107718, 55.7584602], [35.4122291, 55.7578905], [35.4118087, 55.7571767], [35.4140408, 55.7573272], [35.4146736, 55.7567848], [35.4158402, 55.7569718], [35.4167923, 55.7580405], [35.416167, 55.7588108], [35.418098, 55.7589426], [35.4173515, 55.7601252], [35.4160935, 55.7601443], [35.4163057, 55.7611295], [35.4150096, 55.7614907], [35.4157329, 55.7624192], [35.4167299, 55.7625373], [35.417279, 55.7618002], [35.4215461, 55.7617846], [35.4244705, 55.7612291], [35.4264913, 55.7621186], [35.4263498, 55.7644579], [35.4279385, 55.7649101], [35.4287331, 55.7640256], [35.4284309, 55.7633754], [35.4288266, 55.7630003], [35.4312721, 55.7629494], [35.4316947, 55.7623616], [35.4334409, 55.7625658], [35.4337017, 55.7620382], [35.4357623, 55.7618184], [35.4360402, 55.7610674], [35.4419829, 55.7598113], [35.4435942, 55.7600274], [35.4486935, 55.7630115], [35.4509069, 55.7623867], [35.4515018, 55.7619261], [35.4512705, 55.7613565], [35.454753, 55.7619202], [35.456105, 55.7614381], [35.4562566, 55.7606305], [35.4594775, 55.7603196], [35.4616881, 55.7603184], [35.4614351, 55.7610756], [35.4618272, 55.7611594], [35.4634202, 55.7603254], [35.4627787, 55.7597959], [35.4633908, 55.7595782], [35.4650186, 55.7606607], [35.4658449, 55.7598198], [35.4669867, 55.7600344], [35.4664455, 55.7588047], [35.4680954, 55.7590987], [35.4707907, 55.7716114], [35.474858, 55.7753533], [35.4810399, 55.7822056], [35.4929964, 55.7806933], [35.4968192, 55.7819791], [35.4994298, 55.7810385], [35.502641, 55.7832293], [35.5049008, 55.783348], [35.5049635, 55.7820023], [35.5031882, 55.7795851], [35.503417, 55.7749982], [35.512244, 55.7759968], [35.512444, 55.7766946], [35.5161969, 55.7767809], [35.5159341, 55.7773371], [35.5169744, 55.7773033], [35.5183246, 55.7780031], [35.517498, 55.7778426], [35.5169104, 55.7788446], [35.5149247, 55.7788418], [35.5161915, 55.779488], [35.5154248, 55.7797161], [35.5159603, 55.7803057], [35.514165, 55.7805306], [35.5314583, 55.7828345], [35.5352408, 55.7842739], [35.5381785, 55.788518], [35.5321479, 55.7905747], [35.5320863, 55.7920752], [35.5341773, 55.7941997], [35.5396519, 55.796341], [35.5443268, 55.7941719], [35.5472006, 55.7946348], [35.5509695, 55.7930754], [35.5581946, 55.7965901], [35.567646, 55.7996378], [35.567938, 55.8010672], [35.5721205, 55.8029519], [35.5700178, 55.807428], [35.5708051, 55.8089003], [35.5727308, 55.8104364], [35.5763754, 55.8169857], [35.5782476, 55.8174775], [35.5947899, 55.8167771], [35.6042481, 55.8141883], [35.6079525, 55.8186717], [35.6125657, 55.8175963], [35.6233575, 55.8177277], [35.6388715, 55.8150509], [35.6461917, 55.8149445], [35.6486733, 55.816047], [35.6588174, 55.8171193], [35.6605922, 55.8186156], [35.6597763, 55.8192607], [35.6584143, 55.821777], [35.6582649, 55.8266794], [35.6571344, 55.8272419], [35.6578383, 55.8279126], [35.6633074, 55.8298678], [35.663397, 55.8306759], [35.6617604, 55.8316096], [35.6599807, 55.8316259], [35.6599006, 55.8321121], [35.6683924, 55.8353246], [35.6749499, 55.8367522], [35.6749032, 55.837342], [35.6791773, 55.8380965], [35.6802274, 55.8420822], [35.6665177, 55.845453], [35.6611441, 55.8489486], [35.660746, 55.8499566], [35.6606336, 55.8544738], [35.6551548, 55.8534672], [35.6535265, 55.8544423], [35.6490432, 55.8554524], [35.6525057, 55.8672251], [35.6526944, 55.8709918], [35.6479862, 55.8716648], [35.6446513, 55.8729682], [35.6497442, 55.8770376], [35.6518282, 55.8755613], [35.654008, 55.8749202], [35.6593716, 55.8742796], [35.6634806, 55.8767459], [35.6705859, 55.8781363], [35.6716579, 55.8794111], [35.6716055, 55.8800656], [35.6743098, 55.8810864], [35.6747117, 55.8826277], [35.6708677, 55.8841712], [35.6696582, 55.8851393], [35.6799612, 55.892995], [35.6909567, 55.898667], [35.6888152, 55.907599], [35.6943404, 55.9080153], [35.7018419, 55.9071897], [35.7088662, 55.9079991], [35.7099689, 55.9082581], [35.7103228, 55.9090211], [35.7181667, 55.9087066], [35.7172289, 55.9098398], [35.7175918, 55.9107832], [35.719165, 55.9120903], [35.7253875, 55.9125414], [35.7295912, 55.9135333], [35.7300301, 55.9140074], [35.7295945, 55.914892], [35.7302223, 55.916446], [35.7289259, 55.9171857], [35.7289565, 55.9178496], [35.7299609, 55.9188301], [35.7289415, 55.9208871], [35.7305131, 55.9225015], [35.7299595, 55.9229496], [35.7282995, 55.923034], [35.7278465, 55.9241044], [35.7267174, 55.924651], [35.7241456, 55.9242726], [35.7186043, 55.9251462], [35.718769, 55.9256853], [35.7206539, 55.9264449], [35.7194852, 55.9269753], [35.7177498, 55.926772], [35.7154464, 55.9273842], [35.7143752, 55.9268312], [35.7136673, 55.9269886], [35.7145484, 55.9279155], [35.713128, 55.9286353], [35.7137579, 55.9291579], [35.7129448, 55.929528], [35.7121287, 55.9311416], [35.7127723, 55.9322815], [35.7117072, 55.9326897], [35.710849, 55.9361329], [35.716344, 55.9393153], [35.7177761, 55.9384005], [35.7214224, 55.9399538], [35.7251909, 55.9391536], [35.7264735, 55.9398204], [35.7313236, 55.9403475], [35.7324915, 55.942951], [35.7323002, 55.9433976], [35.7352099, 55.9448474], [35.7344712, 55.9460237], [35.7343388, 55.9473014], [35.7346818, 55.9485448], [35.7361467, 55.9504166], [35.7380503, 55.9504004], [35.7410023, 55.9515247], [35.7444288, 55.9512313], [35.7473855, 55.9518362], [35.749122, 55.954245], [35.7514889, 55.9555356], [35.7517879, 55.957699], [35.7507516, 55.9599123], [35.7485774, 55.9598262], [35.7446475, 55.9633989], [35.74292, 55.96719], [35.7414677, 55.9685939], [35.7390689, 55.9695613], [35.73781, 55.9712138], [35.7414896, 55.9720764], [35.7428427, 55.9736289], [35.7442061, 55.9741034], [35.7498186, 55.9735621], [35.7478249, 55.977682], [35.7476501, 55.9805386], [35.744511, 55.9802346], [35.743913, 55.9814415], [35.7414894, 55.9819434], [35.7408725, 55.9836402], [35.733038, 55.9869986], [35.7330642, 55.9875083], [35.7306627, 55.9875273], [35.7282992, 55.9910175], [35.7260872, 55.9921825], [35.7251861, 55.9938913], [35.7196173, 55.9938506], [35.7167004, 55.9944087], [35.7126428, 55.9961365], [35.7099473, 55.9961958], [35.7092274, 55.9987777], [35.7167213, 56.0025566], [35.7216024, 56.0042436], [35.7171804, 56.0116046], [35.7091465, 56.0134105], [35.7045135, 56.0179931], [35.7024086, 56.0208919], [35.7036829, 56.0234475], [35.7031739, 56.0251708], [35.7000932, 56.0276096], [35.7060744, 56.0313152], [35.7079179, 56.0332508], [35.719398, 56.0353333], [35.7220911, 56.0362594], [35.723289, 56.038117], [35.7240728, 56.0404735], [35.7239109, 56.0412858], [35.7215473, 56.0427587], [35.7178181, 56.0466755], [35.7035014, 56.0379645], [35.6968919, 56.0399601], [35.693025, 56.0390515], [35.6858247, 56.0401775], [35.6843692, 56.0451872], [35.6832689, 56.0468745], [35.6817527, 56.048005], [35.6804073, 56.0478818], [35.6800629, 56.04699], [35.6757031, 56.0454128], [35.6754328, 56.0447105], [35.6767865, 56.0431534], [35.6762227, 56.0425114], [35.671833, 56.0435242], [35.6704041, 56.0432565], [35.6646107, 56.0451589], [35.6656493, 56.0463464], [35.6649834, 56.0466614], [35.6688366, 56.0517286], [35.6665611, 56.0534404], [35.6672862, 56.0543066], [35.6672385, 56.0559767], [35.6692975, 56.059604], [35.6668853, 56.06166], [35.6693132, 56.06381], [35.6693451, 56.065129], [35.6703028, 56.067192], [35.6746621, 56.0694989], [35.6714191, 56.0715826], [35.6760146, 56.0754776], [35.6823881, 56.0846338], [35.6965709, 56.0934811], [35.6931641, 56.0938741], [35.6945066, 56.0957302], [35.6947706, 56.0971491], [35.6970287, 56.0994779], [35.7012767, 56.101003], [35.710254, 56.1072582], [35.7131755, 56.106902], [35.7205853, 56.1100313], [35.7256055, 56.1106047], [35.7259487, 56.1112992], [35.7249228, 56.1120639], [35.7258572, 56.112983], [35.7248124, 56.1129669], [35.7260808, 56.1134913], [35.7247921, 56.1146548], [35.7239787, 56.1147902], [35.7229601, 56.1204435], [35.7154337, 56.1234629], [35.7156596, 56.1231206], [35.7141933, 56.1226155], [35.7146693, 56.1216941], [35.7139937, 56.1214314], [35.7136623, 56.1206315], [35.7140342, 56.1199973], [35.7132787, 56.1194013], [35.700155, 56.1167929], [35.6891942, 56.1217653], [35.6845785, 56.1206331], [35.6791274, 56.1212633], [35.6808403, 56.1235832], [35.6788686, 56.1270569], [35.6816569, 56.1303108], [35.6807155, 56.1342198], [35.6819923, 56.1360457], [35.6766735, 56.1380747], [35.6734845, 56.1366316], [35.6645887, 56.1422432], [35.6582449, 56.1451292], [35.6566017, 56.1449882], [35.6518974, 56.140886], [35.6335166, 56.1379715], [35.6322207, 56.1301095], [35.6186837, 56.1327736], [35.6195095, 56.1363518], [35.6169179, 56.1363619], [35.6144891, 56.1386924], [35.6084748, 56.1418033], [35.6094586, 56.1483355], [35.6037351, 56.1485204], [35.6036236, 56.1480518], [35.600567, 56.1480436], [35.6003985, 56.1473933], [35.5988849, 56.1476198], [35.5976951, 56.146817], [35.5955445, 56.1478495], [35.5939494, 56.1553432], [35.570889, 56.1545823], [35.5639031, 56.1551827], [35.5639988, 56.1563378], [35.5625783, 56.1560831], [35.5611072, 56.1567839], [35.5605904, 56.1565178], [35.56098, 56.1559986], [35.5585626, 56.1556161], [35.5545617, 56.1552372], [35.5540468, 56.1555802], [35.5518325, 56.1552055], [35.550853, 56.155508], [35.5493828, 56.1533296], [35.5467692, 56.1537077], [35.5466427, 56.153247], [35.5449802, 56.1525188], [35.5440788, 56.1530893], [35.5434102, 56.1526854], [35.5408382, 56.1534577], [35.538195, 56.1521516], [35.5366631, 56.1525822], [35.5357925, 56.1546272], [35.5359255, 56.1561277], [35.5346851, 56.1583365], [35.5328354, 56.1609075], [35.5293134, 56.1641951], [35.5275605, 56.1679499], [35.5316365, 56.1677313], [35.5393855, 56.1655842], [35.5422272, 56.1655742], [35.545203, 56.1682654], [35.5489962, 56.1683453], [35.5504189, 56.1724145], [35.5356493, 56.1726892], [35.5358034, 56.1838435], [35.5327311, 56.1833736], [35.5311754, 56.181354], [35.5285967, 56.1813836], [35.5273068, 56.180298], [35.5250811, 56.1807455], [35.5256417, 56.1793436], [35.5251151, 56.1788562], [35.5249585, 56.1795087], [35.5231406, 56.1794307], [35.5224171, 56.1801626], [35.5202305, 56.1799343], [35.5204049, 56.1806442], [35.5147877, 56.1800611], [35.5131308, 56.181638], [35.5119103, 56.1816886], [35.5106343, 56.1827122], [35.5090118, 56.1815829], [35.5079356, 56.181498], [35.5083354, 56.1821887], [35.5070025, 56.182236], [35.5046224, 56.1836695], [35.5021287, 56.1829645], [35.4997078, 56.1836246], [35.4990959, 56.1846006], [35.4993436, 56.1876045], [35.5067651, 56.1896533], [35.5161682, 56.1945439], [35.5174712, 56.1968379], [35.5178137, 56.2009687], [35.5168587, 56.2011056], [35.5146532, 56.2027477], [35.510616, 56.2029612], [35.4945814, 56.2099506], [35.4916168, 56.2126339], [35.468419, 56.2082585], [35.4717378, 56.2052374], [35.4686001, 56.2037708], [35.4625196, 56.2031963], [35.4620779, 56.2027483], [35.4624972, 56.2026685], [35.4624722, 56.2018617], [35.4611907, 56.2017574], [35.4619756, 56.2015149], [35.4599141, 56.2013376], [35.4601268, 56.2008133], [35.4589501, 56.2005321], [35.4588675, 56.2009183], [35.4580346, 56.2001165], [35.4574715, 56.2003355], [35.457316, 56.1999176], [35.4554322, 56.1994644], [35.4542609, 56.1999858], [35.4535684, 56.1994247], [35.4525054, 56.1996837], [35.439889, 56.2104774], [35.4169295, 56.2242357], [35.4125099, 56.2404217], [35.4067694, 56.2442577], [35.3982003, 56.2432666], [35.3938001, 56.2361948], [35.3928932, 56.2351387], [35.391113, 56.2347193], [35.3855757, 56.2350078], [35.3831756, 56.2365268], [35.3793268, 56.2372733], [35.3713159, 56.2355], [35.3676232, 56.2361749], [35.3658766, 56.2372717], [35.3629376, 56.2374402], [35.3565643, 56.2366137], [35.354074, 56.2356604], [35.3534831, 56.2346477], [35.3471043, 56.2333859], [35.3447892, 56.2331739], [35.3387644, 56.2339433], [35.3304331, 56.2331115], [35.3243226, 56.2305419], [35.3182028, 56.2294652], [35.3157909, 56.2279909], [35.3185144, 56.2240186], [35.3216152, 56.2221752], [35.3180591, 56.219725], [35.3198745, 56.2184138], [35.3203882, 56.2156172], [35.320227, 56.2092479], [35.3246852, 56.2076802], [35.3333552, 56.2086181], [35.3331314, 56.2018303], [35.3367403, 56.2007157], [35.3382695, 56.199408], [35.3505275, 56.1985826], [35.3518566, 56.1990739], [35.3558757, 56.1969452], [35.3587844, 56.1964974], [35.3638601, 56.1969745], [35.3626731, 56.1957145], [35.356299, 56.1923986], [35.3500827, 56.1866926], [35.348939, 56.1839573], [35.3541452, 56.1801503], [35.3631294, 56.1788714], [35.3556939, 56.1752725], [35.3516674, 56.1710068], [35.3461677, 56.1694375], [35.3349586, 56.1630795], [35.3413651, 56.1598093], [35.3360222, 56.1588536], [35.3205171, 56.1535193], [35.3141384, 56.1565577], [35.3049316, 56.1544679], [35.2945957, 56.1452611], [35.2926026, 56.1426662], [35.2919089, 56.1404339], [35.3086016, 56.1381649], [35.3089851, 56.1304535], [35.2845501, 56.1249956], [35.2837558, 56.1215137], [35.2840317, 56.12065], [35.2890218, 56.1149998], [35.2864772, 56.1126418], [35.2834149, 56.1115943], [35.2872795, 56.1033886], [35.3015838, 56.1045773], [35.3089808, 56.1066348], [35.3107989, 56.1058242], [35.3161225, 56.1047602], [35.3203915, 56.1028151], [35.3216307, 56.1005621], [35.3215194, 56.0992753], [35.3296451, 56.0976417], [35.3339764, 56.0974494], [35.3389916, 56.0942144], [35.3380258, 56.0926377], [35.336881, 56.0916148], [35.3290693, 56.0892403], [35.3252498, 56.0869452], [35.317324, 56.0835908], [35.3200688, 56.0821692], [35.3201159, 56.0814773], [35.3213518, 56.0816602], [35.3215904, 56.0809602], [35.3208093, 56.0805518], [35.3219305, 56.0800673], [35.3234065, 56.0774323], [35.3223609, 56.0749136], [35.3200643, 56.0726198], [35.3199727, 56.0699874], [35.316298, 56.0663217], [35.314524, 56.0653436], [35.3143687, 56.0638605], [35.3109037, 56.0634469], [35.308157, 56.0622485], [35.3047358, 56.0583108], [35.2984978, 56.0594542], [35.287845, 56.0625881], [35.2667585, 56.039058], [35.2653902, 56.0389371], [35.2653679, 56.0397608], [35.2645966, 56.0401111], [35.2649905, 56.0403488], [35.2638039, 56.0405087], [35.2642875, 56.0410982], [35.2639444, 56.0418601], [35.2616231, 56.0417413], [35.2605251, 56.0430668], [35.2590322, 56.043072], [35.2598068, 56.0421687], [35.2572277, 56.0414588], [35.2558389, 56.0417782], [35.2557765, 56.0421791], [35.2528802, 56.0420275], [35.2509449, 56.0434382], [35.2501484, 56.0432748], [35.2499449, 56.0442344], [35.2483687, 56.0457485], [35.2451495, 56.0458411], [35.2439937, 56.0466883], [35.2430582, 56.0463451], [35.241828, 56.0468252], [35.2387901, 56.046528], [35.2383425, 56.0460556], [35.2384453, 56.0452773], [35.2314049, 56.0428073], [35.2318737, 56.042342], [35.2315706, 56.0420224], [35.2325815, 56.0417637], [35.2322613, 56.0405462], [35.2327057, 56.0400316], [35.2335915, 56.0400334], [35.2333502, 56.0396852], [35.2346218, 56.0383979], [35.2347958, 56.037695], [35.2340926, 56.0372945], [35.235337, 56.0369257], [35.2349738, 56.0363323], [35.2354788, 56.0357328], [35.2366222, 56.0357016], [35.2369507, 56.0350799], [35.2378663, 56.0348151], [35.237717, 56.0344207], [35.2372919, 56.0346934], [35.2360951, 56.0342624], [35.2371569, 56.0342833], [35.2375892, 56.0334347], [35.2389347, 56.0332409], [35.2387123, 56.0324197], [35.2398192, 56.0311823], [35.2395544, 56.0300835], [35.2378662, 56.0298313], [35.2368044, 56.0303427], [35.2373401, 56.0298993], [35.2355747, 56.0295678], [35.2361165, 56.0287156], [35.2356475, 56.0286673], [35.2355908, 56.0281477], [35.23481, 56.0283515], [35.2349313, 56.0275912], [35.2314892, 56.0263595], [35.2318625, 56.0259316], [35.2309562, 56.0242625], [35.2285864, 56.0231001], [35.2270482, 56.0231482], [35.2268805, 56.0223814], [35.2253544, 56.021675], [35.224125, 56.021957], [35.2246576, 56.0214365], [35.2239392, 56.0212849], [35.22376, 56.0206563], [35.2250516, 56.0205524], [35.2246448, 56.0201802], [35.2252127, 56.0196598], [35.2246933, 56.0192637], [35.2255787, 56.0187164], [35.2265085, 56.0188981], [35.2262604, 56.0180363], [35.2256937, 56.0183966], [35.2248439, 56.0178457], [35.2256283, 56.017634], [35.2250399, 56.0170244], [35.2256354, 56.0165594], [35.2218949, 56.0163718], [35.2226037, 56.0158616], [35.2220471, 56.0147326], [35.222443, 56.0145911], [35.2223625, 56.0139727], [35.2207012, 56.0129933], [35.2201493, 56.0132608], [35.2201707, 56.0126999], [35.2185588, 56.0122322], [35.2176116, 56.0110251], [35.2155616, 56.0106888], [35.214575, 56.0111074], [35.2122312, 56.0109542], [35.2119598, 56.0116864], [35.2111812, 56.0113498], [35.2105993, 56.0118355], [35.2097282, 56.0116262], [35.2092125, 56.012745], [35.206543, 56.0127549], [35.2063553, 56.0133491], [35.2048334, 56.0136439], [35.2026617, 56.0128251], [35.202352, 56.0120303], [35.2006985, 56.0116157], [35.1980835, 56.0123731], [35.1969797, 56.0121503], [35.1958822, 56.0109495], [35.195019, 56.0107825], [35.1953867, 56.0103156], [35.1947266, 56.0100255], [35.1947078, 56.0093413], [35.1935701, 56.0092345], [35.1927725, 56.0081661], [35.1915391, 56.0080901], [35.1917991, 56.0077506], [35.1913908, 56.0072591], [35.1894189, 56.0063291], [35.1903208, 56.0062344], [35.1892955, 56.0048919], [35.1885667, 56.0048366], [35.1887423, 56.0042342], [35.1876115, 56.0034948], [35.1866148, 56.0035057], [35.1865362, 56.0029491], [35.1858684, 56.0032195], [35.1836786, 56.0024486], [35.1843918, 56.0020217], [35.1834691, 56.0017257], [35.1837559, 56.0012627], [35.1818619, 56.0007676], [35.1824444, 56.0001199], [35.1787787, 55.9985981], [35.1782679, 55.9980734], [35.1786375, 55.9973768], [35.1782135, 55.9975148], [35.177746, 55.9966409], [35.1770091, 55.9968183], [35.1765567, 55.9966008], [35.1771153, 55.9964074], [35.1761554, 55.9961887], [35.177148, 55.9950669], [35.1764698, 55.9934083], [35.1739879, 55.9926983], [35.1741909, 55.9923855], [35.1732158, 55.9920142], [35.1736851, 55.9912508], [35.1730295, 55.9911646], [35.1734889, 55.9907474], [35.1728498, 55.9888168], [35.1721507, 55.9884193], [35.1725955, 55.9875178], [35.1736497, 55.9871928], [35.1748837, 55.9857265], [35.1745679, 55.985229], [35.175032, 55.9848849], [35.1738409, 55.9834971], [35.1704517, 55.9816543], [35.1693642, 55.9806788], [35.1691896, 55.979863], [35.1674577, 55.9800482], [35.1630167, 55.9783426], [35.1538709, 55.977983], [35.1491349, 55.9713509], [35.1508931, 55.9593684], [35.1484955, 55.9575013]]]}}, {"type": "Feature", "properties": {"rda_code": "MO-73", "rda_name": "MOZHAISKY AREA / incl. MOZHAISK /", "osm_name": "Можайский муниципальный округ", "match_score": 0.92, "match_reason": "contains"}, "geometry": {"type": "Polygon", "coordinates": [[[35.2586455, 55.3298816], [35.2622678, 55.3282267], [35.2598412, 55.3260445], [35.2616265, 55.3235429], [35.2614247, 55.3225536], [35.2671167, 55.3221336], [35.2737859, 55.3223184], [35.2796935, 55.3197689], [35.2864576, 55.3144881], [35.2954035, 55.3107693], [35.2976739, 55.306287], [35.2993634, 55.304631], [35.290455, 55.2964109], [35.2939244, 55.2910955], [35.3015215, 55.2915127], [35.3098869, 55.2911575], [35.318975, 55.286477], [35.3179265, 55.2831449], [35.3251253, 55.2817693], [35.3343746, 55.27902], [35.3342215, 55.271752], [35.3368241, 55.2725509], [35.3430604, 55.2730587], [35.3462355, 55.2720795], [35.3471195, 55.2703818], [35.3508862, 55.2690624], [35.3566145, 55.2607129], [35.3595389, 55.25922], [35.3595312, 55.2579444], [35.3581726, 55.2563573], [35.358447, 55.2554208], [35.3577936, 55.2547555], [35.3591509, 55.2537707], [35.3585, 55.2532192], [35.3584998, 55.2509754], [35.3566056, 55.2492616], [35.3579395, 55.2483114], [35.360092, 55.2477859], [35.3600448, 55.247183], [35.3607395, 55.2465406], [35.3599286, 55.246216], [35.3588887, 55.2448614], [35.3597759, 55.2440604], [35.36341, 55.2426461], [35.367131, 55.2435494], [35.3694819, 55.2448002], [35.3709838, 55.2445245], [35.3710088, 55.2440924], [35.3716632, 55.244119], [35.371399, 55.2436702], [35.3732362, 55.2442606], [35.3744771, 55.2432891], [35.3757389, 55.2431789], [35.375763, 55.242765], [35.3799048, 55.2409293], [35.3810831, 55.2390312], [35.3823235, 55.2381269], [35.3961473, 55.234589], [35.4018149, 55.237918], [35.4085326, 55.2375461], [35.4184993, 55.2287057], [35.4203748, 55.2311252], [35.422191, 55.2317244], [35.4243323, 55.231205], [35.4319948, 55.2309551], [35.437242, 55.2300452], [35.4414992, 55.2300783], [35.4462712, 55.2290131], [35.455039, 55.2328227], [35.4608247, 55.2359401], [35.4764668, 55.2366775], [35.4815489, 55.237455], [35.481539, 55.239919], [35.4914297, 55.2397051], [35.4975817, 55.2388058], [35.5082323, 55.240189], [35.5094217, 55.2414137], [35.5056823, 55.2432455], [35.5050304, 55.2446837], [35.5026889, 55.2465882], [35.500638, 55.2469081], [35.4969598, 55.2500285], [35.5009587, 55.2534937], [35.5032188, 55.253088], [35.5038151, 55.2552962], [35.5133086, 55.2543553], [35.5261616, 55.2576742], [35.5350043, 55.2583874], [35.5422954, 55.2563663], [35.5423204, 55.2556225], [35.5445948, 55.2550145], [35.5450576, 55.2555816], [35.5466633, 55.2547892], [35.5482251, 55.2550906], [35.54918, 55.2546415], [35.5490592, 55.2540494], [35.5508337, 55.2532866], [35.5516879, 55.2534514], [35.5554678, 55.2525253], [35.5565469, 55.2505135], [35.5591733, 55.2508986], [35.5606456, 55.2504208], [35.5623649, 55.2526797], [35.5647239, 55.2531333], [35.5701956, 55.2596711], [35.5735542, 55.2617252], [35.5764925, 55.2622457], [35.5761556, 55.2657885], [35.5768354, 55.2690493], [35.5669831, 55.2728302], [35.5606366, 55.2758549], [35.5748567, 55.280911], [35.575861, 55.286684], [35.5730798, 55.2902669], [35.599991, 55.2897039], [35.6068317, 55.2927865], [35.6100763, 55.2956693], [35.6160756, 55.292077], [35.6163315, 55.2882532], [35.6295128, 55.2877689], [35.6327174, 55.2867589], [35.6368902, 55.2895168], [35.6392348, 55.2882613], [35.6421597, 55.2876477], [35.6429763, 55.2864263], [35.642689, 55.2846868], [35.644942, 55.2846351], [35.6475906, 55.2831445], [35.6640767, 55.2780646], [35.6786395, 55.2816081], [35.6923347, 55.2870551], [35.6979079, 55.2884704], [35.6973778, 55.2887879], [35.7067615, 55.2909036], [35.7114392, 55.2891847], [35.7163525, 55.2855733], [35.7177659, 55.2838656], [35.718431, 55.2794779], [35.7224166, 55.2794001], [35.721289, 55.2826087], [35.726497, 55.2868472], [35.7349081, 55.2920146], [35.7411561, 55.2955777], [35.7485294, 55.2947159], [35.7517743, 55.2918], [35.7529777, 55.2900596], [35.754822, 55.2890705], [35.7620013, 55.2869063], [35.7636568, 55.2856906], [35.7669654, 55.2817228], [35.7645904, 55.2788685], [35.7705146, 55.273452], [35.7757946, 55.273357], [35.7779354, 55.2706752], [35.7815576, 55.2687269], [35.787069, 55.2668762], [35.7934115, 55.2611045], [35.7954766, 55.2644735], [35.7974279, 55.2643333], [35.8004825, 55.262757], [35.8034223, 55.2630924], [35.8083211, 55.2619473], [35.814615, 55.2620904], [35.8244521, 55.2648768], [35.8289113, 55.262209], [35.8293316, 55.2610418], [35.8277561, 55.2571987], [35.8278469, 55.2556746], [35.8267411, 55.254675], [35.8229579, 55.2552595], [35.8212498, 55.258147], [35.8176762, 55.2576027], [35.8185619, 55.2530584], [35.8173797, 55.2511618], [35.8155827, 55.250342], [35.8144267, 55.2460111], [35.8222955, 55.2424289], [35.8356718, 55.235251], [35.8428331, 55.2323148], [35.8486092, 55.2324972], [35.8509873, 55.2359584], [35.852495, 55.2354788], [35.8579025, 55.2359934], [35.861134, 55.2371215], [35.8603866, 55.239271], [35.8637475, 55.2391023], [35.8642856, 55.2383288], [35.8689505, 55.2387083], [35.8866238, 55.2380954], [35.8865895, 55.242819], [35.8885982, 55.2478985], [35.8914644, 55.247005], [35.8972219, 55.2465568], [35.9005887, 55.2455229], [35.9018338, 55.2445191], [35.9018904, 55.2405542], [35.9078466, 55.2404413], [35.9109787, 55.2396717], [35.9186477, 55.2391251], [35.9178652, 55.2401506], [35.9155851, 55.2483579], [35.9134937, 55.249043], [35.9138494, 55.2495473], [35.9077544, 55.2523434], [35.9049023, 55.2512231], [35.9021475, 55.2509345], [35.9014133, 55.2520459], [35.8988832, 55.2532438], [35.8964959, 55.2570948], [35.8932317, 55.2564128], [35.8869235, 55.2629233], [35.8904893, 55.2634986], [35.8939053, 55.2655126], [35.8882822, 55.2690481], [35.8878791, 55.2722805], [35.8888333, 55.2730053], [35.8912686, 55.2732929], [35.8904576, 55.2745107], [35.8877278, 55.2732516], [35.886324, 55.2758396], [35.8830005, 55.2783288], [35.8811523, 55.2767025], [35.8736994, 55.2757283], [35.8715925, 55.2784465], [35.87448, 55.2792052], [35.8716425, 55.281555], [35.8732787, 55.2823211], [35.872821, 55.2831772], [35.8742205, 55.2839446], [35.879671, 55.2850093], [35.881684, 55.2824783], [35.8862566, 55.2826748], [35.8893982, 55.2838137], [35.8901136, 55.2832315], [35.8950757, 55.2854106], [35.8906532, 55.287809], [35.8882006, 55.287594], [35.8820036, 55.2897338], [35.8780125, 55.2921361], [35.8785311, 55.2924867], [35.8800401, 55.2930806], [35.8836253, 55.2910988], [35.8927553, 55.2906039], [35.8950006, 55.294385], [35.9053153, 55.3006508], [35.9036003, 55.3020941], [35.9002951, 55.3027631], [35.8990264, 55.3038911], [35.8923797, 55.3054898], [35.8917509, 55.3065091], [35.8919086, 55.3077576], [35.8950793, 55.3115629], [35.8936123, 55.3152212], [35.8944424, 55.3157818], [35.8942209, 55.316311], [35.8920029, 55.3170112], [35.8911944, 55.3185344], [35.8937286, 55.3204987], [35.9019389, 55.321322], [35.9063832, 55.3226101], [35.9028894, 55.3254695], [35.9046662, 55.3258861], [35.9098366, 55.3256455], [35.9109264, 55.3273086], [35.9145717, 55.3271643], [35.9146299, 55.3241525], [35.9173619, 55.3242394], [35.9187273, 55.3265301], [35.9214434, 55.3265549], [35.9236936, 55.3273474], [35.9265985, 55.3293946], [35.9312276, 55.3286072], [35.9363227, 55.3287791], [35.9398525, 55.3295768], [35.9475127, 55.3252349], [35.9565083, 55.3246717], [35.95735, 55.3254547], [35.9555785, 55.3269537], [35.9565291, 55.3277426], [35.9624761, 55.3283921], [35.9725293, 55.3286642], [35.9818347, 55.3260386], [35.9813101, 55.324089], [35.9832999, 55.322174], [35.9848272, 55.3216774], [35.9886316, 55.3215477], [35.9903813, 55.3204761], [35.9905511, 55.3187305], [35.988385, 55.3171723], [35.9994138, 55.3190127], [36.0030549, 55.3187004], [36.0105174, 55.3204925], [36.0132755, 55.3209047], [36.0148515, 55.3205579], [36.0154951, 55.3209794], [36.0170209, 55.3199463], [36.0186712, 55.3176522], [36.0212262, 55.3173359], [36.0241462, 55.3236736], [36.025023, 55.3245614], [36.0272969, 55.323542], [36.0296162, 55.3233143], [36.0465342, 55.3264257], [36.0468173, 55.3323885], [36.0439854, 55.3323994], [36.0468843, 55.3334452], [36.0471928, 55.3342014], [36.0513825, 55.3356009], [36.056239, 55.3356808], [36.0569839, 55.3469976], [36.0545625, 55.347473], [36.0566713, 55.3506505], [36.0573087, 55.3535205], [36.0568731, 55.3537105], [36.0576295, 55.3559599], [36.0606353, 55.3557382], [36.0619918, 55.3564887], [36.0642862, 55.3555245], [36.0672582, 55.3572113], [36.0689094, 55.3570912], [36.0703345, 55.358087], [36.073111, 55.357819], [36.0744009, 55.3571356], [36.0741508, 55.3565085], [36.0731388, 55.3563869], [36.0717437, 55.3550775], [36.0736443, 55.3549395], [36.073406, 55.3528225], [36.0764469, 55.352342], [36.0767118, 55.3535892], [36.0777965, 55.3536765], [36.0799855, 55.3525408], [36.0825905, 55.3522082], [36.0837663, 55.3510058], [36.0920436, 55.3493868], [36.0953204, 55.3493802], [36.0996784, 55.3511526], [36.1007884, 55.3525498], [36.1006113, 55.353513], [36.1012727, 55.3554681], [36.0916261, 55.3561239], [36.091113, 55.3590006], [36.089727, 55.3610867], [36.0737217, 55.3606485], [36.0723702, 55.3589566], [36.0703459, 55.3589924], [36.0705492, 55.3604273], [36.0720731, 55.3606492], [36.0721593, 55.3619848], [36.0706859, 55.3646011], [36.0680547, 55.3655452], [36.0680744, 55.3672145], [36.0689455, 55.3681559], [36.0676239, 55.3704123], [36.0642704, 55.3701702], [36.0642608, 55.3715281], [36.0634711, 55.3724522], [36.0612633, 55.3720727], [36.0586753, 55.3722981], [36.0565364, 55.3710508], [36.0542117, 55.3731207], [36.0484353, 55.3731889], [36.0384928, 55.3677143], [36.0417824, 55.3662346], [36.043016, 55.3627963], [36.0413759, 55.3603546], [36.0351778, 55.3609975], [36.030991, 55.3597477], [36.0299072, 55.3609815], [36.0310545, 55.3650558], [36.0281997, 55.3664741], [36.0283786, 55.3673094], [36.0251662, 55.3683478], [36.0239623, 55.3707379], [36.0269613, 55.3749514], [36.0271994, 55.3763293], [36.0291851, 55.3770485], [36.0296651, 55.3782696], [36.0287823, 55.3792949], [36.0290315, 55.380214], [36.028285, 55.3818249], [36.0291563, 55.3842676], [36.0310511, 55.3858695], [36.0310603, 55.3879626], [36.0435348, 55.3900524], [36.0500091, 55.3902302], [36.0651288, 55.3933121], [36.0714475, 55.3985745], [36.071818, 55.4020682], [36.0731244, 55.4031414], [36.086993, 55.406698], [36.0850834, 55.4075901], [36.0905037, 55.410354], [36.0932635, 55.4099481], [36.0961944, 55.4119676], [36.0998124, 55.41288], [36.1050852, 55.4132702], [36.1086973, 55.4146165], [36.1109266, 55.4160958], [36.1120469, 55.4183121], [36.1113109, 55.4230758], [36.1102926, 55.4244758], [36.1082485, 55.4252221], [36.1136185, 55.4282762], [36.115266, 55.4287613], [36.1204472, 55.4274242], [36.1202646, 55.4253119], [36.1222771, 55.4256818], [36.1301287, 55.4255239], [36.1328359, 55.4241808], [36.1432686, 55.4260229], [36.1468057, 55.4258736], [36.1492606, 55.4272081], [36.1561187, 55.4274392], [36.1537515, 55.430434], [36.1517914, 55.4303114], [36.1503247, 55.428932], [36.1479505, 55.4282563], [36.1473455, 55.4289153], [36.142603, 55.4277372], [36.1405419, 55.4291765], [36.140409, 55.4316384], [36.1367461, 55.4336701], [36.1401734, 55.4360128], [36.1440471, 55.4362719], [36.1485265, 55.4324569], [36.1533925, 55.4330036], [36.1527445, 55.4340046], [36.1545636, 55.4344425], [36.1538907, 55.4361244], [36.1541235, 55.4399518], [36.1582008, 55.442793], [36.1553253, 55.4455724], [36.1470693, 55.4454398], [36.1443185, 55.449707], [36.1466318, 55.4507808], [36.1505047, 55.4510909], [36.1535732, 55.4520307], [36.1565384, 55.4551944], [36.1562007, 55.4564133], [36.1785785, 55.4584338], [36.1817694, 55.4583679], [36.1878996, 55.4718817], [36.1992132, 55.4693205], [36.2128781, 55.4718789], [36.2150605, 55.4732599], [36.2122528, 55.4773506], [36.2264832, 55.4832078], [36.210808, 55.4912322], [36.2079286, 55.4954807], [36.217201, 55.4971231], [36.2217114, 55.4941922], [36.2271951, 55.4973153], [36.2283716, 55.4990091], [36.2273983, 55.5005317], [36.228185, 55.5012923], [36.2371271, 55.5016989], [36.2421223, 55.5010359], [36.2429935, 55.4963013], [36.2436574, 55.4956773], [36.2434946, 55.4945977], [36.2449723, 55.4955126], [36.2512931, 55.4958802], [36.2508026, 55.4968574], [36.2547199, 55.4979297], [36.2566485, 55.4968762], [36.2585837, 55.4975962], [36.2582101, 55.4992606], [36.258904, 55.4996502], [36.2654962, 55.4997869], [36.2658958, 55.5026955], [36.2652842, 55.5066687], [36.2681777, 55.5096039], [36.2673606, 55.5106765], [36.2686518, 55.5121992], [36.2662887, 55.5136057], [36.2677703, 55.5147109], [36.2629309, 55.5182843], [36.2652746, 55.5215285], [36.2625966, 55.5229104], [36.2635076, 55.5249337], [36.2658277, 55.5259156], [36.2622119, 55.5286323], [36.2583719, 55.5259354], [36.2571406, 55.5266104], [36.2568402, 55.5289857], [36.2638678, 55.5334152], [36.2646088, 55.5414698], [36.2605265, 55.5440508], [36.2485635, 55.5444765], [36.2476255, 55.5479657], [36.2460041, 55.5488299], [36.245128, 55.5536285], [36.2328047, 55.5562177], [36.2324449, 55.557339], [36.2331606, 55.5583191], [36.2306438, 55.5628963], [36.2294094, 55.5637999], [36.2246593, 55.5645134], [36.21701, 55.5692603], [36.2040162, 55.5784557], [36.199345, 55.5825322], [36.1912122, 55.5827843], [36.1874921, 55.5805267], [36.1783889, 55.5691936], [36.1771035, 55.5694526], [36.1745933, 55.5723808], [36.1718776, 55.5725413], [36.1708861, 55.5733543], [36.171063, 55.5737517], [36.1692431, 55.5775443], [36.1693361, 55.5797225], [36.1699371, 55.5800378], [36.1682042, 55.5813949], [36.1653871, 55.5803944], [36.160728, 55.5845682], [36.1558018, 55.5880482], [36.1537559, 55.5885019], [36.1528276, 55.5895356], [36.1501504, 55.5893261], [36.1485298, 55.590623], [36.1417286, 55.5924109], [36.139019, 55.5957617], [36.1360431, 55.5956425], [36.130991, 55.597821], [36.127004, 55.5976845], [36.1282122, 55.5952689], [36.1264721, 55.5919466], [36.116952, 55.5883697], [36.1121554, 55.5878396], [36.1057681, 55.5894552], [36.102857, 55.5895826], [36.0989086, 55.5926327], [36.0967084, 55.5915409], [36.0957175, 55.5919845], [36.0937461, 55.5910581], [36.0945729, 55.5904857], [36.0926547, 55.5896759], [36.0915623, 55.5905105], [36.0901191, 55.5898471], [36.0869792, 55.5910142], [36.0891269, 55.5946803], [36.0899419, 55.5944854], [36.0927662, 55.5958694], [36.0967489, 55.5963519], [36.1035052, 55.5955265], [36.1041108, 55.5957674], [36.1031646, 55.5966856], [36.1083916, 55.599182], [36.1089944, 55.6000565], [36.107208, 55.6006798], [36.1088544, 55.6044509], [36.1057914, 55.6044951], [36.1070767, 55.6074086], [36.1053735, 55.6079305], [36.1036401, 55.6111738], [36.0967025, 55.6167243], [36.0975119, 55.6179339], [36.0971643, 55.6191219], [36.1003125, 55.6195855], [36.0999782, 55.6206472], [36.0984739, 55.6217798], [36.0999848, 55.6220787], [36.0977166, 55.6235834], [36.0929347, 55.622703], [36.084412, 55.6236963], [36.07737, 55.6227465], [36.0749963, 55.6240239], [36.0697948, 55.6296013], [36.0723357, 55.631167], [36.0751475, 55.6362337], [36.0761763, 55.636161], [36.0764386, 55.6365697], [36.0781005, 55.6405014], [36.0771996, 55.6432863], [36.077837, 55.6446982], [36.0406008, 55.6505676], [36.0416863, 55.6513287], [36.0426868, 55.6512509], [36.0425803, 55.6521561], [36.0449604, 55.6525894], [36.0452749, 55.6535931], [36.0466392, 55.6547187], [36.0455583, 55.6553787], [36.0455579, 55.6558046], [36.0466159, 55.6559522], [36.0472468, 55.6571032], [36.0494823, 55.6570357], [36.0495859, 55.6588837], [36.0500142, 55.6592798], [36.053864, 55.6605627], [36.0574663, 55.6630703], [36.0555979, 55.6632375], [36.0550848, 55.665272], [36.0505875, 55.6686178], [36.0500234, 55.6716211], [36.0510383, 55.674027], [36.0491443, 55.6742797], [36.0265001, 55.6683552], [36.0209427, 55.6687834], [36.018535, 55.6734026], [36.0186789, 55.6783391], [36.020737, 55.6913712], [36.0173966, 55.6919622], [36.0152348, 55.6931245], [36.0077799, 55.7004839], [35.9987023, 55.7009201], [35.9950804, 55.7019524], [35.9833628, 55.701956], [35.9811789, 55.700422], [35.9799854, 55.6984262], [35.9769684, 55.7002818], [35.9832794, 55.7086288], [35.9872186, 55.7124509], [35.9784778, 55.7143822], [35.9780625, 55.713675], [35.9739376, 55.7154218], [35.97205, 55.7175456], [35.9603955, 55.7143302], [35.9551188, 55.7133375], [35.9526441, 55.7130991], [35.9495615, 55.7138802], [35.9450549, 55.7123842], [35.9405428, 55.7116825], [35.9382295, 55.7120573], [35.9352052, 55.7113485], [35.9317835, 55.7097551], [35.9309312, 55.7075471], [35.9296864, 55.706779], [35.9289136, 55.7050009], [35.9280416, 55.7045683], [35.9278359, 55.703795], [35.9302228, 55.7032407], [35.9285582, 55.6979691], [35.9245343, 55.6970023], [35.920635, 55.6948079], [35.9230824, 55.6933832], [35.9234793, 55.6920492], [35.9206101, 55.6899989], [35.919032, 55.690574], [35.9178409, 55.689675], [35.9075406, 55.6886454], [35.9051458, 55.6899521], [35.9047969, 55.6904022], [35.9054222, 55.6909309], [35.9042412, 55.6911189], [35.9026609, 55.6931562], [35.9024135, 55.6954043], [35.9007374, 55.6966169], [35.9001264, 55.6977983], [35.90116, 55.6980858], [35.9007412, 55.6994963], [35.8978827, 55.7022311], [35.8943735, 55.7036647], [35.8908415, 55.7035339], [35.8882053, 55.7042651], [35.8856803, 55.7041274], [35.8680997, 55.7060719], [35.8641806, 55.7054837], [35.8667241, 55.7075696], [35.8673659, 55.7087126], [35.8664012, 55.7123704], [35.8701122, 55.7139713], [35.8746024, 55.7171957], [35.877621, 55.718177], [35.876731, 55.7191493], [35.8781599, 55.7204111], [35.8778069, 55.7210349], [35.8783798, 55.7224501], [35.8772063, 55.7233809], [35.8751743, 55.7238617], [35.8695821, 55.722205], [35.8669081, 55.7230147], [35.8651892, 55.7237691], [35.8652427, 55.7254291], [35.8596565, 55.7269222], [35.8590814, 55.7295495], [35.8596683, 55.7304631], [35.8559675, 55.7330661], [35.8529663, 55.7328626], [35.851013, 55.7341864], [35.8397873, 55.7363116], [35.8316946, 55.734087], [35.8287804, 55.7315948], [35.8260365, 55.7241013], [35.8201224, 55.726748], [35.8093289, 55.7267267], [35.8060379, 55.721687], [35.804085, 55.7197001], [35.8025495, 55.7157632], [35.8041226, 55.7099843], [35.8038651, 55.7091821], [35.7899204, 55.7054397], [35.7873223, 55.7056574], [35.7839438, 55.707029], [35.7835147, 55.707903], [35.784392, 55.7097296], [35.7802703, 55.7101938], [35.7785416, 55.7115014], [35.7747042, 55.7124303], [35.7772769, 55.7126907], [35.7741465, 55.7131512], [35.7715951, 55.7145443], [35.768388, 55.7147971], [35.7670083, 55.7160086], [35.7634795, 55.716031], [35.7620247, 55.7156819], [35.7605761, 55.7143907], [35.7597629, 55.7146874], [35.7583584, 55.7142375], [35.7558965, 55.7156022], [35.7566651, 55.7162117], [35.7555614, 55.7168902], [35.7567419, 55.7180814], [35.7564003, 55.719013], [35.7581589, 55.7205379], [35.7592721, 55.7204156], [35.7610021, 55.7210758], [35.7588209, 55.7238688], [35.7590841, 55.7253904], [35.760273, 55.7262171], [35.7590627, 55.7268776], [35.754167, 55.7285371], [35.7426335, 55.7296931], [35.7415955, 55.7312233], [35.7387029, 55.731813], [35.7375805, 55.7331332], [35.7368107, 55.7331152], [35.7357244, 55.7312199], [35.7320838, 55.7314427], [35.7288261, 55.7280017], [35.7241879, 55.7290499], [35.7245824, 55.7297102], [35.7243277, 55.7313795], [35.7291143, 55.7353512], [35.7266744, 55.7379724], [35.7272327, 55.7400392], [35.7223268, 55.7395543], [35.7183678, 55.7402226], [35.7183239, 55.7397188], [35.7098617, 55.7388117], [35.708858, 55.7394076], [35.7073552, 55.7393063], [35.7072899, 55.7382928], [35.7014849, 55.7374278], [35.7021374, 55.7363058], [35.7012525, 55.733893], [35.702533, 55.7307415], [35.692454, 55.7295599], [35.6921606, 55.7280681], [35.6926967, 55.7277784], [35.6929383, 55.726493], [35.691932, 55.7259398], [35.6878741, 55.7264141], [35.6863962, 55.7253597], [35.680784, 55.7264794], [35.6758601, 55.725421], [35.6725415, 55.7269606], [35.6720299, 55.7279051], [35.668098, 55.7282023], [35.6628754, 55.7268641], [35.6615287, 55.728212], [35.6583772, 55.7273261], [35.6525041, 55.729952], [35.6515672, 55.7343229], [35.6533281, 55.7353273], [35.6565916, 55.7358171], [35.653355, 55.7381509], [35.6526444, 55.7393414], [35.6518129, 55.7396059], [35.643524, 55.7398364], [35.640088, 55.7384782], [35.6382494, 55.7385248], [35.6336859, 55.7402049], [35.6220896, 55.7346987], [35.6167741, 55.7329675], [35.6179562, 55.7307057], [35.6097406, 55.7298995], [35.6083167, 55.7313597], [35.606843, 55.7313943], [35.6022828, 55.7355011], [35.6041953, 55.7368583], [35.6103174, 55.7348161], [35.6146395, 55.7387752], [35.6132959, 55.7396963], [35.6102215, 55.7389255], [35.6088974, 55.7402345], [35.6107464, 55.7406794], [35.6115567, 55.7413877], [35.6109201, 55.7420239], [35.6158896, 55.7453839], [35.6188105, 55.7443156], [35.6196268, 55.7449373], [35.6195119, 55.746279], [35.6251096, 55.7477044], [35.6321026, 55.7475101], [35.6323715, 55.7481104], [35.6340903, 55.747941], [35.6340987, 55.7490934], [35.6348847, 55.7491614], [35.6350152, 55.7500482], [35.63757, 55.7523718], [35.6416095, 55.7511706], [35.644733, 55.7527546], [35.6533823, 55.7546686], [35.6552179, 55.7594284], [35.6531109, 55.7605078], [35.6445713, 55.7620953], [35.6366051, 55.7716457], [35.6304716, 55.7755893], [35.6285687, 55.7761817], [35.6296226, 55.7793477], [35.6284344, 55.7814785], [35.6298099, 55.7845563], [35.6177029, 55.7870374], [35.614011, 55.79609], [35.6156407, 55.799428], [35.6210982, 55.7991433], [35.6239065, 55.8001363], [35.6279302, 55.7997322], [35.6294291, 55.8000883], [35.6280864, 55.8021329], [35.6325617, 55.802941], [35.6288246, 55.8086098], [35.6350291, 55.8097036], [35.6354655, 55.8087394], [35.6369607, 55.8088136], [35.629654, 55.8168888], [35.6233575, 55.8177277], [35.6125657, 55.8175963], [35.6079525, 55.8186717], [35.6042481, 55.8141883], [35.5947899, 55.8167771], [35.5782476, 55.8174775], [35.5763754, 55.8169857], [35.5727308, 55.8104364], [35.5708051, 55.8089003], [35.5700178, 55.807428], [35.5721205, 55.8029519], [35.567938, 55.8010672], [35.567646, 55.7996378], [35.5581946, 55.7965901], [35.5509695, 55.7930754], [35.5472006, 55.7946348], [35.5443268, 55.7941719], [35.5396519, 55.796341], [35.5341773, 55.7941997], [35.5320863, 55.7920752], [35.5321479, 55.7905747], [35.5381785, 55.788518], [35.5352408, 55.7842739], [35.5314583, 55.7828345], [35.514165, 55.7805306], [35.5159603, 55.7803057], [35.5154248, 55.7797161], [35.5161915, 55.779488], [35.5149247, 55.7788418], [35.5169104, 55.7788446], [35.517498, 55.7778426], [35.5183246, 55.7780031], [35.5169744, 55.7773033], [35.5159341, 55.7773371], [35.5161969, 55.7767809], [35.512444, 55.7766946], [35.512244, 55.7759968], [35.503417, 55.7749982], [35.5031882, 55.7795851], [35.5049635, 55.7820023], [35.5049008, 55.783348], [35.502641, 55.7832293], [35.4994298, 55.7810385], [35.4968192, 55.7819791], [35.4929964, 55.7806933], [35.4810399, 55.7822056], [35.474858, 55.7753533], [35.4707907, 55.7716114], [35.4680954, 55.7590987], [35.4668853, 55.7587612], [35.4662315, 55.7590593], [35.4669867, 55.7600344], [35.4658449, 55.7598198], [35.4650186, 55.7606607], [35.4633908, 55.7595782], [35.4627787, 55.7597959], [35.4634202, 55.7603254], [35.4618272, 55.7611594], [35.4614351, 55.7610756], [35.4616881, 55.7603184], [35.456646, 55.7605251], [35.456105, 55.7614381], [35.454753, 55.7619202], [35.4512705, 55.7613565], [35.4515018, 55.7619261], [35.4509069, 55.7623867], [35.4486935, 55.7630115], [35.4435942, 55.7600274], [35.4419829, 55.7598113], [35.4360402, 55.7610674], [35.4357623, 55.7618184], [35.4337017, 55.7620382], [35.4334409, 55.7625658], [35.4316947, 55.7623616], [35.4312721, 55.7629494], [35.4288266, 55.7630003], [35.4284309, 55.7633754], [35.4287331, 55.7640256], [35.4279385, 55.7649101], [35.4263498, 55.7644579], [35.4264913, 55.7621186], [35.4244705, 55.7612291], [35.4215461, 55.7617846], [35.417279, 55.7618002], [35.4167299, 55.7625373], [35.4157329, 55.7624192], [35.4150096, 55.7614907], [35.4163057, 55.7611295], [35.4160935, 55.7601443], [35.4173515, 55.7601252], [35.418098, 55.7589426], [35.416167, 55.7588108], [35.4167923, 55.7580405], [35.4158402, 55.7569718], [35.4146736, 55.7567848], [35.4140408, 55.7573272], [35.412195, 55.7570361], [35.4118087, 55.7571767], [35.4122291, 55.7578905], [35.4107718, 55.7584602], [35.4106288, 55.7589216], [35.4081889, 55.7591947], [35.4079644, 55.76021], [35.4046234, 55.7609249], [35.4038911, 55.7615576], [35.4044072, 55.7620271], [35.4030027, 55.7630313], [35.4035186, 55.7635577], [35.4018664, 55.7636605], [35.4020671, 55.7642939], [35.4005931, 55.7643364], [35.4002831, 55.7628288], [35.3997515, 55.7625324], [35.3981601, 55.7627382], [35.3978439, 55.7632423], [35.3964629, 55.7629917], [35.3962093, 55.7637429], [35.3930241, 55.7633862], [35.3929036, 55.7640831], [35.3923508, 55.7641664], [35.3899931, 55.7634979], [35.3878251, 55.7641818], [35.3880531, 55.7645887], [35.3872554, 55.7651141], [35.3880146, 55.766455], [35.3858612, 55.7665538], [35.3872874, 55.768994], [35.3927063, 55.7697119], [35.3919133, 55.7710415], [35.3934441, 55.7719406], [35.3890291, 55.7732557], [35.3882603, 55.7746573], [35.390066, 55.775225], [35.3900435, 55.77607], [35.3912882, 55.7769216], [35.3899438, 55.7790345], [35.3901692, 55.7793094], [35.3927372, 55.7794654], [35.392135, 55.780192], [35.3933112, 55.7806465], [35.3930293, 55.781677], [35.391169, 55.7813942], [35.3919821, 55.7819812], [35.39088, 55.7822555], [35.3903365, 55.7839199], [35.3935804, 55.7849979], [35.3945985, 55.7856502], [35.3947954, 55.7867578], [35.3927331, 55.7862972], [35.3932183, 55.7873228], [35.3917324, 55.7870202], [35.390804, 55.7873679], [35.3907191, 55.786815], [35.3869905, 55.7863125], [35.3852811, 55.7866366], [35.3853294, 55.7871802], [35.3847293, 55.7875416], [35.3816906, 55.7875584], [35.3803859, 55.7862205], [35.3775423, 55.7845126], [35.3768518, 55.7848135], [35.3773264, 55.7852027], [35.3759324, 55.7861798], [35.3753871, 55.7855494], [35.3735279, 55.7869254], [35.3719216, 55.7872618], [35.3661779, 55.7850919], [35.3631118, 55.7863622], [35.3609131, 55.7859445], [35.3592692, 55.7849076], [35.3568907, 55.784932], [35.3572884, 55.785177], [35.357085, 55.7855721], [35.356169, 55.785665], [35.3561233, 55.7850685], [35.3549059, 55.7846016], [35.3543459, 55.7849193], [35.3548735, 55.7853989], [35.3545315, 55.7863569], [35.3533864, 55.7855817], [35.3520653, 55.7858751], [35.348834, 55.78492], [35.348172, 55.7842638], [35.3467821, 55.7846307], [35.34523, 55.786779], [35.3439787, 55.7875381], [35.3428148, 55.7870778], [35.3418976, 55.7858504], [35.3416774, 55.7842486], [35.3399038, 55.783114], [35.3384417, 55.7829548], [35.3379356, 55.7831486], [35.3388668, 55.7837595], [35.337212, 55.7842668], [35.3370777, 55.7836066], [35.3364001, 55.7835689], [35.3347254, 55.7845788], [35.3357236, 55.7847576], [35.3346687, 55.7853996], [35.3349886, 55.785735], [35.3338892, 55.7871242], [35.3322134, 55.7873387], [35.3281242, 55.7848928], [35.3325119, 55.7778352], [35.3345547, 55.7784908], [35.335618, 55.7766237], [35.3317834, 55.773311], [35.3360006, 55.7721618], [35.3387111, 55.7694144], [35.3338546, 55.7676028], [35.3297685, 55.7652941], [35.3304902, 55.7640087], [35.3270644, 55.7583363], [35.3332008, 55.7577503], [35.3331515, 55.7565398], [35.3342266, 55.7552339], [35.3345863, 55.7537048], [35.3383708, 55.7535163], [35.3384508, 55.7520851], [35.3429003, 55.7515163], [35.343622, 55.7442761], [35.3447524, 55.7437299], [35.3444563, 55.743159], [35.3425737, 55.7415193], [35.3365617, 55.7435844], [35.3324653, 55.743191], [35.329763, 55.7439666], [35.327694, 55.7435749], [35.3267723, 55.7426939], [35.3240202, 55.7446012], [35.3168238, 55.7450711], [35.3160664, 55.7446851], [35.3158123, 55.7423844], [35.3161982, 55.7411833], [35.3135368, 55.7407949], [35.3088494, 55.7383199], [35.304097, 55.734377], [35.3049369, 55.7304492], [35.3059594, 55.7307094], [35.3065809, 55.7296433], [35.3105261, 55.7283197], [35.3128108, 55.7284302], [35.3060406, 55.7218457], [35.316319, 55.7219162], [35.3173746, 55.7210403], [35.3169305, 55.7196512], [35.3143467, 55.7199313], [35.3130312, 55.7174163], [35.3129268, 55.7145698], [35.3147866, 55.7127667], [35.3152093, 55.7102507], [35.3165005, 55.7081532], [35.3222557, 55.7078278], [35.3228965, 55.7061202], [35.3244636, 55.7056901], [35.3274274, 55.7080488], [35.3370212, 55.7027704], [35.33759, 55.7005944], [35.3320537, 55.6997861], [35.3305153, 55.6974203], [35.3297507, 55.697327], [35.3308538, 55.6930003], [35.3332162, 55.6918128], [35.3356064, 55.692049], [35.3383906, 55.6915197], [35.3349509, 55.6888016], [35.3316513, 55.687851], [35.3316067, 55.6846723], [35.3355544, 55.6835805], [35.3271099, 55.6726629], [35.3232503, 55.6659814], [35.3268774, 55.6652219], [35.3370767, 55.665767], [35.3429862, 55.6597442], [35.3426592, 55.6582151], [35.3465558, 55.6579433], [35.3459667, 55.6562424], [35.3478117, 55.6557811], [35.3511319, 55.6430166], [35.3595412, 55.6452435], [35.3599277, 55.6442499], [35.3572674, 55.6428017], [35.3567001, 55.6413835], [35.3542168, 55.6421525], [35.3553403, 55.6392117], [35.3548059, 55.6385448], [35.3526297, 55.6380478], [35.3520819, 55.6375187], [35.3542896, 55.6355454], [35.3605309, 55.6378587], [35.3744372, 55.633075], [35.3784786, 55.631262], [35.3826398, 55.63067], [35.3828011, 55.6265621], [35.3858239, 55.6229782], [35.3870697, 55.6175426], [35.3878385, 55.6166889], [35.3901589, 55.6111495], [35.3911279, 55.6058903], [35.3895254, 55.60444], [35.3884618, 55.599937], [35.38877, 55.5988579], [35.3932926, 55.596941], [35.3950027, 55.5940825], [35.3868566, 55.5946437], [35.3837149, 55.5932965], [35.3646213, 55.5878664], [35.3693739, 55.5829183], [35.3721381, 55.575828], [35.3646871, 55.5747763], [35.3638517, 55.5743153], [35.3485767, 55.572621], [35.3419061, 55.5821262], [35.3413642, 55.5822278], [35.335885, 55.5817601], [35.3323702, 55.5820161], [35.3285611, 55.5814139], [35.3133047, 55.5814159], [35.3102971, 55.581802], [35.308369, 55.5810733], [35.3089743, 55.5806234], [35.3081896, 55.5804841], [35.3038616, 55.5819928], [35.3032813, 55.5814193], [35.3034006, 55.580839], [35.3022329, 55.580595], [35.3010622, 55.5817885], [35.3000589, 55.5814279], [35.296951, 55.5756835], [35.3000629, 55.5725356], [35.2971443, 55.5720656], [35.2953228, 55.5673958], [35.295846, 55.5623978], [35.2951193, 55.5601067], [35.2956272, 55.558792], [35.2947493, 55.557722], [35.2943085, 55.555006], [35.2981469, 55.5507207], [35.303805, 55.549027], [35.3143266, 55.5518028], [35.3150192, 55.5505755], [35.312295, 55.5485327], [35.3098401, 55.5481672], [35.31052, 55.5469957], [35.3066302, 55.5465234], [35.3094365, 55.5443951], [35.3148246, 55.544234], [35.317566, 55.5424613], [35.3388021, 55.538373], [35.3391622, 55.5373912], [35.3382285, 55.5350764], [35.3399057, 55.5322456], [35.3446851, 55.5275857], [35.3431522, 55.5269342], [35.3372407, 55.5264882], [35.3300041, 55.5249032], [35.3259009, 55.5225375], [35.3260669, 55.5204525], [35.3252921, 55.5191425], [35.3259547, 55.5184722], [35.3258561, 55.5169532], [35.3153441, 55.5173952], [35.3135699, 55.5146266], [35.3231077, 55.5054558], [35.3254352, 55.501841], [35.3240387, 55.4983574], [35.3188675, 55.4964364], [35.318356, 55.4922939], [35.3261087, 55.4872064], [35.3240827, 55.4867197], [35.3203313, 55.4836311], [35.3226552, 55.4811755], [35.3247616, 55.4802053], [35.319141, 55.4795473], [35.3190309, 55.4780645], [35.3154512, 55.4779656], [35.3142561, 55.475294], [35.2950269, 55.4754894], [35.2940675, 55.4760754], [35.2915922, 55.4729648], [35.2900951, 55.4730442], [35.2890047, 55.4723554], [35.2907101, 55.4709021], [35.2910364, 55.4631608], [35.2975972, 55.4615432], [35.3027767, 55.4593839], [35.3093444, 55.4574941], [35.3133942, 55.4504663], [35.3122836, 55.4460225], [35.3095057, 55.4422302], [35.3062867, 55.4395581], [35.3038736, 55.4350076], [35.3057589, 55.4350273], [35.3064821, 55.4354966], [35.3074863, 55.4350009], [35.3127166, 55.4353398], [35.3130111, 55.4346904], [35.3140324, 55.4347541], [35.3132429, 55.4342327], [35.3137295, 55.4337188], [35.3149816, 55.4339201], [35.3151063, 55.4332425], [35.3160683, 55.4334549], [35.3167526, 55.4328242], [35.3175429, 55.4328302], [35.3175325, 55.4332236], [35.3190524, 55.4328669], [35.3190851, 55.4316111], [35.319676, 55.4321636], [35.3229003, 55.4310893], [35.3238382, 55.4312109], [35.3244539, 55.4306189], [35.3259877, 55.430747], [35.3260827, 55.4301675], [35.3279145, 55.4295352], [35.3283224, 55.4298902], [35.3293734, 55.4296144], [35.3296583, 55.4286921], [35.3254777, 55.4268793], [35.319917, 55.4265619], [35.3113174, 55.4238908], [35.3090341, 55.4172662], [35.2977928, 55.4124335], [35.3026888, 55.4060313], [35.3049653, 55.4046002], [35.3055139, 55.3976523], [35.3002768, 55.3915624], [35.2945779, 55.3915307], [35.2935766, 55.3894709], [35.2861922, 55.3890081], [35.2857447, 55.3821689], [35.2892757, 55.3804063], [35.2893724, 55.377962], [35.2884674, 55.3730839], [35.2895512, 55.3677394], [35.2895733, 55.3593712], [35.2909614, 55.351858], [35.2807584, 55.349625], [35.2806169, 55.3439137], [35.2831294, 55.3434849], [35.2828003, 55.3419032], [35.2819721, 55.3403215], [35.274107, 55.3310688], [35.2695354, 55.3301274], [35.2675322, 55.3318349], [35.2656972, 55.3322307], [35.2646625, 55.3317327], [35.2649122, 55.3313093], [35.2634693, 55.3306771], [35.2617524, 55.3309181], [35.2586455, 55.3298816]]]}}, {"type": "Feature", "properties": {"rda_code": "MO-41", "rda_name": "CITY DISTRICT of REUTOV", "osm_name": "городской округ Реутов", "match_score": 1.0, "match_reason": "exact"}, "geometry": {"type": "Polygon", "coordinates": [[[37.8425433, 55.7471761], [37.8436779, 55.745903], [37.8468046, 55.7445871], [37.863233, 55.745573], [37.8852783, 55.749909], [37.8879359, 55.7514736], [37.8905374, 55.7517033], [37.8908792, 55.7531756], [37.8893033, 55.7530729], [37.8893499, 55.7547705], [37.8873258, 55.7582845], [37.8845544, 55.7577156], [37.8823836, 55.7584266], [37.8816722, 55.759567], [37.8834839, 55.7611581], [37.8813785, 55.7643198], [37.8852867, 55.7658403], [37.8816224, 55.770475], [37.881421, 55.7710106], [37.8820922, 55.7709969], [37.8821116, 55.7724165], [37.8798725, 55.7732673], [37.8781587, 55.7745405], [37.8696927, 55.7731272], [37.8649526, 55.7787261], [37.865966, 55.78097], [37.8680573, 55.7820514], [37.8658791, 55.7829362], [37.8504731, 55.7789036], [37.8506765, 55.7785667], [37.8457574, 55.7770065], [37.8450368, 55.7759795], [37.8435134, 55.7750578], [37.8436249, 55.7725573], [37.8459341, 55.7686145], [37.845698, 55.768071], [37.8434979, 55.7669072], [37.8425433, 55.7471761]]]}}, {"type": "Feature", "properties": {"rda_code": "MO-01", "rda_name": "CITY DISTRICT of BALASHIKHA", "osm_name": "городской округ Балашиха", "match_score": 1.0, "match_reason": "exact"}, "geometry": {"type": "Polygon", "coordinates": [[[37.7760741, 55.8727275], [37.7774058, 55.8564419], [37.8273855, 55.8305991], [37.8297437, 55.8305581], [37.8301389, 55.8303025], [37.8300815, 55.829153], [37.8343899, 55.8259607], [37.8373695, 55.8224896], [37.8387065, 55.8191064], [37.8391745, 55.8162615], [37.8437616, 55.8147738], [37.839762, 55.8116247], [37.8431377, 55.7792395], [37.8463818, 55.7781994], [37.8658791, 55.7829362], [37.8680573, 55.7820514], [37.865966, 55.78097], [37.8649526, 55.7787261], [37.8696927, 55.7731272], [37.8781587, 55.7745405], [37.8798725, 55.7732673], [37.8821116, 55.7724165], [37.8820922, 55.7709969], [37.881421, 55.7710106], [37.8816224, 55.770475], [37.8852867, 55.7658403], [37.8813785, 55.7643198], [37.8834839, 55.7611581], [37.8816722, 55.759567], [37.8823836, 55.7584266], [37.8845544, 55.7577156], [37.8873258, 55.7582845], [37.8893499, 55.7547705], [37.8893033, 55.7530729], [37.8908792, 55.7531756], [37.8905374, 55.7517033], [37.8879359, 55.7514736], [37.8852783, 55.749909], [37.8825409, 55.7493396], [37.8882457, 55.7484642], [37.8909533, 55.7421946], [37.8900854, 55.7416036], [37.8858291, 55.7426129], [37.8807532, 55.7425041], [37.8801347, 55.7422928], [37.8780087, 55.7378695], [37.8731611, 55.7381569], [37.8684891, 55.7372895], [37.864238, 55.7347168], [37.865471, 55.7331585], [37.8688922, 55.7329729], [37.8712339, 55.7308386], [37.8734123, 55.7296476], [37.8721668, 55.7277051], [37.8702706, 55.7265861], [37.8724504, 55.723377], [37.8761077, 55.7233852], [37.8769962, 55.7216165], [37.8765345, 55.7204709], [37.8810045, 55.7190992], [37.8861232, 55.7195938], [37.8869204, 55.7202606], [37.8871291, 55.721653], [37.8841562, 55.7233962], [37.8854775, 55.7241916], [37.8898505, 55.7237012], [37.8906332, 55.722309], [37.8923084, 55.7231871], [37.8993176, 55.7236191], [37.8993298, 55.7240269], [37.9018232, 55.7244186], [37.9028954, 55.7253249], [37.9050507, 55.7250997], [37.9056542, 55.7249094], [37.9055357, 55.7245219], [37.9077903, 55.724506], [37.9076519, 55.7247981], [37.9150477, 55.7269838], [37.9169278, 55.7283571], [37.9180394, 55.7306219], [37.9235854, 55.7312255], [37.9274801, 55.7302268], [37.9285228, 55.7293536], [37.9308738, 55.729755], [37.9342897, 55.7278764], [37.9376089, 55.726887], [37.9422726, 55.7229918], [37.9426104, 55.7220519], [37.9474751, 55.7200604], [37.950181, 55.7210131], [37.9549693, 55.7214206], [37.9574293, 55.72063], [37.9594228, 55.7184392], [37.9731149, 55.7164659], [37.9754126, 55.7153012], [37.9741161, 55.7112077], [37.9806108, 55.7085401], [37.9873281, 55.7029235], [37.991878, 55.7043498], [37.9938082, 55.7045076], [37.9959326, 55.7039247], [37.9985707, 55.7059523], [37.9992157, 55.7075476], [38.0018082, 55.708392], [38.0041331, 55.7081763], [38.0082443, 55.7093854], [38.0097813, 55.7101691], [38.009307, 55.712287], [38.0136562, 55.7130979], [38.0176593, 55.7115357], [38.0167888, 55.7085029], [38.0178957, 55.7084297], [38.0179501, 55.7055612], [38.0191068, 55.7046401], [38.021277, 55.7053291], [38.0231925, 55.7050241], [38.0231023, 55.705336], [38.0239995, 55.7055162], [38.0285157, 55.703829], [38.0300575, 55.7028492], [38.0307031, 55.701742], [38.0375359, 55.7009889], [38.038071, 55.7015001], [38.0412823, 55.7004414], [38.0584348, 55.697591], [38.0650373, 55.6974142], [38.0711754, 55.6962552], [38.0744424, 55.6960898], [38.0838621, 55.7001564], [38.0907318, 55.6993118], [38.0960865, 55.7027053], [38.095012, 55.702986], [38.0960435, 55.7050704], [38.0953228, 55.705647], [38.1096624, 55.7104925], [38.1250133, 55.701499], [38.1257867, 55.701416], [38.1559243, 55.7023383], [38.1588534, 55.7058862], [38.1596381, 55.7087074], [38.1576013, 55.7096594], [38.1575347, 55.7117473], [38.1499278, 55.7137798], [38.147178, 55.7164434], [38.1341174, 55.7136274], [38.1239134, 55.7138129], [38.1227587, 55.7154845], [38.1232211, 55.7158961], [38.118771, 55.7183857], [38.1182527, 55.7208606], [38.1137166, 55.7267875], [38.1119494, 55.7322502], [38.1089736, 55.733378], [38.1063222, 55.7330344], [38.1036507, 55.7352617], [38.1026561, 55.7388588], [38.0925212, 55.7365191], [38.0888012, 55.7415347], [38.0974908, 55.7437517], [38.1060241, 55.7451626], [38.120924, 55.7412959], [38.1277617, 55.7401091], [38.1361181, 55.7404117], [38.1362041, 55.7392311], [38.1357061, 55.7388301], [38.1399, 55.7387709], [38.1398366, 55.7418775], [38.1447756, 55.746153], [38.1245624, 55.7521247], [38.1161601, 55.7533726], [38.1167125, 55.7549031], [38.1207151, 55.7567363], [38.119984, 55.7581403], [38.1178376, 55.7569211], [38.1157436, 55.7570953], [38.1161893, 55.758266], [38.1112152, 55.7589382], [38.1106391, 55.7598336], [38.1106723, 55.7624838], [38.109788, 55.7644082], [38.1106378, 55.7656362], [38.1078222, 55.766208], [38.1068745, 55.7672898], [38.0997525, 55.769924], [38.0838695, 55.7714975], [38.0840894, 55.7750804], [38.0535886, 55.7751745], [38.0519394, 55.7786189], [38.0568429, 55.7806437], [38.0589047, 55.7807673], [38.0613044, 55.783278], [38.0649542, 55.7853356], [38.0652011, 55.7872565], [38.0627763, 55.7889285], [38.0676066, 55.7914487], [38.0721883, 55.7913596], [38.0729135, 55.7938354], [38.0690092, 55.7943238], [38.0687949, 55.803474], [38.0669132, 55.8037462], [38.0669679, 55.8062324], [38.0652988, 55.8080339], [38.0654545, 55.8087915], [38.0647007, 55.8088107], [38.0626391, 55.8103586], [38.0627285, 55.8114206], [38.061823, 55.8128773], [38.0620135, 55.8142177], [38.0606118, 55.8171338], [38.0628119, 55.8196399], [38.0576666, 55.8230697], [38.0569332, 55.8265364], [38.0498159, 55.8305096], [38.0488777, 55.8336296], [38.037752, 55.8393054], [38.0295676, 55.840304], [38.0268018, 55.8416155], [38.0279151, 55.8445138], [38.0269492, 55.8455293], [38.024236, 55.846931], [38.0185521, 55.8480018], [38.0147098, 55.8480582], [38.0087308, 55.8478844], [38.0063411, 55.8464781], [38.004902, 55.8471565], [38.0001982, 55.8476414], [37.9988155, 55.8469621], [37.995138, 55.8469617], [37.9937424, 55.8459868], [37.9904107, 55.8449], [37.9878762, 55.8458116], [37.9849385, 55.843222], [37.9833683, 55.8431517], [37.9815437, 55.844156], [37.9778459, 55.8450827], [37.9783673, 55.8459318], [37.9762797, 55.8473019], [37.9757119, 55.8481977], [37.9683399, 55.8491556], [37.9674946, 55.8500451], [37.9733756, 55.853191], [37.9723439, 55.8530761], [37.9707048, 55.8547017], [37.9686695, 55.8552268], [37.9716153, 55.8570025], [37.9719704, 55.8588588], [37.9708409, 55.8605752], [37.9675389, 55.8597662], [37.963402, 55.8597416], [37.9626075, 55.8608064], [37.9570267, 55.8613063], [37.9545304, 55.8610419], [37.9517418, 55.8619646], [37.9500112, 55.8653327], [37.9394407, 55.8626671], [37.9324194, 55.8663335], [37.9290153, 55.8673678], [37.926413, 55.8672732], [37.9181169, 55.8686752], [37.9148009, 55.8703894], [37.9122206, 55.8736936], [37.9108756, 55.8767585], [37.9098818, 55.8763452], [37.9064451, 55.8787556], [37.9034349, 55.8796904], [37.9022015, 55.87904], [37.9007747, 55.8795158], [37.8967206, 55.8763237], [37.8916561, 55.8754329], [37.890564, 55.8761121], [37.8887722, 55.8755391], [37.8879215, 55.8731427], [37.8841346, 55.8721775], [37.8814088, 55.872969], [37.87098, 55.8705834], [37.8692879, 55.8688599], [37.8657391, 55.8680877], [37.8623489, 55.8686631], [37.8519591, 55.8670558], [37.8503041, 55.867839], [37.8487774, 55.8671698], [37.8428543, 55.8676397], [37.8425909, 55.8671377], [37.8321368, 55.8660709], [37.8273373, 55.86609], [37.8175951, 55.8670681], [37.8121746, 55.8688387], [37.8109123, 55.8709146], [37.8068652, 55.8713972], [37.8003568, 55.8738182], [37.7760741, 55.8727275]], [[37.849809, 55.8104662], [37.8453271, 55.8135622], [37.852883, 55.8167206], [37.8573206, 55.8179111], [37.8572656, 55.8183396], [37.8581098, 55.8187889], [37.8576463, 55.8195971], [37.8591727, 55.8199786], [37.8600116, 55.819398], [37.8722162, 55.8225388], [37.8737977, 55.8200036], [37.8783391, 55.8206528], [37.8789454, 55.8198969], [37.8805382, 55.8195135], [37.8839677, 55.8203394], [37.8842776, 55.8199606], [37.8851643, 55.8206244], [37.887908, 55.8207903], [37.8890935, 55.8194231], [37.8978239, 55.817922], [37.8993112, 55.8162911], [37.8993002, 55.8150981], [37.898549, 55.8143866], [37.894541, 55.8139399], [37.8913971, 55.815122], [37.8892963, 55.8151759], [37.8868742, 55.8165315], [37.8861402, 55.8161663], [37.8853211, 55.816662], [37.8830652, 55.8162984], [37.8808425, 55.8143186], [37.8798248, 55.8142046], [37.8796416, 55.8132673], [37.8781481, 55.8114292], [37.8741278, 55.8106937], [37.8735825, 55.8086963], [37.8700807, 55.8077607], [37.8711986, 55.8063292], [37.8665868, 55.8042107], [37.8657431, 55.804208], [37.8632647, 55.8074211], [37.8628232, 55.8073119], [37.8616973, 55.8086902], [37.8600338, 55.8084267], [37.8606871, 55.8075406], [37.8563695, 55.8060414], [37.8561187, 55.8066485], [37.8521852, 55.8089604], [37.8502374, 55.808557], [37.8488715, 55.8094232], [37.849809, 55.8104662]], [[37.8684899, 55.8239272], [37.8735166, 55.8252341], [37.8756653, 55.8253424], [37.8760016, 55.8249027], [37.8689418, 55.8228697], [37.8684899, 55.8239272]]]}}, {"type": "Feature", "properties": {"rda_code": "MO-44", "rda_name": "SERPUKHOV, PROTVINO, PUSHCHINO", "osm_name": "городской округ Серпухов", "match_score": 0.92, "match_reason": "contains"}, "geometry": {"type": "Polygon", "coordinates": [[[37.1181446, 55.0635164], [37.1110239, 55.0615102], [37.1033858, 55.0616009], [37.0928318, 55.0589095], [37.0844975, 55.057676], [37.0838062, 55.05655], [37.0935577, 55.0483614], [37.0968052, 55.0442306], [37.0962944, 55.0412665], [37.094554, 55.0366414], [37.0958678, 55.0324086], [37.113193, 55.0235108], [37.1196288, 55.021913], [37.1223176, 55.0233021], [37.1244159, 55.0198404], [37.127839, 55.0185246], [37.1498994, 55.0001591], [37.1513668, 54.9996928], [37.1566435, 55.0004043], [37.1342978, 54.9913977], [37.1389536, 54.987892], [37.1542693, 54.9850999], [37.1522915, 54.9831695], [37.1466764, 54.981414], [37.1521501, 54.9801721], [37.1613125, 54.9753695], [37.1641449, 54.9725122], [37.1624068, 54.97149], [37.1637158, 54.9706894], [37.1647028, 54.9710343], [37.1674708, 54.9700243], [37.1680287, 54.9686818], [37.1717409, 54.9681521], [37.1736077, 54.9601943], [37.169917, 54.9573483], [37.1621279, 54.9597631], [37.1623425, 54.9609088], [37.1640805, 54.9631017], [37.1660117, 54.9634096], [37.1677283, 54.9650603], [37.1643595, 54.9654299], [37.1612696, 54.9650726], [37.161291, 54.962498], [37.1577291, 54.9579767], [37.1581582, 54.9576563], [37.1623854, 54.9586912], [37.1672134, 54.9574962], [37.1687408, 54.956087], [37.16635, 54.9532813], [37.1644668, 54.9536396], [37.1637239, 54.9527908], [37.1610946, 54.9518192], [37.1604962, 54.9504442], [37.1676141, 54.9492957], [37.1668941, 54.9462976], [37.1684899, 54.9459918], [37.1706391, 54.9439006], [37.1715221, 54.9438206], [37.1739039, 54.9403702], [37.1735991, 54.9396547], [37.1714746, 54.9383842], [37.173124, 54.9377014], [37.1725073, 54.9373548], [37.1732577, 54.9367229], [37.1851242, 54.9311151], [37.1881449, 54.9288628], [37.1929945, 54.9232556], [37.1770045, 54.9088499], [37.1763472, 54.9072392], [37.1763194, 54.9045731], [37.1757387, 54.9028047], [37.1743414, 54.9027225], [37.1687864, 54.8980225], [37.1671501, 54.8951087], [37.1681953, 54.8938508], [37.173138, 54.8918642], [37.1739015, 54.890489], [37.1736225, 54.8899834], [37.1741524, 54.8895129], [37.1722042, 54.8866508], [37.1702808, 54.8849581], [37.1694088, 54.8834225], [37.1694529, 54.8813887], [37.1687005, 54.8799177], [37.1757741, 54.8785446], [37.1655448, 54.8665854], [37.1666152, 54.8658293], [37.1717537, 54.8642871], [37.185275, 54.8611884], [37.1848441, 54.8596712], [37.1881007, 54.857373], [37.189093, 54.8581108], [37.1907233, 54.8578153], [37.1900366, 54.856257], [37.1903405, 54.8558193], [37.1932558, 54.8554918], [37.1946579, 54.8575703], [37.1957058, 54.8576239], [37.2012007, 54.8534767], [37.2014874, 54.8521679], [37.2006259, 54.8516507], [37.1986141, 54.852067], [37.1966838, 54.8517783], [37.1966883, 54.8513747], [37.2002488, 54.8496033], [37.2038192, 54.8487832], [37.2051768, 54.848997], [37.2086873, 54.8514493], [37.2089264, 54.8531343], [37.2097399, 54.8534616], [37.215607, 54.85279], [37.2174794, 54.8515029], [37.217565, 54.8502396], [37.2184558, 54.8496159], [37.219661, 54.8497735], [37.2202197, 54.8505674], [37.2192929, 54.8515059], [37.2198993, 54.8524384], [37.223342, 54.8531716], [37.2267264, 54.852564], [37.2272667, 54.8519492], [37.2266372, 54.8498845], [37.2280726, 54.8499092], [37.229791, 54.8514396], [37.2333342, 54.8507071], [37.2335594, 54.8502816], [37.2331078, 54.8500138], [37.2303989, 54.8498009], [37.2289832, 54.8486785], [37.2293355, 54.8472863], [37.2301132, 54.8465603], [37.2326564, 54.8453915], [37.2399665, 54.8462437], [37.2511864, 54.8485565], [37.2538878, 54.8504655], [37.2567929, 54.8508321], [37.2613686, 54.8507958], [37.2651704, 54.8483731], [37.2681483, 54.8474054], [37.270892, 54.8472697], [37.2742716, 54.8478379], [37.2754303, 54.8473298], [37.2687091, 54.8418015], [37.2733337, 54.8388689], [37.2760927, 54.8357322], [37.2711426, 54.8350876], [37.2714555, 54.8345195], [37.2700991, 54.8339487], [37.2701519, 54.8315565], [37.270913, 54.8306626], [37.2946292, 54.826633], [37.2986941, 54.8296824], [37.2976717, 54.832137], [37.2973288, 54.8347216], [37.2982322, 54.8347407], [37.297714, 54.8371877], [37.2984224, 54.8379677], [37.2973697, 54.8399902], [37.2971641, 54.8416692], [37.2983221, 54.8420606], [37.2952403, 54.8461785], [37.3000389, 54.8500151], [37.3020275, 54.8498535], [37.3036049, 54.8508018], [37.3089063, 54.8484035], [37.3077471, 54.8471173], [37.3109578, 54.8462476], [37.3137263, 54.8426887], [37.3123852, 54.8423237], [37.3093594, 54.8427831], [37.3084794, 54.8413702], [37.3111188, 54.8402504], [37.3139658, 54.8403776], [37.3165834, 54.8388925], [37.3171409, 54.839176], [37.3211626, 54.8382042], [37.3267729, 54.8391529], [37.3323256, 54.8454099], [37.3343434, 54.8460431], [37.3392649, 54.8406638], [37.3538449, 54.835583], [37.353326, 54.8350806], [37.3559074, 54.8337337], [37.3563758, 54.8346856], [37.358095, 54.8345691], [37.3586939, 54.8395781], [37.3588899, 54.848822], [37.361461, 54.8498493], [37.3649393, 54.8499044], [37.3668779, 54.8510805], [37.370224, 54.8518365], [37.3740573, 54.8494114], [37.3741808, 54.8484975], [37.3732599, 54.8476482], [37.3734845, 54.8463592], [37.3745175, 54.8460724], [37.3751846, 54.8448042], [37.3747611, 54.8434811], [37.3760106, 54.8433774], [37.3747717, 54.842225], [37.3745387, 54.8402921], [37.3756717, 54.8393957], [37.3759894, 54.838481], [37.3768147, 54.8382917], [37.3794617, 54.8383368], [37.3834833, 54.8398707], [37.3863916, 54.8398283], [37.3876522, 54.8407562], [37.3893565, 54.8411159], [37.3909574, 54.8423497], [37.3899822, 54.8437129], [37.3905865, 54.8439781], [37.411949, 54.8410149], [37.4125324, 54.8425858], [37.4165142, 54.8435872], [37.4210561, 54.8408987], [37.4241368, 54.8402711], [37.4311552, 54.8407037], [37.4370408, 54.8417459], [37.4379643, 54.842377], [37.4462945, 54.8415869], [37.4457124, 54.8394708], [37.4464383, 54.8379951], [37.4484865, 54.8365066], [37.4503692, 54.8359411], [37.4563961, 54.8388657], [37.463285, 54.82824], [37.4675013, 54.8234812], [37.4683073, 54.8217703], [37.4672872, 54.8205426], [37.4671942, 54.819036], [37.4729109, 54.8186071], [37.4846344, 54.8204393], [37.4875126, 54.8180032], [37.4896578, 54.8145924], [37.4930462, 54.8122112], [37.4988705, 54.8087631], [37.5039873, 54.8073568], [37.4985981, 54.8036846], [37.4994455, 54.8021676], [37.5000923, 54.7984783], [37.497031, 54.7956048], [37.4971141, 54.7930839], [37.5000354, 54.7921609], [37.5026983, 54.7924229], [37.5093995, 54.7897554], [37.5138493, 54.7861929], [37.5187693, 54.7835906], [37.5217894, 54.7831044], [37.5182895, 54.7816019], [37.5235095, 54.7816631], [37.5245798, 54.7801081], [37.5261344, 54.7794902], [37.532001, 54.7806327], [37.5369773, 54.7809787], [37.5447874, 54.7804279], [37.5562867, 54.7600668], [37.5561902, 54.7578374], [37.5567617, 54.7568066], [37.5560363, 54.754561], [37.5552754, 54.7537857], [37.5514402, 54.7523961], [37.5506161, 54.7516759], [37.5506508, 54.7501126], [37.5491834, 54.7488865], [37.5481164, 54.7461638], [37.5479964, 54.7376042], [37.5637833, 54.7319554], [37.5653821, 54.7327367], [37.5662698, 54.7350219], [37.5646545, 54.7348595], [37.5652882, 54.7370728], [37.5663848, 54.737381], [37.5662111, 54.7379247], [37.5649968, 54.7378386], [37.5650746, 54.7391909], [37.5630378, 54.7423412], [37.5670761, 54.7417144], [37.5726375, 54.7416502], [37.5740054, 54.7422411], [37.5741247, 54.7433119], [37.5748488, 54.7435058], [37.5749273, 54.7441463], [37.5755882, 54.7445225], [37.5787335, 54.7445438], [37.5812445, 54.7417842], [37.6000084, 54.7426127], [37.6030367, 54.7460279], [37.604033, 54.7453618], [37.6049941, 54.7455046], [37.6054218, 54.7449243], [37.6062283, 54.7450519], [37.6086466, 54.7430269], [37.6095116, 54.7429107], [37.6104929, 54.7416709], [37.6117584, 54.7413721], [37.612876, 54.7418458], [37.6265155, 54.7433466], [37.6261717, 54.7432962], [37.627694, 54.7399268], [37.6299873, 54.7379221], [37.6343223, 54.7375701], [37.6413394, 54.7338608], [37.640477, 54.7335543], [37.6417231, 54.7339014], [37.6429582, 54.7333676], [37.6427974, 54.7322745], [37.6437677, 54.731166], [37.6440602, 54.7328482], [37.648027, 54.7306996], [37.6619263, 54.7254569], [37.6667329, 54.7228545], [37.6683851, 54.7228174], [37.67824, 54.7190368], [37.6793071, 54.7178353], [37.6822886, 54.7168202], [37.6847077, 54.7143987], [37.6868694, 54.7138473], [37.688834, 54.7191981], [37.6946098, 54.7238023], [37.7033706, 54.7207644], [37.711644, 54.7227975], [37.7176392, 54.7232937], [37.723711, 54.7248173], [37.7272611, 54.7248492], [37.7403338, 54.732324], [37.7440458, 54.7329352], [37.7433571, 54.7340707], [37.7584263, 54.7429998], [37.7629643, 54.7439559], [37.7615993, 54.747933], [37.7649223, 54.7507133], [37.76618, 54.7508396], [37.7662355, 54.7517853], [37.7639487, 54.7523936], [37.7627129, 54.7516171], [37.7622423, 54.7517385], [37.7627087, 54.7521291], [37.7623579, 54.7526168], [37.7601452, 54.7527638], [37.7600714, 54.7521879], [37.7593856, 54.7519817], [37.7578732, 54.7521669], [37.7638368, 54.7716456], [37.7713996, 54.7702906], [37.7756357, 54.7713946], [37.7758178, 54.7746256], [37.774685, 54.7759926], [37.7769725, 54.7787393], [37.7751786, 54.780366], [37.7780288, 54.7850239], [37.7751485, 54.7850538], [37.7703907, 54.786313], [37.7700368, 54.7886796], [37.7710107, 54.7930022], [37.770816, 54.7954578], [37.7694119, 54.7984892], [37.7642806, 54.7986554], [37.7645039, 54.8037182], [37.7731906, 54.805462], [37.7750893, 54.8083994], [37.7762326, 54.8112132], [37.7764414, 54.8122967], [37.7751696, 54.8134649], [37.779168, 54.8156138], [37.7724843, 54.8180673], [37.7729946, 54.8189936], [37.7722381, 54.8193018], [37.7730776, 54.8207485], [37.7694868, 54.8210843], [37.7711529, 54.8251817], [37.7620945, 54.8282249], [37.7575005, 54.829067], [37.7542919, 54.8275483], [37.7503266, 54.8296971], [37.7481599, 54.8323696], [37.7528132, 54.8326131], [37.767467, 54.8320625], [37.7697609, 54.8324522], [37.7887236, 54.8326441], [37.7933478, 54.8323364], [37.7943974, 54.8327684], [37.7923908, 54.8331793], [37.7921027, 54.834333], [37.8448892, 54.8399703], [37.8695438, 54.8431735], [37.8937768, 54.8498963], [37.9057307, 54.8501788], [37.9107863, 54.8550354], [37.9097148, 54.8588385], [37.9061637, 54.8563711], [37.8924672, 54.8534162], [37.8927618, 54.8693737], [37.902957, 54.876189], [37.8904318, 54.8823946], [37.8796724, 54.8766956], [37.8702033, 54.8784353], [37.8670484, 54.8791074], [37.8532526, 54.8848675], [37.8530109, 54.8876081], [37.8435326, 54.8902607], [37.8411705, 54.8918793], [37.8380179, 54.8919904], [37.8356905, 54.8945303], [37.8337546, 54.8941056], [37.832499, 54.8960825], [37.8307272, 54.8959144], [37.823506, 54.8997281], [37.8258572, 54.900023], [37.8270495, 54.9010213], [37.8266881, 54.9020773], [37.8195272, 54.9021265], [37.818873, 54.9002781], [37.8135494, 54.8993319], [37.8063682, 54.8987984], [37.8060236, 54.9006435], [37.8026199, 54.9010786], [37.8040208, 54.9032905], [37.8057997, 54.9079157], [37.8027435, 54.9080925], [37.7998423, 54.9100345], [37.8028393, 54.9104042], [37.8020398, 54.9128537], [37.8030908, 54.9137025], [37.8046208, 54.9137976], [37.8047687, 54.914211], [37.8023525, 54.9160678], [37.7999715, 54.914929], [37.8003266, 54.9141912], [37.7994642, 54.9132781], [37.7978984, 54.9131149], [37.7967673, 54.9139307], [37.7945818, 54.9168083], [37.7943913, 54.9190354], [37.7920401, 54.922344], [37.7921358, 54.9252113], [37.7903263, 54.9277773], [37.7912041, 54.9280201], [37.789545, 54.932026], [37.7939306, 54.9332569], [37.794395, 54.9353642], [37.79526, 54.9366493], [37.796482, 54.9374295], [37.7946301, 54.9375467], [37.7958061, 54.9387534], [37.7936461, 54.9394615], [37.7987448, 54.9421953], [37.8007586, 54.9438198], [37.8019741, 54.9456369], [37.7996629, 54.9462235], [37.8002379, 54.9488936], [37.7862814, 54.952363], [37.781508, 54.9502636], [37.7776618, 54.9477288], [37.7681327, 54.959733], [37.7697926, 54.9665408], [37.7702161, 54.9720358], [37.7768528, 54.9789865], [37.7335189, 54.9806313], [37.7351288, 54.9962702], [37.7264948, 55.0034065], [37.7128372, 55.008562], [37.6970932, 55.0088271], [37.6974137, 55.0075026], [37.6809946, 55.0066013], [37.6737206, 55.0088974], [37.674276, 55.0093155], [37.6705068, 55.009705], [37.6690525, 55.0146859], [37.6637721, 55.0167548], [37.6626457, 55.0215366], [37.6632831, 55.0229158], [37.6289986, 55.0215385], [37.62821, 55.0225401], [37.6249867, 55.0242894], [37.619529, 55.0252434], [37.6180509, 55.0245088], [37.614569, 55.0238476], [37.6088919, 55.0232055], [37.6074354, 55.0235834], [37.6039755, 55.0212464], [37.5998335, 55.019672], [37.5986328, 55.0199757], [37.594816, 55.0191012], [37.5926205, 55.019126], [37.5933362, 55.0184715], [37.5906142, 55.0163584], [37.579799, 55.0205948], [37.5763228, 55.0206332], [37.5778652, 55.0157723], [37.5697174, 55.0134869], [37.5766852, 55.0102051], [37.5786253, 55.0099963], [37.5802639, 55.0091911], [37.5859036, 55.0091277], [37.5789761, 55.0061483], [37.5777532, 55.0031616], [37.5761346, 55.0021977], [37.5729892, 55.0013744], [37.5693494, 54.9982877], [37.5572742, 54.9959441], [37.5534293, 54.9977363], [37.5524186, 54.9994978], [37.5529543, 54.9999888], [37.5505837, 55.0010275], [37.5477694, 55.0037543], [37.5546894, 55.0084698], [37.5586513, 55.0090449], [37.5595804, 55.0125872], [37.5621375, 55.016606], [37.5620658, 55.0180694], [37.5584282, 55.0221449], [37.5400973, 55.0198891], [37.5393406, 55.0170661], [37.5380669, 55.0150535], [37.5396036, 55.0099801], [37.528524, 55.0031704], [37.5254763, 55.0061767], [37.5195258, 55.010313], [37.5169762, 55.0138821], [37.5143637, 55.0121419], [37.5073301, 55.0122666], [37.5064726, 55.0155703], [37.5076001, 55.0185074], [37.5054128, 55.0192401], [37.5011205, 55.0223146], [37.4978814, 55.0282088], [37.5016262, 55.0309365], [37.5049118, 55.0325044], [37.5066189, 55.035452], [37.5095296, 55.0378342], [37.5106826, 55.0408094], [37.507263, 55.0495166], [37.5047905, 55.0508221], [37.5022079, 55.0539191], [37.4993267, 55.0550753], [37.4878159, 55.0556874], [37.4842767, 55.0606278], [37.4863314, 55.0624751], [37.484793, 55.0633821], [37.4787208, 55.0627336], [37.4691923, 55.0595776], [37.4634857, 55.0611845], [37.4499189, 55.0600841], [37.4488842, 55.0612514], [37.4472142, 55.0612125], [37.4469219, 55.0603901], [37.4441366, 55.0609826], [37.4427993, 55.0621917], [37.4365277, 55.0622022], [37.4348237, 55.0618138], [37.4259455, 55.0628727], [37.4269244, 55.0663173], [37.4266351, 55.0682677], [37.416464, 55.0620309], [37.4159725, 55.0589029], [37.4023544, 55.0521268], [37.3961262, 55.0528374], [37.3923207, 55.0540237], [37.3902405, 55.0559027], [37.3872961, 55.0560805], [37.3875506, 55.0585434], [37.3835441, 55.0611409], [37.3809125, 55.0613054], [37.3726628, 55.0581739], [37.3681997, 55.0579082], [37.3668846, 55.0587487], [37.3540188, 55.0601305], [37.3482736, 55.0631102], [37.3426491, 55.0621775], [37.3387093, 55.0623682], [37.3333512, 55.0588933], [37.3403601, 55.0471023], [37.3407783, 55.0442891], [37.3221574, 55.0443814], [37.320562, 55.0447865], [37.3202055, 55.044281], [37.3195572, 55.0445463], [37.3174276, 55.0438253], [37.3158268, 55.0417021], [37.3113909, 55.0426697], [37.3124986, 55.0444305], [37.3119473, 55.0452031], [37.3120544, 55.0476331], [37.3048655, 55.0500291], [37.3027177, 55.0483676], [37.3027999, 55.0471335], [37.3005581, 55.0459089], [37.295211, 55.0465429], [37.2940423, 55.0514916], [37.2957512, 55.0524278], [37.2949654, 55.055087], [37.2942774, 55.0558218], [37.2880391, 55.0584947], [37.2799833, 55.0525474], [37.2660967, 55.0584441], [37.26456, 55.0580663], [37.2643405, 55.0593213], [37.2611917, 55.0620335], [37.2591884, 55.0606763], [37.257829, 55.0590598], [37.2570556, 55.0597352], [37.2519039, 55.0614516], [37.2501427, 55.060712], [37.2548713, 55.0570636], [37.2501525, 55.0558541], [37.2427448, 55.0525223], [37.2407002, 55.0525688], [37.2398919, 55.051798], [37.2407514, 55.0510198], [37.2395739, 55.0497336], [37.2396142, 55.0476991], [37.2371875, 55.0467206], [37.234976, 55.0446874], [37.2349398, 55.0436489], [37.2355448, 55.0425553], [37.2343549, 55.0425003], [37.2310684, 55.0402945], [37.2275415, 55.0394408], [37.2276042, 55.0390734], [37.225844, 55.0390204], [37.2226104, 55.0432093], [37.2223097, 55.04526], [37.2198709, 55.0473285], [37.2176454, 55.0475851], [37.2171492, 55.0491916], [37.2133056, 55.0488818], [37.2067283, 55.049332], [37.2024219, 55.0536425], [37.2001454, 55.0547019], [37.1959092, 55.0545404], [37.1933982, 55.053874], [37.1866876, 55.0543863], [37.1859706, 55.0536472], [37.1734226, 55.0565033], [37.1726296, 55.0555748], [37.1720201, 55.0559002], [37.1727501, 55.0569985], [37.1703614, 55.0576522], [37.1709761, 55.0589263], [37.1685048, 55.0591477], [37.1642867, 55.059125], [37.1581975, 55.058302], [37.1408003, 55.059308], [37.1318373, 55.0603971], [37.1285242, 55.0600011], [37.1231559, 55.0603548], [37.1197901, 55.0618635], [37.1181446, 55.0635164]]]}}, {"type": "Feature", "properties": {"rda_code": "MO-65", "rda_name": "CITY DISTRICT of KASHIRA", "osm_name": "городской округ Кашира", "match_score": 1.0, "match_reason": "exact"}, "geometry": {"type": "Polygon", "coordinates": [[[37.9744496, 54.8398069], [37.975539, 54.8357562], [37.9744314, 54.8342795], [37.9745126, 54.8332712], [37.9782699, 54.8311521], [37.9826364, 54.8298027], [37.9838345, 54.8282824], [37.9857555, 54.8279582], [37.9879707, 54.8261583], [37.9897259, 54.8255255], [37.9898262, 54.8250239], [37.9888038, 54.8243549], [37.9879233, 54.8229062], [37.9857531, 54.8228836], [37.9847789, 54.8214858], [37.9851039, 54.8206529], [37.9877156, 54.8197466], [37.987246, 54.8190139], [37.9855562, 54.8192302], [37.9853272, 54.8184285], [37.9891648, 54.8174983], [37.9894532, 54.8159086], [37.9882288, 54.8150017], [37.9867034, 54.8126049], [37.9846381, 54.811506], [37.9844997, 54.8098612], [37.9831982, 54.8078509], [37.9830545, 54.8063299], [37.979873, 54.80547], [37.9800938, 54.8044994], [37.982804, 54.8040142], [37.9837118, 54.8029729], [37.9821374, 54.79985], [37.9822012, 54.7987548], [37.9791334, 54.7962285], [37.9754522, 54.7946666], [37.9733329, 54.7927776], [37.9735326, 54.7922533], [37.9731096, 54.792014], [37.9711302, 54.7923908], [37.9670421, 54.7908563], [37.9666768, 54.789398], [37.9643084, 54.7883175], [37.9638531, 54.7859787], [37.9627005, 54.7856875], [37.9595414, 54.7860288], [37.9585528, 54.7851244], [37.9583853, 54.7833378], [37.9551535, 54.782063], [37.9539961, 54.7806998], [37.9572292, 54.7802933], [37.9591195, 54.7792137], [37.9623959, 54.7783915], [37.9639824, 54.7768947], [37.9646738, 54.7788155], [37.9758068, 54.7772364], [37.9836193, 54.7749175], [37.9952987, 54.7813754], [37.9987494, 54.7839709], [38.0164847, 54.7831024], [38.0122095, 54.7761918], [38.0396567, 54.7646729], [38.043353, 54.7474645], [38.0448205, 54.7342618], [38.0310182, 54.7361434], [38.0277235, 54.7250006], [38.0277783, 54.7222561], [38.0292374, 54.7204033], [38.0277676, 54.7194676], [38.0277781, 54.7184914], [38.0464495, 54.7209116], [38.0477255, 54.7204142], [38.0489198, 54.7209869], [38.0501654, 54.7208459], [38.0505704, 54.7202686], [38.0501794, 54.719962], [38.0508226, 54.7199284], [38.0507934, 54.7193224], [38.0539898, 54.7171756], [38.0562484, 54.7170275], [38.057713, 54.716009], [38.0582174, 54.7148936], [38.0599927, 54.7137457], [38.062054, 54.7127031], [38.0664681, 54.7115859], [38.0695398, 54.7097958], [38.0689386, 54.709262], [38.0702476, 54.7089565], [38.0796378, 54.7092035], [38.0970295, 54.7149619], [38.1117101, 54.7149304], [38.1184603, 54.716841], [38.1225105, 54.7115574], [38.1252224, 54.7071086], [38.1287129, 54.7053043], [38.1302462, 54.7034073], [38.1349734, 54.6892651], [38.1359742, 54.6871161], [38.137144, 54.6866471], [38.1503174, 54.6873859], [38.151495, 54.6881123], [38.1546966, 54.6923552], [38.1564986, 54.6935495], [38.1669056, 54.6957197], [38.1714546, 54.696129], [38.1803166, 54.698485], [38.1835479, 54.6983161], [38.1856938, 54.6958802], [38.1870371, 54.6950984], [38.2053856, 54.6966693], [38.212292, 54.6964648], [38.2124756, 54.6899781], [38.2143538, 54.6809991], [38.2153323, 54.6792128], [38.2331385, 54.6686743], [38.233156, 54.6674492], [38.2341619, 54.6669135], [38.2363431, 54.6671394], [38.2396092, 54.6713666], [38.2415184, 54.6715322], [38.2564763, 54.6637424], [38.2668964, 54.6687211], [38.2725997, 54.6719899], [38.2738441, 54.6738693], [38.2751348, 54.6740717], [38.2753479, 54.6732602], [38.276302, 54.6730758], [38.2797414, 54.6741833], [38.2812246, 54.6762971], [38.2885144, 54.676869], [38.2912589, 54.6775329], [38.2921972, 54.6770185], [38.2932252, 54.6753854], [38.294359, 54.6745813], [38.2955881, 54.6746011], [38.2974803, 54.6730775], [38.297883, 54.6705175], [38.2999201, 54.6689701], [38.3052874, 54.6662116], [38.3054626, 54.6657446], [38.3146495, 54.661571], [38.3122988, 54.6591322], [38.3107197, 54.6580901], [38.3091325, 54.6577111], [38.3091995, 54.6573662], [38.3115427, 54.6558502], [38.3123924, 54.655041], [38.3123125, 54.6545946], [38.3164218, 54.653615], [38.3160014, 54.6525338], [38.3180289, 54.6506996], [38.3194544, 54.6508399], [38.3310767, 54.656701], [38.344537, 54.6571428], [38.3456825, 54.6581368], [38.360002, 54.6540502], [38.3637251, 54.648251], [38.371744, 54.6480853], [38.388285, 54.6382754], [38.3947508, 54.6425455], [38.3918867, 54.6474135], [38.3958693, 54.648429], [38.3976919, 54.6461051], [38.4010333, 54.6457731], [38.4099067, 54.6481924], [38.4159687, 54.6483485], [38.4158031, 54.6492576], [38.4185023, 54.6489068], [38.4204206, 54.6504127], [38.422812, 54.6511886], [38.4246768, 54.6507599], [38.4288367, 54.6475805], [38.4314799, 54.6486824], [38.4312405, 54.6498365], [38.4330213, 54.6514607], [38.4343918, 54.6512872], [38.4385595, 54.6489516], [38.4421092, 54.6487555], [38.4439689, 54.6500098], [38.4447196, 54.6517563], [38.4501113, 54.6516394], [38.4507672, 54.6510316], [38.4515974, 54.6511585], [38.4528631, 54.6531854], [38.4563663, 54.6530817], [38.4566444, 54.6535882], [38.4705397, 54.6443246], [38.4642683, 54.6409535], [38.4676588, 54.6387556], [38.4730837, 54.6365771], [38.4736604, 54.6354843], [38.473642, 54.6341592], [38.4721716, 54.6336747], [38.4750527, 54.6335008], [38.4834903, 54.6299448], [38.4837765, 54.6301431], [38.4828553, 54.6307859], [38.4845704, 54.6308417], [38.4844442, 54.6317725], [38.4859923, 54.6321156], [38.4863029, 54.632808], [38.4871233, 54.6328017], [38.4869599, 54.6335454], [38.4880664, 54.634241], [38.4887616, 54.6353962], [38.4918579, 54.6362308], [38.4961391, 54.6304085], [38.5249606, 54.6402803], [38.5249839, 54.6417341], [38.5244716, 54.6427247], [38.5252145, 54.644078], [38.5250158, 54.645118], [38.525787, 54.6462567], [38.5252174, 54.6469667], [38.5273114, 54.6485251], [38.5288375, 54.6512275], [38.5337261, 54.6552804], [38.5400469, 54.6552112], [38.5404541, 54.6567565], [38.547932, 54.6580749], [38.5501885, 54.6572657], [38.5543199, 54.6587435], [38.562753, 54.6628413], [38.5664553, 54.6701446], [38.5779656, 54.6897495], [38.5723194, 54.6901288], [38.5732742, 54.6932857], [38.5749031, 54.6934476], [38.5757417, 54.6982283], [38.5766077, 54.6981148], [38.5787727, 54.70019], [38.5781318, 54.7015988], [38.5745235, 54.7016241], [38.5717949, 54.700756], [38.5689461, 54.7009654], [38.5688302, 54.7023037], [38.5675993, 54.70297], [38.5661805, 54.7027447], [38.56516, 54.7035304], [38.5650179, 54.7042705], [38.5656686, 54.7048527], [38.5649262, 54.7068833], [38.5598655, 54.7090294], [38.5612972, 54.7104758], [38.5602584, 54.7106269], [38.5601634, 54.7117547], [38.5594819, 54.7119807], [38.5587245, 54.7135688], [38.5569599, 54.7136221], [38.5570263, 54.7116976], [38.5587485, 54.7105338], [38.5572953, 54.7100617], [38.5568824, 54.7110518], [38.5552434, 54.712122], [38.5508278, 54.7140093], [38.5506872, 54.7148323], [38.5490763, 54.7154181], [38.5509822, 54.7163453], [38.5495407, 54.7183949], [38.5502463, 54.7186509], [38.5499309, 54.7214707], [38.5481015, 54.7221743], [38.5510674, 54.7233891], [38.5531987, 54.7272607], [38.5497012, 54.7272986], [38.5507478, 54.7309687], [38.545899, 54.7320994], [38.5391292, 54.7376377], [38.5356812, 54.7437511], [38.5382625, 54.7448705], [38.5329999, 54.7473135], [38.5229313, 54.7468501], [38.5159928, 54.7458579], [38.5078895, 54.7485096], [38.5062839, 54.749799], [38.5020972, 54.7474565], [38.4985939, 54.7476683], [38.4967841, 54.7467029], [38.4963933, 54.7453952], [38.4948503, 54.7459732], [38.493847, 54.7448393], [38.4930852, 54.745199], [38.4925802, 54.7465814], [38.4908423, 54.7471701], [38.483153, 54.7479393], [38.4791863, 54.749735], [38.4744907, 54.7505767], [38.4732534, 54.7548238], [38.4786353, 54.7562563], [38.4791113, 54.7558862], [38.4818412, 54.757236], [38.4860299, 54.7610251], [38.4871301, 54.7630704], [38.4873973, 54.7650655], [38.4885839, 54.7660701], [38.4914118, 54.767623], [38.4925101, 54.7677467], [38.4937329, 54.7673538], [38.4949082, 54.7678493], [38.4952028, 54.7673394], [38.4976164, 54.7670916], [38.4998919, 54.7673373], [38.4978733, 54.7679928], [38.497025, 54.7688475], [38.5007866, 54.7696479], [38.500686, 54.771468], [38.5033896, 54.7747121], [38.5034178, 54.7763296], [38.4961362, 54.7866962], [38.4717696, 54.7834593], [38.4662318, 54.7854134], [38.4475162, 54.7876139], [38.4426864, 54.7900547], [38.443529, 54.7907997], [38.4438374, 54.7919285], [38.443488, 54.7936081], [38.4523685, 54.794272], [38.4517637, 54.7972971], [38.4534882, 54.7982838], [38.4559675, 54.7982999], [38.4572239, 54.7977423], [38.4600406, 54.7985132], [38.4636479, 54.8004538], [38.4611078, 54.8012089], [38.4593833, 54.8007979], [38.4590635, 54.8020182], [38.4561926, 54.8017983], [38.455195, 54.8035029], [38.4560379, 54.8039108], [38.4526921, 54.8070554], [38.4508184, 54.8071826], [38.4503772, 54.8079473], [38.4514076, 54.8084381], [38.4510547, 54.80926], [38.4496275, 54.8083902], [38.4474775, 54.8100149], [38.4478349, 54.8123695], [38.4508112, 54.8120511], [38.4510204, 54.8124462], [38.44715, 54.8153708], [38.4457876, 54.817413], [38.444167, 54.8174542], [38.4445983, 54.8145484], [38.4438547, 54.8139175], [38.4462692, 54.8131022], [38.4459719, 54.8125063], [38.4429672, 54.8117877], [38.440261, 54.8136972], [38.4399571, 54.815115], [38.4371846, 54.8160592], [38.441391, 54.8196788], [38.4428454, 54.8247712], [38.4413182, 54.8247964], [38.4389124, 54.8279901], [38.4387105, 54.8332664], [38.4377852, 54.8344222], [38.4287591, 54.8369219], [38.4271467, 54.8391646], [38.4266809, 54.8416688], [38.4256795, 54.8432383], [38.4223386, 54.843499], [38.4237133, 54.8460444], [38.4250579, 54.8473722], [38.4256332, 54.847291], [38.425529, 54.8478004], [38.4260807, 54.848254], [38.4281316, 54.8487908], [38.4287425, 54.8508518], [38.4305922, 54.8518202], [38.4315338, 54.8532657], [38.4393942, 54.8522059], [38.4447264, 54.8597748], [38.4350024, 54.8633364], [38.4215975, 54.8659861], [38.4106553, 54.8673651], [38.3989271, 54.8672168], [38.3892778, 54.8681857], [38.3803391, 54.8681371], [38.3762714, 54.8679831], [38.364962, 54.866113], [38.3497776, 54.8623789], [38.3381613, 54.8610249], [38.315578, 54.860024], [38.3080652, 54.8610975], [38.2810172, 54.8716549], [38.2728374, 54.8715145], [38.2690967, 54.8696993], [38.2663547, 54.8657483], [38.2639978, 54.8636698], [38.2601653, 54.8627838], [38.2535358, 54.8622086], [38.2466897, 54.8630492], [38.23474, 54.8665287], [38.2200515, 54.8692803], [38.2004806, 54.8705438], [38.1833325, 54.8687967], [38.1719525, 54.8657072], [38.166234, 54.8630934], [38.1599156, 54.8545281], [38.1576843, 54.8498535], [38.1566815, 54.8491804], [38.14672, 54.8443115], [38.1169656, 54.8319795], [38.1064995, 54.8265151], [38.1000167, 54.8252865], [38.0941828, 54.8258881], [38.0881235, 54.8271966], [38.0634913, 54.8374715], [38.0557389, 54.839977], [38.037707, 54.8410154], [38.0250836, 54.8424117], [38.0073702, 54.8411385], [37.9923324, 54.8404046], [37.981407, 54.8404016], [37.9744496, 54.8398069]]]}}, {"type": "Feature", "properties": {"rda_code": "MO-63", "rda_name": "ZARAYSKY AREA / incl. ZARAYSK/", "osm_name": "муниципальный округ Зарайск", "match_score": 0.92, "match_reason": "contains"}, "geometry": {"type": "Polygon", "coordinates": [[[38.5329999, 54.7473135], [38.5382625, 54.7448705], [38.5356812, 54.7437511], [38.5391292, 54.7376377], [38.545899, 54.7320994], [38.5507478, 54.7309687], [38.5497012, 54.7272986], [38.5531987, 54.7272607], [38.5510674, 54.7233891], [38.5481015, 54.7221743], [38.5499309, 54.7214707], [38.5502463, 54.7186509], [38.5495407, 54.7183949], [38.5509822, 54.7163453], [38.5490763, 54.7154181], [38.5506872, 54.7148323], [38.5508278, 54.7140093], [38.5552434, 54.712122], [38.5568824, 54.7110518], [38.5572953, 54.7100617], [38.5587485, 54.7105338], [38.5570263, 54.7116976], [38.5569599, 54.7136221], [38.5587245, 54.7135688], [38.5594819, 54.7119807], [38.5601634, 54.7117547], [38.5602584, 54.7106269], [38.5612972, 54.7104758], [38.5598655, 54.7090294], [38.5649262, 54.7068833], [38.5656686, 54.7048527], [38.5650179, 54.7042705], [38.56516, 54.7035304], [38.5661805, 54.7027447], [38.5675993, 54.70297], [38.5688302, 54.7023037], [38.5689461, 54.7009654], [38.5717949, 54.700756], [38.5745235, 54.7016241], [38.5781318, 54.7015988], [38.5787727, 54.70019], [38.5766077, 54.6981148], [38.5757417, 54.6982283], [38.5749031, 54.6934476], [38.5732742, 54.6932857], [38.5723194, 54.6901288], [38.5779656, 54.6897495], [38.5664553, 54.6701446], [38.562753, 54.6628413], [38.5548383, 54.6589916], [38.5629694, 54.6518156], [38.5654823, 54.652013], [38.5730839, 54.6513748], [38.5833494, 54.639965], [38.5857176, 54.6414948], [38.5887814, 54.644499], [38.5901771, 54.6442247], [38.5952919, 54.6448733], [38.597624, 54.6438546], [38.6004904, 54.6442759], [38.603284, 54.6440005], [38.6050576, 54.6451772], [38.6072878, 54.6453582], [38.6081564, 54.6461385], [38.6097944, 54.6465036], [38.6101686, 54.646083], [38.6127996, 54.6459198], [38.6175646, 54.6472144], [38.6194418, 54.6471588], [38.6196145, 54.6476247], [38.6240867, 54.6493806], [38.6256909, 54.648439], [38.6307464, 54.6474283], [38.6337649, 54.6487616], [38.638214, 54.6468469], [38.6398014, 54.6459625], [38.6442184, 54.6393997], [38.6440895, 54.6384449], [38.6451215, 54.6379392], [38.6489652, 54.6390018], [38.6501864, 54.6388816], [38.6515271, 54.6397622], [38.6536365, 54.640233], [38.6538122, 54.6407676], [38.6550716, 54.6404851], [38.6585299, 54.6383373], [38.6592983, 54.6402513], [38.6607709, 54.6415321], [38.6653653, 54.6414261], [38.6653863, 54.6439805], [38.6698158, 54.6446843], [38.6741988, 54.6438944], [38.679941, 54.6449606], [38.6858633, 54.6451246], [38.6897671, 54.6459814], [38.6967843, 54.6457591], [38.6966363, 54.6432898], [38.6977013, 54.6403847], [38.6994562, 54.6396997], [38.7191109, 54.6403784], [38.7340502, 54.6342784], [38.7387954, 54.6298946], [38.7398248, 54.6297205], [38.7425751, 54.6278753], [38.7498664, 54.6267775], [38.7563588, 54.6250168], [38.7619914, 54.6243551], [38.7633541, 54.6224228], [38.7636867, 54.6190719], [38.7611289, 54.6165948], [38.760317, 54.6118923], [38.7624405, 54.609624], [38.7664687, 54.6078077], [38.7677143, 54.6057115], [38.7682214, 54.6001025], [38.76958, 54.5986935], [38.7704068, 54.5965141], [38.7695933, 54.594946], [38.771367, 54.5899337], [38.7774497, 54.5923926], [38.786506, 54.5943357], [38.8009809, 54.5930867], [38.8100406, 54.5928162], [38.8117072, 54.5918757], [38.8159358, 54.5925232], [38.8160314, 54.5929642], [38.8184977, 54.5936794], [38.820564, 54.5937691], [38.8243743, 54.5955004], [38.8292719, 54.5985522], [38.8324255, 54.5991829], [38.8318402, 54.6007699], [38.8267557, 54.6064305], [38.8268334, 54.607859], [38.8288703, 54.6090221], [38.8371187, 54.611573], [38.8384185, 54.6127114], [38.8384089, 54.6138613], [38.8403816, 54.6166785], [38.8434127, 54.6193039], [38.8439418, 54.621061], [38.8434395, 54.6215656], [38.8457572, 54.622362], [38.8490231, 54.6256199], [38.8530813, 54.625671], [38.8573579, 54.6231978], [38.8625054, 54.6179989], [38.8623824, 54.6175104], [38.8646313, 54.6151558], [38.8678667, 54.6148286], [38.8752401, 54.617055], [38.8763953, 54.6180826], [38.8804741, 54.6161383], [38.8838956, 54.6163506], [38.8892115, 54.6200688], [38.8892085, 54.6210965], [38.8908056, 54.6208389], [38.8929705, 54.6235286], [38.9052278, 54.6272532], [38.9142192, 54.6282873], [38.9221635, 54.6310857], [38.9301151, 54.6284398], [38.9383896, 54.6344734], [38.9465053, 54.6342408], [38.9463985, 54.6305098], [38.952932, 54.6175103], [38.9524964, 54.609956], [38.9666669, 54.6057657], [38.9717641, 54.6009771], [38.9733148, 54.6013453], [38.9771561, 54.6042425], [38.9798993, 54.6090331], [38.9792019, 54.6106748], [38.9837625, 54.6111946], [38.9939669, 54.6159271], [38.9931253, 54.6178312], [38.9944204, 54.6192849], [38.9905384, 54.6228692], [38.9905033, 54.624023], [38.9928968, 54.6281082], [39.0101293, 54.6364579], [39.0236102, 54.6411203], [39.0250019, 54.6402083], [39.0328297, 54.6394894], [39.0324541, 54.640213], [39.0349771, 54.6436492], [39.0414977, 54.6417785], [39.0420012, 54.6368822], [39.0447732, 54.6354044], [39.0538315, 54.6363534], [39.0610369, 54.6381378], [39.0711145, 54.636074], [39.0820557, 54.6344696], [39.0839124, 54.6351098], [39.082991, 54.6371676], [39.0896892, 54.6416343], [39.0957768, 54.6443733], [39.0956679, 54.6461178], [39.0999549, 54.6460406], [39.1097381, 54.6408801], [39.1115956, 54.6344718], [39.1112281, 54.6328502], [39.1146818, 54.6321981], [39.1155418, 54.6328813], [39.1197231, 54.6322367], [39.1259566, 54.6325056], [39.1276335, 54.6336122], [39.1302496, 54.6337205], [39.1319502, 54.6346588], [39.1289157, 54.6378619], [39.1269603, 54.6416541], [39.1273523, 54.6459337], [39.1304495, 54.6451471], [39.1366051, 54.6452069], [39.1372816, 54.6452652], [39.1368402, 54.6460813], [39.1384761, 54.646359], [39.1401241, 54.643767], [39.1504937, 54.6430673], [39.151936, 54.644257], [39.1531125, 54.6463133], [39.1529187, 54.6483544], [39.1540704, 54.6498799], [39.1565885, 54.6511733], [39.1539599, 54.6539727], [39.1536448, 54.6548416], [39.1544136, 54.6551239], [39.1538604, 54.6559367], [39.1544809, 54.6568081], [39.1576144, 54.6575678], [39.1628133, 54.6608409], [39.1647124, 54.6557598], [39.1707014, 54.6545837], [39.1695701, 54.6498016], [39.1788132, 54.6424058], [39.1822822, 54.6380538], [39.1939278, 54.6419304], [39.2106494, 54.6386213], [39.2215873, 54.6387251], [39.2260634, 54.6357028], [39.2315979, 54.63764], [39.2342654, 54.6415887], [39.2303478, 54.6440028], [39.2318114, 54.6465796], [39.2398078, 54.64702], [39.2470448, 54.6457979], [39.2459419, 54.6473281], [39.2445016, 54.6529175], [39.2435468, 54.653923], [39.2564819, 54.6594972], [39.2560053, 54.6607684], [39.2571941, 54.6616013], [39.2558562, 54.6621438], [39.2554249, 54.6632306], [39.2548011, 54.6635167], [39.2555851, 54.6639833], [39.2555139, 54.6661274], [39.2540549, 54.6680887], [39.2564024, 54.6697126], [39.256579, 54.6701642], [39.2553503, 54.6726245], [39.2562073, 54.6733219], [39.2554178, 54.6747939], [39.2513826, 54.6757098], [39.2563206, 54.6775577], [39.2504979, 54.6799135], [39.2388951, 54.6786856], [39.2384064, 54.6794855], [39.2390401, 54.6802836], [39.2384261, 54.6814804], [39.236506, 54.6813975], [39.2360718, 54.6821565], [39.2353143, 54.6820881], [39.2321674, 54.684576], [39.2340351, 54.6868373], [39.2402129, 54.6894596], [39.2404277, 54.690377], [39.2389213, 54.6934138], [39.2404381, 54.694833], [39.2407089, 54.6959162], [39.2390526, 54.6969351], [39.2391093, 54.6989193], [39.2371337, 54.6992658], [39.2351027, 54.7041171], [39.237409, 54.7071513], [39.2358969, 54.70888], [39.234863, 54.7084538], [39.2306871, 54.7102617], [39.2245871, 54.7089545], [39.2230436, 54.7057092], [39.2184221, 54.7047727], [39.2146792, 54.704631], [39.2108993, 54.7072094], [39.2089469, 54.7079698], [39.2067615, 54.7060204], [39.2044398, 54.7062252], [39.2045973, 54.7076683], [39.1964193, 54.7100697], [39.1943458, 54.712605], [39.1929383, 54.7134175], [39.1931142, 54.7139459], [39.1999354, 54.7122914], [39.2093058, 54.7123693], [39.2100041, 54.7134119], [39.2132043, 54.7126821], [39.2137026, 54.7136151], [39.2154804, 54.7127366], [39.2213008, 54.7140423], [39.2216018, 54.7143362], [39.2205733, 54.7162115], [39.2174479, 54.7165727], [39.2384445, 54.7317667], [39.2400553, 54.7343514], [39.2394022, 54.7360822], [39.2398446, 54.7391365], [39.2418736, 54.7422635], [39.2410487, 54.744739], [39.2391934, 54.7463452], [39.2376922, 54.7485687], [39.2346874, 54.7490501], [39.2315666, 54.7475037], [39.230673, 54.748228], [39.2297554, 54.7480354], [39.2262465, 54.7506347], [39.2239078, 54.7500623], [39.2231843, 54.7503395], [39.2225745, 54.7490005], [39.2186959, 54.7477848], [39.2136635, 54.7483027], [39.2134848, 54.7478989], [39.2109838, 54.7478148], [39.2118194, 54.7450336], [39.2110452, 54.7444642], [39.2084951, 54.7448202], [39.2070567, 54.7440418], [39.2050816, 54.7442023], [39.2036712, 54.7444007], [39.2011961, 54.7473815], [39.1990655, 54.7480468], [39.199021, 54.7503852], [39.1965324, 54.7538576], [39.1968256, 54.7555083], [39.2033822, 54.757093], [39.2033675, 54.7566677], [39.2043702, 54.7567084], [39.2088855, 54.757466], [39.2208197, 54.7618459], [39.2214113, 54.7624153], [39.2224043, 54.7679751], [39.2211036, 54.7696617], [39.219464, 54.7699929], [39.2184972, 54.7683538], [39.2171204, 54.7691794], [39.2164407, 54.7702131], [39.2173242, 54.7711254], [39.2223334, 54.7725199], [39.2230931, 54.7734136], [39.2224343, 54.7735974], [39.222086, 54.7743666], [39.2255824, 54.7743895], [39.2244747, 54.7768755], [39.225198, 54.7770353], [39.22504, 54.7795958], [39.2244823, 54.7803593], [39.2223134, 54.7797537], [39.2141121, 54.7948102], [39.2067907, 54.7942964], [39.2058053, 54.7935268], [39.2040028, 54.7936598], [39.1998994, 54.7926641], [39.1952835, 54.790319], [39.1930315, 54.7915776], [39.1899172, 54.7900257], [39.1882955, 54.7902835], [39.1877078, 54.7910776], [39.1842371, 54.7926028], [39.1843215, 54.7930874], [39.190071, 54.7933615], [39.1861306, 54.79677], [39.1866032, 54.7984748], [39.1750663, 54.7968078], [39.1712736, 54.797705], [39.1712328, 54.7986921], [39.1672386, 54.8007302], [39.167751, 54.8028781], [39.1697807, 54.8048091], [39.1677523, 54.805892], [39.1686182, 54.8080244], [39.1676155, 54.8093441], [39.163113, 54.8078454], [39.163112, 54.8068187], [39.1646909, 54.8064528], [39.1653342, 54.8054377], [39.1647157, 54.8042751], [39.1601493, 54.8042385], [39.1594324, 54.8054621], [39.1575539, 54.8058731], [39.1548054, 54.8050166], [39.1547618, 54.8057516], [39.1532896, 54.8056708], [39.1522031, 54.8116337], [39.1521122, 54.8147012], [39.1514562, 54.8146322], [39.1508838, 54.8164269], [39.1474977, 54.818682], [39.1472986, 54.8208624], [39.1462011, 54.8225263], [39.1457073, 54.8250922], [39.1465328, 54.8262069], [39.1448941, 54.8302995], [39.1305331, 54.8253748], [39.1220523, 54.8196493], [39.1072385, 54.8275411], [39.0998286, 54.8260643], [39.0979165, 54.8249796], [39.0899413, 54.822149], [39.0844843, 54.8186503], [39.0819034, 54.8191978], [39.0809628, 54.8241034], [39.0770821, 54.8236773], [39.070761, 54.829356], [39.0732079, 54.8297185], [39.0739368, 54.8306966], [39.0753619, 54.8308616], [39.076872, 54.8323135], [39.0769157, 54.8330314], [39.0779749, 54.8335152], [39.0760442, 54.8363361], [39.070713, 54.8397274], [39.0666468, 54.8388818], [39.0448893, 54.8438813], [39.0176191, 54.8409565], [39.0167244, 54.8429545], [39.0075656, 54.8446365], [38.9920289, 54.8453346], [38.9910947, 54.8489713], [38.9874328, 54.8537591], [38.9614178, 54.8496074], [38.9493034, 54.8461974], [38.9498295, 54.8476241], [38.9481965, 54.846068], [38.9471002, 54.8457284], [38.9376692, 54.8482451], [38.938338, 54.8517576], [38.9373579, 54.8523487], [38.9324626, 54.8528028], [38.931214, 54.8508259], [38.9294712, 54.8511002], [38.931231, 54.8539242], [38.9349731, 54.8574963], [38.9308257, 54.8576588], [38.9305104, 54.8584888], [38.9274884, 54.8582516], [38.9265177, 54.8589826], [38.9241866, 54.8590811], [38.9218216, 54.8584102], [38.9212616, 54.8588942], [38.9188982, 54.8586953], [38.9182683, 54.8592247], [38.9183485, 54.8599082], [38.9142084, 54.8597739], [38.9133621, 54.8592613], [38.9107508, 54.8621812], [38.9122239, 54.8638576], [38.9141229, 54.8642626], [38.9132158, 54.8666838], [38.9108479, 54.8663541], [38.9100743, 54.8683623], [38.9111572, 54.8705511], [38.9109668, 54.8713463], [38.9122355, 54.873395], [38.8859091, 54.8664461], [38.8827392, 54.8684332], [38.8813562, 54.8699007], [38.8650465, 54.8654093], [38.8610259, 54.8688391], [38.8541886, 54.8734035], [38.8517543, 54.8762759], [38.8603544, 54.8813911], [38.8632582, 54.8815998], [38.865576, 54.8828836], [38.8675877, 54.8861127], [38.8709797, 54.8874833], [38.8721254, 54.8908043], [38.870664, 54.8965252], [38.8440578, 54.895233], [38.8360013, 54.8969423], [38.8279628, 54.8952588], [38.8173491, 54.8949178], [38.8151321, 54.8933043], [38.805057, 54.8964178], [38.801874, 54.9000111], [38.7985621, 54.9025275], [38.7920596, 54.9011595], [38.7828294, 54.8999257], [38.7802128, 54.9000507], [38.7733823, 54.8986824], [38.7704613, 54.899507], [38.7645751, 54.9046305], [38.7631316, 54.9046262], [38.7570124, 54.9014894], [38.7558617, 54.900335], [38.7577878, 54.8969934], [38.7578718, 54.8959657], [38.7592178, 54.8947695], [38.7654795, 54.8922899], [38.7741843, 54.8896196], [38.7884417, 54.8874495], [38.7974217, 54.8892791], [38.8008118, 54.8893687], [38.8032363, 54.8884992], [38.8034872, 54.8871307], [38.7993156, 54.8821853], [38.7962276, 54.8793727], [38.7956838, 54.8784383], [38.7958242, 54.8773831], [38.7920106, 54.8773651], [38.791746, 54.8769487], [38.7929442, 54.8761801], [38.7925648, 54.8751726], [38.7932708, 54.8737297], [38.7925775, 54.8730258], [38.7937095, 54.8725776], [38.7975411, 54.8693848], [38.8010811, 54.8692083], [38.8028689, 54.8696083], [38.8031427, 54.8684819], [38.7973515, 54.8610834], [38.7903121, 54.8627227], [38.7866231, 54.860132], [38.7636792, 54.8642866], [38.7668542, 54.8599035], [38.7636508, 54.8574919], [38.7616765, 54.8581531], [38.7591517, 54.8610619], [38.7569757, 54.8623571], [38.7555966, 54.8625117], [38.7545337, 54.8620903], [38.7537514, 54.8605131], [38.7532221, 54.8579493], [38.7650657, 54.8433582], [38.7460738, 54.8391311], [38.7430303, 54.8329868], [38.744711, 54.8330195], [38.7584553, 54.8372847], [38.7613437, 54.8351702], [38.7597659, 54.8333038], [38.7607643, 54.8308907], [38.7629037, 54.8312874], [38.7693663, 54.822138], [38.7707365, 54.8179127], [38.7690703, 54.8166168], [38.7659315, 54.8183813], [38.7604853, 54.8192877], [38.7540931, 54.8211888], [38.7529306, 54.821924], [38.7532298, 54.8255685], [38.7519078, 54.8256444], [38.7515746, 54.8264133], [38.7487227, 54.8263316], [38.7484414, 54.8256051], [38.7490242, 54.8244842], [38.7506398, 54.8238604], [38.7509488, 54.8228321], [38.7473041, 54.8232507], [38.7394788, 54.8228508], [38.7309902, 54.8204542], [38.7280879, 54.818325], [38.7240209, 54.8191421], [38.71813, 54.8185862], [38.7196249, 54.8149968], [38.7191416, 54.8123425], [38.7194063, 54.8093466], [38.7230509, 54.8007209], [38.7225774, 54.7962806], [38.7144816, 54.7962134], [38.714369, 54.7985547], [38.7128843, 54.80056], [38.713218, 54.8009838], [38.7004426, 54.7989475], [38.6972375, 54.7993775], [38.6938705, 54.7988133], [38.6920768, 54.7991673], [38.6872075, 54.7987312], [38.6848364, 54.7974336], [38.6802617, 54.8052984], [38.6773581, 54.8046694], [38.6729818, 54.8077404], [38.6670519, 54.808762], [38.6624686, 54.8088094], [38.6582761, 54.8077168], [38.6572439, 54.8086397], [38.6549163, 54.8086663], [38.6446677, 54.805199], [38.6405075, 54.8046874], [38.6392031, 54.8050244], [38.6423845, 54.7962029], [38.6310178, 54.7954485], [38.629259, 54.7938336], [38.6262489, 54.7936117], [38.6246465, 54.791311], [38.6144374, 54.785947], [38.6147202, 54.7850055], [38.6099569, 54.7819525], [38.6076553, 54.7819776], [38.6042268, 54.7811895], [38.6035016, 54.7792776], [38.6007393, 54.7773831], [38.6005119, 54.7758712], [38.582905, 54.7768376], [38.5819823, 54.7736927], [38.578349, 54.7708632], [38.5783916, 54.7694063], [38.5743821, 54.7649277], [38.5661209, 54.7656103], [38.5644871, 54.7652676], [38.5634359, 54.7659452], [38.5582264, 54.7666438], [38.5556537, 54.7647017], [38.5506387, 54.7624995], [38.5501371, 54.7623981], [38.5495178, 54.7630274], [38.5449289, 54.7627841], [38.5438462, 54.7617047], [38.5405188, 54.759906], [38.5384961, 54.7594259], [38.5375388, 54.7579111], [38.5361968, 54.7579236], [38.5366684, 54.7575006], [38.5351875, 54.7560471], [38.5362406, 54.7547134], [38.5368175, 54.7550963], [38.5375511, 54.7548938], [38.5378022, 54.7541114], [38.5393058, 54.7534884], [38.5390741, 54.7529305], [38.5396763, 54.7526354], [38.5379092, 54.7512516], [38.5369393, 54.7497664], [38.5329999, 54.7473135]]]}}, {"type": "Feature", "properties": {"rda_code": "MO-71", "rda_name": "LUKHOVITSKY AREA / incl. LUKHOVITSY /", "osm_name": "муниципальный округ Луховицы", "match_score": 0.92, "match_reason": "contains"}, "geometry": {"type": "Polygon", "coordinates": [[[38.7985621, 54.9025275], [38.801874, 54.9000111], [38.805057, 54.8964178], [38.8151321, 54.8933043], [38.8173491, 54.8949178], [38.8279628, 54.8952588], [38.8360013, 54.8969423], [38.8440578, 54.895233], [38.870664, 54.8965252], [38.8721254, 54.8908043], [38.8709797, 54.8874833], [38.8675877, 54.8861127], [38.865576, 54.8828836], [38.8632582, 54.8815998], [38.8603544, 54.8813911], [38.8517543, 54.8762759], [38.8541886, 54.8734035], [38.8610259, 54.8688391], [38.8650465, 54.8654093], [38.8813562, 54.8699007], [38.8827392, 54.8684332], [38.8859091, 54.8664461], [38.9122355, 54.873395], [38.9109668, 54.8713463], [38.9111572, 54.8705511], [38.9100743, 54.8683623], [38.9108479, 54.8663541], [38.9132158, 54.8666838], [38.9141229, 54.8642626], [38.9122239, 54.8638576], [38.9107508, 54.8621812], [38.9133621, 54.8592613], [38.9142084, 54.8597739], [38.9183485, 54.8599082], [38.9182683, 54.8592247], [38.9188982, 54.8586953], [38.9212616, 54.8588942], [38.9218216, 54.8584102], [38.9241866, 54.8590811], [38.9265177, 54.8589826], [38.9274884, 54.8582516], [38.9305104, 54.8584888], [38.9308257, 54.8576588], [38.9349731, 54.8574963], [38.931231, 54.8539242], [38.9294712, 54.8511002], [38.931214, 54.8508259], [38.9324626, 54.8528028], [38.9373579, 54.8523487], [38.938338, 54.8517576], [38.9376692, 54.8482451], [38.9471002, 54.8457284], [38.9481965, 54.846068], [38.9498295, 54.8476241], [38.9493034, 54.8461974], [38.9614178, 54.8496074], [38.9874328, 54.8537591], [38.9910947, 54.8489713], [38.9920289, 54.8453346], [39.0075656, 54.8446365], [39.0167244, 54.8429545], [39.0176191, 54.8409565], [39.0448893, 54.8438813], [39.0666468, 54.8388818], [39.070713, 54.8397274], [39.0760442, 54.8363361], [39.0779749, 54.8335152], [39.0769157, 54.8330314], [39.076872, 54.8323135], [39.0753619, 54.8308616], [39.0739368, 54.8306966], [39.0732079, 54.8297185], [39.070761, 54.829356], [39.0770821, 54.8236773], [39.0809628, 54.8241034], [39.0819034, 54.8191978], [39.0844843, 54.8186503], [39.0899413, 54.822149], [39.0979165, 54.8249796], [39.0998286, 54.8260643], [39.1072385, 54.8275411], [39.1220523, 54.8196493], [39.1305331, 54.8253748], [39.1448941, 54.8302995], [39.1465328, 54.8262069], [39.1457073, 54.8250922], [39.1462011, 54.8225263], [39.1472986, 54.8208624], [39.1474977, 54.818682], [39.1508838, 54.8164269], [39.1514562, 54.8146322], [39.1521122, 54.8147012], [39.1522031, 54.8116337], [39.1532896, 54.8056708], [39.1547618, 54.8057516], [39.1548054, 54.8050166], [39.1575539, 54.8058731], [39.1594324, 54.8054621], [39.1601493, 54.8042385], [39.1647157, 54.8042751], [39.1653342, 54.8054377], [39.1646909, 54.8064528], [39.163112, 54.8068187], [39.163113, 54.8078454], [39.1676155, 54.8093441], [39.1686182, 54.8080244], [39.1677523, 54.805892], [39.1697807, 54.8048091], [39.167751, 54.8028781], [39.1672386, 54.8007302], [39.1712328, 54.7986921], [39.1712736, 54.797705], [39.1750663, 54.7968078], [39.1866032, 54.7984748], [39.1861306, 54.79677], [39.190071, 54.7933615], [39.1843215, 54.7930874], [39.1842371, 54.7926028], [39.1877078, 54.7910776], [39.1882955, 54.7902835], [39.1899172, 54.7900257], [39.1930315, 54.7915776], [39.1952835, 54.790319], [39.1998994, 54.7926641], [39.2040028, 54.7936598], [39.2058053, 54.7935268], [39.2067907, 54.7942964], [39.2141121, 54.7948102], [39.2223134, 54.7797537], [39.2244823, 54.7803593], [39.22504, 54.7795958], [39.225198, 54.7770353], [39.2244747, 54.7768755], [39.2255824, 54.7743895], [39.222086, 54.7743666], [39.2224343, 54.7735974], [39.2230931, 54.7734136], [39.2223334, 54.7725199], [39.2173242, 54.7711254], [39.2164407, 54.7702131], [39.2171204, 54.7691794], [39.2184972, 54.7683538], [39.219464, 54.7699929], [39.2211036, 54.7696617], [39.2224043, 54.7679751], [39.2214113, 54.7624153], [39.2208197, 54.7618459], [39.2088855, 54.757466], [39.2043702, 54.7567084], [39.2033675, 54.7566677], [39.2033822, 54.757093], [39.1968256, 54.7555083], [39.1965324, 54.7538576], [39.199021, 54.7503852], [39.1990655, 54.7480468], [39.2011961, 54.7473815], [39.2036712, 54.7444007], [39.2050816, 54.7442023], [39.2070567, 54.7440418], [39.2084951, 54.7448202], [39.2110452, 54.7444642], [39.2118194, 54.7450336], [39.2109838, 54.7478148], [39.2134848, 54.7478989], [39.2136635, 54.7483027], [39.2186959, 54.7477848], [39.2225745, 54.7490005], [39.2231843, 54.7503395], [39.2239078, 54.7500623], [39.2262465, 54.7506347], [39.2297554, 54.7480354], [39.230673, 54.748228], [39.2315666, 54.7475037], [39.2346874, 54.7490501], [39.2376922, 54.7485687], [39.2391934, 54.7463452], [39.2410487, 54.744739], [39.2418736, 54.7422635], [39.2398446, 54.7391365], [39.2394022, 54.7360822], [39.2400553, 54.7343514], [39.2394889, 54.7330743], [39.2384445, 54.7317667], [39.2362007, 54.7304558], [39.229446, 54.7249507], [39.2174479, 54.7165727], [39.2205733, 54.7162115], [39.2216018, 54.7143362], [39.2213008, 54.7140423], [39.2154804, 54.7127366], [39.2137026, 54.7136151], [39.2132043, 54.7126821], [39.2100041, 54.7134119], [39.2093058, 54.7123693], [39.1999354, 54.7122914], [39.1931142, 54.7139459], [39.1929383, 54.7134175], [39.1943458, 54.712605], [39.1964193, 54.7100697], [39.2045973, 54.7076683], [39.2044398, 54.7062252], [39.2067615, 54.7060204], [39.2089469, 54.7079698], [39.2108993, 54.7072094], [39.2146792, 54.704631], [39.2184221, 54.7047727], [39.2230436, 54.7057092], [39.2245871, 54.7089545], [39.2316183, 54.7101241], [39.2330325, 54.711244], [39.2313706, 54.7127814], [39.2333543, 54.7133187], [39.2338826, 54.7142055], [39.2333113, 54.7151648], [39.2349309, 54.7155066], [39.2320554, 54.7186113], [39.2349077, 54.7193586], [39.2349306, 54.7198264], [39.2412331, 54.7236156], [39.2439992, 54.7233968], [39.2441312, 54.7243536], [39.2455716, 54.7249057], [39.2458066, 54.7251705], [39.24421, 54.7277568], [39.2450186, 54.7288167], [39.2456112, 54.7318686], [39.2522306, 54.7323474], [39.2543589, 54.7337641], [39.2669057, 54.7335602], [39.2682163, 54.7358397], [39.3004914, 54.7352702], [39.3046872, 54.7243383], [39.3274501, 54.725509], [39.3369071, 54.7190354], [39.3391925, 54.7200882], [39.3402618, 54.720054], [39.3408811, 54.7208591], [39.3422897, 54.721357], [39.3357746, 54.725372], [39.330501, 54.7313979], [39.3408674, 54.7337074], [39.3513877, 54.7367461], [39.370879, 54.7473725], [39.3705439, 54.7494074], [39.3695823, 54.7505174], [39.3689267, 54.752981], [39.3674843, 54.7531071], [39.3672427, 54.7538817], [39.3612879, 54.7556456], [39.3543919, 54.7547643], [39.3219552, 54.7537104], [39.3222911, 54.7544059], [39.3218998, 54.7549436], [39.3203363, 54.7551868], [39.3182586, 54.7568972], [39.3278724, 54.7589614], [39.329766, 54.7621125], [39.3335547, 54.7614936], [39.3352334, 54.7629478], [39.3356882, 54.767516], [39.3336821, 54.7717521], [39.3334952, 54.775429], [39.3360284, 54.775342], [39.3377418, 54.7745161], [39.3404549, 54.7753583], [39.3403451, 54.7758941], [39.3413154, 54.7770972], [39.3430899, 54.7772944], [39.3446897, 54.7768181], [39.3485454, 54.7786116], [39.3490565, 54.7793144], [39.3521212, 54.7799555], [39.3533656, 54.7821104], [39.3555725, 54.7812317], [39.362668, 54.7828719], [39.3581068, 54.7852218], [39.3608327, 54.7995629], [39.3618143, 54.8003606], [39.3637888, 54.799932], [39.3697159, 54.8081378], [39.3747757, 54.811578], [39.3760909, 54.8141682], [39.3859874, 54.8233554], [39.3872116, 54.8239073], [39.3874042, 54.8247191], [39.3851502, 54.8254986], [39.3857913, 54.8269635], [39.3904351, 54.8285683], [39.4151771, 54.8399126], [39.3894861, 54.8543], [39.3891125, 54.855198], [39.3893515, 54.8559663], [39.3908601, 54.8577972], [39.3926763, 54.8588809], [39.3986015, 54.866246], [39.4007036, 54.8659963], [39.4052674, 54.8667443], [39.4057165, 54.8662997], [39.407317, 54.8674793], [39.4079332, 54.8685795], [39.4171788, 54.8697824], [39.4353774, 54.877063], [39.4299351, 54.8864411], [39.4470823, 54.8880981], [39.4488535, 54.8899891], [39.4509692, 54.890557], [39.4608406, 54.8912369], [39.466207, 54.892387], [39.4617234, 54.8971878], [39.4616172, 54.8978542], [39.4605497, 54.8983659], [39.4613828, 54.9019581], [39.4645077, 54.9026925], [39.4694541, 54.9019134], [39.4750372, 54.9023359], [39.4864987, 54.9014258], [39.4736724, 54.9095008], [39.4809362, 54.9128292], [39.4821487, 54.9148553], [39.4819863, 54.9170415], [39.4795505, 54.9196681], [39.4764213, 54.9212549], [39.4694293, 54.9185467], [39.4662298, 54.9218227], [39.4655498, 54.9314455], [39.4713607, 54.9342977], [39.4722702, 54.9355751], [39.4748021, 54.9368395], [39.4751663, 54.9458661], [39.4788948, 54.9478789], [39.4836072, 54.9489002], [39.4854831, 54.9503729], [39.4924276, 54.9530654], [39.5002372, 54.9570365], [39.5041557, 54.957786], [39.5122031, 54.9641755], [39.5144304, 54.9673597], [39.5205833, 54.9697545], [39.5219652, 54.9723909], [39.5216674, 54.9762392], [39.5175185, 54.9838773], [39.5237562, 54.9860569], [39.5321342, 54.9844227], [39.5376897, 54.9873261], [39.5490974, 54.988852], [39.559414, 54.9886243], [39.565195, 54.9875875], [39.5802649, 54.988441], [39.6028846, 54.9880133], [39.6068483, 54.9905747], [39.6102506, 54.9936833], [39.5731263, 55.0167353], [39.5538334, 55.0276013], [39.52914, 55.0433873], [39.5283594, 55.0654872], [39.5105426, 55.0685363], [39.5035672, 55.0681976], [39.4972051, 55.0727317], [39.4934432, 55.0798785], [39.4944017, 55.0815454], [39.4947604, 55.085626], [39.4933426, 55.0928022], [39.4671222, 55.1136665], [39.4647517, 55.1213758], [39.466932, 55.1241579], [39.4657296, 55.1255858], [39.4590306, 55.1308479], [39.4525892, 55.1344814], [39.4495867, 55.13563], [39.4371217, 55.1355449], [39.431819, 55.1360141], [39.4255594, 55.1346595], [39.4321556, 55.1336895], [39.4332999, 55.1339436], [39.4334417, 55.1347318], [39.4365834, 55.1350193], [39.437796, 55.1337387], [39.4387328, 55.1314446], [39.4382605, 55.1309775], [39.4417339, 55.1283609], [39.4409644, 55.125416], [39.4190575, 55.1159949], [39.4092355, 55.1236483], [39.4149099, 55.1257764], [39.4160314, 55.1339635], [39.4148567, 55.1343354], [39.3859594, 55.1332447], [39.382052, 55.1302904], [39.376404, 55.1296228], [39.3676045, 55.1311417], [39.356922, 55.1373804], [39.3471979, 55.1367284], [39.3257232, 55.1374778], [39.2938964, 55.1230244], [39.2905328, 55.1219089], [39.2894478, 55.1197264], [39.2861615, 55.1184985], [39.2807317, 55.1176014], [39.2699801, 55.113092], [39.2682336, 55.1115749], [39.2653492, 55.1112789], [39.2637537, 55.1117456], [39.2626305, 55.1107113], [39.254689, 55.1116275], [39.253087, 55.1101692], [39.2501018, 55.1096697], [39.2447647, 55.1112464], [39.2320684, 55.096695], [39.1958507, 55.1035452], [39.1916279, 55.1070569], [39.1913222, 55.1102447], [39.182235, 55.103846], [39.1787864, 55.1028575], [39.1799107, 55.1076167], [39.1638059, 55.1084855], [39.1625366, 55.1093929], [39.1382257, 55.1148434], [39.1374686, 55.1141783], [39.1322412, 55.1126864], [39.1297623, 55.1132225], [39.1288632, 55.1119407], [39.1190508, 55.112186], [39.1039317, 55.0968062], [39.0942395, 55.0997545], [39.0830371, 55.0928638], [39.0873121, 55.0885684], [39.0876955, 55.0858342], [39.0874026, 55.0820483], [39.0862327, 55.0795111], [39.0826141, 55.0771754], [39.0697249, 55.0728015], [39.0618626, 55.0686729], [39.0601438, 55.0671662], [39.0595052, 55.0653702], [39.0594181, 55.0625841], [39.0602809, 55.0603076], [39.0640604, 55.0576655], [39.0774669, 55.0527855], [39.0635926, 55.0310132], [39.0555152, 55.0223529], [39.0214672, 55.031566], [38.9973457, 55.0389601], [38.9813529, 55.0354325], [38.9648636, 55.0365124], [38.9325048, 55.0481167], [38.9317948, 55.0496487], [38.9333448, 55.0521254], [38.9174038, 55.0567319], [38.9180413, 55.0581], [38.9046539, 55.0656746], [38.9024759, 55.0661115], [38.893728, 55.0621676], [38.8941384, 55.0585142], [38.8949368, 55.0562323], [38.9017409, 55.0493217], [38.9006134, 55.04774], [38.8977176, 55.0460468], [38.8922729, 55.0443667], [38.8911965, 55.043581], [38.8869661, 55.0432957], [38.971124, 54.9956692], [38.9697207, 54.9905246], [38.9650843, 54.9879054], [38.9617988, 54.9851015], [38.9565203, 54.9787816], [38.9625982, 54.9741977], [38.9556456, 54.9728723], [38.9506219, 54.9700443], [38.9497558, 54.9714003], [38.9428672, 54.9699386], [38.9424942, 54.9712419], [38.9389563, 54.9702812], [38.9380215, 54.9707853], [38.9346586, 54.9749403], [38.9289233, 54.9735783], [38.9301616, 54.9721005], [38.9188885, 54.9733289], [38.88996, 54.9742473], [38.8763662, 54.9758542], [38.8684358, 54.9758965], [38.8352682, 54.978484], [38.8347535, 54.9794662], [38.8338015, 54.9795332], [38.8155105, 54.9938277], [38.8090187, 54.9976563], [38.8003449, 54.9942435], [38.7979537, 54.9983313], [38.7941078, 54.9999964], [38.785892, 55.0069392], [38.7873283, 55.0184171], [38.7641237, 55.0197381], [38.7613577, 55.0188889], [38.7623943, 55.0156132], [38.7619123, 55.0140047], [38.7587842, 55.0109278], [38.7566436, 55.0076323], [38.7562368, 55.0031965], [38.758108, 54.9946166], [38.7618608, 54.9861406], [38.7696391, 54.9751663], [38.7709779, 54.9716462], [38.7715716, 54.9647942], [38.7748167, 54.9637745], [38.7754975, 54.9644914], [38.778831, 54.9643311], [38.7798701, 54.9637871], [38.7838769, 54.9583907], [38.7843938, 54.953761], [38.7834871, 54.9510514], [38.783785, 54.9491576], [38.7831769, 54.9484187], [38.7743652, 54.9491573], [38.7727166, 54.9473263], [38.7732924, 54.9464488], [38.7721893, 54.94343], [38.7713485, 54.9434127], [38.7713938, 54.9366968], [38.7727407, 54.9364546], [38.7744996, 54.9345714], [38.7669041, 54.9348442], [38.765515, 54.9298088], [38.7639149, 54.9285717], [38.7619871, 54.9252581], [38.7674697, 54.9254062], [38.7684505, 54.9249635], [38.7680226, 54.9243877], [38.7698623, 54.9245519], [38.7712622, 54.9248955], [38.7717185, 54.9265635], [38.7809987, 54.9283963], [38.7841724, 54.926361], [38.7872155, 54.925128], [38.7890697, 54.925021], [38.7914804, 54.9255884], [38.7955552, 54.9248543], [38.7960951, 54.9237709], [38.7882644, 54.923144], [38.7879881, 54.92266], [38.7827066, 54.9228983], [38.7789602, 54.9223768], [38.7752209, 54.9207747], [38.7735659, 54.9191445], [38.7733675, 54.9179951], [38.774529, 54.9158779], [38.7771279, 54.9142873], [38.7804957, 54.912994], [38.7857014, 54.9118958], [38.7947033, 54.9118378], [38.8001786, 54.9093608], [38.8012057, 54.90782], [38.8029592, 54.9069247], [38.8037492, 54.9042537], [38.7985621, 54.9025275]]]}}, {"type": "Feature", "properties": {"rda_code": "MO-62", "rda_name": "EGORYEVSKY AREA / incl. EGORYEVSK /", "osm_name": "муниципальный округ Егорьевск", "match_score": 0.92, "match_reason": "contains"}, "geometry": {"type": "Polygon", "coordinates": [[[38.8935271, 55.2798967], [38.8924059, 55.2757114], [38.8973795, 55.2715069], [38.8982959, 55.2717429], [38.8989776, 55.2681969], [38.900986, 55.2642746], [38.9135089, 55.2621773], [38.9162508, 55.2662875], [38.9315435, 55.2649243], [38.932276, 55.2577454], [38.9349195, 55.2567821], [38.9326454, 55.254431], [38.9225625, 55.252316], [38.9251025, 55.249764], [38.9317348, 55.2457911], [38.9356422, 55.2462987], [38.9451102, 55.2509203], [38.9551366, 55.252826], [38.9670814, 55.2574785], [38.9795014, 55.2597788], [38.9894753, 55.2465735], [38.9776963, 55.2427464], [38.9713656, 55.2437668], [38.967622, 55.243264], [38.9595193, 55.24384], [38.9455695, 55.2403001], [38.9444358, 55.2405458], [38.93955, 55.2393319], [38.9366803, 55.2394009], [38.9356026, 55.2385889], [38.9324817, 55.2379205], [38.9231436, 55.226421], [38.9274383, 55.2221754], [38.9237013, 55.2188148], [38.9232589, 55.2173542], [38.9254952, 55.2164762], [38.9205549, 55.2089016], [38.9270838, 55.2076042], [38.9268191, 55.2068716], [38.9350081, 55.2069883], [38.9369592, 55.2066297], [38.9387198, 55.2069617], [38.9439956, 55.2058912], [38.9445632, 55.2050577], [38.9475976, 55.2031268], [38.9412668, 55.2009623], [38.9389554, 55.1988194], [38.9427783, 55.1985606], [38.9548363, 55.1934288], [38.9583935, 55.1906399], [38.9609653, 55.1894806], [38.9627982, 55.1872973], [38.9650062, 55.1861272], [38.9678743, 55.1829984], [38.9689817, 55.1809524], [38.971703, 55.1798657], [38.9768329, 55.1800895], [38.9788918, 55.1824529], [38.9882723, 55.1859354], [38.9914505, 55.1855066], [38.9954983, 55.1862598], [39.0069208, 55.1888398], [39.0077928, 55.1901564], [39.0095, 55.1899779], [39.0123342, 55.1876005], [39.0195437, 55.1836381], [39.0192784, 55.181475], [39.0260599, 55.1849652], [39.0329747, 55.185779], [39.0351581, 55.1844917], [39.035985, 55.1856613], [39.0384797, 55.1845128], [39.0416116, 55.1846274], [39.0435835, 55.1851441], [39.0438508, 55.186194], [39.0430495, 55.1884839], [39.0442115, 55.1919747], [39.0466174, 55.1928747], [39.0477835, 55.1938413], [39.0622825, 55.198908], [39.0636709, 55.1973854], [39.066522, 55.1964916], [39.0688044, 55.1976544], [39.0704718, 55.1976708], [39.0932799, 55.2062634], [39.096939, 55.2078833], [39.0983609, 55.2097293], [39.1024913, 55.2061902], [39.1007259, 55.20538], [39.102719, 55.2043308], [39.1045104, 55.2040527], [39.1049698, 55.2033535], [39.1040266, 55.2018057], [39.1038215, 55.1996184], [39.0962868, 55.1933359], [39.0974994, 55.1846375], [39.1013098, 55.1809629], [39.1064269, 55.1816704], [39.1108218, 55.1799119], [39.1181091, 55.1787127], [39.1191027, 55.1780474], [39.1196189, 55.1769322], [39.1190769, 55.1737442], [39.1253501, 55.1693345], [39.1282751, 55.1666295], [39.1309116, 55.1632658], [39.1315051, 55.1616733], [39.148931, 55.1617384], [39.149537, 55.1612514], [39.1494977, 55.1606355], [39.1517514, 55.1592778], [39.1538452, 55.1591463], [39.154965, 55.1582908], [39.1564308, 55.1582008], [39.1578656, 55.1508575], [39.1534252, 55.149586], [39.1591694, 55.1467246], [39.1646489, 55.1487599], [39.1825412, 55.1433587], [39.1874587, 55.1438317], [39.1942487, 55.1373926], [39.2045381, 55.1365537], [39.2061787, 55.1370258], [39.2088783, 55.1400669], [39.21241, 55.1421632], [39.2157118, 55.1449573], [39.2206537, 55.1542103], [39.2226368, 55.152962], [39.2230004, 55.1488442], [39.2363796, 55.1414992], [39.2396881, 55.1438001], [39.2441206, 55.1445427], [39.2457538, 55.1417573], [39.2493567, 55.1377225], [39.2547719, 55.1390999], [39.2582328, 55.1383127], [39.2580304, 55.1375893], [39.2584358, 55.1373297], [39.258914, 55.138134], [39.2603598, 55.1384652], [39.2610896, 55.1380538], [39.2605769, 55.1355003], [39.2609878, 55.135268], [39.2624724, 55.1365027], [39.2650576, 55.1358781], [39.2689363, 55.1363947], [39.2693002, 55.1367201], [39.2690092, 55.137115], [39.2699958, 55.1378545], [39.269257, 55.1386823], [39.2719556, 55.1386827], [39.2734049, 55.1389474], [39.2739408, 55.1394991], [39.2725369, 55.1405693], [39.2735372, 55.1416606], [39.2729768, 55.1422143], [39.2713554, 55.1418246], [39.2717988, 55.1439766], [39.270265, 55.1447159], [39.2698931, 55.1453948], [39.2706949, 55.1460084], [39.2720533, 55.1459404], [39.2738876, 55.1446582], [39.2801754, 55.1447037], [39.2890403, 55.143973], [39.3244982, 55.1380853], [39.3257232, 55.1374778], [39.3471979, 55.1367284], [39.356922, 55.1373804], [39.3676045, 55.1311417], [39.376404, 55.1296228], [39.382052, 55.1302904], [39.3859594, 55.1332447], [39.4148567, 55.1343354], [39.4160314, 55.1339635], [39.4149099, 55.1257764], [39.4092355, 55.1236483], [39.4190575, 55.1159949], [39.4409644, 55.125416], [39.4417339, 55.1283609], [39.4382605, 55.1309775], [39.4387328, 55.1314446], [39.437796, 55.1337387], [39.4365834, 55.1350193], [39.4334417, 55.1347318], [39.4332999, 55.1339436], [39.4321556, 55.1336895], [39.4255594, 55.1346595], [39.431819, 55.1360141], [39.4371217, 55.1355449], [39.4495867, 55.13563], [39.4525892, 55.1344814], [39.4590306, 55.1308479], [39.4657296, 55.1255858], [39.466932, 55.1241579], [39.4647517, 55.1213758], [39.4671222, 55.1136665], [39.4933426, 55.0928022], [39.4947604, 55.085626], [39.4944017, 55.0815454], [39.4934432, 55.0798785], [39.4972051, 55.0727317], [39.5035672, 55.0681976], [39.5105426, 55.0685363], [39.5283594, 55.0654872], [39.52914, 55.0433873], [39.5538334, 55.0276013], [39.5731263, 55.0167353], [39.6102506, 54.9936833], [39.6175838, 55.0003833], [39.6179972, 55.0050534], [39.6224966, 55.0166813], [39.6221304, 55.0192456], [39.625181, 55.0234977], [39.6253677, 55.0250803], [39.629738, 55.0252516], [39.6448124, 55.0523426], [39.6485915, 55.0516454], [39.6527905, 55.0567197], [39.6477486, 55.0575432], [39.6512501, 55.0637228], [39.6490535, 55.0642661], [39.6503626, 55.0664754], [39.6524798, 55.0660882], [39.6556349, 55.0715371], [39.6859311, 55.0660166], [39.6968468, 55.0763043], [39.6981071, 55.079771], [39.6960108, 55.0874141], [39.6945482, 55.1000386], [39.6958986, 55.1024448], [39.6882299, 55.1036836], [39.6925297, 55.1132571], [39.6919342, 55.1190441], [39.6919032, 55.1261097], [39.6998129, 55.1268304], [39.699925, 55.1350012], [39.7086898, 55.1351693], [39.7086357, 55.144773], [39.7252076, 55.1448482], [39.7252472, 55.1578257], [39.722162, 55.1604327], [39.706797, 55.1647758], [39.6989614, 55.171803], [39.697369, 55.1757342], [39.701732, 55.1812323], [39.6945259, 55.1850576], [39.6848553, 55.1873721], [39.6816014, 55.1885943], [39.6781057, 55.1931767], [39.6711859, 55.1955445], [39.6692853, 55.199544], [39.6725717, 55.2010459], [39.6698325, 55.2062232], [39.6629893, 55.2162783], [39.6632426, 55.2190634], [39.6619247, 55.2200541], [39.6618373, 55.2217889], [39.6588656, 55.2218216], [39.6587488, 55.2269213], [39.6573062, 55.2273286], [39.6566294, 55.2283001], [39.6584822, 55.2313991], [39.6577518, 55.2324665], [39.6418456, 55.233188], [39.6412934, 55.2362091], [39.639696, 55.2376891], [39.636785, 55.2368453], [39.6363168, 55.2372536], [39.6345672, 55.2373029], [39.630644, 55.2368229], [39.629508, 55.2374426], [39.6268065, 55.2368255], [39.6260899, 55.2371583], [39.6256556, 55.2367495], [39.623686, 55.2369115], [39.6234015, 55.2364368], [39.6225869, 55.2368656], [39.6202617, 55.2370195], [39.6199925, 55.2366903], [39.6180458, 55.2376343], [39.6165235, 55.2373926], [39.6156713, 55.2365356], [39.6130207, 55.2365334], [39.6124235, 55.2358268], [39.6107854, 55.2360478], [39.6101695, 55.2358586], [39.6103387, 55.2354139], [39.6072823, 55.2354379], [39.6058522, 55.2347235], [39.6054732, 55.23531], [39.6036688, 55.23582], [39.5990162, 55.2358433], [39.5983543, 55.2362058], [39.596529, 55.2353525], [39.5950237, 55.2354953], [39.5951629, 55.2351693], [39.5945206, 55.2349545], [39.5929398, 55.2363643], [39.590712, 55.2358697], [39.5897346, 55.2350736], [39.5888493, 55.2352937], [39.5888948, 55.2345771], [39.5881052, 55.234338], [39.5880134, 55.2338732], [39.5850913, 55.2337895], [39.5847845, 55.2324414], [39.5838316, 55.2331045], [39.5830512, 55.2327177], [39.5812387, 55.232915], [39.5790746, 55.2338634], [39.5789065, 55.233137], [39.5780105, 55.2328976], [39.5783537, 55.2325137], [39.5764928, 55.2325421], [39.5755731, 55.2317839], [39.5731026, 55.2319174], [39.5718315, 55.2311837], [39.5704706, 55.2317578], [39.568582, 55.231595], [39.5684604, 55.2320035], [39.5657042, 55.2316254], [39.5646964, 55.2323186], [39.5631991, 55.2321922], [39.5619976, 55.2327788], [39.5626797, 55.2331314], [39.5624065, 55.2335618], [39.5611548, 55.2338062], [39.5603708, 55.2330985], [39.5599108, 55.233423], [39.5600107, 55.2340591], [39.5589036, 55.234306], [39.5578651, 55.2337577], [39.5556677, 55.2348558], [39.553486, 55.2349577], [39.552309, 55.2355613], [39.55284, 55.2357184], [39.5527097, 55.236064], [39.549049, 55.2365296], [39.5462359, 55.2358739], [39.5442494, 55.236452], [39.5440426, 55.2369375], [39.5446413, 55.2376936], [39.5465333, 55.2378321], [39.5465253, 55.2384003], [39.5471423, 55.2385003], [39.5477418, 55.2396684], [39.5503752, 55.2408512], [39.5533082, 55.2432795], [39.549975, 55.2462936], [39.5467482, 55.2480701], [39.5453039, 55.2485769], [39.5352968, 55.2455652], [39.5241448, 55.2495608], [39.5130772, 55.250784], [39.5115829, 55.2503229], [39.4968173, 55.2516156], [39.4939711, 55.2530418], [39.4777214, 55.2545812], [39.4749842, 55.2555449], [39.4779571, 55.2590129], [39.4712221, 55.258208], [39.4656605, 55.2633982], [39.4649881, 55.2645629], [39.4652041, 55.267008], [39.4644183, 55.2674801], [39.4632189, 55.2669768], [39.4615656, 55.2675841], [39.4609754, 55.268743], [39.4612823, 55.270045], [39.4668642, 55.2718713], [39.4689334, 55.2734353], [39.4767586, 55.2744689], [39.4758783, 55.2754771], [39.4780979, 55.276646], [39.4763063, 55.2778702], [39.4780959, 55.2781638], [39.4797328, 55.2798541], [39.4806281, 55.2801373], [39.4802231, 55.2814588], [39.4828127, 55.2843032], [39.4818663, 55.2878886], [39.4809227, 55.2889369], [39.4848242, 55.2899751], [39.4832553, 55.2921628], [39.4792506, 55.2950099], [39.4712718, 55.2970209], [39.4699204, 55.2986038], [39.4667299, 55.298558], [39.4693248, 55.3036993], [39.4737628, 55.3083838], [39.4735917, 55.3103924], [39.4763602, 55.3139321], [39.4750091, 55.3145072], [39.4736565, 55.3163828], [39.4709644, 55.3183147], [39.4689758, 55.3214371], [39.4697262, 55.3230187], [39.4682622, 55.3249965], [39.4685165, 55.3259963], [39.4721761, 55.3282512], [39.4737717, 55.3322046], [39.4742564, 55.3324731], [39.47123, 55.3360632], [39.479098, 55.3370203], [39.486663, 55.3401363], [39.4922663, 55.3436968], [39.4964008, 55.3485161], [39.4955836, 55.3534865], [39.4966831, 55.3520103], [39.5011837, 55.3518018], [39.5033315, 55.3485441], [39.5050707, 55.3477594], [39.5082153, 55.349897], [39.5151891, 55.3532248], [39.5068748, 55.3611496], [39.5131897, 55.3667203], [39.5129973, 55.3675777], [39.5305651, 55.3719887], [39.531833, 55.3728459], [39.550144, 55.3755849], [39.5473897, 55.3821558], [39.5468802, 55.3815734], [39.545878, 55.3818388], [39.5436136, 55.3854895], [39.5422874, 55.3856843], [39.5418067, 55.3869844], [39.5369416, 55.3857427], [39.5367782, 55.386062], [39.5383948, 55.3870872], [39.5385125, 55.3890912], [39.537692, 55.3905408], [39.535668, 55.3911573], [39.5351587, 55.3922009], [39.533798, 55.3927261], [39.5309882, 55.3928724], [39.5319731, 55.3943799], [39.5297234, 55.3954139], [39.5331789, 55.3969247], [39.5331188, 55.3962773], [39.5344734, 55.3963267], [39.5368941, 55.3952668], [39.5391302, 55.3985728], [39.5381764, 55.4006716], [39.5384237, 55.4010852], [39.541494, 55.4026235], [39.5421517, 55.4023122], [39.541013, 55.3974807], [39.5396675, 55.3961597], [39.5396628, 55.3943749], [39.5400858, 55.3941267], [39.5438362, 55.3970162], [39.5496634, 55.3980291], [39.5482507, 55.3990195], [39.553085, 55.4030239], [39.556285, 55.403375], [39.562076, 55.4030123], [39.5647051, 55.4036982], [39.565085, 55.4034442], [39.5664025, 55.4040927], [39.5702401, 55.4037897], [39.575239, 55.40509], [39.5743321, 55.4088268], [39.5745631, 55.4125292], [39.5767152, 55.4126444], [39.5773219, 55.4136049], [39.5708672, 55.4158704], [39.5680566, 55.4158512], [39.5681827, 55.4163657], [39.5668391, 55.4176958], [39.5657055, 55.4181576], [39.5639133, 55.4181943], [39.5623922, 55.4173418], [39.5616093, 55.4190135], [39.5623723, 55.4205926], [39.560759, 55.4245347], [39.5724692, 55.4217428], [39.5776023, 55.4212029], [39.5780177, 55.4240025], [39.6085981, 55.4229427], [39.6103357, 55.4412485], [39.587556, 55.4422795], [39.5831536, 55.4440552], [39.5774873, 55.4448645], [39.5794397, 55.4702938], [39.5831685, 55.4913737], [39.4265053, 55.4944283], [39.424329, 55.493467], [39.4203408, 55.4941884], [39.4161312, 55.4923745], [39.4132685, 55.4933375], [39.4034604, 55.4947442], [39.3953848, 55.4947312], [39.3881682, 55.4927431], [39.3740411, 55.4926755], [39.365091, 55.5026671], [39.3585362, 55.5028302], [39.358884, 55.5092825], [39.362266, 55.5092766], [39.3660404, 55.5162239], [39.3696217, 55.5203323], [39.3743147, 55.5228676], [39.3745768, 55.52499], [39.3776018, 55.524705], [39.3825642, 55.5264895], [39.3717325, 55.5285512], [39.369381, 55.525493], [39.3678048, 55.5251807], [39.3523642, 55.5272264], [39.3488705, 55.5271227], [39.3441671, 55.5278772], [39.337826, 55.5276526], [39.3399636, 55.5288357], [39.3330636, 55.5286881], [39.3271966, 55.5272251], [39.3198199, 55.5272031], [39.3185113, 55.5292914], [39.3077973, 55.5314647], [39.3047198, 55.530654], [39.3036237, 55.5297689], [39.276642, 55.5309857], [39.2748041, 55.5296161], [39.2676898, 55.5273636], [39.2584465, 55.5252953], [39.1759777, 55.5292731], [39.1721665, 55.5270207], [39.1696942, 55.5248953], [39.1686423, 55.5226395], [39.1719812, 55.5225719], [39.1714419, 55.5200689], [39.1719608, 55.5177065], [39.1685548, 55.515449], [39.1705437, 55.5043771], [39.1686534, 55.5016204], [39.1548114, 55.4914501], [39.1472837, 55.4907991], [39.1390468, 55.4902683], [39.131683, 55.4912454], [39.1327576, 55.4937482], [39.1322617, 55.4950154], [39.1329293, 55.4966101], [39.1321165, 55.4981115], [39.1326891, 55.4993425], [39.132524, 55.5012249], [39.1314554, 55.5023433], [39.1048468, 55.5041252], [39.1040836, 55.5028394], [39.0950615, 55.502298], [39.092718, 55.5011728], [39.0819071, 55.5012261], [39.0786451, 55.5005695], [39.0599132, 55.502395], [39.0584261, 55.5038079], [39.037987, 55.5054179], [39.0326215, 55.5021536], [39.0332845, 55.5018206], [39.0341604, 55.4966823], [39.0293701, 55.48976], [39.0231738, 55.4822203], [39.0243981, 55.4804424], [39.0041536, 55.4709825], [39.0080395, 55.4701916], [39.0102262, 55.4689376], [39.0121623, 55.4682301], [39.0123936, 55.4685256], [39.013005, 55.4677518], [39.0158226, 55.4679378], [39.0169209, 55.46758], [39.0170505, 55.4670999], [39.0203315, 55.4674409], [39.0209779, 55.4670799], [39.0240392, 55.4676026], [39.0232206, 55.4541275], [39.0263484, 55.4469254], [39.0031651, 55.4487008], [38.9905664, 55.4507829], [38.9877461, 55.4488998], [38.9840543, 55.4478025], [38.9770333, 55.4488918], [38.9708525, 55.4488901], [38.969352, 55.4497102], [38.9630737, 55.449586], [38.9622735, 55.448785], [38.9628571, 55.4481832], [38.9616005, 55.4484518], [38.9604097, 55.4466817], [38.9611642, 55.4460849], [38.9607105, 55.4452929], [38.9616044, 55.4445207], [38.9605171, 55.4426266], [38.9614275, 55.442007], [38.9608385, 55.4413405], [38.9614945, 55.4404901], [38.9630758, 55.4404478], [38.9626828, 55.4398443], [38.9630916, 55.4393405], [38.9625789, 55.4389261], [38.9668844, 55.4377158], [38.9658132, 55.4371456], [38.9661918, 55.4360618], [38.9650213, 55.4350507], [38.9649093, 55.4342629], [38.9660959, 55.4339114], [38.9654337, 55.4336475], [38.9656896, 55.433011], [38.9681314, 55.4316956], [38.9680361, 55.4312216], [38.9707557, 55.4308068], [38.9700377, 55.4299716], [38.9716529, 55.4295599], [38.971974, 55.429277], [38.9711863, 55.4291164], [38.9712686, 55.4286637], [38.9722193, 55.4285849], [38.965955, 55.4255801], [38.9589067, 55.4234431], [38.9579786, 55.4229499], [38.9569074, 55.4209018], [38.9581517, 55.4198923], [38.9600124, 55.4198199], [38.96335, 55.4180349], [38.963544, 55.4173376], [38.9635872, 55.4168753], [38.9602884, 55.4141795], [38.9608034, 55.4120887], [38.9630016, 55.4108453], [38.9606022, 55.4043144], [38.9609155, 55.4017826], [38.9482691, 55.4023814], [38.9377785, 55.4017974], [38.9373346, 55.4005521], [38.9347911, 55.3997913], [38.9353112, 55.3962874], [38.9317757, 55.396269], [38.9326386, 55.3973473], [38.9302909, 55.3984023], [38.9270348, 55.3977558], [38.9272598, 55.3962786], [38.9240067, 55.3962613], [38.9229152, 55.3956239], [38.9197004, 55.3951852], [38.9176201, 55.3953495], [38.9159264, 55.3937661], [38.9118557, 55.3956712], [38.9099706, 55.3931896], [38.9065683, 55.3900936], [38.9001291, 55.3916871], [38.8932321, 55.3885712], [38.8951027, 55.385422], [38.8966116, 55.3791692], [38.8977871, 55.3785371], [38.8983582, 55.3774098], [38.8999724, 55.3770108], [38.9033575, 55.3738794], [38.9038049, 55.3728779], [38.9064855, 55.3709663], [38.907761, 55.368864], [38.9058727, 55.3654031], [38.905103, 55.364797], [38.9050659, 55.3625913], [38.9039249, 55.3607747], [38.9030778, 55.3573689], [38.9014594, 55.3558853], [38.9027147, 55.3536961], [38.9028819, 55.3514672], [38.9017325, 55.350107], [38.902453, 55.3469793], [38.9050347, 55.3457966], [38.9059385, 55.3448325], [38.9019886, 55.3427308], [38.9048995, 55.3402424], [38.9068167, 55.3393988], [38.909597, 55.3398892], [38.9119276, 55.3393701], [38.9109117, 55.3388955], [38.9103295, 55.3379517], [38.9121249, 55.3364454], [38.9213347, 55.3398043], [38.92055, 55.3343394], [38.9275548, 55.3366187], [38.9312032, 55.3371488], [38.9389681, 55.3307721], [38.9296627, 55.3273388], [38.936236, 55.3221215], [38.915723, 55.3130948], [38.9088507, 55.3102709], [38.887844, 55.3116467], [38.8831244, 55.3056945], [38.87853, 55.302617], [38.8752542, 55.3018068], [38.8718681, 55.301872], [38.8723426, 55.2987508], [38.8752742, 55.2956162], [38.8779057, 55.2968253], [38.8794072, 55.2983802], [38.8808335, 55.2990713], [38.8878363, 55.3010429], [38.8943534, 55.3002114], [38.8985073, 55.3002517], [38.908066, 55.2988058], [38.9170104, 55.2961221], [38.9141122, 55.2941322], [38.9118575, 55.2917379], [38.9031139, 55.2899203], [38.8921839, 55.2846935], [38.892101, 55.2835796], [38.8978437, 55.2822613], [38.8950644, 55.28031], [38.8935271, 55.2798967]]]}}, {"type": "Feature", "properties": {"rda_code": "MO-75", "rda_name": "NARO-FOMINSKIY AREA / incl. APRELEVKA, VEREYa, NARO-FOMINSK/", "osm_name": "Наро-Фоминский городской округ", "match_score": 0.9, "match_reason": "stem:naro fominskii~naro fominskiy aprelevka vereya naro fominsk"}, "geometry": {"type": "Polygon", "coordinates": [[[35.9178652, 55.2401506], [35.9186477, 55.2391251], [35.9219501, 55.2397662], [35.924586, 55.2382488], [35.9299795, 55.234142], [35.9305037, 55.2324186], [35.9371622, 55.2336322], [35.9439786, 55.2334521], [35.9433651, 55.2343779], [35.9434596, 55.2355633], [35.9498894, 55.2393715], [35.9588793, 55.2417997], [35.9649896, 55.2377601], [35.9723376, 55.2369711], [35.984997, 55.224658], [35.9857094, 55.2229523], [35.993353, 55.2200325], [35.9959832, 55.2175168], [35.9984829, 55.2188295], [35.9987656, 55.2200747], [36.0073201, 55.2195245], [36.009075, 55.2174448], [36.0132965, 55.2164161], [36.0166199, 55.2149862], [36.0177541, 55.2153323], [36.0178793, 55.2148616], [36.0220261, 55.2143613], [36.020911, 55.2204367], [36.0262504, 55.2212309], [36.0311588, 55.225357], [36.0386649, 55.227703], [36.0453665, 55.2264422], [36.0438323, 55.2239424], [36.0477986, 55.2226664], [36.0453791, 55.2207604], [36.0464785, 55.2194203], [36.0466887, 55.2182124], [36.0455132, 55.2183435], [36.0454946, 55.2176108], [36.0486529, 55.215264], [36.0545397, 55.2156223], [36.0614855, 55.2174448], [36.0625162, 55.216263], [36.0659947, 55.2154388], [36.0707934, 55.2181566], [36.0731893, 55.2187668], [36.0751829, 55.2180899], [36.0742695, 55.2173267], [36.0742944, 55.2166003], [36.0768261, 55.214526], [36.081493, 55.2115808], [36.0843759, 55.2105611], [36.0858394, 55.2108597], [36.0870142, 55.210091], [36.0935645, 55.2099391], [36.0951077, 55.2139067], [36.0956729, 55.2142822], [36.0977041, 55.2134102], [36.1014411, 55.2130658], [36.1098282, 55.209909], [36.1135756, 55.2100824], [36.1119316, 55.2087718], [36.1093377, 55.2088681], [36.1072561, 55.2099485], [36.1052547, 55.2100606], [36.1050537, 55.2106607], [36.1037506, 55.2108536], [36.1040561, 55.2094143], [36.0982032, 55.2094037], [36.097152, 55.2076649], [36.0981175, 55.2067015], [36.1059624, 55.2058237], [36.1086284, 55.2012499], [36.1124474, 55.1975697], [36.1141377, 55.1917626], [36.1158468, 55.1881686], [36.1161043, 55.1866124], [36.1155942, 55.1849882], [36.1183161, 55.1837477], [36.126512, 55.1820738], [36.1230291, 55.18007], [36.1229158, 55.1792256], [36.1293887, 55.177654], [36.1401766, 55.1739498], [36.1469686, 55.1809055], [36.1510577, 55.1838415], [36.157489, 55.1856723], [36.159967, 55.1881895], [36.1630173, 55.189043], [36.1661934, 55.1909725], [36.174593, 55.1930257], [36.1904508, 55.1933753], [36.1999012, 55.1928213], [36.2145301, 55.189722], [36.2198601, 55.1893255], [36.2230143, 55.1898287], [36.2236234, 55.1891133], [36.2248341, 55.1890269], [36.2250675, 55.1883004], [36.2259097, 55.1878703], [36.2258946, 55.1871838], [36.230703, 55.1865452], [36.2314874, 55.1869145], [36.2314115, 55.1873478], [36.2302775, 55.188517], [36.2280669, 55.1885492], [36.2289498, 55.1899691], [36.2299771, 55.1897828], [36.2304554, 55.1891283], [36.2329373, 55.1898328], [36.2360638, 55.1886455], [36.2383928, 55.1886409], [36.2399733, 55.1896115], [36.2449697, 55.190822], [36.2484951, 55.1910412], [36.250729, 55.1891482], [36.2535214, 55.1839073], [36.2542787, 55.1833114], [36.2537309, 55.1811969], [36.2539373, 55.1793593], [36.2628082, 55.1728212], [36.264784, 55.1714839], [36.2746937, 55.172982], [36.2777934, 55.1738933], [36.2755815, 55.1769914], [36.2794908, 55.1789646], [36.2947095, 55.1809976], [36.3059428, 55.1833803], [36.3134816, 55.1857403], [36.3012284, 55.1895702], [36.2979479, 55.1881404], [36.2954166, 55.190131], [36.295486, 55.1908393], [36.3050836, 55.2027728], [36.3122459, 55.2103031], [36.3106797, 55.2105447], [36.3246201, 55.2144979], [36.3273066, 55.2143911], [36.3280464, 55.2159136], [36.3332969, 55.220969], [36.3344356, 55.2243022], [36.3316773, 55.2274529], [36.3309666, 55.2290266], [36.3315411, 55.2294233], [36.3326085, 55.232945], [36.3334702, 55.2376917], [36.3404182, 55.2458934], [36.341347, 55.2491442], [36.3412056, 55.2510473], [36.3434699, 55.255067], [36.3468341, 55.2538003], [36.3477679, 55.2540804], [36.3481637, 55.2551682], [36.3501309, 55.2550621], [36.3550306, 55.2532062], [36.3570043, 55.251949], [36.359106, 55.2522823], [36.3613358, 55.2540387], [36.3627867, 55.2542293], [36.3633337, 55.2538302], [36.3634694, 55.2524131], [36.3626249, 55.2514724], [36.3632527, 55.2513879], [36.3638421, 55.2503714], [36.3625283, 55.2491348], [36.3638133, 55.249118], [36.366667, 55.2499121], [36.3675363, 55.251133], [36.368965, 55.2519963], [36.3689128, 55.2524231], [36.3756233, 55.2534934], [36.3790773, 55.2549701], [36.3799392, 55.2555095], [36.37965, 55.2566583], [36.3835472, 55.2583722], [36.381199, 55.2592958], [36.3830394, 55.2611332], [36.3804726, 55.2649463], [36.3757363, 55.2630185], [36.3721372, 55.2644687], [36.3754799, 55.2712837], [36.379921, 55.2728847], [36.3794161, 55.2734802], [36.3741886, 55.2741349], [36.368929, 55.2772182], [36.371013, 55.2778426], [36.3696222, 55.2790071], [36.3692903, 55.280448], [36.3720566, 55.280774], [36.3752481, 55.2799308], [36.3798815, 55.2770874], [36.3848081, 55.2798485], [36.3898542, 55.2811038], [36.3895068, 55.282997], [36.3859548, 55.2846978], [36.3835941, 55.2873494], [36.389821, 55.2902124], [36.3888763, 55.2918616], [36.3856261, 55.2925809], [36.3852934, 55.2933909], [36.3843398, 55.2939774], [36.3853644, 55.2941863], [36.3849938, 55.2944235], [36.3929824, 55.2967913], [36.398502, 55.2976724], [36.4004649, 55.298913], [36.4089683, 55.3010053], [36.4167889, 55.3052625], [36.4154938, 55.3086231], [36.4178158, 55.3088775], [36.4205241, 55.306761], [36.4229031, 55.3060086], [36.4173662, 55.3039839], [36.4218913, 55.2976202], [36.4234732, 55.2943878], [36.4277413, 55.2940162], [36.431434, 55.2955124], [36.4354793, 55.2946705], [36.4361782, 55.293058], [36.435488, 55.2909082], [36.4374356, 55.2905597], [36.4413038, 55.2917078], [36.4413108, 55.2911888], [36.446395, 55.2910625], [36.4491155, 55.2924144], [36.4508462, 55.2921614], [36.4625726, 55.2931344], [36.4613973, 55.2968963], [36.4611429, 55.3011737], [36.4656797, 55.3020439], [36.4706721, 55.3017596], [36.4785358, 55.3027568], [36.4797313, 55.3014854], [36.4832948, 55.3024583], [36.4855382, 55.3045008], [36.4931231, 55.3023364], [36.4998738, 55.3035009], [36.5023577, 55.3047069], [36.5091936, 55.3032812], [36.5085542, 55.3027873], [36.5164304, 55.2963007], [36.5261287, 55.3009064], [36.530872, 55.3047925], [36.5351953, 55.3070732], [36.5383563, 55.3121686], [36.5342721, 55.3149038], [36.5343381, 55.3187401], [36.5328966, 55.3195197], [36.5326287, 55.3208227], [36.536896, 55.3235837], [36.5369936, 55.3240668], [36.5451766, 55.3231262], [36.5497923, 55.3196515], [36.5546579, 55.3218323], [36.5565265, 55.3220337], [36.5593289, 55.3281057], [36.5629169, 55.3290951], [36.5637789, 55.3286383], [36.5681283, 55.3292093], [36.5738327, 55.3305856], [36.5742675, 55.3320245], [36.5815609, 55.3365674], [36.5900255, 55.3377039], [36.5926539, 55.3462302], [36.6008253, 55.3512798], [36.6093045, 55.3483171], [36.6100707, 55.3496693], [36.6173433, 55.3487205], [36.6200798, 55.3446215], [36.6093332, 55.340548], [36.6107579, 55.3400634], [36.6112642, 55.3387138], [36.6131547, 55.3381791], [36.6121067, 55.3364301], [36.6086285, 55.335376], [36.6049412, 55.3330679], [36.6018606, 55.3344601], [36.6032915, 55.3359248], [36.6029342, 55.3362918], [36.6003288, 55.3346929], [36.6051063, 55.3312525], [36.6096683, 55.3272456], [36.609386, 55.3268861], [36.6158074, 55.3229991], [36.6165013, 55.3214491], [36.6229338, 55.316037], [36.627067, 55.3160181], [36.625819, 55.3146893], [36.6224187, 55.3138134], [36.6246835, 55.312322], [36.6259384, 55.3104262], [36.6240861, 55.3080798], [36.6182443, 55.3100813], [36.6197178, 55.3133271], [36.6136545, 55.313149], [36.6078371, 55.3111815], [36.6078947, 55.3084124], [36.6094323, 55.3025941], [36.6129895, 55.2943104], [36.6065512, 55.2916543], [36.6084231, 55.2902316], [36.6060648, 55.286703], [36.6005531, 55.2829004], [36.611736, 55.2740063], [36.6124084, 55.2720288], [36.6141387, 55.2694668], [36.6162378, 55.2694319], [36.619281, 55.2685264], [36.6216514, 55.2650423], [36.6321301, 55.2660235], [36.6390989, 55.2672848], [36.6409299, 55.2711368], [36.6429877, 55.2773842], [36.6460559, 55.277779], [36.6593265, 55.2774903], [36.661577, 55.2751933], [36.6677901, 55.2710387], [36.6728577, 55.268415], [36.6754015, 55.2691661], [36.6768061, 55.2684501], [36.6805512, 55.2682113], [36.6877638, 55.269125], [36.691963, 55.2674825], [36.6936258, 55.2664074], [36.6928028, 55.2660314], [36.6964939, 55.2619891], [36.7054543, 55.2642681], [36.7068262, 55.2633088], [36.7114612, 55.2639684], [36.7145629, 55.2636624], [36.7188425, 55.2622648], [36.7185984, 55.2620552], [36.7191177, 55.261561], [36.7262673, 55.2597715], [36.7370844, 55.2641629], [36.7424199, 55.2639652], [36.7468795, 55.2652081], [36.7498373, 55.2668141], [36.7528662, 55.2676314], [36.757279, 55.2696225], [36.7632458, 55.2698276], [36.7689013, 55.2660848], [36.7765691, 55.2600308], [36.777875, 55.2582275], [36.7884971, 55.2567365], [36.787924, 55.2560451], [36.7905557, 55.2517355], [36.788843, 55.2478026], [36.7875271, 55.2466289], [36.799951, 55.2424725], [36.794543, 55.2354343], [36.7939986, 55.2252075], [36.8059459, 55.2251829], [36.8050391, 55.2236819], [36.8072595, 55.219756], [36.8118915, 55.2150435], [36.8133835, 55.2148325], [36.8117168, 55.2125197], [36.805164, 55.2107422], [36.8017903, 55.2060893], [36.8023922, 55.2053669], [36.8026413, 55.2032827], [36.8057072, 55.2037695], [36.8076288, 55.2014631], [36.8040533, 55.1978108], [36.8094507, 55.1955491], [36.814461, 55.1941061], [36.8217943, 55.1938722], [36.8248916, 55.1944441], [36.8290102, 55.1957943], [36.8295177, 55.1973585], [36.8316434, 55.1972705], [36.8356822, 55.2022981], [36.840879, 55.2051931], [36.8410156, 55.2078701], [36.8500342, 55.210664], [36.8497154, 55.2115605], [36.8591613, 55.2098086], [36.8602598, 55.2102871], [36.8608216, 55.2115669], [36.8591294, 55.2134153], [36.8580954, 55.2136073], [36.8589644, 55.2149629], [36.8648609, 55.2146113], [36.8721011, 55.2150762], [36.8724971, 55.2173526], [36.8722187, 55.2182589], [36.8691247, 55.2213056], [36.8673432, 55.223848], [36.8637742, 55.2254651], [36.8613473, 55.2246787], [36.8603024, 55.2251852], [36.8592099, 55.2247784], [36.8558391, 55.2273425], [36.8719855, 55.2326085], [36.875221, 55.2298993], [36.8766071, 55.2296817], [36.8777376, 55.2302088], [36.8821353, 55.2291978], [36.8834731, 55.2300114], [36.8853032, 55.2293279], [36.8996459, 55.2365839], [36.9012279, 55.2332818], [36.9037802, 55.2326015], [36.9073919, 55.2324212], [36.9112274, 55.234157], [36.9191043, 55.2358585], [36.9212284, 55.2352294], [36.9261016, 55.2349284], [36.9280587, 55.2380622], [36.9304717, 55.2391904], [36.9366495, 55.2375016], [36.937463, 55.2385647], [36.9385088, 55.2387841], [36.9389468, 55.238069], [36.9407403, 55.2375365], [36.9421272, 55.2388425], [36.9421866, 55.239473], [36.9380466, 55.2409336], [36.9372604, 55.2416096], [36.9392591, 55.2428495], [36.9410473, 55.242942], [36.9417323, 55.2434277], [36.9410426, 55.2440012], [36.9433328, 55.2447825], [36.9428914, 55.2452632], [36.9437066, 55.2456669], [36.9434157, 55.2469714], [36.9427793, 55.2474012], [36.9437829, 55.2475101], [36.9514323, 55.2456509], [36.9526161, 55.2492727], [36.9477649, 55.2497062], [36.9478258, 55.2527428], [36.9490095, 55.2545833], [36.9490731, 55.2572346], [36.9505631, 55.2589776], [36.9536543, 55.2590903], [36.9571023, 55.2607625], [36.9525171, 55.2648355], [36.9569738, 55.2654009], [36.9615035, 55.2667664], [36.9619392, 55.2673536], [36.9662549, 55.2663311], [36.9678002, 55.2671938], [36.9693269, 55.2672127], [36.9750672, 55.2662075], [36.9804835, 55.2690665], [36.9834123, 55.2681383], [36.9867967, 55.2763316], [36.9900377, 55.2761388], [37.0260365, 55.2830207], [37.0259868, 55.2843746], [37.021409, 55.2844293], [37.0218844, 55.2881557], [37.0216065, 55.2887924], [37.0126627, 55.2898928], [37.0025673, 55.2890093], [36.9983397, 55.290279], [36.9977408, 55.2915579], [36.9933511, 55.2910392], [36.9927361, 55.2927428], [36.9838119, 55.296971], [36.9855246, 55.2979498], [36.9873663, 55.299957], [36.985526, 55.3017262], [36.9846594, 55.301825], [36.9883868, 55.3083172], [36.9864415, 55.3155888], [36.9636827, 55.3240984], [36.9604066, 55.3219045], [36.94473, 55.3293694], [36.9466292, 55.3306699], [36.9422175, 55.3325707], [36.9402706, 55.3342711], [36.9391706, 55.3366222], [36.9368876, 55.3365924], [36.9357751, 55.3411599], [36.936134, 55.3412569], [36.9162405, 55.3507965], [36.9156603, 55.3517006], [36.9161441, 55.3525398], [36.9151419, 55.3526258], [36.9155903, 55.3540829], [36.9069832, 55.3547649], [36.9029439, 55.3556966], [36.9031535, 55.3564134], [36.9040847, 55.3570066], [36.8557881, 55.3805025], [36.8628646, 55.3848405], [36.8482657, 55.3920817], [36.8618745, 55.4010347], [36.8342961, 55.4139868], [36.8420879, 55.4186994], [36.8258145, 55.4214344], [36.8242945, 55.4226464], [36.8245509, 55.4233368], [36.8230683, 55.4236753], [36.8211988, 55.4252289], [36.8226024, 55.4248663], [36.8260484, 55.4281616], [36.8277826, 55.428051], [36.8282363, 55.4286426], [36.8247808, 55.4290285], [36.8242994, 55.4285751], [36.8219237, 55.4292788], [36.8191279, 55.426764], [36.8113604, 55.436299], [36.8031012, 55.4408329], [36.8045117, 55.465508], [36.8152077, 55.4659722], [36.815916, 55.4751375], [36.8162398, 55.5083513], [36.8279763, 55.5084235], [36.8278753, 55.507513], [36.8445171, 55.5070693], [36.9194745, 55.5058449], [36.9197539, 55.5154461], [36.9356096, 55.5150132], [36.9335939, 55.5159321], [36.9351195, 55.5165735], [36.9380928, 55.5160038], [36.9399755, 55.5165588], [36.9419815, 55.5153293], [36.939271, 55.5131477], [36.9360189, 55.5090215], [36.9377862, 55.5094618], [36.9371283, 55.5082756], [36.9379678, 55.5070078], [36.9352278, 55.505233], [36.9369095, 55.4994809], [36.9380657, 55.4990019], [36.9350578, 55.4961553], [36.9777907, 55.4937419], [36.9734462, 55.4554605], [36.9829592, 55.454873], [36.9840096, 55.4577873], [36.9892874, 55.4568512], [36.9895955, 55.459224], [36.9940174, 55.4583184], [36.9933152, 55.4566522], [36.9943996, 55.4561009], [36.9963253, 55.4564468], [36.9975984, 55.4552006], [36.9972791, 55.4549095], [36.9980562, 55.4537817], [36.9988214, 55.4536278], [36.999775, 55.452502], [37.002084, 55.4525958], [37.0055731, 55.4505198], [37.0034712, 55.4495971], [37.0046416, 55.4471541], [37.0063088, 55.4461697], [37.0192337, 55.4451288], [37.0200709, 55.4567858], [37.0321283, 55.4559566], [37.0355766, 55.4584408], [37.0368186, 55.464061], [37.0606131, 55.4626603], [37.0586117, 55.4546905], [37.0767899, 55.4535678], [37.0803245, 55.4526986], [37.0805144, 55.4507438], [37.0786002, 55.4500415], [37.079767, 55.4489352], [37.0814225, 55.4482436], [37.0806183, 55.4466848], [37.0825219, 55.4454923], [37.0872679, 55.4462724], [37.0892834, 55.4412316], [37.0960453, 55.4432768], [37.0970779, 55.4426935], [37.100764, 55.4451234], [37.0998116, 55.4457102], [37.1127784, 55.4492266], [37.1131066, 55.4482097], [37.1105305, 55.4470498], [37.1079402, 55.4450667], [37.1107861, 55.4431651], [37.1125655, 55.4412924], [37.1084991, 55.4395122], [37.1113948, 55.4397999], [37.1170058, 55.4380571], [37.1195159, 55.439197], [37.118207, 55.4398839], [37.1244078, 55.4419544], [37.1305574, 55.4415681], [37.1339945, 55.443159], [37.1357377, 55.4381618], [37.1371055, 55.4396022], [37.1358267, 55.4406366], [37.1413975, 55.4426533], [37.1483286, 55.4381244], [37.1488482, 55.4381762], [37.1500939, 55.4389602], [37.140967, 55.4434653], [37.0954065, 55.4631193], [37.0922795, 55.4649172], [37.0933611, 55.4704043], [37.1126712, 55.4689037], [37.1126288, 55.469838], [37.1391906, 55.4733418], [37.138993, 55.4750881], [37.1360554, 55.4820958], [37.1382807, 55.4826559], [37.1356016, 55.482645], [37.1334237, 55.4841981], [37.1320696, 55.484376], [37.1268983, 55.4874488], [37.1286974, 55.4885441], [37.1241813, 55.4915532], [37.1250587, 55.492263], [37.1238807, 55.4927453], [37.1265898, 55.4952001], [37.1239598, 55.4961362], [37.125581, 55.4972324], [37.1289256, 55.4979678], [37.1297106, 55.4986876], [37.13162, 55.4984602], [37.1324267, 55.4994278], [37.1361965, 55.5000219], [37.1384665, 55.5148805], [37.1360858, 55.5157095], [37.1363952, 55.5130264], [37.1308372, 55.512658], [37.1299698, 55.5133876], [37.1280172, 55.5130113], [37.1186307, 55.5131369], [37.1185107, 55.5176212], [37.1175802, 55.5176335], [37.1173937, 55.5188677], [37.1199489, 55.5191305], [37.1188548, 55.523517], [37.1169508, 55.5268847], [37.1174219, 55.5279294], [37.1159062, 55.5299985], [37.1179791, 55.5303838], [37.119922, 55.5314093], [37.122165, 55.5351445], [37.1225083, 55.5383655], [37.1135595, 55.538946], [37.1151768, 55.5474463], [37.1254702, 55.5499634], [37.1228743, 55.5531143], [37.1146925, 55.5655511], [37.0964945, 55.5774029], [37.0872002, 55.5904847], [37.0831526, 55.5887061], [37.0812673, 55.5888831], [37.0802257, 55.5870496], [37.0792612, 55.5866914], [37.0794003, 55.5851951], [37.0750681, 55.5842425], [37.0750155, 55.5821035], [37.078579, 55.5826738], [37.0786424, 55.580562], [37.0831788, 55.5805445], [37.083045, 55.5775656], [37.0749161, 55.5772896], [37.0749157, 55.5757252], [37.0829156, 55.575705], [37.0832275, 55.5740466], [37.0816181, 55.5734024], [37.0388274, 55.5739589], [37.0430936, 55.5750812], [37.0434045, 55.5786914], [37.0454227, 55.579171], [37.0442218, 55.5805706], [37.0448457, 55.5810443], [37.0365262, 55.5811245], [37.0362357, 55.5827275], [37.0352827, 55.5840009], [37.030201, 55.5833119], [37.0255396, 55.5834423], [37.0262242, 55.5815877], [37.0287327, 55.5781358], [37.0166581, 55.5736732], [37.0089152, 55.5727756], [37.0023997, 55.5709512], [37.0003707, 55.5696161], [36.9981194, 55.5672479], [36.9968763, 55.5668631], [36.9997459, 55.5773174], [36.9896566, 55.5766002], [36.9896569, 55.5762171], [36.9858241, 55.5759662], [36.9857561, 55.5763142], [36.9165695, 55.5710354], [36.8999181, 55.5702562], [36.9012221, 55.563941], [36.8850399, 55.5641948], [36.8843238, 55.5546142], [36.8643797, 55.5550576], [36.861605, 55.5529568], [36.8512407, 55.5532998], [36.8357175, 55.5525257], [36.8320707, 55.5520982], [36.8221166, 55.5482902], [36.8210314, 55.5475531], [36.8175554, 55.5422799], [36.8182093, 55.5347618], [36.8203896, 55.5311165], [36.8201916, 55.5295646], [36.8162801, 55.5294686], [36.8129852, 55.5285461], [36.7892197, 55.5144027], [36.7893429, 55.5140208], [36.7866104, 55.512452], [36.7814417, 55.5139092], [36.7776393, 55.514153], [36.7688026, 55.5093837], [36.7627451, 55.5092785], [36.7593332, 55.5099938], [36.7564896, 55.5129174], [36.7527848, 55.5128126], [36.7494317, 55.5114883], [36.7466158, 55.5089532], [36.7429968, 55.5077519], [36.739638, 55.5053207], [36.7341481, 55.505152], [36.7326708, 55.5061719], [36.7318188, 55.5079003], [36.7299178, 55.5094881], [36.7197559, 55.5031418], [36.7091384, 55.5029899], [36.7024616, 55.5035776], [36.6929851, 55.5018945], [36.6918824, 55.4915051], [36.6839104, 55.4926456], [36.67942, 55.4941275], [36.6746801, 55.4965695], [36.6719744, 55.4967086], [36.6661936, 55.500808], [36.6647209, 55.5026493], [36.6567719, 55.5060044], [36.6531928, 55.5057968], [36.6508944, 55.5050383], [36.6455713, 55.5059538], [36.6401569, 55.5052078], [36.637619, 55.5038055], [36.6354386, 55.5038989], [36.6357928, 55.503459], [36.635222, 55.5019876], [36.6363807, 55.5008576], [36.6337008, 55.4973269], [36.633883, 55.49664], [36.6319717, 55.4956742], [36.6317285, 55.4937965], [36.6309122, 55.4934929], [36.6306247, 55.4919896], [36.6296398, 55.4917741], [36.6300197, 55.49158], [36.6238979, 55.4929823], [36.6249874, 55.4958447], [36.627655, 55.4989478], [36.6219238, 55.500642], [36.6257302, 55.5035998], [36.6275756, 55.5041977], [36.625869, 55.5048503], [36.6258976, 55.5065702], [36.6269041, 55.5073421], [36.6255964, 55.5079052], [36.6227292, 55.5085319], [36.6199768, 55.5084657], [36.6179982, 55.5071863], [36.6160429, 55.5078289], [36.6145789, 55.5075547], [36.6131579, 55.5065273], [36.6059449, 55.5054919], [36.6060014, 55.5040725], [36.589786, 55.508772], [36.5901957, 55.5102986], [36.5855352, 55.5104663], [36.5794704, 55.5070868], [36.5741365, 55.5061092], [36.5731967, 55.5070251], [36.5733678, 55.4942316], [36.5685877, 55.4888276], [36.5779914, 55.4857327], [36.5762604, 55.4825958], [36.5687016, 55.4814771], [36.5622126, 55.4816687], [36.5558917, 55.48516], [36.5554836, 55.4866052], [36.5551128, 55.4884188], [36.5571876, 55.488901], [36.5587791, 55.4923508], [36.5596625, 55.4921733], [36.5586792, 55.4946602], [36.5586537, 55.4978726], [36.5464173, 55.5000567], [36.5398984, 55.5023198], [36.5360002, 55.5043474], [36.5328797, 55.504943], [36.5290479, 55.5072367], [36.5275103, 55.5094504], [36.5223282, 55.510702], [36.5199617, 55.5117719], [36.5040038, 55.5202892], [36.4794389, 55.5097249], [36.4587563, 55.5014328], [36.461416, 55.4998949], [36.4603804, 55.4972712], [36.4607952, 55.4937464], [36.4597169, 55.4890036], [36.4611783, 55.4889234], [36.4615305, 55.4842448], [36.4581602, 55.4848505], [36.4559388, 55.4843257], [36.4559102, 55.4838888], [36.4551832, 55.4836522], [36.4561729, 55.4833864], [36.456243, 55.4829706], [36.4540267, 55.4821487], [36.4530035, 55.4825184], [36.45342, 55.4830263], [36.4513395, 55.4828624], [36.4511291, 55.482486], [36.4529734, 55.482264], [36.4537757, 55.4813917], [36.4540939, 55.4797622], [36.4515269, 55.479295], [36.4532702, 55.4771715], [36.4561338, 55.4762347], [36.4565948, 55.4770755], [36.4619311, 55.4767462], [36.4606957, 55.4751963], [36.4610987, 55.4748267], [36.4630976, 55.4755017], [36.4634832, 55.4748263], [36.4603299, 55.4725934], [36.4587419, 55.4728158], [36.4551135, 55.4715609], [36.4542311, 55.470028], [36.461761, 55.4670088], [36.4631338, 55.4655781], [36.4635073, 55.4635953], [36.46778, 55.4627214], [36.4716732, 55.4607505], [36.4691304, 55.458991], [36.4665005, 55.4551326], [36.4664455, 55.4529132], [36.4695286, 55.449529], [36.473718, 55.4496154], [36.4753844, 55.4501219], [36.4775843, 55.4494443], [36.4779271, 55.4518812], [36.4818005, 55.4526321], [36.4813275, 55.4520582], [36.4818087, 55.4483803], [36.4808148, 55.4482666], [36.4807404, 55.4476549], [36.4816984, 55.4470221], [36.4816316, 55.4440927], [36.4656017, 55.4428635], [36.4641308, 55.4435352], [36.4590157, 55.4439062], [36.4595292, 55.4428594], [36.4557201, 55.4429725], [36.4543839, 55.4415428], [36.4530982, 55.4374202], [36.4543308, 55.4352914], [36.4519148, 55.4346704], [36.4500362, 55.4321395], [36.4478491, 55.4323253], [36.4462078, 55.4307291], [36.4459327, 55.4285558], [36.4434997, 55.4282131], [36.4360056, 55.4311161], [36.4321592, 55.4304048], [36.4308012, 55.432455], [36.4318331, 55.432947], [36.4316811, 55.4346533], [36.4304603, 55.4335239], [36.4292843, 55.4335091], [36.4273096, 55.4325178], [36.4284932, 55.4317734], [36.427927, 55.430946], [36.4282977, 55.4302888], [36.427942, 55.4301241], [36.4280426, 55.4289843], [36.4305602, 55.4280794], [36.4301813, 55.4278775], [36.4317656, 55.4269], [36.4317911, 55.4257184], [36.4354849, 55.4225553], [36.4353996, 55.4220737], [36.4309559, 55.4205672], [36.4410454, 55.4108548], [36.438822, 55.4095062], [36.4416627, 55.4089112], [36.4357852, 55.4030301], [36.4258173, 55.3973862], [36.4203351, 55.3991245], [36.4178688, 55.3983061], [36.4131283, 55.3980086], [36.4120452, 55.3984349], [36.4069611, 55.4029611], [36.4034604, 55.4028417], [36.4010014, 55.4035666], [36.3950862, 55.403592], [36.3924265, 55.4011077], [36.3889925, 55.4000439], [36.3866837, 55.40002], [36.3867764, 55.3982042], [36.3815685, 55.3969358], [36.3750143, 55.396461], [36.3724757, 55.397157], [36.3714321, 55.3979648], [36.3707874, 55.3999288], [36.3651322, 55.4037333], [36.3561095, 55.4000584], [36.3556352, 55.3993848], [36.3558091, 55.3975132], [36.3536662, 55.3966318], [36.353409, 55.3953911], [36.3488978, 55.394484], [36.3481113, 55.3935341], [36.346649, 55.393769], [36.3465979, 55.3910374], [36.3400629, 55.3900395], [36.3373244, 55.3935401], [36.3400965, 55.3951332], [36.3379696, 55.3969599], [36.3354493, 55.3973323], [36.3262236, 55.3969931], [36.3260533, 55.396447], [36.3209773, 55.3961849], [36.3185758, 55.4021311], [36.3219662, 55.4025447], [36.3239876, 55.4034506], [36.3237751, 55.4046999], [36.3223897, 55.4049829], [36.3219094, 55.4059614], [36.3191779, 55.4132917], [36.3076191, 55.4126008], [36.3059851, 55.4100182], [36.3033556, 55.4096716], [36.2990401, 55.4081651], [36.2913573, 55.4048554], [36.2888579, 55.4062651], [36.2844784, 55.4046281], [36.2823537, 55.4044084], [36.2812064, 55.4017697], [36.26961, 55.3971569], [36.2687748, 55.3972583], [36.2676792, 55.3987113], [36.2665315, 55.3980842], [36.2631137, 55.3999591], [36.2617397, 55.4015023], [36.2618619, 55.4022463], [36.2612377, 55.4031169], [36.260956, 55.4023569], [36.2599899, 55.4026313], [36.2601254, 55.4033153], [36.2596456, 55.4035007], [36.2562514, 55.4031281], [36.2551052, 55.4024464], [36.2523779, 55.4019549], [36.251307, 55.4021897], [36.2488769, 55.4008183], [36.2515492, 55.3988568], [36.2533245, 55.3987061], [36.2518156, 55.3951922], [36.2527857, 55.3930407], [36.2457312, 55.3912184], [36.2451467, 55.3943094], [36.2452551, 55.3983727], [36.2438711, 55.3997418], [36.2428259, 55.3995913], [36.2404329, 55.4027282], [36.2418512, 55.4031381], [36.2417285, 55.4047436], [36.2441329, 55.4086182], [36.2396873, 55.4114044], [36.2372954, 55.4106225], [36.2345715, 55.4071669], [36.2248506, 55.4079745], [36.2266181, 55.4099813], [36.2254681, 55.4112237], [36.2225979, 55.4119371], [36.2216037, 55.4112452], [36.1676739, 55.4139946], [36.1621146, 55.4204694], [36.1639703, 55.4210901], [36.1561187, 55.4274392], [36.1492606, 55.4272081], [36.1468057, 55.4258736], [36.1432686, 55.4260229], [36.1328359, 55.4241808], [36.1301287, 55.4255239], [36.1222771, 55.4256818], [36.1202646, 55.4253119], [36.1204472, 55.4274242], [36.115266, 55.4287613], [36.1136185, 55.4282762], [36.1082485, 55.4252221], [36.1102926, 55.4244758], [36.1113109, 55.4230758], [36.1120469, 55.4183121], [36.1109266, 55.4160958], [36.1086973, 55.4146165], [36.1050852, 55.4132702], [36.0998124, 55.41288], [36.0961944, 55.4119676], [36.0932635, 55.4099481], [36.0905037, 55.410354], [36.0850834, 55.4075901], [36.086993, 55.406698], [36.0731244, 55.4031414], [36.071818, 55.4020682], [36.0714475, 55.3985745], [36.0651288, 55.3933121], [36.0500091, 55.3902302], [36.0435348, 55.3900524], [36.0310603, 55.3879626], [36.0310511, 55.3858695], [36.0291563, 55.3842676], [36.028285, 55.3818249], [36.0290315, 55.380214], [36.0287823, 55.3792949], [36.0296651, 55.3782696], [36.0291851, 55.3770485], [36.0271994, 55.3763293], [36.0269613, 55.3749514], [36.0239623, 55.3707379], [36.0251662, 55.3683478], [36.0283786, 55.3673094], [36.0281997, 55.3664741], [36.0310545, 55.3650558], [36.0299072, 55.3609815], [36.030991, 55.3597477], [36.0351778, 55.3609975], [36.0413759, 55.3603546], [36.043016, 55.3627963], [36.0417824, 55.3662346], [36.0384928, 55.3677143], [36.0484353, 55.3731889], [36.0542117, 55.3731207], [36.0565364, 55.3710508], [36.0586753, 55.3722981], [36.0612633, 55.3720727], [36.0634711, 55.3724522], [36.0642608, 55.3715281], [36.0642704, 55.3701702], [36.0676239, 55.3704123], [36.0689455, 55.3681559], [36.0680744, 55.3672145], [36.0680547, 55.3655452], [36.0706859, 55.3646011], [36.0721593, 55.3619848], [36.0720731, 55.3606492], [36.0705492, 55.3604273], [36.0703459, 55.3589924], [36.0723702, 55.3589566], [36.0737217, 55.3606485], [36.089727, 55.3610867], [36.091113, 55.3590006], [36.0916261, 55.3561239], [36.1012727, 55.3554681], [36.1006113, 55.353513], [36.1007884, 55.3525498], [36.0996784, 55.3511526], [36.0953204, 55.3493802], [36.0920436, 55.3493868], [36.0837663, 55.3510058], [36.0825905, 55.3522082], [36.0799855, 55.3525408], [36.0777965, 55.3536765], [36.0767118, 55.3535892], [36.0764469, 55.352342], [36.073406, 55.3528225], [36.0736443, 55.3549395], [36.0717437, 55.3550775], [36.0731388, 55.3563869], [36.0741508, 55.3565085], [36.0744009, 55.3571356], [36.073111, 55.357819], [36.0703345, 55.358087], [36.0689094, 55.3570912], [36.0672582, 55.3572113], [36.0642862, 55.3555245], [36.0619918, 55.3564887], [36.0606353, 55.3557382], [36.0576295, 55.3559599], [36.0568731, 55.3537105], [36.0573087, 55.3535205], [36.0566713, 55.3506505], [36.0545625, 55.347473], [36.0569839, 55.3469976], [36.056239, 55.3356808], [36.0513825, 55.3356009], [36.0471928, 55.3342014], [36.0468843, 55.3334452], [36.0439854, 55.3323994], [36.0468173, 55.3323885], [36.0465342, 55.3264257], [36.0296162, 55.3233143], [36.0272969, 55.323542], [36.025023, 55.3245614], [36.0241462, 55.3236736], [36.0212262, 55.3173359], [36.0186712, 55.3176522], [36.0170209, 55.3199463], [36.0154951, 55.3209794], [36.0148515, 55.3205579], [36.0132755, 55.3209047], [36.0105174, 55.3204925], [36.0030549, 55.3187004], [35.9994138, 55.3190127], [35.988385, 55.3171723], [35.9905511, 55.3187305], [35.9903813, 55.3204761], [35.9886316, 55.3215477], [35.9848272, 55.3216774], [35.9832999, 55.322174], [35.9813101, 55.324089], [35.9818347, 55.3260386], [35.9725293, 55.3286642], [35.9624761, 55.3283921], [35.9565291, 55.3277426], [35.9555785, 55.3269537], [35.95735, 55.3254547], [35.9565083, 55.3246717], [35.9475127, 55.3252349], [35.9398525, 55.3295768], [35.9363227, 55.3287791], [35.9312276, 55.3286072], [35.9265985, 55.3293946], [35.9236936, 55.3273474], [35.9214434, 55.3265549], [35.9187273, 55.3265301], [35.9173619, 55.3242394], [35.9146299, 55.3241525], [35.9145717, 55.3271643], [35.9109264, 55.3273086], [35.9098366, 55.3256455], [35.9046662, 55.3258861], [35.9028894, 55.3254695], [35.9063832, 55.3226101], [35.9019389, 55.321322], [35.8937286, 55.3204987], [35.8911944, 55.3185344], [35.8920029, 55.3170112], [35.8942209, 55.316311], [35.8944424, 55.3157818], [35.8936123, 55.3152212], [35.8950793, 55.3115629], [35.8919086, 55.3077576], [35.8917509, 55.3065091], [35.8923797, 55.3054898], [35.8990264, 55.3038911], [35.9002951, 55.3027631], [35.9036003, 55.3020941], [35.9053153, 55.3006508], [35.8950006, 55.294385], [35.8927553, 55.2906039], [35.8836253, 55.2910988], [35.8800401, 55.2930806], [35.8785311, 55.2924867], [35.8780125, 55.2921361], [35.8820036, 55.2897338], [35.8882006, 55.287594], [35.8906532, 55.287809], [35.8950757, 55.2854106], [35.8901136, 55.2832315], [35.8893982, 55.2838137], [35.8862566, 55.2826748], [35.881684, 55.2824783], [35.879671, 55.2850093], [35.8742205, 55.2839446], [35.872821, 55.2831772], [35.8732787, 55.2823211], [35.8716425, 55.281555], [35.87448, 55.2792052], [35.8715925, 55.2784465], [35.8736994, 55.2757283], [35.8811523, 55.2767025], [35.8830005, 55.2783288], [35.886324, 55.2758396], [35.8877278, 55.2732516], [35.8904576, 55.2745107], [35.8912686, 55.2732929], [35.8888333, 55.2730053], [35.8878791, 55.2722805], [35.8882822, 55.2690481], [35.8939053, 55.2655126], [35.8904893, 55.2634986], [35.8869235, 55.2629233], [35.8932317, 55.2564128], [35.8964959, 55.2570948], [35.8988832, 55.2532438], [35.9014133, 55.2520459], [35.9021475, 55.2509345], [35.9049023, 55.2512231], [35.9077544, 55.2523434], [35.9138494, 55.2495473], [35.9134937, 55.249043], [35.9155851, 55.2483579], [35.9178652, 55.2401506]], [[36.9007522, 55.3148568], [36.9032546, 55.3161103], [36.9039411, 55.3172336], [36.9061728, 55.3167452], [36.909091, 55.3199197], [36.9101209, 55.3261704], [36.9091167, 55.32684], [36.9084432, 55.3298934], [36.9096726, 55.3297985], [36.910332, 55.3313028], [36.9158469, 55.3303256], [36.9137544, 55.3258954], [36.9224056, 55.3247544], [36.9228058, 55.3239412], [36.9176683, 55.3163625], [36.9136466, 55.3170091], [36.9120709, 55.3167452], [36.9110651, 55.3135704], [36.9076917, 55.3112522], [36.903505, 55.3124931], [36.9012804, 55.3139611], [36.9007522, 55.3148568]], [[36.7898145, 55.3363881], [36.827498, 55.3370188], [36.8285428, 55.3189442], [36.7807619, 55.3181531], [36.7809007, 55.3274211], [36.7796505, 55.3273309], [36.7783222, 55.3307152], [36.7819648, 55.3315696], [36.7810383, 55.3331395], [36.7860413, 55.3337961], [36.7898145, 55.3363881]]]}}, {"type": "Feature", "properties": {"rda_code": "MO-10", "rda_name": "DUBNA", "osm_name": "городской округ Дубна", "match_score": 1.0, "match_reason": "exact"}, "geometry": {"type": "Polygon", "coordinates": [[[37.1016405, 56.7686119], [37.105847, 56.7609185], [37.0668314, 56.7556214], [37.1137092, 56.7309296], [37.123451, 56.7267806], [37.1253653, 56.7221475], [37.1281411, 56.7183118], [37.133148, 56.7139819], [37.1378164, 56.7110701], [37.1449138, 56.7077689], [37.1742501, 56.6964249], [37.1829332, 56.7021564], [37.1841073, 56.7018364], [37.1842859, 56.7000198], [37.1832199, 56.6990841], [37.1833882, 56.6985457], [37.184901, 56.6981038], [37.1870369, 56.6983951], [37.1894212, 56.7002106], [37.1937296, 56.7017108], [37.2030275, 56.7030654], [37.2037298, 56.7034433], [37.2048518, 56.7053225], [37.2069354, 56.7069267], [37.2060701, 56.7092198], [37.2139931, 56.7125325], [37.2204462, 56.7136192], [37.2229433, 56.7136092], [37.2271102, 56.7127469], [37.2289452, 56.713073], [37.2308391, 56.714965], [37.2311366, 56.7174815], [37.2337527, 56.7226017], [37.2337476, 56.7242719], [37.2367146, 56.7316626], [37.2382461, 56.7323915], [37.2419792, 56.7320394], [37.2521853, 56.7331476], [37.2531271, 56.7336675], [37.2552055, 56.736934], [37.2583761, 56.7394123], [37.2586068, 56.7410469], [37.2571766, 56.7425066], [37.2504892, 56.7450819], [37.2400752, 56.7474304], [37.2387442, 56.7485531], [37.2375985, 56.7505841], [37.2336969, 56.752584], [37.229153, 56.7576898], [37.2286431, 56.7589452], [37.2281518, 56.7640727], [37.2256271, 56.7661056], [37.2252607, 56.7670633], [37.2255501, 56.7694252], [37.2292859, 56.7720224], [37.2309149, 56.7723157], [37.2370613, 56.7717086], [37.2389874, 56.772929], [37.2396496, 56.775246], [37.2417714, 56.7787089], [37.2430327, 56.7869936], [37.2365322, 56.785563], [37.220726, 56.7843594], [37.2158839, 56.7830645], [37.2131674, 56.7810698], [37.2088984, 56.7728577], [37.2062934, 56.7697489], [37.2022578, 56.7705929], [37.1991411, 56.7705388], [37.1987702, 56.7710618], [37.1979097, 56.7709817], [37.1972748, 56.7714706], [37.1953738, 56.7710906], [37.1945707, 56.7714391], [37.19441, 56.7720777], [37.1822577, 56.7697976], [37.1811634, 56.7690215], [37.1795253, 56.7691646], [37.1650172, 56.7735858], [37.1631968, 56.7751991], [37.1546428, 56.7755002], [37.14696, 56.7751008], [37.1168482, 56.7714645], [37.1056861, 56.768584], [37.1016405, 56.7686119]]]}}, {"type": "Feature", "properties": {"rda_code": "MO-26", "rda_name": "CITY DISTRICT LOSINO-PETROVSKY", "osm_name": "городской округ Лосино-Петровский", "match_score": 1.0, "match_reason": "exact"}, "geometry": {"type": "Polygon", "coordinates": [[[38.0789191, 55.9044591], [38.0796376, 55.9045505], [38.0803143, 55.9031326], [38.0819567, 55.9033811], [38.0823615, 55.9025341], [38.0798165, 55.9020544], [38.0820211, 55.9010748], [38.084329, 55.8985519], [38.0832596, 55.8985384], [38.0814942, 55.8939657], [38.0860734, 55.8937853], [38.0815204, 55.8873326], [38.0836286, 55.8856683], [38.0843386, 55.884284], [38.0881743, 55.8811716], [38.1019991, 55.8823935], [38.1009876, 55.8842617], [38.09895, 55.8841543], [38.0987908, 55.8845603], [38.1002521, 55.8854047], [38.1003934, 55.8868102], [38.1037335, 55.8872509], [38.105261, 55.883725], [38.1040036, 55.8819212], [38.1121563, 55.8827685], [38.1143308, 55.8835705], [38.1181855, 55.8880664], [38.1338488, 55.8827297], [38.1326488, 55.8779431], [38.1197164, 55.8657629], [38.1590153, 55.8550453], [38.159718, 55.8558098], [38.1660759, 55.8578626], [38.173847, 55.8559236], [38.1809561, 55.8555371], [38.1809774, 55.8568308], [38.1830935, 55.8570185], [38.1829957, 55.8588467], [38.1873187, 55.8587938], [38.1906884, 55.8584748], [38.1906863, 55.857184], [38.1992546, 55.8560042], [38.2027515, 55.8557007], [38.2031742, 55.8570738], [38.2088661, 55.8565862], [38.2164817, 55.8519033], [38.2191776, 55.8543782], [38.2227278, 55.855023], [38.2215807, 55.8558556], [38.2176212, 55.8570402], [38.2129308, 55.8607386], [38.2127432, 55.8624938], [38.211577, 55.8637243], [38.2114975, 55.8646169], [38.2169648, 55.8652917], [38.2184823, 55.8659176], [38.2193032, 55.8670847], [38.2187312, 55.8691745], [38.2197984, 55.8714118], [38.218662, 55.8718608], [38.2138615, 55.871104], [38.2130282, 55.8717102], [38.2130234, 55.872413], [38.2143831, 55.873904], [38.217947, 55.8741906], [38.2214872, 55.8734852], [38.2206993, 55.8699104], [38.2237842, 55.8697137], [38.2276638, 55.870459], [38.229024, 55.8692401], [38.2342725, 55.8731705], [38.2406424, 55.8721326], [38.2470788, 55.872949], [38.2475321, 55.8740729], [38.2457388, 55.8802503], [38.2470202, 55.8830899], [38.2441919, 55.8837905], [38.2408289, 55.8827273], [38.2385468, 55.8838338], [38.2378643, 55.8848193], [38.2395088, 55.8866578], [38.2431282, 55.8886781], [38.242177, 55.8905358], [38.2422943, 55.8919266], [38.2442586, 55.8917666], [38.2460981, 55.8898073], [38.2473939, 55.889799], [38.2477086, 55.8902839], [38.2456576, 55.8929382], [38.2405313, 55.8950766], [38.2388361, 55.8967137], [38.239089, 55.8972022], [38.2415242, 55.8979863], [38.2411214, 55.8991853], [38.238875, 55.9006981], [38.2399357, 55.9017211], [38.2402007, 55.9033803], [38.2421224, 55.9060132], [38.2414965, 55.9076397], [38.2362352, 55.9087454], [38.2353704, 55.9106772], [38.2313715, 55.9134875], [38.2263761, 55.9161267], [38.2249992, 55.9182155], [38.2251143, 55.9195222], [38.2244541, 55.9204796], [38.2252879, 55.9207997], [38.2242174, 55.9243119], [38.224643, 55.9252487], [38.2235544, 55.9276865], [38.2250189, 55.9288376], [38.2237746, 55.930623], [38.224746, 55.931823], [38.2226924, 55.9333699], [38.2220391, 55.9330808], [38.2216109, 55.932115], [38.2204108, 55.9321379], [38.2186303, 55.9335251], [38.2016681, 55.9395869], [38.2010009, 55.9399591], [38.2012919, 55.941323], [38.2003487, 55.9434692], [38.2019056, 55.9453008], [38.2070713, 55.9470586], [38.2179217, 55.9447394], [38.2229373, 55.9461683], [38.2240622, 55.9469316], [38.2232097, 55.9481298], [38.2256196, 55.950192], [38.2256386, 55.9505634], [38.2234649, 55.9516752], [38.2243907, 55.9543224], [38.2247792, 55.9544196], [38.2263483, 55.9521893], [38.2261131, 55.950352], [38.2249447, 55.9487859], [38.2314067, 55.9475116], [38.2327619, 55.9459038], [38.235165, 55.9447984], [38.2362482, 55.9465085], [38.2366025, 55.9493864], [38.2359346, 55.9558655], [38.233166, 55.9582071], [38.2316967, 55.9586405], [38.2345961, 55.9611396], [38.2333166, 55.9622819], [38.2319609, 55.9653416], [38.2317582, 55.9690343], [38.2392595, 55.9703742], [38.2472732, 55.966338], [38.2569815, 55.9681683], [38.2551611, 55.9691736], [38.2502032, 55.9684615], [38.2474971, 55.9690408], [38.247355, 55.969937], [38.2484139, 55.9719332], [38.2509741, 55.9733566], [38.2487675, 55.9742922], [38.2432883, 55.9803004], [38.2432858, 55.9809638], [38.2394119, 55.9822106], [38.2405896, 55.9838679], [38.2389936, 55.9843534], [38.2327249, 55.9952992], [38.2295344, 55.9942264], [38.2267404, 55.9925943], [38.2253435, 55.9907017], [38.2208257, 55.9885352], [38.2179734, 55.9889175], [38.2197925, 55.9899699], [38.2194593, 55.993445], [38.2151753, 55.9934068], [38.2137776, 55.9925808], [38.2181509, 55.9910804], [38.218424, 55.9901558], [38.2153674, 55.9901274], [38.2134999, 55.9873454], [38.2152224, 55.9860246], [38.2126306, 55.9854782], [38.2117143, 55.9844173], [38.2119059, 55.9832332], [38.2108864, 55.9830722], [38.2082593, 55.9839202], [38.2049313, 55.9833505], [38.2016133, 55.983749], [38.1999092, 55.9829601], [38.1997497, 55.9797747], [38.1987884, 55.9790163], [38.1997281, 55.9773602], [38.1978748, 55.9748364], [38.1978268, 55.9728314], [38.1965159, 55.9718564], [38.1965297, 55.9700015], [38.1953611, 55.969536], [38.1953751, 55.9690534], [38.1945242, 55.9685632], [38.1947057, 55.9674299], [38.1958034, 55.9664732], [38.1821103, 55.9653223], [38.1822499, 55.9634395], [38.180813, 55.9616064], [38.1821717, 55.9605724], [38.1794843, 55.9586232], [38.1307068, 55.957365], [38.1313069, 55.9505223], [38.1372056, 55.9484464], [38.1340732, 55.9454587], [38.1330627, 55.9413367], [38.1343047, 55.9329236], [38.1272702, 55.932603], [38.1231589, 55.9336524], [38.1209648, 55.9287321], [38.1191541, 55.9286894], [38.1153232, 55.9273281], [38.1114376, 55.9276261], [38.1102624, 55.9287556], [38.1104221, 55.930491], [38.1083834, 55.9307846], [38.1074552, 55.9287897], [38.1084765, 55.9285686], [38.1095408, 55.927239], [38.1123332, 55.926446], [38.1228731, 55.9273545], [38.1237247, 55.9242429], [38.1215837, 55.9227771], [38.1237203, 55.9219965], [38.123096, 55.9211131], [38.119698, 55.9219449], [38.1165484, 55.9199542], [38.1137533, 55.9192607], [38.1076782, 55.9204895], [38.105115, 55.921611], [38.1005924, 55.9217416], [38.0989809, 55.9211047], [38.0990013, 55.918914], [38.0953247, 55.9144412], [38.0967331, 55.9134829], [38.0972307, 55.9110664], [38.0887418, 55.9099365], [38.0885241, 55.9091646], [38.0874942, 55.9083934], [38.0804598, 55.9088171], [38.0795759, 55.9078925], [38.0789191, 55.9044591]]]}}, {"type": "Feature", "properties": {"rda_code": "MO-28", "rda_name": "ZATO MOLODEZHNY", "osm_name": "городской округ Молодёжный", "match_score": 1.0, "match_reason": "exact"}, "geometry": {"type": "Polygon", "coordinates": [[[36.827498, 55.3370188], [36.7898145, 55.3363881], [36.7860413, 55.3337961], [36.7810383, 55.3331395], [36.7819648, 55.3315696], [36.7783222, 55.3307152], [36.7796505, 55.3273309], [36.7809007, 55.3274211], [36.7807619, 55.3181531], [36.8285428, 55.3189442], [36.827498, 55.3370188]]]}}, {"type": "Feature", "properties": {"rda_code": "MO-50", "rda_name": "CITY DISTRICT of CHERNOGOLOVKA", "osm_name": "городской округ Черноголовка", "match_score": 1.0, "match_reason": "exact"}, "geometry": {"type": "Polygon", "coordinates": [[[38.2964367, 55.991048], [38.3012067, 55.991846], [38.306597, 55.990431], [38.3120915, 55.9874995], [38.3115251, 55.9850307], [38.3110475, 55.9850512], [38.3109601, 55.9845951], [38.3106194, 55.9794116], [38.314628, 55.9808069], [38.323606, 55.9810467], [38.3293065, 55.9820962], [38.3305547, 55.9819945], [38.3306641, 55.9810319], [38.331805, 55.9807888], [38.3324811, 55.979756], [38.3332032, 55.9795201], [38.3340073, 55.979767], [38.3337552, 55.9801718], [38.3357144, 55.9806771], [38.3337702, 55.9830124], [38.3385794, 55.9848816], [38.3431202, 55.982573], [38.3485542, 55.9771177], [38.3493498, 55.9825097], [38.3565165, 55.9859504], [38.3630533, 55.9821662], [38.3634285, 55.9837601], [38.3649543, 55.9854157], [38.3670676, 55.9866684], [38.3683834, 55.9868776], [38.3691816, 55.9877539], [38.3652946, 55.9891385], [38.3679494, 55.9907381], [38.3754036, 55.988102], [38.3751178, 55.9864852], [38.3913884, 55.9856444], [38.3948418, 56.003198], [38.4526054, 56.0004494], [38.4541871, 56.0228541], [38.4622906, 56.0226535], [38.4628929, 56.0324107], [38.4508353, 56.0335052], [38.4500616, 56.0352193], [38.4436598, 56.035837], [38.4418353, 56.0366565], [38.4383215, 56.0359494], [38.4308996, 56.0370334], [38.4144569, 56.0362887], [38.4244752, 56.0448408], [38.4258342, 56.0467717], [38.4288422, 56.0462366], [38.4301731, 56.0466836], [38.4296174, 56.0474322], [38.4296685, 56.0487116], [38.4287443, 56.0499961], [38.4310176, 56.050864], [38.4299216, 56.0518476], [38.4377761, 56.0528864], [38.443452, 56.0550878], [38.4456415, 56.0549377], [38.4491509, 56.0538308], [38.4496728, 56.0551547], [38.4566611, 56.0606785], [38.4633737, 56.0558366], [38.4681351, 56.0538686], [38.4684759, 56.0541683], [38.4677451, 56.0545633], [38.4675864, 56.0554148], [38.4660152, 56.0564976], [38.4642848, 56.0588203], [38.4592677, 56.0597595], [38.458122, 56.0605054], [38.463106, 56.062555], [38.4648366, 56.0638897], [38.4586299, 56.0662563], [38.4590591, 56.0666414], [38.4548381, 56.0678386], [38.4534959, 56.0667807], [38.4495477, 56.0682431], [38.450163, 56.0690913], [38.4492563, 56.0700028], [38.448091, 56.0700972], [38.4457128, 56.0673387], [38.4434871, 56.0687164], [38.4421601, 56.0708694], [38.4419966, 56.0720133], [38.4434533, 56.0735265], [38.4439757, 56.0760615], [38.4397789, 56.0797857], [38.4459873, 56.0813473], [38.4461367, 56.0827007], [38.4478002, 56.0831332], [38.4466436, 56.0827339], [38.4471506, 56.0821682], [38.4479531, 56.0823434], [38.448251, 56.0843524], [38.4474407, 56.0844856], [38.4476538, 56.0865729], [38.4466534, 56.086953], [38.4463632, 56.0875601], [38.429162, 56.0900245], [38.4248871, 56.0921981], [38.4240186, 56.0917948], [38.4196846, 56.0935378], [38.41428, 56.0941458], [38.4140847, 56.0948306], [38.4145503, 56.0956537], [38.4142047, 56.0961258], [38.412453, 56.095347], [38.4147043, 56.0935746], [38.4193038, 56.0926345], [38.4237438, 56.0901948], [38.4306415, 56.0875418], [38.4254445, 56.0858496], [38.4257463, 56.0846081], [38.4210447, 56.0821965], [38.4209539, 56.0812903], [38.4180332, 56.0808276], [38.4173622, 56.0794848], [38.4189909, 56.0766975], [38.4198415, 56.0767363], [38.4206419, 56.0760615], [38.4236903, 56.0758907], [38.4235301, 56.0743411], [38.4348208, 56.0709217], [38.4395897, 56.0706623], [38.440413, 56.0693093], [38.4388876, 56.0597937], [38.4332344, 56.0609564], [38.4284157, 56.0632658], [38.4274117, 56.0642939], [38.4240957, 56.0652401], [38.4213761, 56.0637168], [38.4195202, 56.0644595], [38.4160238, 56.069251], [38.4132773, 56.0681834], [38.4070735, 56.0672722], [38.4073361, 56.063092], [38.4117163, 56.0629405], [38.4137911, 56.0633832], [38.415947, 56.0626824], [38.418089, 56.0609176], [38.4207979, 56.060228], [38.4104341, 56.058456], [38.4051128, 56.0555178], [38.4009147, 56.0551434], [38.3949037, 56.0573739], [38.3935795, 56.0584329], [38.3960071, 56.058425], [38.395516, 56.0607523], [38.3919157, 56.0596122], [38.3839437, 56.0596172], [38.3838676, 56.0602417], [38.3793534, 56.0599204], [38.3763176, 56.0603623], [38.3756936, 56.0580202], [38.3764558, 56.0578797], [38.3755142, 56.0564644], [38.3794141, 56.055877], [38.3805535, 56.0571428], [38.386209, 56.0562491], [38.3847797, 56.0510765], [38.3910425, 56.0473502], [38.3920935, 56.0478474], [38.3932614, 56.0466158], [38.3908343, 56.0454459], [38.389996, 56.0442646], [38.3876559, 56.0441155], [38.3872691, 56.0424356], [38.3840126, 56.041802], [38.3757103, 56.0374142], [38.3732002, 56.0348389], [38.3724924, 56.03326], [38.3659033, 56.0347598], [38.363822, 56.0337731], [38.3630797, 56.0332296], [38.3594917, 56.0266904], [38.3539286, 56.0257386], [38.3379127, 56.032988], [38.3344984, 56.0308021], [38.3355858, 56.0302544], [38.3345346, 56.0289446], [38.3207091, 56.031514], [38.3196277, 56.0309858], [38.3122767, 56.032228], [38.3076036, 56.0342061], [38.3068628, 56.0339315], [38.3056936, 56.035037], [38.3041742, 56.0355648], [38.3053026, 56.036364], [38.3025354, 56.0379818], [38.3011277, 56.0383023], [38.2982224, 56.0379379], [38.2895675, 56.0348412], [38.2860076, 56.0312644], [38.2838108, 56.0321145], [38.2796031, 56.0322771], [38.2792637, 56.0324506], [38.279826, 56.0335096], [38.2735443, 56.0341961], [38.2708006, 56.0356065], [38.2700296, 56.0367717], [38.2637687, 56.0366675], [38.2644523, 56.0358272], [38.2630672, 56.0352068], [38.2587188, 56.0365274], [38.2586431, 56.033377], [38.2650407, 56.0316035], [38.2627689, 56.0287279], [38.2646315, 56.0264707], [38.2637175, 56.025422], [38.2639172, 56.0238327], [38.2651522, 56.02129], [38.2728539, 56.0222031], [38.2740337, 56.0198997], [38.2756039, 56.019994], [38.2761772, 56.0192242], [38.2848307, 56.0212556], [38.2859054, 56.0206661], [38.286733, 56.0186537], [38.2951867, 56.0191358], [38.29453, 56.0212709], [38.2959786, 56.0216604], [38.2949443, 56.0244147], [38.2993027, 56.0225019], [38.2994865, 56.0202035], [38.3007048, 56.0170735], [38.3028003, 56.0153167], [38.3005331, 56.0124544], [38.3002089, 56.0109274], [38.3022699, 56.0086267], [38.3027804, 56.0067558], [38.2996047, 56.0040466], [38.3030171, 56.0014398], [38.3019506, 55.9987737], [38.2989185, 55.9961115], [38.3004769, 55.9928834], [38.2964367, 55.991048]]]}}, {"type": "Feature", "properties": {"rda_code": "MO-89", "rda_name": "STUPINSKY AREA / incl. STUPINO/", "osm_name": "городской округ Ступино", "match_score": 0.92, "match_reason": "contains"}, "geometry": {"type": "Polygon", "coordinates": [[[37.6970932, 55.0088271], [37.7128372, 55.008562], [37.7264948, 55.0034065], [37.7351288, 54.9962702], [37.7335189, 54.9806313], [37.7768528, 54.9789865], [37.7702161, 54.9720358], [37.7697926, 54.9665408], [37.7681327, 54.959733], [37.7776618, 54.9477288], [37.781508, 54.9502636], [37.7862814, 54.952363], [37.8002379, 54.9488936], [37.7996629, 54.9462235], [37.8019741, 54.9456369], [37.8007586, 54.9438198], [37.7987448, 54.9421953], [37.7936461, 54.9394615], [37.7958061, 54.9387534], [37.7946301, 54.9375467], [37.796482, 54.9374295], [37.79526, 54.9366493], [37.794395, 54.9353642], [37.7939306, 54.9332569], [37.789545, 54.932026], [37.7912041, 54.9280201], [37.7903263, 54.9277773], [37.7921358, 54.9252113], [37.7920401, 54.922344], [37.7943913, 54.9190354], [37.7945818, 54.9168083], [37.7967673, 54.9139307], [37.7978984, 54.9131149], [37.7994642, 54.9132781], [37.8003266, 54.9141912], [37.7999715, 54.914929], [37.8023525, 54.9160678], [37.8047687, 54.914211], [37.8046208, 54.9137976], [37.8030908, 54.9137025], [37.8020398, 54.9128537], [37.8028393, 54.9104042], [37.7998423, 54.9100345], [37.8027435, 54.9080925], [37.8057997, 54.9079157], [37.8040208, 54.9032905], [37.8026199, 54.9010786], [37.8060236, 54.9006435], [37.8063682, 54.8987984], [37.8135494, 54.8993319], [37.818873, 54.9002781], [37.8195272, 54.9021265], [37.8266881, 54.9020773], [37.8270495, 54.9010213], [37.8258572, 54.900023], [37.823506, 54.8997281], [37.8307272, 54.8959144], [37.832499, 54.8960825], [37.8337546, 54.8941056], [37.8356905, 54.8945303], [37.8380179, 54.8919904], [37.8411705, 54.8918793], [37.8435326, 54.8902607], [37.8530109, 54.8876081], [37.8532526, 54.8848675], [37.8670484, 54.8791074], [37.8702033, 54.8784353], [37.8796724, 54.8766956], [37.8904318, 54.8823946], [37.902957, 54.876189], [37.8927618, 54.8693737], [37.8924672, 54.8534162], [37.9061637, 54.8563711], [37.9097148, 54.8588385], [37.9107863, 54.8550354], [37.9057307, 54.8501788], [37.9257364, 54.8506295], [37.9366237, 54.8500031], [37.9398989, 54.8491487], [37.9486268, 54.8445541], [37.9570313, 54.8412089], [37.9608896, 54.840453], [37.9711791, 54.8396061], [37.981407, 54.8404016], [37.9923324, 54.8404046], [38.0073702, 54.8411385], [38.0250836, 54.8424117], [38.037707, 54.8410154], [38.0557389, 54.839977], [38.0634913, 54.8374715], [38.0881235, 54.8271966], [38.0941828, 54.8258881], [38.1000167, 54.8252865], [38.1064995, 54.8265151], [38.1169656, 54.8319795], [38.14672, 54.8443115], [38.1566815, 54.8491804], [38.1576843, 54.8498535], [38.1599156, 54.8545281], [38.166234, 54.8630934], [38.1719525, 54.8657072], [38.1833325, 54.8687967], [38.2004806, 54.8705438], [38.2200515, 54.8692803], [38.23474, 54.8665287], [38.2466897, 54.8630492], [38.2535358, 54.8622086], [38.2601653, 54.8627838], [38.2639978, 54.8636698], [38.2663547, 54.8657483], [38.2690967, 54.8696993], [38.2728374, 54.8715145], [38.2810172, 54.8716549], [38.3089144, 54.8610637], [38.3097232, 54.8622124], [38.3096846, 54.8656617], [38.3182787, 54.8645167], [38.3185509, 54.8714345], [38.3364635, 54.8705169], [38.337466, 54.8730526], [38.3384158, 54.8723352], [38.3392707, 54.8724694], [38.3413491, 54.8871016], [38.364438, 54.8855629], [38.3661759, 54.8859236], [38.3646364, 54.888872], [38.3656824, 54.8914225], [38.3819082, 54.8900298], [38.3835918, 54.8976036], [38.3893058, 54.8981731], [38.3881054, 54.9024588], [38.3890161, 54.9029789], [38.3885988, 54.9044857], [38.3893555, 54.9047814], [38.3889733, 54.9060713], [38.3871373, 54.9059368], [38.3866776, 54.9074144], [38.3758094, 54.906487], [38.3763595, 54.904576], [38.3725937, 54.9061308], [38.375198, 54.9080276], [38.379121, 54.9098896], [38.3822856, 54.9102695], [38.3845094, 54.9094014], [38.3864464, 54.9100003], [38.3865502, 54.9107713], [38.3860632, 54.9109272], [38.3868165, 54.9123312], [38.3874348, 54.9122651], [38.3859327, 54.9129509], [38.3888742, 54.9142274], [38.3886711, 54.9149236], [38.3891527, 54.9154718], [38.3757819, 54.9179373], [38.3636217, 54.9191265], [38.360802, 54.9207798], [38.3474759, 54.9229382], [38.3479254, 54.9249901], [38.3468219, 54.9252893], [38.3446575, 54.927362], [38.3335319, 54.9291203], [38.335477, 54.9348733], [38.3184714, 54.9365137], [38.3086769, 54.941334], [38.312939, 54.9452561], [38.3117842, 54.9482214], [38.3084544, 54.9495366], [38.310287, 54.9503801], [38.3082558, 54.9574957], [38.3039835, 54.9568955], [38.2999358, 54.9583474], [38.2969821, 54.9601915], [38.3036689, 54.9600606], [38.3072422, 54.9774553], [38.3223982, 54.9767116], [38.3274686, 55.0052862], [38.3302812, 55.0058769], [38.3312446, 55.0054924], [38.3360789, 55.0085186], [38.3408692, 55.0060024], [38.3440565, 55.0056496], [38.3438405, 55.0045842], [38.3415124, 55.0013082], [38.3426795, 55.0003947], [38.3558272, 55.0045684], [38.359587, 55.0062687], [38.3682989, 55.002142], [38.3691986, 55.00209], [38.3695847, 55.003099], [38.3714034, 55.004714], [38.3735343, 55.0039252], [38.3751357, 55.0046401], [38.378283, 55.0029737], [38.3818158, 55.0049001], [38.385181, 55.0105245], [38.3864841, 55.0144133], [38.3855018, 55.0161989], [38.3866828, 55.0162873], [38.3924674, 55.0148856], [38.396773, 55.0166824], [38.4008415, 55.01479], [38.4018097, 55.0155032], [38.403034, 55.0151763], [38.4039943, 55.0161395], [38.4040181, 55.019092], [38.4050099, 55.0208129], [38.4086818, 55.0205507], [38.4118207, 55.0193477], [38.4132064, 55.0193076], [38.4202915, 55.0266691], [38.4190238, 55.0314268], [38.4199434, 55.0336898], [38.4192941, 55.0383461], [38.4236784, 55.0413619], [38.4287828, 55.0415127], [38.4335188, 55.0426964], [38.4325547, 55.0438434], [38.4302948, 55.0447863], [38.42805, 55.0466121], [38.4255139, 55.0519266], [38.4173999, 55.0544531], [38.4229758, 55.0579448], [38.4298321, 55.0606134], [38.4288266, 55.0721727], [38.4293193, 55.0745387], [38.434513, 55.0732981], [38.4381157, 55.0714876], [38.4430097, 55.0703329], [38.4456986, 55.0716224], [38.4434733, 55.0737614], [38.4493618, 55.0766397], [38.4475183, 55.0814717], [38.447608, 55.086179], [38.4499532, 55.0897623], [38.4472411, 55.090344], [38.4516024, 55.0931285], [38.4508592, 55.0952002], [38.4502872, 55.0957108], [38.4447586, 55.0938858], [38.4423544, 55.0941392], [38.4426794, 55.0927543], [38.4442361, 55.0912567], [38.4353086, 55.0906579], [38.4343727, 55.0914961], [38.432831, 55.0912134], [38.4317818, 55.0931808], [38.432057, 55.0936016], [38.4299111, 55.0969309], [38.424761, 55.101978], [38.426557, 55.1028684], [38.4285967, 55.1053813], [38.4260694, 55.1076857], [38.423396, 55.1063833], [38.423875, 55.1053861], [38.420315, 55.1045012], [38.420991, 55.1030746], [38.4190712, 55.1027766], [38.4209262, 55.1012792], [38.4232374, 55.1017187], [38.4239937, 55.100944], [38.4199888, 55.099881], [38.4164633, 55.0995341], [38.4134642, 55.1022969], [38.4088513, 55.102878], [38.4086992, 55.1041141], [38.4093578, 55.1043035], [38.4103419, 55.1065877], [38.4089943, 55.1065182], [38.4086298, 55.1092309], [38.4124863, 55.1101594], [38.4164664, 55.1079279], [38.4169639, 55.1072986], [38.4156236, 55.1056168], [38.4170628, 55.1045286], [38.4188649, 55.1049973], [38.4184248, 55.105767], [38.4211043, 55.1064507], [38.4196943, 55.1080231], [38.4202561, 55.1087501], [38.4193936, 55.1097337], [38.4150314, 55.1110852], [38.4130482, 55.1107919], [38.4126997, 55.1110648], [38.412978, 55.1115936], [38.4142039, 55.1128001], [38.4145224, 55.1138454], [38.4187272, 55.1167498], [38.4194125, 55.1179585], [38.4223323, 55.1186684], [38.4234349, 55.1180762], [38.4253592, 55.1196127], [38.4251398, 55.1210649], [38.4260631, 55.1214043], [38.4272702, 55.1211371], [38.4283277, 55.1228402], [38.430866, 55.1247346], [38.4309047, 55.125711], [38.4299889, 55.126581], [38.4299449, 55.1279101], [38.4304414, 55.1281479], [38.428822, 55.1286167], [38.4283638, 55.1296476], [38.4267616, 55.1296341], [38.4272218, 55.1311457], [38.4228652, 55.1311945], [38.4228018, 55.1335013], [38.421633, 55.1355991], [38.4179811, 55.1357122], [38.4125473, 55.1338584], [38.4131807, 55.1315514], [38.415195, 55.1324661], [38.4169175, 55.1307676], [38.4148448, 55.1296985], [38.4163251, 55.1277744], [38.4205026, 55.125144], [38.4171622, 55.1227543], [38.4130496, 55.1236912], [38.4065986, 55.1219188], [38.4070787, 55.1214898], [38.4036344, 55.1209726], [38.4037502, 55.12293], [38.4048871, 55.123234], [38.403858, 55.125778], [38.3966157, 55.1245907], [38.3929913, 55.1311848], [38.3963473, 55.1328697], [38.3964342, 55.1372237], [38.4094131, 55.142399], [38.4110642, 55.1438841], [38.4128685, 55.1477686], [38.4131082, 55.1470727], [38.4149549, 55.1471764], [38.416271, 55.1453759], [38.4206008, 55.1460274], [38.4208527, 55.1476931], [38.4171776, 55.1482502], [38.4160218, 55.1504631], [38.4190683, 55.1523279], [38.4224293, 55.1562163], [38.4247389, 55.1577433], [38.4306458, 55.1591536], [38.4334273, 55.1589471], [38.4413305, 55.1596172], [38.4443746, 55.160512], [38.4476529, 55.158203], [38.4486441, 55.1560383], [38.458418, 55.1574215], [38.4564315, 55.1652673], [38.4581558, 55.1677916], [38.4562743, 55.1699564], [38.4554496, 55.170082], [38.4545913, 55.1709189], [38.451754, 55.1711197], [38.4508402, 55.1722776], [38.4513121, 55.1736813], [38.4498371, 55.1753425], [38.4477137, 55.1764057], [38.4473605, 55.1778784], [38.4421773, 55.1809922], [38.437302, 55.1848636], [38.4339186, 55.1885044], [38.4360965, 55.1895611], [38.4369388, 55.1920746], [38.4333687, 55.1908197], [38.4270843, 55.1907792], [38.4175665, 55.1919104], [38.4183319, 55.1931877], [38.4172148, 55.1937791], [38.4166721, 55.1956098], [38.4179729, 55.1974021], [38.4194501, 55.1981367], [38.4194643, 55.1996308], [38.4190993, 55.2007564], [38.4180115, 55.2013692], [38.4181271, 55.2025859], [38.4174954, 55.2030773], [38.4183182, 55.2039449], [38.4181531, 55.2053369], [38.4154074, 55.2070407], [38.4160533, 55.2084178], [38.4168193, 55.2084805], [38.4215064, 55.2120953], [38.4275199, 55.2133955], [38.4307025, 55.2134396], [38.4320626, 55.2106679], [38.4351194, 55.2111676], [38.4367866, 55.2104967], [38.4388144, 55.206976], [38.4424493, 55.2079708], [38.4422425, 55.2088887], [38.4488439, 55.2093493], [38.4511738, 55.2101436], [38.454432, 55.2084998], [38.4549128, 55.2111437], [38.4535418, 55.2156451], [38.4538281, 55.2170905], [38.4565211, 55.2164777], [38.4588323, 55.2166129], [38.4594125, 55.2186914], [38.4606686, 55.2203685], [38.4608253, 55.2214167], [38.4596726, 55.2225246], [38.4595148, 55.2238122], [38.4604399, 55.2256505], [38.4579828, 55.227983], [38.45728, 55.2301514], [38.457734, 55.2309912], [38.4539605, 55.2348654], [38.4532288, 55.2363005], [38.4473914, 55.2421358], [38.4454148, 55.2448798], [38.441757, 55.244599], [38.4398209, 55.243137], [38.4397725, 55.2402218], [38.4306273, 55.2404248], [38.4291316, 55.2385422], [38.4259304, 55.2371311], [38.4175971, 55.2388612], [38.4148539, 55.2402016], [38.4122753, 55.240535], [38.4063533, 55.2451773], [38.4002445, 55.2542016], [38.4052709, 55.25659], [38.4076726, 55.2568346], [38.4105583, 55.2593071], [38.3998846, 55.2717295], [38.3921939, 55.2658198], [38.3813899, 55.2703796], [38.3767788, 55.2690693], [38.3728248, 55.2686082], [38.3688814, 55.268981], [38.365755, 55.2683802], [38.3522758, 55.2716359], [38.3518977, 55.2678959], [38.3291809, 55.2636382], [38.3228315, 55.2637133], [38.3052282, 55.2589694], [38.2947619, 55.2532057], [38.2903126, 55.2541508], [38.2880771, 55.256862], [38.2850623, 55.2588412], [38.2804706, 55.2584449], [38.2784824, 55.2590674], [38.278462, 55.2595824], [38.2806001, 55.2609249], [38.2798112, 55.2621737], [38.2814153, 55.2619503], [38.2811792, 55.2625371], [38.2818214, 55.2623901], [38.2822745, 55.2631875], [38.2834557, 55.2633374], [38.2848622, 55.2643976], [38.2855009, 55.2655331], [38.2847282, 55.2667646], [38.283749, 55.2671641], [38.2841026, 55.267989], [38.2820121, 55.270491], [38.2824596, 55.2710846], [38.2810494, 55.2713556], [38.2795097, 55.2725491], [38.2800695, 55.2736432], [38.2793005, 55.2740878], [38.2808349, 55.2747906], [38.2805803, 55.2752657], [38.2811868, 55.2753419], [38.2809791, 55.2759835], [38.2823165, 55.2767954], [38.2827457, 55.2781902], [38.2819384, 55.2803013], [38.2423605, 55.2731334], [38.2350264, 55.279608], [38.2305328, 55.2788888], [38.2264829, 55.280115], [38.2040497, 55.275908], [38.1982093, 55.2757329], [38.1920934, 55.2744065], [38.1854174, 55.2716597], [38.1797067, 55.271284], [38.1764972, 55.2734532], [38.1693294, 55.2758335], [38.1665103, 55.2743132], [38.1659628, 55.2746457], [38.1641206, 55.2740782], [38.1622372, 55.2751803], [38.1597929, 55.2736978], [38.1584969, 55.2741076], [38.1566526, 55.2735861], [38.1550227, 55.2736999], [38.1516583, 55.2709896], [38.1497027, 55.271427], [38.1484199, 55.2733277], [38.1471469, 55.2740548], [38.1447769, 55.2730297], [38.1422331, 55.2727053], [38.1379867, 55.273424], [38.1369493, 55.2737975], [38.1362826, 55.2746443], [38.1350979, 55.2741169], [38.1295428, 55.2737024], [38.1177149, 55.2693869], [38.1140786, 55.2684461], [38.1113092, 55.2683047], [38.1107183, 55.2627199], [38.1052876, 55.2610852], [38.1045762, 55.2589388], [38.107225, 55.2548249], [38.0992827, 55.2534759], [38.0977507, 55.2536033], [38.0973549, 55.2530657], [38.0934505, 55.2529071], [38.092529, 55.2524729], [38.0906025, 55.2526585], [38.0889761, 55.2519749], [38.085308, 55.2526628], [38.0845075, 55.2522213], [38.0837485, 55.2529031], [38.0823492, 55.2528428], [38.081203, 55.2519693], [38.0806162, 55.2520671], [38.0802263, 55.250974], [38.079123, 55.2508659], [38.0795014, 55.2502004], [38.0785246, 55.2501336], [38.0782345, 55.2493894], [38.0766069, 55.2488934], [38.0765854, 55.2480894], [38.0752853, 55.2473975], [38.0759803, 55.2467319], [38.0757973, 55.24576], [38.0742983, 55.2455971], [38.0728442, 55.2447907], [38.0701605, 55.2451868], [38.0687108, 55.2448456], [38.0672157, 55.2457403], [38.0657076, 55.2454395], [38.065668, 55.2448711], [38.0625399, 55.2446981], [38.0625521, 55.2439304], [38.0613874, 55.2430254], [38.0617851, 55.2424654], [38.0609477, 55.2420022], [38.0609851, 55.2415477], [38.0601629, 55.2413663], [38.0601645, 55.2408491], [38.0581824, 55.2390518], [38.0553692, 55.2351565], [38.0543659, 55.2351821], [38.0504217, 55.2320642], [38.0449735, 55.2320544], [38.0409135, 55.2310415], [38.0350776, 55.2343613], [38.0344815, 55.2357364], [38.0299031, 55.2347317], [38.0256252, 55.2347385], [38.0240657, 55.2333437], [38.015752, 55.2335027], [38.014973, 55.233971], [38.0156932, 55.2345298], [38.0155811, 55.2350322], [38.0136592, 55.2362132], [38.0120089, 55.2335867], [38.0122048, 55.227807], [37.9877573, 55.2222465], [37.9872797, 55.2227255], [37.9838016, 55.2225898], [37.9865005, 55.2194865], [37.985604, 55.2180991], [37.9840662, 55.2184255], [37.9830094, 55.218018], [37.9812665, 55.2157473], [37.9788176, 55.2152283], [37.9786252, 55.2146495], [37.9581375, 55.2106083], [37.9546493, 55.2122885], [37.9458299, 55.2111084], [37.9411321, 55.2137623], [37.9424093, 55.2166825], [37.9441479, 55.2170141], [37.9419954, 55.219881], [37.9412369, 55.2204274], [37.9340651, 55.2216777], [37.9328555, 55.2226354], [37.9318339, 55.2226392], [37.9339963, 55.2262028], [37.9385244, 55.2286231], [37.9455613, 55.2296223], [37.942088, 55.2340858], [37.92707, 55.2374702], [37.9216292, 55.2374938], [37.9202249, 55.2370113], [37.9183672, 55.2409179], [37.9075928, 55.2417063], [37.9116672, 55.2286206], [37.9037069, 55.2262837], [37.8999327, 55.2231483], [37.9005497, 55.2230906], [37.9006404, 55.2225505], [37.8995399, 55.2215126], [37.901358, 55.2209874], [37.9010748, 55.2202987], [37.9027158, 55.2194917], [37.9067149, 55.2194123], [37.9062737, 55.2186281], [37.909978, 55.2180627], [37.9120437, 55.2184306], [37.9117847, 55.2190144], [37.9126946, 55.2191146], [37.915302, 55.2138325], [37.913896, 55.2134914], [37.9103046, 55.2146253], [37.9083795, 55.2139858], [37.9092989, 55.2124653], [37.9074558, 55.2110356], [37.9069915, 55.2098138], [37.9077745, 55.2088423], [37.9037401, 55.2064599], [37.9040163, 55.2045662], [37.8979575, 55.2031385], [37.8976169, 55.2008909], [37.8995216, 55.2007536], [37.901463, 55.1994302], [37.9092317, 55.1982021], [37.908296, 55.1961509], [37.912983, 55.1955927], [37.9142537, 55.1946059], [37.9124105, 55.1929297], [37.9134734, 55.1919927], [37.9109069, 55.1891803], [37.9118532, 55.1871146], [37.9118732, 55.1859109], [37.9127047, 55.1846381], [37.9143361, 55.184288], [37.9167106, 55.1867424], [37.9211415, 55.1885778], [37.9214723, 55.1882401], [37.9232944, 55.1886725], [37.9253536, 55.1875492], [37.9264119, 55.188193], [37.9262592, 55.1892156], [37.9272825, 55.1895369], [37.9327776, 55.1753218], [37.9350225, 55.1719927], [37.9385679, 55.1685894], [37.9379593, 55.1683547], [37.9387215, 55.1667759], [37.9372468, 55.1666483], [37.9317336, 55.1690502], [37.9313917, 55.1685549], [37.9274717, 55.1682103], [37.9262385, 55.1687075], [37.926301, 55.1655344], [37.9244592, 55.1655553], [37.9237977, 55.1638358], [37.9164062, 55.1591716], [37.9128278, 55.1591411], [37.9090389, 55.1584276], [37.9085581, 55.1549837], [37.9095971, 55.1524926], [37.9047591, 55.1541121], [37.9039303, 55.1532952], [37.9079923, 55.1518696], [37.9057697, 55.1513643], [37.8971863, 55.1538065], [37.8949487, 55.1522542], [37.8944811, 55.1508943], [37.8951295, 55.1503558], [37.8931904, 55.1507011], [37.8941109, 55.1547131], [37.8899517, 55.1561552], [37.8887264, 55.155129], [37.8870783, 55.1558556], [37.8843653, 55.1531925], [37.8814133, 55.1523666], [37.8795344, 55.1531905], [37.8801994, 55.1539467], [37.8795368, 55.1548506], [37.8782809, 55.1547326], [37.8757605, 55.1530833], [37.8750869, 55.1532011], [37.8730424, 55.1543276], [37.8759308, 55.1561454], [37.8763121, 55.1571504], [37.8754281, 55.1586568], [37.8770664, 55.1591579], [37.874501, 55.1613154], [37.8725832, 55.1609571], [37.8707603, 55.1622268], [37.8711672, 55.162499], [37.8703663, 55.1644228], [37.8699428, 55.1643818], [37.8686884, 55.1658036], [37.8670661, 55.1656302], [37.8643428, 55.1670727], [37.8634925, 55.1692603], [37.8622964, 55.1692274], [37.8622944, 55.1682681], [37.859358, 55.1668124], [37.8555865, 55.166734], [37.8539231, 55.167344], [37.8524204, 55.1642933], [37.8509642, 55.1590384], [37.8491091, 55.1574773], [37.8468412, 55.1574414], [37.8416336, 55.1557244], [37.8401429, 55.1530767], [37.8374593, 55.152792], [37.8316132, 55.1532599], [37.8332017, 55.1556677], [37.8293588, 55.1569039], [37.8290103, 55.1565473], [37.826594, 55.1570815], [37.8254833, 55.155494], [37.8275356, 55.1526607], [37.8314193, 55.1501861], [37.831679, 55.1484256], [37.8361811, 55.1451528], [37.8355067, 55.1440127], [37.8349374, 55.1404394], [37.8369076, 55.1385361], [37.8398252, 55.1387334], [37.8408528, 55.1360254], [37.8387043, 55.1338733], [37.8343312, 55.1330083], [37.8306667, 55.1268163], [37.832794, 55.1259665], [37.8305207, 55.1243309], [37.8274825, 55.126323], [37.8232724, 55.1270618], [37.8179285, 55.1287856], [37.8167495, 55.1283763], [37.8157792, 55.1286596], [37.8131402, 55.1312227], [37.8088986, 55.1314448], [37.8067077, 55.1322978], [37.8029481, 55.1326551], [37.7949924, 55.1349603], [37.7942683, 55.13445], [37.7859219, 55.1371208], [37.7822136, 55.1372865], [37.7775582, 55.1387689], [37.7733768, 55.1423707], [37.7741574, 55.144528], [37.7767473, 55.1453127], [37.7773934, 55.1467717], [37.772653, 55.1476456], [37.7714112, 55.1484086], [37.7669551, 55.1487854], [37.7602382, 55.1480421], [37.7637497, 55.1517251], [37.7650196, 55.1511793], [37.7691907, 55.1528034], [37.7663522, 55.1549415], [37.7451911, 55.1562036], [37.7441144, 55.1553673], [37.7391534, 55.1550364], [37.7317458, 55.1573623], [37.7178319, 55.1573825], [37.7168114, 55.1553922], [37.7151743, 55.154166], [37.7169865, 55.1511166], [37.7178338, 55.1485114], [37.7126057, 55.1460087], [37.7095356, 55.1455617], [37.7094939, 55.1352339], [37.7108767, 55.1256643], [37.7166074, 55.1274082], [37.7181382, 55.1272777], [37.7190357, 55.125637], [37.7167162, 55.1235907], [37.7164251, 55.1180569], [37.7156128, 55.1136671], [37.7109402, 55.1094469], [37.7149839, 55.1047785], [37.7187174, 55.1033744], [37.728191, 55.0967048], [37.729489, 55.094284], [37.7258631, 55.0927552], [37.7266662, 55.0882354], [37.7295934, 55.0865691], [37.7320466, 55.0835745], [37.7292025, 55.0813792], [37.7277806, 55.0793328], [37.7276937, 55.0753095], [37.7248824, 55.0759985], [37.7215318, 55.0761352], [37.7211648, 55.0756425], [37.7190512, 55.0752177], [37.7168308, 55.0734667], [37.7158752, 55.0736855], [37.7134385, 55.0724728], [37.7078885, 55.0734671], [37.707947, 55.0722902], [37.7073417, 55.0716157], [37.7103637, 55.0705017], [37.7108242, 55.0698648], [37.7062627, 55.0701536], [37.6991195, 55.0693576], [37.6965995, 55.0697383], [37.6894355, 55.0676177], [37.6865042, 55.0676934], [37.6848596, 55.0683926], [37.6824276, 55.0716024], [37.6808688, 55.0710672], [37.681596, 55.0688078], [37.6804614, 55.0672389], [37.6783076, 55.0674941], [37.6771764, 55.0664924], [37.6769663, 55.0645445], [37.6759274, 55.0627569], [37.6757098, 55.0610959], [37.6772094, 55.0598612], [37.6759807, 55.0585543], [37.6772866, 55.057589], [37.6734171, 55.0545761], [37.7009968, 55.0525334], [37.6991372, 55.0513917], [37.6987274, 55.0498949], [37.703932, 55.0470539], [37.7121315, 55.0443682], [37.7147225, 55.0454604], [37.7152629, 55.0441765], [37.6968465, 55.0429302], [37.6974131, 55.0423556], [37.6979606, 55.0360751], [37.6997071, 55.0329163], [37.695916, 55.0341313], [37.6937785, 55.0262632], [37.6931934, 55.0253974], [37.6970932, 55.0088271]]]}}, {"type": "Feature", "properties": {"rda_code": "MO-13", "rda_name": "ZHUKOVSKY", "osm_name": "городской округ Жуковский", "match_score": 1.0, "match_reason": "exact"}, "geometry": {"type": "Polygon", "coordinates": [[[38.0352307, 55.569891], [38.0437427, 55.5661857], [38.0571761, 55.5722279], [38.0620059, 55.5693256], [38.0745377, 55.55986], [38.0867895, 55.5490835], [38.0939999, 55.5452587], [38.0951866, 55.5453098], [38.1042769, 55.5426691], [38.1054775, 55.5461192], [38.1074731, 55.5465227], [38.1095989, 55.5476331], [38.1122788, 55.5454658], [38.114209, 55.5445846], [38.1193997, 55.5440959], [38.1262, 55.5449648], [38.1360142, 55.5492087], [38.1410948, 55.5496064], [38.144409, 55.5485389], [38.1474144, 55.5460467], [38.1532308, 55.5382294], [38.1573883, 55.535344], [38.1631126, 55.5344133], [38.1726378, 55.5342632], [38.1752039, 55.5335568], [38.1769591, 55.5322222], [38.177247, 55.5293581], [38.1790591, 55.5293469], [38.1886488, 55.5244305], [38.1988901, 55.5310569], [38.1792063, 55.5410063], [38.1818457, 55.5427937], [38.1781382, 55.5441619], [38.1805504, 55.5453791], [38.1797138, 55.546937], [38.1787155, 55.5472653], [38.1782364, 55.5485606], [38.1762897, 55.5488262], [38.17387, 55.5484341], [38.169517, 55.5458599], [38.1608737, 55.5502273], [38.1624447, 55.554597], [38.1627789, 55.5545019], [38.1675597, 55.5602792], [38.1688212, 55.5633104], [38.1706359, 55.5636128], [38.1716498, 55.5672218], [38.1770633, 55.5676171], [38.1769093, 55.5693005], [38.1713533, 55.5688964], [38.1715472, 55.5699168], [38.1709526, 55.5707145], [38.171413, 55.5717248], [38.1711816, 55.5727127], [38.1655051, 55.5753649], [38.1484743, 55.5815075], [38.1480207, 55.5817578], [38.1483731, 55.58378], [38.1440705, 55.5832352], [38.1418469, 55.5846047], [38.1433431, 55.593786], [38.1399804, 55.5952001], [38.1430882, 55.5989313], [38.1067683, 55.6139023], [38.1063107, 55.6135465], [38.1052032, 55.6140051], [38.1039311, 55.6128594], [38.105196, 55.6124886], [38.1023141, 55.6100685], [38.101597, 55.6103397], [38.1000306, 55.6093425], [38.0943791, 55.6107635], [38.0885579, 55.6113119], [38.0860522, 55.6091177], [38.0850565, 55.6091729], [38.0841811, 55.6080884], [38.0833584, 55.6082903], [38.0843719, 55.6093892], [38.0830929, 55.609458], [38.0827321, 55.6100935], [38.0818032, 55.6100904], [38.0811819, 55.6093837], [38.0765217, 55.609868], [38.0727477, 55.6109357], [38.07391, 55.6121976], [38.0702719, 55.612878], [38.0692771, 55.6118689], [38.0713482, 55.6113493], [38.0690276, 55.6086345], [38.0691974, 55.6073253], [38.0672696, 55.6070392], [38.0656427, 55.6083724], [38.0599694, 55.6073418], [38.0588833, 55.6064843], [38.0571566, 55.5996184], [38.0588803, 55.5969844], [38.057982, 55.5948293], [38.0546097, 55.5950326], [38.0524513, 55.5944563], [38.0445672, 55.5908451], [38.041195, 55.5900336], [38.0331853, 55.5912517], [38.0288502, 55.5913938], [38.02716, 55.5899373], [38.0271726, 55.5888497], [38.0336691, 55.5848302], [38.0359243, 55.5827934], [38.0381845, 55.5788509], [38.0381176, 55.5762463], [38.0374945, 55.574041], [38.0352307, 55.569891]]]}}, {"type": "Feature", "properties": {"rda_code": "MO-48", "rda_name": "CITY DISTRICT of FRYAZINO", "osm_name": "городской округ Фрязино", "match_score": 1.0, "match_reason": "exact"}, "geometry": {"type": "Polygon", "coordinates": [[[38.0091228, 55.9711593], [38.0190477, 55.9588966], [38.0297135, 55.9538894], [38.0308199, 55.9543344], [38.0312073, 55.9540095], [38.031038, 55.9533029], [38.0328526, 55.9524754], [38.0335187, 55.952606], [38.0352111, 55.9512882], [38.051926, 55.9435488], [38.0478504, 55.9398217], [38.0494714, 55.9389291], [38.0514425, 55.9405339], [38.0510312, 55.9408124], [38.0520852, 55.9417401], [38.0536332, 55.9410688], [38.054852, 55.9422843], [38.0581146, 55.9412521], [38.0714739, 55.9448669], [38.0711766, 55.9455714], [38.0718353, 55.9472141], [38.0716874, 55.9485841], [38.0690626, 55.9502758], [38.0700378, 55.9505453], [38.0685317, 55.9509923], [38.0664849, 55.9525676], [38.0662903, 55.953866], [38.0671232, 55.9561786], [38.0667077, 55.9574255], [38.0628818, 55.9588533], [38.0634532, 55.9592538], [38.0605325, 55.9606376], [38.0604823, 55.9614611], [38.0588252, 55.9621512], [38.0605884, 55.9625092], [38.0634524, 55.9642671], [38.0642428, 55.9639209], [38.0645429, 55.9641463], [38.0637985, 55.9644794], [38.0646001, 55.9649714], [38.0660046, 55.9649707], [38.0660006, 55.9654337], [38.0676999, 55.965075], [38.0685829, 55.9657134], [38.0742877, 55.9656093], [38.0748656, 55.9661438], [38.0766066, 55.9658399], [38.0770314, 55.9631408], [38.0779318, 55.9625363], [38.0799174, 55.9637919], [38.0793532, 55.9640745], [38.0804677, 55.9649723], [38.0791768, 55.965649], [38.0816131, 55.966618], [38.0805091, 55.9676219], [38.0780187, 55.9667574], [38.0741186, 55.9701425], [38.0706361, 55.971433], [38.0665999, 55.9705555], [38.063348, 55.9742316], [38.0611784, 55.9752271], [38.0579851, 55.9742715], [38.0556187, 55.9752755], [38.0551153, 55.9748534], [38.0526269, 55.9756743], [38.0515761, 55.9779728], [38.0509759, 55.9780171], [38.0494391, 55.9769195], [38.0425545, 55.9790172], [38.0382963, 55.9704858], [38.0375002, 55.9706503], [38.0368764, 55.9718433], [38.0338232, 55.9721454], [38.0326928, 55.9712048], [38.0322588, 55.9701654], [38.0303704, 55.9705025], [38.0298172, 55.9701166], [38.0291518, 55.9691442], [38.0303663, 55.9678947], [38.0161979, 55.9714249], [38.0131835, 55.9710222], [38.0128576, 55.9720517], [38.0091228, 55.9711593]]]}}, {"type": "Feature", "properties": {"rda_code": "MO-59", "rda_name": "VOSKRESENSKY AREA / incl. VOSKRESENSK /", "osm_name": "городской округ Воскресенск", "match_score": 0.92, "match_reason": "contains"}, "geometry": {"type": "Polygon", "coordinates": [[[38.3705967, 55.4644903], [38.3524342, 55.4471968], [38.3565547, 55.4474667], [38.3603056, 55.446757], [38.3603708, 55.4453574], [38.3735147, 55.4419612], [38.3785751, 55.4412188], [38.3907046, 55.4414969], [38.3914179, 55.4409205], [38.4004113, 55.4428298], [38.4014089, 55.4441213], [38.4104525, 55.4401831], [38.4087695, 55.4378229], [38.4074791, 55.4348393], [38.4180867, 55.4343594], [38.4178424, 55.4297731], [38.4122462, 55.4301959], [38.4116747, 55.4233702], [38.4101729, 55.4226497], [38.4093171, 55.4204317], [38.4122189, 55.4168105], [38.4120392, 55.4155793], [38.4136676, 55.4133906], [38.4179842, 55.4120243], [38.4206078, 55.4121851], [38.4233373, 55.4133814], [38.4305312, 55.4135048], [38.4305405, 55.4130698], [38.4316093, 55.4126592], [38.4351019, 55.4061811], [38.4387374, 55.4023656], [38.4322497, 55.3979776], [38.4293047, 55.3984714], [38.427941, 55.3927272], [38.4364872, 55.3904282], [38.4377039, 55.3923153], [38.4415008, 55.3917789], [38.4499511, 55.3891663], [38.456508, 55.3965937], [38.4835566, 55.3908302], [38.4976135, 55.3961313], [38.5004497, 55.393832], [38.5091101, 55.3965808], [38.5103135, 55.3955056], [38.5075987, 55.3942542], [38.5072352, 55.393102], [38.5084374, 55.3915365], [38.5007461, 55.3852521], [38.5082514, 55.384444], [38.5072613, 55.3826971], [38.5131158, 55.3818824], [38.5142877, 55.3807027], [38.5132255, 55.3784395], [38.5099487, 55.3758867], [38.4905424, 55.3765423], [38.4737708, 55.3576302], [38.4675802, 55.356875], [38.4639839, 55.3579218], [38.4634553, 55.3562696], [38.4627033, 55.348209], [38.471679, 55.3452485], [38.4722, 55.3456556], [38.4743876, 55.3450513], [38.4757097, 55.3459384], [38.4766634, 55.3459385], [38.4789906, 55.3451668], [38.4801731, 55.3460038], [38.4803639, 55.3450147], [38.4818168, 55.3431911], [38.4815944, 55.3427731], [38.4830916, 55.3425146], [38.4836485, 55.3416129], [38.48452, 55.3416504], [38.4845432, 55.3404654], [38.4978854, 55.3379901], [38.5001682, 55.3364937], [38.4991953, 55.3337496], [38.5023244, 55.3301722], [38.5041802, 55.3310798], [38.5201807, 55.3279914], [38.5171347, 55.3251882], [38.5172731, 55.3246953], [38.5188184, 55.3239791], [38.5185897, 55.3236677], [38.5191208, 55.3229396], [38.5204001, 55.3227287], [38.5196556, 55.3222069], [38.5216917, 55.322055], [38.5227566, 55.3205346], [38.5267608, 55.3193148], [38.5267391, 55.3185991], [38.5255006, 55.3175903], [38.5240641, 55.3140525], [38.5216717, 55.3129033], [38.5190122, 55.3105782], [38.5155404, 55.3104799], [38.510155, 55.3089072], [38.506238, 55.2998857], [38.5069661, 55.2987226], [38.5114698, 55.2951361], [38.5009399, 55.2890953], [38.4961197, 55.2841289], [38.4914972, 55.2802025], [38.4904045, 55.2798437], [38.4947164, 55.275566], [38.4940977, 55.2754629], [38.4956584, 55.2732887], [38.4963664, 55.2733737], [38.5004199, 55.2688293], [38.4951297, 55.2656977], [38.4878002, 55.2598964], [38.4893188, 55.2564796], [38.4858109, 55.2559877], [38.4692435, 55.2515294], [38.4631444, 55.2534123], [38.4626151, 55.2511884], [38.4552561, 55.2452658], [38.4454148, 55.2448798], [38.4473914, 55.2421358], [38.4532288, 55.2363005], [38.4539605, 55.2348654], [38.457734, 55.2309912], [38.45728, 55.2301514], [38.4579828, 55.227983], [38.4604399, 55.2256505], [38.4595148, 55.2238122], [38.4827612, 55.2268824], [38.4821882, 55.2277017], [38.4792688, 55.2285658], [38.4769961, 55.2286906], [38.4781559, 55.2313268], [38.4848298, 55.2310757], [38.4913768, 55.2300892], [38.4929602, 55.2292871], [38.4972672, 55.2289098], [38.4970167, 55.2283426], [38.4980178, 55.2285775], [38.4986935, 55.2282539], [38.4984919, 55.2278298], [38.5008101, 55.227819], [38.505424, 55.2255066], [38.5082611, 55.2255053], [38.5111262, 55.2244989], [38.5122963, 55.2246144], [38.5127914, 55.2238245], [38.5136295, 55.223918], [38.5137941, 55.2234217], [38.5147932, 55.2234706], [38.5152473, 55.2230392], [38.516064, 55.2235232], [38.5164594, 55.2230966], [38.5175239, 55.2231429], [38.5175565, 55.2226991], [38.5227334, 55.2218269], [38.5230941, 55.2212797], [38.5256734, 55.2208728], [38.5260498, 55.2203581], [38.5275184, 55.22002], [38.5315917, 55.2198645], [38.5346187, 55.2190773], [38.5379223, 55.2201133], [38.5400071, 55.219515], [38.5425172, 55.2196764], [38.5438296, 55.2199374], [38.5429763, 55.2216241], [38.543043, 55.2228225], [38.539831, 55.2249904], [38.5391633, 55.2248033], [38.5391193, 55.2257886], [38.5381669, 55.2270183], [38.5305399, 55.2302907], [38.5407011, 55.2336398], [38.5443351, 55.2343255], [38.5502577, 55.2371024], [38.5519227, 55.2373977], [38.5523372, 55.2370185], [38.5514986, 55.2366834], [38.5518076, 55.2364197], [38.5529789, 55.236885], [38.5547486, 55.2367696], [38.5558091, 55.2355871], [38.5550296, 55.2349778], [38.5555652, 55.2345503], [38.5565437, 55.234824], [38.5561267, 55.2340527], [38.5575046, 55.2339487], [38.5584273, 55.2330341], [38.558163, 55.2324744], [38.5596415, 55.2325047], [38.5592805, 55.2319704], [38.5599319, 55.2311009], [38.5614742, 55.2311635], [38.561797, 55.23029], [38.5656007, 55.2296851], [38.5654063, 55.2288955], [38.5664885, 55.2278339], [38.5674021, 55.2281594], [38.5677605, 55.22887], [38.5694372, 55.2282776], [38.5691225, 55.227445], [38.5698371, 55.2270005], [38.5711094, 55.2276568], [38.5722273, 55.2275838], [38.5725873, 55.2267965], [38.575159, 55.2270505], [38.5864066, 55.2223556], [38.5889117, 55.2208822], [38.5912492, 55.2215355], [38.5939301, 55.2212363], [38.5944302, 55.2221755], [38.5938918, 55.2230167], [38.5943488, 55.2240054], [38.5939164, 55.2240676], [38.5931568, 55.2261498], [38.5951019, 55.228072], [38.6007208, 55.2309256], [38.6070589, 55.2324683], [38.6104525, 55.2319703], [38.6133835, 55.2296302], [38.6172966, 55.2302944], [38.6187945, 55.2296446], [38.6212604, 55.2304979], [38.6255167, 55.2300324], [38.6267987, 55.2321778], [38.6339207, 55.2306555], [38.6344564, 55.2314456], [38.633235, 55.2329146], [38.6331936, 55.2351594], [38.6340355, 55.2371136], [38.6362272, 55.2400159], [38.6408401, 55.2399149], [38.6389423, 55.2435398], [38.6417896, 55.2437277], [38.6438636, 55.2449167], [38.6469613, 55.2455233], [38.655056, 55.2452602], [38.6585368, 55.2461194], [38.6590751, 55.2419581], [38.6656946, 55.2411976], [38.6668542, 55.23951], [38.6714799, 55.2361659], [38.6970228, 55.2381514], [38.6977851, 55.2395309], [38.7037782, 55.2405446], [38.7064502, 55.2369689], [38.7091994, 55.2370672], [38.7105813, 55.2358797], [38.7168171, 55.2352918], [38.7190442, 55.2355376], [38.7204337, 55.2389046], [38.7201507, 55.2399206], [38.7255908, 55.2415414], [38.7322886, 55.2375196], [38.7395623, 55.241477], [38.7418882, 55.2415556], [38.7487619, 55.2392445], [38.7502235, 55.238051], [38.7500152, 55.2369914], [38.7589323, 55.2394506], [38.761398, 55.2415815], [38.7611264, 55.2420241], [38.7682327, 55.2434777], [38.7717577, 55.2396938], [38.7728949, 55.2397862], [38.7733301, 55.2407608], [38.774774, 55.2417873], [38.775254, 55.2433596], [38.7770313, 55.2434762], [38.7746796, 55.2469647], [38.7747028, 55.2484642], [38.7735534, 55.2487715], [38.7743549, 55.2504734], [38.7758528, 55.2514156], [38.782258, 55.2526788], [38.7822151, 55.2533809], [38.7851629, 55.2532789], [38.7879418, 55.258949], [38.7912708, 55.261794], [38.7912424, 55.2633526], [38.7941566, 55.2629838], [38.7982104, 55.2632098], [38.7994359, 55.2641143], [38.805737, 55.2655045], [38.8154321, 55.2648685], [38.8173877, 55.2630187], [38.8145851, 55.2614491], [38.8108451, 55.261773], [38.8068919, 55.257816], [38.8117385, 55.2546833], [38.8113266, 55.2531952], [38.8168575, 55.2523649], [38.8194706, 55.2530861], [38.8202829, 55.2546165], [38.8218738, 55.2559492], [38.826709, 55.2571966], [38.8339032, 55.2561164], [38.8390515, 55.2561396], [38.840446, 55.2546027], [38.8443055, 55.2541784], [38.8494565, 55.2560653], [38.8545249, 55.2516069], [38.8530801, 55.2507253], [38.8839027, 55.2488427], [38.8879972, 55.2667473], [38.9002593, 55.2660729], [38.8989776, 55.2681969], [38.8982959, 55.2717429], [38.8973795, 55.2715069], [38.8924059, 55.2757114], [38.8935271, 55.2798967], [38.8950644, 55.28031], [38.8978437, 55.2822613], [38.892101, 55.2835796], [38.8921839, 55.2846935], [38.9031139, 55.2899203], [38.9118575, 55.2917379], [38.9141122, 55.2941322], [38.9170104, 55.2961221], [38.908066, 55.2988058], [38.8985073, 55.3002517], [38.8943534, 55.3002114], [38.8878363, 55.3010429], [38.8808335, 55.2990713], [38.8794072, 55.2983802], [38.8779057, 55.2968253], [38.8752742, 55.2956162], [38.8723426, 55.2987508], [38.8718681, 55.301872], [38.8752542, 55.3018068], [38.87853, 55.302617], [38.8831244, 55.3056945], [38.887844, 55.3116467], [38.9088507, 55.3102709], [38.915723, 55.3130948], [38.936236, 55.3221215], [38.9296627, 55.3273388], [38.9389681, 55.3307721], [38.9312032, 55.3371488], [38.9275548, 55.3366187], [38.92055, 55.3343394], [38.9213347, 55.3398043], [38.9121249, 55.3364454], [38.9103295, 55.3379517], [38.9109117, 55.3388955], [38.9119276, 55.3393701], [38.909597, 55.3398892], [38.9068167, 55.3393988], [38.9048995, 55.3402424], [38.9019886, 55.3427308], [38.9059385, 55.3448325], [38.9050347, 55.3457966], [38.902453, 55.3469793], [38.9017325, 55.350107], [38.9028819, 55.3514672], [38.9027147, 55.3536961], [38.9014594, 55.3558853], [38.9030778, 55.3573689], [38.9039249, 55.3607747], [38.9050659, 55.3625913], [38.905103, 55.364797], [38.9058727, 55.3654031], [38.907761, 55.368864], [38.9064855, 55.3709663], [38.9038049, 55.3728779], [38.9033575, 55.3738794], [38.8999724, 55.3770108], [38.8983582, 55.3774098], [38.8977871, 55.3785371], [38.8966116, 55.3791692], [38.8951027, 55.385422], [38.8938952, 55.3878421], [38.8888967, 55.3914831], [38.8885723, 55.3924461], [38.8859365, 55.3942864], [38.8893094, 55.399145], [38.8844101, 55.400096], [38.877052, 55.3994655], [38.8775062, 55.4028076], [38.8771502, 55.4034317], [38.8777722, 55.4058242], [38.8764922, 55.4074592], [38.8677558, 55.4104761], [38.8615579, 55.411205], [38.8585601, 55.4105043], [38.8522216, 55.4140997], [38.8503166, 55.4147141], [38.8454563, 55.4149949], [38.8443153, 55.415607], [38.8405506, 55.4155637], [38.8342551, 55.4167341], [38.8348815, 55.4184008], [38.8316623, 55.4206656], [38.8283021, 55.4199413], [38.8267254, 55.4188262], [38.8268204, 55.4149781], [38.8122836, 55.4152116], [38.8043604, 55.4128376], [38.8031889, 55.4116799], [38.8017976, 55.4056738], [38.7938954, 55.3990673], [38.7898945, 55.3970091], [38.7876175, 55.3989998], [38.7876573, 55.4016954], [38.7855759, 55.4042767], [38.7892953, 55.4084958], [38.7884849, 55.4124327], [38.7860824, 55.4155801], [38.7876875, 55.415587], [38.7953576, 55.4189807], [38.7964825, 55.4210649], [38.7968141, 55.4363555], [38.7982475, 55.4478754], [38.7981271, 55.4513537], [38.7988111, 55.4529617], [38.7977643, 55.4563869], [38.7875857, 55.4545771], [38.7848013, 55.4556492], [38.7854603, 55.4567781], [38.7873826, 55.4580124], [38.7880964, 55.4612933], [38.7860843, 55.4658419], [38.7774875, 55.4650041], [38.7735534, 55.4633721], [38.7704519, 55.4630587], [38.7664596, 55.4612365], [38.7613915, 55.4573513], [38.7578799, 55.4557668], [38.7524209, 55.4630834], [38.750453, 55.4634898], [38.7466443, 55.4632263], [38.7387758, 55.4594169], [38.7271835, 55.4625492], [38.7278245, 55.4641349], [38.7207154, 55.4654424], [38.7149502, 55.4708774], [38.7125704, 55.4696645], [38.7068035, 55.4763105], [38.7315324, 55.4912737], [38.7335777, 55.5127327], [38.7243535, 55.5155836], [38.721556, 55.5154415], [38.7155051, 55.5136127], [38.7134848, 55.5117392], [38.7115917, 55.5089601], [38.7092881, 55.5086662], [38.7079411, 55.5096862], [38.706417, 55.5085925], [38.7053607, 55.5083942], [38.7047201, 55.5089959], [38.7028362, 55.5083584], [38.7023115, 55.5091491], [38.7005433, 55.5089501], [38.6991737, 55.5094375], [38.6979198, 55.5085856], [38.6965527, 55.5084673], [38.6953902, 55.5071535], [38.6956162, 55.5065019], [38.6949736, 55.5062609], [38.69391, 55.5066278], [38.6930879, 55.5082845], [38.690404, 55.5087262], [38.6898031, 55.5083774], [38.690522, 55.5077782], [38.6902878, 55.5075288], [38.6891957, 55.5078687], [38.6885798, 55.507664], [38.6889899, 55.5068846], [38.6876972, 55.5072173], [38.6849049, 55.5067187], [38.6855291, 55.506016], [38.6839202, 55.5052583], [38.6818346, 55.5048743], [38.681013, 55.5050407], [38.6803891, 55.5058041], [38.6797727, 55.5054275], [38.6714133, 55.5061369], [38.6686705, 55.5052607], [38.6658655, 55.5033518], [38.6635853, 55.5030508], [38.6604197, 55.5037658], [38.657596, 55.5034942], [38.6573192, 55.5040931], [38.6590257, 55.5047751], [38.6588727, 55.5051609], [38.6550366, 55.5057262], [38.6524567, 55.5052542], [38.6511797, 55.5042107], [38.6487311, 55.5036603], [38.6471477, 55.502472], [38.6453618, 55.5023055], [38.6443803, 55.5027104], [38.64521, 55.5052939], [38.6447767, 55.5070879], [38.6453954, 55.5084893], [38.6433797, 55.5121115], [38.6435219, 55.5141005], [38.6463638, 55.5157598], [38.6451279, 55.5197015], [38.6398623, 55.5233326], [38.6385392, 55.5225987], [38.6331938, 55.5241165], [38.6327775, 55.5262434], [38.6308933, 55.5267405], [38.6271291, 55.528965], [38.6239223, 55.5288884], [38.6174943, 55.5277805], [38.616497, 55.5293648], [38.6136264, 55.5306499], [38.6138187, 55.5319014], [38.6122369, 55.5335284], [38.618185, 55.5332851], [38.6209155, 55.5338845], [38.6207241, 55.5351796], [38.6190915, 55.5365148], [38.6320411, 55.5360315], [38.6329902, 55.5354265], [38.6364835, 55.536913], [38.6387905, 55.5415097], [38.6419335, 55.544099], [38.644123, 55.5448105], [38.6272093, 55.5538506], [38.6259898, 55.5527829], [38.6213412, 55.5518306], [38.619911, 55.5550766], [38.6168754, 55.5574203], [38.6162499, 55.5567912], [38.6061264, 55.5602339], [38.5965551, 55.5615333], [38.5724316, 55.5589605], [38.5538357, 55.5595865], [38.5278168, 55.5614008], [38.4999404, 55.5618174], [38.4998141, 55.5586449], [38.4943748, 55.5560771], [38.4889685, 55.5543781], [38.4873681, 55.5517138], [38.4816322, 55.5484718], [38.4773877, 55.5499105], [38.4763383, 55.5491858], [38.4743889, 55.546261], [38.4674313, 55.5441136], [38.4584819, 55.5387955], [38.4559564, 55.5382879], [38.4558712, 55.5390976], [38.4500308, 55.5392778], [38.4511308, 55.5326945], [38.4513231, 55.526698], [38.4520817, 55.5245341], [38.4546592, 55.5086388], [38.4523191, 55.5083296], [38.442685, 55.4941237], [38.4440525, 55.4930084], [38.4272011, 55.4837181], [38.4256249, 55.4846117], [38.4200747, 55.4833814], [38.4108919, 55.4908245], [38.4127248, 55.4932256], [38.4086442, 55.4953938], [38.4065345, 55.494084], [38.3945047, 55.4982103], [38.3894711, 55.4973406], [38.3811196, 55.4901321], [38.3803291, 55.4835922], [38.3800454, 55.4716011], [38.3705967, 55.4644903]]]}}, {"type": "Feature", "properties": {"rda_code": "MO-86", "rda_name": "SEREBRJANO-PRUDSKY AREA", "osm_name": "муниципальный округ Серебряные Пруды", "match_score": 0.857, "match_reason": "fuzzy:serebryanye prudy~serebryano prudsky"}, "geometry": {"type": "Polygon", "coordinates": [[[38.3945433, 54.4992266], [38.3956334, 54.4906401], [38.396928, 54.4885681], [38.3969274, 54.4872436], [38.3975396, 54.4861046], [38.3949938, 54.4852298], [38.3957342, 54.4842169], [38.3963846, 54.4800632], [38.3979354, 54.4801217], [38.3983771, 54.4796464], [38.3982108, 54.4784715], [38.397588, 54.4779815], [38.39772, 54.475176], [38.3938613, 54.4703641], [38.3922883, 54.4690893], [38.3865166, 54.4666383], [38.4003052, 54.4610046], [38.4035481, 54.4609161], [38.4094626, 54.4628507], [38.4201261, 54.4568375], [38.4318555, 54.4433578], [38.4317623, 54.4416816], [38.4356127, 54.4421577], [38.4422948, 54.4416451], [38.4507226, 54.4400104], [38.450335, 54.438355], [38.4581911, 54.434051], [38.460654, 54.4317399], [38.4609978, 54.4300992], [38.4702551, 54.4231912], [38.4653277, 54.4210526], [38.4623189, 54.4203302], [38.4536547, 54.4160738], [38.475554, 54.4018178], [38.4799441, 54.402788], [38.4807538, 54.4028243], [38.4811274, 54.4024979], [38.4808784, 54.4020447], [38.4831202, 54.4025161], [38.4843656, 54.4016187], [38.4838051, 54.3982373], [38.4844957, 54.3977465], [38.5273654, 54.3950475], [38.5269505, 54.3924008], [38.5281404, 54.3887648], [38.5280583, 54.3876916], [38.5266121, 54.385833], [38.5233342, 54.3847912], [38.5245488, 54.383183], [38.528089, 54.382158], [38.5280454, 54.3812904], [38.5271891, 54.3811064], [38.5283512, 54.3806485], [38.5224593, 54.373069], [38.5183871, 54.3688954], [38.5159644, 54.3694603], [38.5160846, 54.3685096], [38.5184401, 54.3672411], [38.5186008, 54.3665628], [38.5177175, 54.3652539], [38.5157255, 54.3642747], [38.513917, 54.3640742], [38.5119505, 54.3626505], [38.5090403, 54.3620008], [38.5086887, 54.361215], [38.5089583, 54.3606957], [38.5110379, 54.3595367], [38.5129214, 54.3576501], [38.5125779, 54.356914], [38.5130111, 54.3544945], [38.5111197, 54.3520626], [38.5064959, 54.3491636], [38.5057041, 54.3477724], [38.5043202, 54.3470547], [38.5049967, 54.3460088], [38.5047809, 54.345321], [38.5039226, 54.3449298], [38.5063624, 54.3449196], [38.5090541, 54.3436928], [38.5123312, 54.3431301], [38.51384, 54.3421918], [38.5117433, 54.3411097], [38.5118731, 54.3399171], [38.5106334, 54.3386184], [38.5115967, 54.3381528], [38.5115505, 54.3375208], [38.51376, 54.3370558], [38.514319, 54.3355462], [38.5168604, 54.3341345], [38.5147419, 54.3322979], [38.5120723, 54.3317004], [38.510874, 54.3321307], [38.5085156, 54.3307635], [38.5071843, 54.3277617], [38.5103824, 54.327095], [38.5109868, 54.3262605], [38.5103735, 54.325445], [38.5107018, 54.3250697], [38.5133295, 54.3249948], [38.5164236, 54.3234233], [38.5176193, 54.3238864], [38.5191279, 54.322814], [38.5188325, 54.3219371], [38.5195038, 54.3217836], [38.5196613, 54.3208573], [38.5190733, 54.3202496], [38.5175044, 54.319932], [38.5169437, 54.3191639], [38.5150209, 54.318351], [38.5104517, 54.3149038], [38.5078617, 54.3122813], [38.5083533, 54.3110979], [38.5107436, 54.3083947], [38.5132492, 54.3086501], [38.5163787, 54.3079713], [38.5189983, 54.3061053], [38.5181318, 54.3053203], [38.5171328, 54.3031727], [38.513045, 54.3008457], [38.5105459, 54.2973993], [38.5105213, 54.2968493], [38.5127334, 54.2956634], [38.5129104, 54.2941034], [38.528362, 54.2941443], [38.5294469, 54.2929646], [38.5294118, 54.290374], [38.528514, 54.2891088], [38.570939, 54.2904647], [38.5755887, 54.2876022], [38.5935981, 54.286134], [38.5939111, 54.2842212], [38.6081432, 54.2764764], [38.6191522, 54.27701], [38.6277821, 54.2780299], [38.6312367, 54.2791966], [38.6321728, 54.2805076], [38.6391906, 54.2644709], [38.6581138, 54.2556959], [38.6800128, 54.2585439], [38.6878617, 54.2621181], [38.6938072, 54.2628289], [38.6960927, 54.258976], [38.7036142, 54.2612941], [38.7056416, 54.2636984], [38.7062307, 54.2667052], [38.7069567, 54.2680261], [38.7113552, 54.2694177], [38.7146561, 54.2714622], [38.7156457, 54.271418], [38.7132434, 54.2736335], [38.705648, 54.2728099], [38.7199325, 54.284554], [38.7140162, 54.2865797], [38.7102966, 54.2857195], [38.7067088, 54.2863529], [38.7065713, 54.2876774], [38.7069881, 54.2879891], [38.7063816, 54.2886635], [38.7045194, 54.2891841], [38.7043624, 54.2902979], [38.7036197, 54.2908002], [38.7046985, 54.2912342], [38.7058309, 54.293599], [38.7055849, 54.2942566], [38.707591, 54.2972099], [38.7076478, 54.2986778], [38.7105283, 54.3006417], [38.704104, 54.3162633], [38.7063967, 54.3212473], [38.7079828, 54.3228783], [38.7118573, 54.3288366], [38.711714, 54.3311555], [38.7127712, 54.3330888], [38.7113846, 54.3337578], [38.7118571, 54.3344416], [38.7110832, 54.3357392], [38.7102723, 54.3359964], [38.7092221, 54.3381892], [38.7074532, 54.3404016], [38.7064244, 54.3408326], [38.705011, 54.3423916], [38.7048645, 54.343086], [38.7076359, 54.3442419], [38.7129832, 54.3485324], [38.7172781, 54.349998], [38.7275211, 54.3518049], [38.7431074, 54.3538014], [38.7575727, 54.3584939], [38.7781344, 54.3635743], [38.774594, 54.3691819], [38.7739308, 54.3743728], [38.7857182, 54.3759049], [38.7925646, 54.3755402], [38.7939289, 54.376029], [38.7964974, 54.3759865], [38.8016075, 54.3748342], [38.8195781, 54.3746255], [38.8215629, 54.3829296], [38.8277228, 54.3828765], [38.8298758, 54.383544], [38.8337959, 54.3917094], [38.8350984, 54.392948], [38.836482, 54.3931189], [38.8387901, 54.3924997], [38.8437794, 54.3905565], [38.8466153, 54.388568], [38.8497218, 54.3873834], [38.8546296, 54.386906], [38.8560176, 54.38359], [38.8581959, 54.3804603], [38.8579184, 54.3701318], [38.8771427, 54.3711866], [38.8773646, 54.3835509], [38.8753316, 54.3882314], [38.8699131, 54.3920786], [38.8895135, 54.402096], [38.902814, 54.4035289], [38.9021004, 54.402649], [38.901628, 54.4012451], [38.901906, 54.4008748], [38.9031696, 54.400378], [38.9056008, 54.4003695], [38.9140072, 54.4022686], [38.9184773, 54.405115], [38.9233831, 54.4057846], [38.9282089, 54.405572], [38.9307184, 54.4066108], [38.934137, 54.4062579], [38.9406483, 54.4079886], [38.9316017, 54.4233887], [38.9306667, 54.4392803], [38.92363, 54.4401708], [38.8925009, 54.4393106], [38.8803523, 54.4412877], [38.8798032, 54.4425435], [38.8800519, 54.4445238], [38.8771364, 54.4491114], [38.873218, 54.4502444], [38.8724036, 54.4508825], [38.8703901, 54.450589], [38.86936, 54.4510192], [38.8682986, 54.4492797], [38.8671346, 54.4492729], [38.8674329, 54.4485111], [38.8664143, 54.4478305], [38.8668866, 54.4472133], [38.8650223, 54.4473212], [38.8644653, 54.4478207], [38.8638415, 54.4475544], [38.8631919, 54.4485062], [38.8614978, 54.4487232], [38.861966, 54.449311], [38.8616079, 54.4500654], [38.8619393, 54.4508416], [38.8602563, 54.4518269], [38.8604162, 54.4523344], [38.8591534, 54.4531952], [38.8592908, 54.4538166], [38.8585634, 54.4536607], [38.8583331, 54.4542506], [38.8562315, 54.454707], [38.8563241, 54.4553293], [38.8558425, 54.455758], [38.8544033, 54.4548648], [38.8533487, 54.456066], [38.8546307, 54.456046], [38.8541338, 54.4563716], [38.8543804, 54.4568861], [38.8534801, 54.4573523], [38.8522285, 54.4555434], [38.8506667, 54.4552564], [38.8498089, 54.4565556], [38.8487847, 54.4567665], [38.8486154, 54.4572513], [38.8471852, 54.4567763], [38.8457618, 54.457696], [38.8438819, 54.4580366], [38.8412181, 54.4570986], [38.8403439, 54.457907], [38.8384375, 54.4575374], [38.8378091, 54.4588769], [38.8351349, 54.4579946], [38.8330776, 54.4591989], [38.8316133, 54.4581527], [38.8317857, 54.4566116], [38.830794, 54.4556117], [38.8296395, 54.4554327], [38.8268433, 54.4560431], [38.8241534, 54.4575722], [38.8232208, 54.4586565], [38.8236763, 54.4595245], [38.825981, 54.4602223], [38.8248465, 54.462028], [38.8251772, 54.4628246], [38.8009489, 54.4534272], [38.8000836, 54.4545169], [38.7995139, 54.4700605], [38.7921701, 54.4740178], [38.7819367, 54.4786308], [38.7787912, 54.4784471], [38.7788081, 54.4789227], [38.7840989, 54.4807249], [38.7866184, 54.4822249], [38.7873869, 54.4843853], [38.7857263, 54.485993], [38.7859004, 54.4869158], [38.7873308, 54.4880784], [38.7874211, 54.4890015], [38.7859277, 54.4906087], [38.7880403, 54.4935432], [38.7898061, 54.4948021], [38.8020275, 54.4972751], [38.8035263, 54.4979745], [38.8051321, 54.5012685], [38.8038944, 54.5058415], [38.803951, 54.5089566], [38.8012329, 54.5140604], [38.8017247, 54.5160662], [38.8049283, 54.5189075], [38.8082166, 54.5243615], [38.8158177, 54.528159], [38.8188218, 54.528489], [38.8266539, 54.5280781], [38.8319325, 54.5260795], [38.8372966, 54.5255976], [38.8397645, 54.5271068], [38.8465084, 54.5295618], [38.8503913, 54.5316776], [38.8524519, 54.5345614], [38.8525472, 54.5361339], [38.8512127, 54.5404964], [38.8465253, 54.5429835], [38.8410815, 54.5431197], [38.8342741, 54.5423131], [38.8222416, 54.5402743], [38.8142963, 54.5378699], [38.8099996, 54.5377483], [38.8077753, 54.5382475], [38.8052455, 54.5407805], [38.8028154, 54.5414603], [38.798041, 54.544979], [38.7971998, 54.5521335], [38.8008359, 54.5557902], [38.8075431, 54.561105], [38.8098714, 54.5620167], [38.8238257, 54.5652339], [38.8250625, 54.5667481], [38.8234713, 54.5682948], [38.8232654, 54.5689073], [38.8236886, 54.5690407], [38.8263845, 54.5683722], [38.828732, 54.5664317], [38.8297888, 54.5666123], [38.8342854, 54.5692185], [38.8340323, 54.570061], [38.8319609, 54.5712842], [38.8308999, 54.5731397], [38.8226318, 54.5790309], [38.8242629, 54.5822208], [38.8259161, 54.5829995], [38.8332701, 54.583774], [38.836843, 54.58675], [38.8365657, 54.5888682], [38.8337251, 54.5925115], [38.8324255, 54.5991829], [38.8292719, 54.5985522], [38.8243743, 54.5955004], [38.820564, 54.5937691], [38.8184977, 54.5936794], [38.8160314, 54.5929642], [38.8159358, 54.5925232], [38.8117072, 54.5918757], [38.8100406, 54.5928162], [38.8009809, 54.5930867], [38.786506, 54.5943357], [38.7774497, 54.5923926], [38.771367, 54.5899337], [38.7695933, 54.594946], [38.7704068, 54.5965141], [38.76958, 54.5986935], [38.7682214, 54.6001025], [38.7677143, 54.6057115], [38.7664687, 54.6078077], [38.7624405, 54.609624], [38.760317, 54.6118923], [38.7611289, 54.6165948], [38.7636867, 54.6190719], [38.7633541, 54.6224228], [38.7619914, 54.6243551], [38.7563588, 54.6250168], [38.7498664, 54.6267775], [38.7425751, 54.6278753], [38.7398248, 54.6297205], [38.7387954, 54.6298946], [38.7340502, 54.6342784], [38.7191109, 54.6403784], [38.6994562, 54.6396997], [38.6977013, 54.6403847], [38.6966363, 54.6432898], [38.6967843, 54.6457591], [38.6944874, 54.6461242], [38.6897671, 54.6459814], [38.6858633, 54.6451246], [38.679941, 54.6449606], [38.6741988, 54.6438944], [38.6698158, 54.6446843], [38.6653863, 54.6439805], [38.6653653, 54.6414261], [38.6607709, 54.6415321], [38.6592983, 54.6402513], [38.6585299, 54.6383373], [38.6550716, 54.6404851], [38.6538122, 54.6407676], [38.6536365, 54.640233], [38.6515271, 54.6397622], [38.6501864, 54.6388816], [38.6489652, 54.6390018], [38.6453454, 54.6379275], [38.6440895, 54.6384449], [38.6442184, 54.6393997], [38.6398014, 54.6459625], [38.638214, 54.6468469], [38.6337649, 54.6487616], [38.6307464, 54.6474283], [38.6256909, 54.648439], [38.6240867, 54.6493806], [38.6196145, 54.6476247], [38.6194418, 54.6471588], [38.6175646, 54.6472144], [38.6127996, 54.6459198], [38.6101686, 54.646083], [38.6097944, 54.6465036], [38.6081564, 54.6461385], [38.6072878, 54.6453582], [38.6050576, 54.6451772], [38.603284, 54.6440005], [38.6004904, 54.6442759], [38.597624, 54.6438546], [38.5952919, 54.6448733], [38.5901771, 54.6442247], [38.5887814, 54.644499], [38.5857176, 54.6414948], [38.5833494, 54.639965], [38.5730839, 54.6513748], [38.5654823, 54.652013], [38.5629694, 54.6518156], [38.5548383, 54.6589916], [38.5501885, 54.6572657], [38.547932, 54.6580749], [38.5430648, 54.6574822], [38.5404541, 54.6567565], [38.5400469, 54.6552112], [38.5337261, 54.6552804], [38.5288375, 54.6512275], [38.5273114, 54.6485251], [38.5252174, 54.6469667], [38.525787, 54.6462567], [38.5250158, 54.645118], [38.5252145, 54.644078], [38.5244716, 54.6427247], [38.5249839, 54.6417341], [38.5249606, 54.6402803], [38.4961391, 54.6304085], [38.4918579, 54.6362308], [38.4887616, 54.6353962], [38.4880664, 54.634241], [38.4869599, 54.6335454], [38.4871233, 54.6328017], [38.4863029, 54.632808], [38.4859923, 54.6321156], [38.4844442, 54.6317725], [38.4845704, 54.6308417], [38.4828553, 54.6307859], [38.4837274, 54.6299891], [38.48312, 54.6298315], [38.4824098, 54.6273938], [38.4798741, 54.6235266], [38.4823764, 54.6164777], [38.4858918, 54.6134134], [38.490895, 54.6154985], [38.4920103, 54.6144117], [38.4954583, 54.6144114], [38.498905, 54.6115425], [38.5049272, 54.6051221], [38.5115379, 54.5990088], [38.5113467, 54.5967133], [38.5137466, 54.5971056], [38.5150838, 54.5962765], [38.5189586, 54.5962053], [38.5191725, 54.5951145], [38.5185359, 54.5936556], [38.5165881, 54.5914905], [38.5094685, 54.5902033], [38.5019671, 54.5863407], [38.4988275, 54.5854454], [38.493516, 54.584808], [38.4901122, 54.5819573], [38.486003, 54.5796895], [38.4825128, 54.5770428], [38.4808948, 54.5767134], [38.479895, 54.5758092], [38.4798609, 54.5751548], [38.4773414, 54.5744087], [38.4712925, 54.5713611], [38.4644324, 54.5698727], [38.4548814, 54.5691087], [38.4504885, 54.5707658], [38.4471061, 54.5728315], [38.4461348, 54.5725404], [38.4544344, 54.5648825], [38.4522698, 54.5633463], [38.4550805, 54.5600078], [38.4582339, 54.5576286], [38.4543769, 54.557089], [38.4533066, 54.5544714], [38.4519959, 54.5534405], [38.4571932, 54.5521149], [38.4589729, 54.551254], [38.4587504, 54.5504071], [38.4579978, 54.5491694], [38.4556114, 54.5493955], [38.4452298, 54.55138], [38.4430257, 54.5531902], [38.4391868, 54.5537411], [38.438378, 54.5534122], [38.4366853, 54.5500877], [38.4420665, 54.5491748], [38.4392399, 54.5428523], [38.4511895, 54.5405216], [38.4537231, 54.5406203], [38.4509561, 54.5366771], [38.4435015, 54.5378644], [38.4380835, 54.538456], [38.4372063, 54.5380509], [38.4338073, 54.5386725], [38.4328396, 54.5399443], [38.4293954, 54.5423711], [38.4287341, 54.5438344], [38.4292911, 54.5447127], [38.4219483, 54.545924], [38.4224796, 54.5424183], [38.4238409, 54.5415877], [38.4193048, 54.539993], [38.4142642, 54.5407219], [38.4114915, 54.5399161], [38.4094477, 54.5384101], [38.406899, 54.5375674], [38.3889417, 54.5328416], [38.3862396, 54.5334972], [38.385376, 54.5309172], [38.3761724, 54.5264833], [38.3780216, 54.5252451], [38.3789915, 54.5251304], [38.3791741, 54.5161652], [38.3800228, 54.5160951], [38.3797917, 54.5151871], [38.3804679, 54.5146864], [38.3799194, 54.5139641], [38.3823682, 54.5124379], [38.3852331, 54.5125641], [38.3880805, 54.513545], [38.3970165, 54.5087451], [38.3988515, 54.5072996], [38.4002689, 54.503249], [38.3995122, 54.5015587], [38.3945433, 54.4992266]]]}}, {"type": "Feature", "properties": {"rda_code": "MO-23", "rda_name": "CITY DISTRICT of KOTELNIKI", "osm_name": "городской округ Котельники", "match_score": 1.0, "match_reason": "exact"}, "geometry": {"type": "Polygon", "coordinates": [[[37.8284407, 55.6456765], [37.8352286, 55.6456836], [37.8349822, 55.6473779], [37.8384904, 55.6477074], [37.8387271, 55.6459876], [37.8410914, 55.6455148], [37.8417022, 55.6450858], [37.8414543, 55.6447573], [37.8436612, 55.6443373], [37.8438859, 55.6436367], [37.8426177, 55.6427343], [37.8417857, 55.6406752], [37.8455091, 55.6394691], [37.8482696, 55.6375975], [37.8541598, 55.6392624], [37.8559716, 55.6378252], [37.860625, 55.6371577], [37.8643035, 55.6354204], [37.8673418, 55.6352274], [37.8678707, 55.6362554], [37.868827, 55.635918], [37.8734144, 55.6361727], [37.8754249, 55.6353373], [37.8752765, 55.6349267], [37.8770072, 55.6348146], [37.8786692, 55.6357043], [37.8914067, 55.6355433], [37.8913134, 55.6344714], [37.9000068, 55.6342234], [37.9007061, 55.6432164], [37.8924023, 55.6555479], [37.8952963, 55.6575778], [37.880035, 55.6648371], [37.8795255, 55.6645193], [37.8756304, 55.6660771], [37.8739141, 55.6677554], [37.8496937, 55.6790621], [37.835849, 55.6845696], [37.8333804, 55.6843898], [37.8327674, 55.6840322], [37.832464, 55.6830379], [37.8395998, 55.6640071], [37.840133, 55.6582724], [37.8416266, 55.6578452], [37.840962, 55.6555593], [37.8412659, 55.6553475], [37.8390998, 55.6554662], [37.8351163, 55.6502424], [37.8284407, 55.6456765]]]}}, {"type": "Feature", "properties": {"rda_code": "MO-04", "rda_name": "ZATO VOSKHOD", "osm_name": "городской округ Восход", "match_score": 1.0, "match_reason": "exact"}, "geometry": {"type": "Polygon", "coordinates": [[[36.4390336, 55.9572666], [36.4364732, 55.9405668], [36.4431117, 55.9329946], [36.447651, 55.9291803], [36.4483812, 55.9280418], [36.4713986, 55.926781], [36.4707531, 55.9224693], [36.4729956, 55.9225731], [36.4737868, 55.926654], [36.4890738, 55.9259757], [36.4910251, 55.9441845], [36.4935565, 55.9551086], [36.4931256, 55.9561527], [36.493634, 55.9587553], [36.4926475, 55.9596883], [36.4926496, 55.9603859], [36.491737, 55.9608495], [36.4914978, 55.9620768], [36.4790614, 55.9620966], [36.4778409, 55.9629197], [36.4769304, 55.9647886], [36.4768184, 55.9670952], [36.4731112, 55.966869], [36.4736081, 55.9742818], [36.4752295, 55.9759778], [36.4641311, 55.9782537], [36.4596356, 55.9780268], [36.4569175, 55.9789609], [36.4526045, 55.9796032], [36.4500242, 55.9792761], [36.4464569, 55.9768659], [36.4471435, 55.9765177], [36.4443433, 55.9744286], [36.4436567, 55.9746507], [36.4424821, 55.9729707], [36.4390336, 55.9572666]]]}}, {"type": "Feature", "properties": {"rda_code": "MO-03", "rda_name": "ZATO VLASIHA", "osm_name": "городской округ Власиха", "match_score": 0.933, "match_reason": "fuzzy:vlasikha~vlasiha"}, "geometry": {"type": "Polygon", "coordinates": [[[37.1648239, 55.6798307], [37.1658868, 55.6784556], [37.1670809, 55.6778289], [37.1739845, 55.6688185], [37.1760348, 55.6687443], [37.1780156, 55.6691341], [37.1776708, 55.6697382], [37.1782646, 55.6705939], [37.1736751, 55.6697923], [37.1750454, 55.6722157], [37.1874369, 55.6778817], [37.1930456, 55.6776505], [37.2020903, 55.680276], [37.2036248, 55.6796719], [37.2097205, 55.6794143], [37.2104136, 55.6849892], [37.2113369, 55.6849835], [37.2113591, 55.6854896], [37.209503, 55.6856268], [37.2085562, 55.6879316], [37.2069144, 55.6881708], [37.2071039, 55.688498], [37.206257, 55.6893791], [37.2017884, 55.6918797], [37.1772055, 55.6926176], [37.1771592, 55.6921715], [37.172397, 55.6923347], [37.1721547, 55.6902962], [37.1690318, 55.69041], [37.1680278, 55.680146], [37.1648239, 55.6798307]]]}}, {"type": "Feature", "properties": {"rda_code": "MO-08", "rda_name": "DOLGOPRUDNY", "osm_name": "городской округ Долгопрудный", "match_score": 1.0, "match_reason": "exact"}, "geometry": {"type": "Polygon", "coordinates": [[[37.459778, 55.9560342], [37.4650769, 55.9553594], [37.4673515, 55.9556545], [37.4676987, 55.9561083], [37.4672863, 55.956487], [37.4654867, 55.9572906], [37.4658778, 55.9580423], [37.4672752, 55.9587802], [37.4664598, 55.9606059], [37.4688537, 55.9607347], [37.4725585, 55.9594418], [37.4755992, 55.9597654], [37.4773942, 55.9606411], [37.4765233, 55.9622466], [37.4772504, 55.9634555], [37.4800075, 55.9644648], [37.4831289, 55.9639612], [37.4871359, 55.9609387], [37.486946, 55.9598277], [37.4850998, 55.9579404], [37.4854367, 55.9567407], [37.4822065, 55.9534643], [37.4792883, 55.9466881], [37.4792883, 55.9448136], [37.4808761, 55.9418816], [37.4867126, 55.9348871], [37.4880859, 55.9326995], [37.4886438, 55.9301512], [37.4884722, 55.9194033], [37.485511, 55.9149541], [37.4823288, 55.9129272], [37.485991, 55.9117272], [37.483736, 55.9071522], [37.4946841, 55.9058254], [37.4999317, 55.9060396], [37.5008723, 55.9066291], [37.5061767, 55.9010582], [37.5072164, 55.8972972], [37.5260016, 55.9054877], [37.5363206, 55.9075674], [37.5192349, 55.9419381], [37.530555, 55.9435748], [37.5347848, 55.9429289], [37.5331371, 55.9463676], [37.53144, 55.9461342], [37.5289342, 55.947292], [37.5317468, 55.9507908], [37.5280346, 55.9519177], [37.5275261, 55.9526072], [37.5323548, 55.9535013], [37.5315472, 55.9552603], [37.5247727, 55.9541588], [37.5232455, 55.9568811], [37.5311402, 55.9597781], [37.5314687, 55.9586988], [37.533338, 55.957078], [37.5339093, 55.9572667], [37.5325004, 55.9590604], [37.5322682, 55.9607862], [37.5333267, 55.9659134], [37.5326922, 55.9667582], [37.5310667, 55.9673859], [37.5311283, 55.9688417], [37.5296624, 55.9704848], [37.5253321, 55.9735018], [37.5234157, 55.975926], [37.5232479, 55.9780624], [37.5242321, 55.979255], [37.5227858, 55.9796085], [37.5232033, 55.9821355], [37.5240874, 55.9829715], [37.5175681, 55.9841396], [37.5189964, 55.9850519], [37.5185453, 55.9865398], [37.5162116, 55.9870282], [37.5139048, 55.986855], [37.5121238, 55.9888294], [37.5100937, 55.9894997], [37.5111443, 55.9904947], [37.5048464, 55.9923471], [37.5034446, 55.993247], [37.5027074, 55.994716], [37.4973657, 55.9958246], [37.4950195, 55.9959963], [37.4949516, 55.9954623], [37.4939109, 55.9953463], [37.4934974, 55.9960421], [37.487197, 55.99541], [37.485652, 55.995163], [37.4857959, 55.9941975], [37.4826902, 55.9938201], [37.4827898, 55.9924578], [37.4850272, 55.9872519], [37.4822082, 55.9875998], [37.4813865, 55.9901768], [37.4817171, 55.9928333], [37.4788178, 55.9931913], [37.4742504, 55.9902804], [37.4727343, 55.9911047], [37.4683802, 55.9880933], [37.4687604, 55.9865275], [37.4676884, 55.9862752], [37.4681508, 55.9836762], [37.4679859, 55.9802131], [37.4676076, 55.9793151], [37.4668293, 55.978873], [37.467145, 55.9768391], [37.470213, 55.976332], [37.4724208, 55.9749009], [37.4711226, 55.9742136], [37.47182, 55.9735231], [37.4710595, 55.9731631], [37.4660003, 55.9734299], [37.4620155, 55.9742492], [37.4620814, 55.9750171], [37.4575745, 55.9755667], [37.4550518, 55.9734446], [37.4550443, 55.9723869], [37.4569604, 55.9704721], [37.4617684, 55.9694062], [37.4635735, 55.9682856], [37.4672258, 55.9671989], [37.463723, 55.9643573], [37.4632546, 55.9631695], [37.4633888, 55.9612514], [37.462671, 55.9601144], [37.4588973, 55.9579083], [37.4587129, 55.957448], [37.460037, 55.9567743], [37.459778, 55.9560342]]]}}, {"type": "Feature", "properties": {"rda_code": "MO-14", "rda_name": "ZATO ZVEZDNY GORODOK", "osm_name": "городской округ Звёздный городок", "match_score": 1.0, "match_reason": "exact"}, "geometry": {"type": "Polygon", "coordinates": [[[38.0939442, 55.876481], [38.1212908, 55.8672806], [38.1326488, 55.8779431], [38.1338488, 55.8827297], [38.1181855, 55.8880664], [38.1143308, 55.8835705], [38.1121563, 55.8827685], [38.1040036, 55.8819212], [38.105261, 55.883725], [38.1046981, 55.8852671], [38.1037335, 55.8872509], [38.1021131, 55.887095], [38.1003934, 55.8868102], [38.1002521, 55.8854047], [38.0987908, 55.8845603], [38.09895, 55.8841543], [38.1009876, 55.8842617], [38.1025909, 55.8813641], [38.1005194, 55.8781945], [38.0939442, 55.876481]]]}}, {"type": "Feature", "properties": {"rda_code": "MO-02", "rda_name": "BRONNITSY", "osm_name": "городской округ Бронницы", "match_score": 1.0, "match_reason": "exact"}, "geometry": {"type": "Polygon", "coordinates": [[[38.2035246, 55.4352655], [38.201916, 55.434951], [38.1988551, 55.43299], [38.1972675, 55.4329895], [38.1960928, 55.4311748], [38.1970778, 55.4283186], [38.1969416, 55.4273067], [38.1974951, 55.4265474], [38.198397, 55.4262451], [38.1987598, 55.4251455], [38.2001436, 55.4237359], [38.2027705, 55.4230062], [38.204132, 55.4214956], [38.2036626, 55.4193596], [38.2052904, 55.4154887], [38.2014695, 55.4150127], [38.2017931, 55.4125556], [38.2027198, 55.4117943], [38.2088484, 55.4118099], [38.2084812, 55.410292], [38.207583, 55.4094452], [38.2094755, 55.4071772], [38.2107466, 55.407053], [38.2107494, 55.4049923], [38.2233905, 55.3984633], [38.2251901, 55.3983792], [38.2268958, 55.3972502], [38.2335345, 55.3954862], [38.2353565, 55.3962171], [38.2372073, 55.3957791], [38.2417647, 55.3937367], [38.2455426, 55.393135], [38.2459743, 55.3937645], [38.2481452, 55.3941789], [38.2473709, 55.3954926], [38.2477239, 55.3957798], [38.2682952, 55.3943104], [38.275372, 55.3929424], [38.2759865, 55.3939358], [38.2779655, 55.3950281], [38.2790051, 55.3969797], [38.2778822, 55.3973011], [38.2803978, 55.3992472], [38.2824058, 55.4003321], [38.2870701, 55.4012825], [38.2897431, 55.4012544], [38.2949889, 55.3981994], [38.296392, 55.3976905], [38.297483, 55.3980195], [38.2982793, 55.3982963], [38.2970235, 55.400076], [38.2978399, 55.4003267], [38.2946303, 55.4036843], [38.2903753, 55.4014253], [38.2894588, 55.4017613], [38.2840675, 55.4009647], [38.2790178, 55.4065694], [38.2830516, 55.4073915], [38.2827226, 55.4079623], [38.2831358, 55.4082821], [38.2819707, 55.4086952], [38.2824389, 55.4096018], [38.281584, 55.4097827], [38.2822223, 55.4102876], [38.2819705, 55.4107787], [38.2827028, 55.4108691], [38.2826097, 55.4113255], [38.2851854, 55.4126648], [38.2874259, 55.412915], [38.2937268, 55.4161023], [38.2955077, 55.4158966], [38.2986548, 55.4141427], [38.3006941, 55.4146358], [38.3022636, 55.4136874], [38.3042017, 55.4139731], [38.3036926, 55.4197112], [38.302289, 55.4215103], [38.3009433, 55.4223629], [38.2886218, 55.4235713], [38.2855168, 55.4242908], [38.2807956, 55.4270263], [38.2773662, 55.4322279], [38.2729985, 55.4346283], [38.2577769, 55.4374752], [38.2551547, 55.4384003], [38.2536431, 55.4395506], [38.2520536, 55.4417619], [38.2429547, 55.4387528], [38.2416994, 55.4376398], [38.2417115, 55.4361216], [38.242935, 55.4359219], [38.2419601, 55.4351512], [38.2404611, 55.4351109], [38.2361294, 55.4364401], [38.2352079, 55.4358261], [38.2302531, 55.4363047], [38.2294216, 55.4339174], [38.2315231, 55.4332058], [38.2306445, 55.4320491], [38.2289938, 55.4320766], [38.2287337, 55.4316863], [38.2292317, 55.4311713], [38.2264039, 55.4284699], [38.2224038, 55.4269525], [38.2218176, 55.4260986], [38.2219901, 55.4241715], [38.2201303, 55.4223639], [38.2150755, 55.4266231], [38.2110286, 55.4313939], [38.2068918, 55.4385256], [38.2059388, 55.4383886], [38.2056827, 55.4372425], [38.2035246, 55.4352655]]]}}, {"type": "Feature", "properties": {"rda_code": "MO-22", "rda_name": "CITY DISTRICT of KOROLEV", "osm_name": "городской округ Королёв", "match_score": 1.0, "match_reason": "exact"}, "geometry": {"type": "Polygon", "coordinates": [[[37.7886851, 55.9070817], [37.7919591, 55.9012078], [37.7943239, 55.8999789], [37.7952477, 55.9011147], [37.7965346, 55.9017637], [37.8017979, 55.9017262], [37.8016544, 55.9040206], [37.8040178, 55.9047293], [37.8095397, 55.9043201], [37.809797, 55.9019878], [37.8179849, 55.9021065], [37.8177627, 55.9067405], [37.8264975, 55.9061699], [37.8265623, 55.9068165], [37.8385454, 55.9069454], [37.8417257, 55.9023493], [37.8576069, 55.8992378], [37.8574662, 55.8982054], [37.8594712, 55.8977895], [37.8588535, 55.8975672], [37.8585215, 55.8958606], [37.8579661, 55.8958644], [37.8567899, 55.8942574], [37.8550414, 55.8909601], [37.8443717, 55.887839], [37.8442182, 55.8840598], [37.8397978, 55.8836003], [37.8404822, 55.8815213], [37.836501, 55.879599], [37.8019302, 55.879137], [37.8020485, 55.87323], [37.8068652, 55.8713972], [37.8109123, 55.8709146], [37.8121746, 55.8688387], [37.8175951, 55.8670681], [37.8273373, 55.86609], [37.8321368, 55.8660709], [37.8425909, 55.8671377], [37.8428543, 55.8676397], [37.8487774, 55.8671698], [37.8503041, 55.867839], [37.8519591, 55.8670558], [37.8623489, 55.8686631], [37.8657391, 55.8680877], [37.8692879, 55.8688599], [37.87098, 55.8705834], [37.8731676, 55.8710931], [37.8814088, 55.872969], [37.8841346, 55.8721775], [37.8879215, 55.8731427], [37.8887722, 55.8755391], [37.890564, 55.8761121], [37.8916561, 55.8754329], [37.8967206, 55.8763237], [37.9007747, 55.8795158], [37.9022015, 55.87904], [37.9034349, 55.8796904], [37.9064451, 55.8787556], [37.9098818, 55.8763452], [37.922467, 55.8859981], [37.9228296, 55.9001704], [37.9246511, 55.9032829], [37.9281134, 55.9066548], [37.9263846, 55.9071213], [37.9228587, 55.9094043], [37.9198384, 55.9106318], [37.9196422, 55.9093164], [37.9152258, 55.9064306], [37.9096688, 55.9075853], [37.9033455, 55.9101255], [37.902946, 55.9127139], [37.9058065, 55.9168258], [37.9073438, 55.9168873], [37.9094081, 55.9177684], [37.9116041, 55.9171619], [37.9120623, 55.918539], [37.9137802, 55.9185959], [37.9128655, 55.9197928], [37.9101345, 55.9210658], [37.9083573, 55.9234976], [37.905844, 55.924749], [37.9047853, 55.9259566], [37.9018131, 55.9258205], [37.9017356, 55.9264712], [37.9007558, 55.9265782], [37.9008298, 55.9289886], [37.8994535, 55.9287571], [37.8980918, 55.929676], [37.8990354, 55.9300711], [37.8969577, 55.9334579], [37.897644, 55.934406], [37.8960211, 55.9349597], [37.897096, 55.9366644], [37.901032, 55.9368813], [37.904407, 55.9377424], [37.9078156, 55.939519], [37.911799, 55.9405735], [37.9125523, 55.9418692], [37.9134912, 55.9424176], [37.9152868, 55.942844], [37.9188062, 55.9425125], [37.9193673, 55.9510908], [37.9358867, 55.9521856], [37.9363048, 55.9514502], [37.9396332, 55.951535], [37.9394267, 55.9527441], [37.9421167, 55.9531725], [37.9419105, 55.956518], [37.9371172, 55.9594062], [37.9337225, 55.9600938], [37.9299958, 55.9593516], [37.9286012, 55.9583787], [37.9292332, 55.9580525], [37.9288511, 55.9574248], [37.9300543, 55.9564712], [37.9294959, 55.9562014], [37.9214421, 55.9547945], [37.9190593, 55.9564976], [37.917303, 55.9538003], [37.9110022, 55.9504749], [37.9093376, 55.951545], [37.9077014, 55.9517244], [37.9029664, 55.9503372], [37.9004944, 55.9500083], [37.8980303, 55.9503133], [37.8958278, 55.9496199], [37.8957362, 55.9529594], [37.893013, 55.9532156], [37.8928047, 55.9527521], [37.8916401, 55.9527303], [37.891505, 55.9532671], [37.8891043, 55.9534606], [37.8866018, 55.9531486], [37.888772, 55.9505568], [37.8851294, 55.951676], [37.8834579, 55.9516808], [37.8836337, 55.9492759], [37.8805628, 55.9484158], [37.8808122, 55.9494216], [37.8802593, 55.9505054], [37.8790301, 55.9512118], [37.8787598, 55.9522511], [37.8763865, 55.9525959], [37.8753192, 55.9534704], [37.8736295, 55.9527678], [37.8717997, 55.9528068], [37.870438, 55.9543271], [37.8684314, 55.9549084], [37.8660721, 55.954648], [37.8656031, 55.9548439], [37.8653414, 55.9558664], [37.8618302, 55.9557044], [37.8617724, 55.956345], [37.8578855, 55.9574186], [37.857212, 55.9564741], [37.8583933, 55.9562011], [37.8579172, 55.9553836], [37.860152, 55.9552847], [37.8593766, 55.9545234], [37.8612597, 55.9539633], [37.861117, 55.9530882], [37.8564883, 55.9537875], [37.8539619, 55.9524689], [37.8494434, 55.9523141], [37.8489545, 55.9516006], [37.8503855, 55.950338], [37.8503172, 55.9496571], [37.8481779, 55.9489353], [37.845956, 55.9488489], [37.8447862, 55.9482369], [37.8447625, 55.9487198], [37.8429654, 55.9485418], [37.8402827, 55.9499135], [37.8397693, 55.9510538], [37.838534, 55.9516323], [37.8426762, 55.9568736], [37.844123, 55.9578069], [37.8415909, 55.9590575], [37.8394047, 55.9583383], [37.8370294, 55.958976], [37.8373503, 55.9563424], [37.8422063, 55.9566401], [37.8387525, 55.9519991], [37.8379607, 55.9521154], [37.8377966, 55.9534522], [37.8360282, 55.9547229], [37.832724, 55.9549892], [37.8326865, 55.9546101], [37.830539, 55.9536455], [37.8291756, 55.9522257], [37.8291176, 55.9514215], [37.8281218, 55.9507765], [37.8275904, 55.9485451], [37.8260454, 55.9468239], [37.8277938, 55.9452176], [37.8276732, 55.9438657], [37.827127, 55.9436978], [37.8261723, 55.9420345], [37.8226478, 55.943489], [37.8165451, 55.9430221], [37.8143277, 55.9432158], [37.8144148, 55.9436084], [37.8136249, 55.9437144], [37.8126241, 55.9396557], [37.8111316, 55.9366173], [37.8045702, 55.9312196], [37.8022093, 55.9320567], [37.8012193, 55.9302949], [37.7950323, 55.9252794], [37.7995422, 55.9253227], [37.7935502, 55.9172854], [37.7913642, 55.915754], [37.7878882, 55.9142922], [37.7895124, 55.9142501], [37.7884247, 55.9102845], [37.7886851, 55.9070817]]]}}, {"type": "Feature", "properties": {"rda_code": "MO-24", "rda_name": "CITY DISTRICT of LOBNYA", "osm_name": "городской округ Лобня", "match_score": 1.0, "match_reason": "exact"}, "geometry": {"type": "Polygon", "coordinates": [[[37.4235914, 56.0421194], [37.424746, 56.0390463], [37.42457, 56.0372653], [37.422602, 56.0347865], [37.4222826, 56.0326547], [37.4174373, 56.0327673], [37.4169697, 56.0313064], [37.4150949, 56.0316068], [37.4141465, 56.0308848], [37.4147004, 56.0305604], [37.4121145, 56.0293211], [37.412606, 56.0274647], [37.4135756, 56.0260268], [37.4116716, 56.0251626], [37.4095149, 56.0263261], [37.4085787, 56.0257853], [37.4096666, 56.0253816], [37.4097754, 56.0226534], [37.4123985, 56.0217222], [37.411974, 56.0213003], [37.412482, 56.0211113], [37.4118001, 56.0205415], [37.4162578, 56.0182716], [37.4136536, 56.0156736], [37.4157299, 56.0147877], [37.4205504, 56.0145192], [37.4204559, 56.0138486], [37.4236712, 56.0134477], [37.4244863, 56.0121172], [37.4220797, 56.009984], [37.4185951, 56.0103902], [37.4129692, 56.0069663], [37.4128511, 56.0058641], [37.4152449, 56.0037771], [37.4166964, 56.0041156], [37.4195014, 56.006198], [37.4206825, 56.0057316], [37.4208351, 56.0062], [37.4240553, 56.0061522], [37.4253013, 56.0054394], [37.4268044, 56.00359], [37.4277083, 56.0034102], [37.4359761, 56.0042673], [37.4404604, 56.0062556], [37.4414297, 56.0044439], [37.4428402, 56.0046947], [37.4429225, 56.0017083], [37.4427709, 56.0010179], [37.4414408, 56.0003406], [37.4410618, 55.9992602], [37.440125, 55.9987068], [37.440088, 55.9973862], [37.4431576, 55.9972084], [37.4433025, 55.9947678], [37.4443159, 55.9959851], [37.4456342, 56.0003231], [37.4487592, 55.9995327], [37.4505232, 55.9996452], [37.4506764, 56.0004369], [37.4520079, 56.0004626], [37.4524325, 56.0025149], [37.4773937, 56.0027689], [37.4774648, 56.0015304], [37.4893128, 55.9989782], [37.4910729, 55.99918], [37.4895243, 56.0024392], [37.4946174, 56.0026725], [37.4947795, 56.0032389], [37.4974348, 56.0027752], [37.4977058, 56.0035164], [37.4971392, 56.0053385], [37.5087596, 56.0045877], [37.5078318, 56.0075303], [37.5082422, 56.0075477], [37.5079983, 56.0083409], [37.5091932, 56.009019], [37.5093781, 56.0156111], [37.509085, 56.0179166], [37.5067421, 56.0180628], [37.5068812, 56.0205202], [37.4982015, 56.0208081], [37.4954138, 56.0216735], [37.4954321, 56.0224444], [37.4942031, 56.0224327], [37.4942046, 56.0238382], [37.4933802, 56.0238306], [37.491565, 56.0248766], [37.4913489, 56.0257786], [37.4882229, 56.0265192], [37.4888301, 56.0287508], [37.4875476, 56.0287707], [37.4876656, 56.0293333], [37.5013764, 56.0316465], [37.4967001, 56.0388688], [37.5011793, 56.0390883], [37.5036411, 56.0401223], [37.5042224, 56.0416297], [37.5035458, 56.0419643], [37.5034865, 56.0425078], [37.5039071, 56.044818], [37.5053172, 56.045275], [37.5106618, 56.0451549], [37.5141072, 56.0443323], [37.5139634, 56.0455823], [37.5145516, 56.0456111], [37.5140089, 56.0486744], [37.5146033, 56.0500352], [37.5153601, 56.0501196], [37.5150443, 56.0507092], [37.5156811, 56.0513112], [37.5177103, 56.0516491], [37.5183418, 56.0525025], [37.5225978, 56.0515424], [37.5280451, 56.0511191], [37.5292351, 56.0526509], [37.5304567, 56.0531321], [37.5264642, 56.0575377], [37.5171004, 56.0562833], [37.5167255, 56.0545856], [37.5126748, 56.0556916], [37.5094156, 56.0556185], [37.5096718, 56.0531386], [37.5110644, 56.0514367], [37.509123, 56.0510822], [37.494162, 56.0548121], [37.4993026, 56.0589907], [37.4965504, 56.0613352], [37.493766, 56.0608107], [37.4936351, 56.0619425], [37.4945755, 56.062396], [37.4940965, 56.0625982], [37.4955477, 56.0630667], [37.4952922, 56.0634811], [37.4964535, 56.0639993], [37.4959259, 56.0650801], [37.493002, 56.0652446], [37.4936796, 56.0662491], [37.4949752, 56.0708669], [37.4910235, 56.0692938], [37.4898509, 56.0692482], [37.4877394, 56.06761], [37.4876561, 56.0668603], [37.4862034, 56.066191], [37.4859886, 56.0653882], [37.4834007, 56.064885], [37.4805409, 56.0652888], [37.4784463, 56.0644856], [37.4731746, 56.0642083], [37.473638, 56.0539396], [37.4686717, 56.0540548], [37.4617294, 56.0497598], [37.4576641, 56.0519067], [37.4521902, 56.0486947], [37.4563143, 56.0465171], [37.4435693, 56.0389863], [37.4390411, 56.0380499], [37.4355374, 56.0385286], [37.4301083, 56.0407937], [37.4235914, 56.0421194]]]}}, {"type": "Feature", "properties": {"rda_code": "MO-25", "rda_name": "CITY DISTRICT of LYTKARINO", "osm_name": "городской округ Лыткарино", "match_score": 1.0, "match_reason": "exact"}, "geometry": {"type": "Polygon", "coordinates": [[[37.8704976, 55.5969418], [37.8718421, 55.596168], [37.872503, 55.5949296], [37.8693869, 55.5918832], [37.8676115, 55.5894136], [37.8689747, 55.587585], [37.8734164, 55.5840592], [37.8808805, 55.5753831], [37.889312, 55.5711499], [37.9011469, 55.5697343], [37.9055411, 55.5681461], [37.9112081, 55.5637713], [37.9150538, 55.5599415], [37.9346726, 55.5562453], [37.9392034, 55.5548442], [37.9490741, 55.5534024], [37.9661135, 55.5491385], [37.9689211, 55.5509349], [37.9653457, 55.5526913], [37.9687282, 55.5537788], [37.9646188, 55.5592939], [37.9620296, 55.5605288], [37.962004, 55.56102], [37.9629013, 55.5624757], [37.9662269, 55.5635148], [37.9721039, 55.5642721], [37.9739584, 55.566317], [37.9734053, 55.5672705], [37.973682, 55.5676667], [37.9731478, 55.5681174], [37.9734804, 55.5694829], [37.9721878, 55.5700507], [37.9681229, 55.5673229], [37.9661985, 55.5689952], [37.9650461, 55.5715986], [37.9594866, 55.5711517], [37.9592724, 55.5723498], [37.9561787, 55.5723944], [37.9522725, 55.5696698], [37.9491069, 55.5718135], [37.9492561, 55.5726181], [37.9484896, 55.572651], [37.947211, 55.5714983], [37.9422335, 55.5708963], [37.9420735, 55.5688843], [37.9406183, 55.56854], [37.9367952, 55.5693514], [37.9333726, 55.5724782], [37.9316709, 55.5752722], [37.9291052, 55.5745643], [37.9301994, 55.5729626], [37.925982, 55.5730525], [37.9264578, 55.584356], [37.9211143, 55.5875825], [37.9170304, 55.5882482], [37.9155907, 55.5892481], [37.9149156, 55.592051], [37.9152869, 55.5931293], [37.9141664, 55.5983436], [37.9134846, 55.5983089], [37.9121399, 55.6045796], [37.9066941, 55.606983], [37.9034982, 55.6061531], [37.9019654, 55.6048746], [37.8995494, 55.6051414], [37.8889944, 55.6029344], [37.8844037, 55.602996], [37.8807822, 55.6016615], [37.8756374, 55.6020571], [37.8712686, 55.6016836], [37.8704976, 55.5969418]]]}}, {"type": "Feature", "properties": {"rda_code": "MO-49", "rda_name": "CITY DISTRICT of KHIMKI", "osm_name": "городской округ Химки", "match_score": 1.0, "match_reason": "exact"}, "geometry": {"type": "Polygon", "coordinates": [[[37.1351499, 55.9120273], [37.1395444, 55.9093131], [37.1398589, 55.9076189], [37.1429622, 55.905983], [37.1494201, 55.9057207], [37.1476318, 55.9105323], [37.1486216, 55.9125266], [37.1503113, 55.913137], [37.1510385, 55.9143765], [37.1599309, 55.9151141], [37.1622541, 55.9162592], [37.1689719, 55.9172615], [37.1698449, 55.9157326], [37.1730607, 55.9149622], [37.1746383, 55.9133212], [37.1781497, 55.9129319], [37.181464, 55.9116941], [37.18624, 55.9087409], [37.189843, 55.907631], [37.1928321, 55.905193], [37.1983273, 55.9042516], [37.198304, 55.9032056], [37.2025356, 55.9038265], [37.2052977, 55.9014864], [37.2123688, 55.902924], [37.2134997, 55.9036053], [37.2149989, 55.9009473], [37.2177795, 55.9007916], [37.2178198, 55.9028401], [37.2217377, 55.9026853], [37.222986, 55.9008846], [37.2185292, 55.8987002], [37.2241806, 55.8965936], [37.2266522, 55.9006052], [37.2314628, 55.8996754], [37.2308754, 55.8984376], [37.232949, 55.8956874], [37.2356777, 55.8971514], [37.2370064, 55.8956017], [37.2384459, 55.8950768], [37.2350211, 55.8931832], [37.2366164, 55.8919456], [37.2392335, 55.8922546], [37.2418209, 55.891771], [37.2431326, 55.8928011], [37.2415003, 55.8935761], [37.2407928, 55.8945788], [37.2405031, 55.8959912], [37.2420369, 55.8963772], [37.2470181, 55.8934271], [37.2474313, 55.8923241], [37.2397334, 55.890329], [37.2428234, 55.8887867], [37.2428017, 55.887323], [37.2417318, 55.8872438], [37.2414526, 55.8864972], [37.2346692, 55.8872835], [37.2360336, 55.8898153], [37.2347793, 55.8898018], [37.2341435, 55.8892255], [37.2323522, 55.8896822], [37.2302176, 55.8885681], [37.2280306, 55.8886097], [37.2238656, 55.8900509], [37.2235483, 55.8893734], [37.2238932, 55.8876647], [37.2245483, 55.8867559], [37.2275941, 55.8869112], [37.231249, 55.885427], [37.2336264, 55.8862624], [37.24467, 55.8848294], [37.245783, 55.8816515], [37.2556471, 55.8831388], [37.2541586, 55.8843497], [37.2531157, 55.8862576], [37.2489109, 55.8880998], [37.2479414, 55.8892053], [37.2503773, 55.8924498], [37.254181, 55.8924389], [37.2584329, 55.8934756], [37.2587541, 55.892059], [37.2604718, 55.8914216], [37.2617169, 55.8921614], [37.2651442, 55.8929431], [37.2679796, 55.8917023], [37.2721106, 55.8914933], [37.2739207, 55.8896526], [37.2771316, 55.8893888], [37.2840275, 55.8908112], [37.2845205, 55.8897546], [37.2855627, 55.8906542], [37.2884554, 55.8909696], [37.2920416, 55.8901785], [37.2930943, 55.892636], [37.2876863, 55.8935396], [37.2839179, 55.8950914], [37.2789313, 55.8925522], [37.2697315, 55.8941358], [37.270188, 55.8970823], [37.277362, 55.8942358], [37.2805461, 55.8948623], [37.2813382, 55.8961418], [37.2771198, 55.8981283], [37.2788163, 55.8991674], [37.2791117, 55.9011735], [37.2815619, 55.9029432], [37.2806455, 55.9051168], [37.2832652, 55.9047417], [37.2850389, 55.9056227], [37.2852549, 55.9068109], [37.2882976, 55.9058229], [37.287793, 55.9053861], [37.2878595, 55.9032866], [37.2888709, 55.900676], [37.2900288, 55.8995735], [37.2907401, 55.8996454], [37.2928085, 55.9034794], [37.2947978, 55.9032332], [37.2959588, 55.9042645], [37.3003915, 55.9039544], [37.3013202, 55.904399], [37.3034538, 55.902498], [37.3035775, 55.9031065], [37.3109873, 55.9036509], [37.3114301, 55.9031714], [37.3118984, 55.9001654], [37.3111757, 55.9000861], [37.3097912, 55.8932787], [37.3132242, 55.8927172], [37.3103762, 55.8860728], [37.3135722, 55.8847456], [37.3266014, 55.876781], [37.3304525, 55.8797165], [37.3398595, 55.8742007], [37.3424519, 55.8799922], [37.3377292, 55.8804335], [37.3370652, 55.8815599], [37.3375194, 55.8830883], [37.3439408, 55.8831562], [37.3440875, 55.8840349], [37.3464233, 55.8839161], [37.3472886, 55.8869876], [37.3567816, 55.8861761], [37.3599662, 55.8828546], [37.3592823, 55.8823868], [37.3597932, 55.8810317], [37.3608355, 55.8811011], [37.3682087, 55.8836623], [37.3671254, 55.8852518], [37.3677094, 55.8857736], [37.3720567, 55.8847927], [37.3729421, 55.8853897], [37.3747747, 55.8869266], [37.3725592, 55.8876481], [37.3726855, 55.8892582], [37.3734752, 55.8900743], [37.3730104, 55.8912318], [37.3773534, 55.8925971], [37.3741352, 55.8950696], [37.3672753, 55.8942673], [37.365638, 55.8947333], [37.3655227, 55.8966179], [37.3674044, 55.8970732], [37.3676335, 55.8980386], [37.3647991, 55.9000741], [37.3624065, 55.9004113], [37.3617712, 55.9014555], [37.3706763, 55.9036305], [37.3685896, 55.9055779], [37.3678461, 55.9053439], [37.3662836, 55.9067026], [37.3698614, 55.9081959], [37.3658403, 55.9141697], [37.3660258, 55.9153807], [37.3696713, 55.9175133], [37.3688493, 55.9179563], [37.3717351, 55.9196431], [37.377823, 55.9211143], [37.3564628, 55.9299543], [37.3497022, 55.9267761], [37.3492233, 55.9260385], [37.3437067, 55.9241832], [37.3435269, 55.9266406], [37.3398343, 55.9307309], [37.3366865, 55.9326648], [37.3313205, 55.9338701], [37.334963, 55.9353847], [37.3363011, 55.9347823], [37.33678, 55.9349949], [37.3358152, 55.9357439], [37.3382088, 55.9363776], [37.3386657, 55.9370648], [37.3432683, 55.9389578], [37.3495479, 55.9366301], [37.3508811, 55.9374477], [37.3514523, 55.9372244], [37.3540987, 55.9389069], [37.3503948, 55.940476], [37.3510086, 55.9407866], [37.3474532, 55.9429426], [37.3479065, 55.9432289], [37.3416982, 55.9467499], [37.3405276, 55.9462664], [37.3364424, 55.9507148], [37.3350259, 55.9535891], [37.3394677, 55.9548276], [37.3417992, 55.9559792], [37.3410173, 55.9565621], [37.3415703, 55.9568281], [37.3445705, 55.9564052], [37.3495832, 55.9572896], [37.3501948, 55.9569202], [37.346872, 55.9550128], [37.3464338, 55.953622], [37.348819, 55.9518948], [37.3503876, 55.952475], [37.3534926, 55.9511259], [37.3547616, 55.9517115], [37.3560009, 55.9535438], [37.3581766, 55.9534769], [37.3577073, 55.954484], [37.3592083, 55.9547835], [37.358211, 55.9556423], [37.3719719, 55.9561382], [37.3762313, 55.9554425], [37.3751584, 55.9544109], [37.3752549, 55.9535925], [37.3815823, 55.9507932], [37.3835505, 55.9513137], [37.3828826, 55.9526653], [37.3847345, 55.9532037], [37.3892192, 55.9530836], [37.3893801, 55.9523207], [37.3902599, 55.9519903], [37.3927919, 55.9522727], [37.392985, 55.9512875], [37.3918871, 55.9507314], [37.3916139, 55.9500301], [37.3920805, 55.9491232], [37.3932094, 55.9486359], [37.4073959, 55.9513294], [37.4086411, 55.9527676], [37.4076319, 55.9529377], [37.4074765, 55.9533538], [37.4097233, 55.9542052], [37.4113789, 55.953187], [37.4121667, 55.9534947], [37.4121594, 55.9539063], [37.4134013, 55.9537275], [37.4131224, 55.9541391], [37.4137634, 55.9545265], [37.4161184, 55.9543974], [37.4167889, 55.9534168], [37.4199157, 55.9530314], [37.4204582, 55.952516], [37.4198547, 55.9515805], [37.4224581, 55.9513146], [37.4217832, 55.9502361], [37.4207076, 55.9497164], [37.4208886, 55.9471995], [37.4192998, 55.9466966], [37.4168021, 55.94674], [37.415558, 55.9457605], [37.4103667, 55.945258], [37.4085786, 55.9427713], [37.4084228, 55.9411325], [37.4074528, 55.939854], [37.4077198, 55.9392932], [37.4066636, 55.939028], [37.4076688, 55.9346914], [37.4101679, 55.9319133], [37.4098611, 55.9314065], [37.4101622, 55.9304426], [37.4094272, 55.9296377], [37.4077466, 55.9290304], [37.4102691, 55.9272063], [37.4106248, 55.925248], [37.4084134, 55.9241346], [37.3968464, 55.9261701], [37.3943312, 55.9226576], [37.393851, 55.9211355], [37.3949359, 55.9193292], [37.398713, 55.9166177], [37.3900178, 55.9128443], [37.3902275, 55.9033576], [37.3923927, 55.9021208], [37.3974783, 55.9011959], [37.3984488, 55.901531], [37.3992913, 55.9007554], [37.4041816, 55.8920695], [37.4042239, 55.8875213], [37.4055779, 55.8862348], [37.4093978, 55.8849173], [37.4094205, 55.8806876], [37.4104313, 55.880302], [37.4149316, 55.8793108], [37.4141258, 55.8790939], [37.4143735, 55.8788674], [37.4155185, 55.879189], [37.4171635, 55.8783095], [37.4211552, 55.8783224], [37.4211622, 55.8779213], [37.4240955, 55.8780005], [37.4266635, 55.8774643], [37.4309505, 55.8778512], [37.4404745, 55.8808216], [37.4413518, 55.8813548], [37.4418824, 55.8824265], [37.4415353, 55.883839], [37.4424188, 55.8841651], [37.4439641, 55.8831423], [37.4483383, 55.8827739], [37.4628321, 55.8832171], [37.4673166, 55.8837927], [37.4759345, 55.8858645], [37.4799382, 55.8873168], [37.4825261, 55.8885283], [37.4835978, 55.8906504], [37.4839947, 55.8906501], [37.4848494, 55.8888036], [37.4859353, 55.8883988], [37.4928601, 55.8909823], [37.4943453, 55.8926768], [37.4962542, 55.8924795], [37.5072164, 55.8972972], [37.5061767, 55.9010582], [37.5008723, 55.9066291], [37.4999317, 55.9060396], [37.4946841, 55.9058254], [37.483736, 55.9071522], [37.485991, 55.9117272], [37.4823288, 55.9129272], [37.485511, 55.9149541], [37.4884722, 55.9194033], [37.4886438, 55.9301512], [37.4880859, 55.9326995], [37.4867126, 55.9348871], [37.4808761, 55.9418816], [37.4792883, 55.9448136], [37.4792883, 55.9466881], [37.4822065, 55.9534643], [37.4854367, 55.9567407], [37.4850998, 55.9579404], [37.486946, 55.9598277], [37.4871359, 55.9609387], [37.4831289, 55.9639612], [37.4800075, 55.9644648], [37.4772504, 55.9634555], [37.4765233, 55.9622466], [37.4773942, 55.9606411], [37.4755992, 55.9597654], [37.4725585, 55.9594418], [37.4688537, 55.9607347], [37.4664598, 55.9606059], [37.4672752, 55.9587802], [37.4658778, 55.9580423], [37.4654867, 55.9572906], [37.4676987, 55.9561083], [37.4668767, 55.9554579], [37.459778, 55.9560342], [37.460037, 55.9567743], [37.4587129, 55.957448], [37.4590346, 55.9580463], [37.462671, 55.9601144], [37.4633888, 55.9612514], [37.4632546, 55.9631695], [37.463723, 55.9643573], [37.4672258, 55.9671989], [37.4635735, 55.9682856], [37.4617684, 55.9694062], [37.4569604, 55.9704721], [37.4550443, 55.9723869], [37.4550518, 55.9734446], [37.4575745, 55.9755667], [37.4620814, 55.9750171], [37.4620155, 55.9742492], [37.4660003, 55.9734299], [37.4710595, 55.9731631], [37.47182, 55.9735231], [37.4711226, 55.9742136], [37.4724208, 55.9749009], [37.470213, 55.976332], [37.467145, 55.9768391], [37.4668293, 55.978873], [37.4676076, 55.9793151], [37.4679859, 55.9802131], [37.467993, 55.9846171], [37.4524938, 55.9828277], [37.4484894, 55.9827682], [37.4496866, 55.9879109], [37.4492318, 55.9884802], [37.44355, 55.9886168], [37.4431576, 55.9972084], [37.440088, 55.9973862], [37.440125, 55.9987068], [37.4410618, 55.9992602], [37.4414408, 56.0003406], [37.4427709, 56.0010179], [37.4429225, 56.0017083], [37.4428402, 56.0046947], [37.4414297, 56.0044439], [37.4404604, 56.0062556], [37.4359761, 56.0042673], [37.4277083, 56.0034102], [37.4268044, 56.00359], [37.4253013, 56.0054394], [37.4240553, 56.0061522], [37.4208351, 56.0062], [37.4206825, 56.0057316], [37.4195014, 56.006198], [37.4166964, 56.0041156], [37.4152449, 56.0037771], [37.4128511, 56.0058641], [37.4129692, 56.0069663], [37.4185951, 56.0103902], [37.4220797, 56.009984], [37.4244863, 56.0121172], [37.4236712, 56.0134477], [37.4204559, 56.0138486], [37.4205504, 56.0145192], [37.4157299, 56.0147877], [37.4136536, 56.0156736], [37.4162578, 56.0182716], [37.4118001, 56.0205415], [37.412482, 56.0211113], [37.411974, 56.0213003], [37.4123985, 56.0217222], [37.4097754, 56.0226534], [37.4096666, 56.0253816], [37.4085787, 56.0257853], [37.4095149, 56.0263261], [37.4116716, 56.0251626], [37.4135756, 56.0260268], [37.412606, 56.0274647], [37.4121145, 56.0293211], [37.4147004, 56.0305604], [37.4141465, 56.0308848], [37.4150949, 56.0316068], [37.4169697, 56.0313064], [37.4174373, 56.0327673], [37.4222826, 56.0326547], [37.422602, 56.0347865], [37.42457, 56.0372653], [37.424746, 56.0390463], [37.4235914, 56.0421194], [37.4208991, 56.0417505], [37.4196502, 56.0425432], [37.4210021, 56.0431877], [37.4158867, 56.0461005], [37.4092103, 56.0517473], [37.4010054, 56.0514482], [37.4014307, 56.0509832], [37.4006637, 56.0506787], [37.4019746, 56.0496419], [37.4023382, 56.0482619], [37.3990673, 56.0469162], [37.397045, 56.0486921], [37.3863018, 56.0526118], [37.3822312, 56.0514814], [37.3834195, 56.0531566], [37.383396, 56.0539808], [37.3827115, 56.0540814], [37.3781572, 56.0532999], [37.3774783, 56.0499035], [37.378809, 56.0499623], [37.3823574, 56.0489498], [37.3825281, 56.0482133], [37.3831498, 56.0480111], [37.3858349, 56.0482021], [37.3858909, 56.0477801], [37.3843241, 56.0465622], [37.3824002, 56.0468407], [37.3827574, 56.044131], [37.3822033, 56.0427383], [37.3798605, 56.0432243], [37.3786605, 56.0449379], [37.3708591, 56.0457365], [37.3706903, 56.045328], [37.3699626, 56.0454395], [37.3700657, 56.0458102], [37.3674981, 56.0457932], [37.367566, 56.0461295], [37.3660138, 56.0455556], [37.3652853, 56.0447548], [37.3627616, 56.0441787], [37.3586585, 56.0462957], [37.3529071, 56.046491], [37.35099, 56.0474644], [37.3495554, 56.0474118], [37.3469398, 56.0487063], [37.3422907, 56.0499271], [37.3139576, 56.0517236], [37.3127444, 56.0502171], [37.3107573, 56.0492246], [37.3081381, 56.0464334], [37.3054808, 56.0464247], [37.2985772, 56.0493883], [37.2961212, 56.0499261], [37.2944632, 56.0489079], [37.2910199, 56.0504763], [37.2857357, 56.0553084], [37.2853721, 56.0565009], [37.2890988, 56.0579257], [37.2846908, 56.0636918], [37.2795813, 56.0678861], [37.2818988, 56.0686961], [37.2780081, 56.0729666], [37.2744566, 56.0719685], [37.2725642, 56.0720893], [37.2709631, 56.0732143], [37.267508, 56.0730091], [37.2669657, 56.0746158], [37.2648204, 56.0755412], [37.2605993, 56.0736037], [37.2586261, 56.074671], [37.2553181, 56.073092], [37.2531647, 56.073419], [37.2519068, 56.0755688], [37.2522046, 56.0777752], [37.2478834, 56.0760705], [37.2413189, 56.074353], [37.2396113, 56.0747099], [37.2396265, 56.073545], [37.2407679, 56.073173], [37.2416816, 56.0710541], [37.2412178, 56.0699657], [37.2432915, 56.066809], [37.240062, 56.0649971], [37.2400312, 56.064004], [37.2454899, 56.0630023], [37.2503517, 56.0664833], [37.2534323, 56.0658221], [37.2639674, 56.0666793], [37.265436, 56.0638589], [37.2638623, 56.0470972], [37.2472019, 56.0475707], [37.2474226, 56.0471029], [37.2503608, 56.0471209], [37.2497143, 56.0456082], [37.2471984, 56.0455836], [37.2464797, 56.0386946], [37.2474996, 56.0371197], [37.2463699, 56.0361186], [37.2438225, 56.0099355], [37.2497164, 56.0110072], [37.2535418, 56.0095099], [37.251869, 56.0076269], [37.2539185, 56.0067174], [37.2529953, 56.0051755], [37.2532688, 56.00459], [37.2556009, 56.006487], [37.2572454, 56.005973], [37.2637568, 56.0068013], [37.2653369, 56.0063219], [37.2643405, 56.003994], [37.2670386, 56.0005703], [37.271774, 55.9988492], [37.273475, 55.9971157], [37.2707658, 55.9953849], [37.2614918, 55.9934674], [37.2626658, 55.9929869], [37.2615801, 55.9927361], [37.2605357, 55.9931529], [37.2573079, 55.9900582], [37.2537923, 55.9882694], [37.2555496, 55.9872614], [37.2630137, 55.9885412], [37.2644583, 55.9871372], [37.2655035, 55.9844898], [37.2651738, 55.9830376], [37.2673546, 55.9824283], [37.2677431, 55.9819338], [37.2661626, 55.9811435], [37.2654083, 55.9796474], [37.266438, 55.9794662], [37.263798, 55.9727113], [37.2631781, 55.9718984], [37.2614608, 55.971425], [37.2610555, 55.9699023], [37.2615811, 55.9699104], [37.2612918, 55.9680732], [37.2681368, 55.9682126], [37.268302, 55.9678365], [37.2622617, 55.9668768], [37.2600364, 55.9679085], [37.2524878, 55.9678978], [37.25327, 55.9704143], [37.2464974, 55.9757394], [37.2436962, 55.9766983], [37.2440778, 55.977189], [37.2423676, 55.9782685], [37.2425056, 55.9789814], [37.2419261, 55.979338], [37.2408991, 55.9794826], [37.2383718, 55.9787869], [37.2367531, 55.9790945], [37.2365642, 55.9796589], [37.2358184, 55.9797992], [37.233266, 55.9784951], [37.2322105, 55.9790629], [37.2306533, 55.9789095], [37.2307778, 55.9799001], [37.2301717, 55.9802425], [37.2273553, 55.9798162], [37.2258554, 55.9800801], [37.2237723, 55.9817038], [37.2205147, 55.9813061], [37.2189124, 55.9803601], [37.2174582, 55.9783647], [37.2170506, 55.9776682], [37.2187735, 55.9772412], [37.2170014, 55.9759938], [37.2155578, 55.9766825], [37.2149228, 55.9760791], [37.2128397, 55.9765963], [37.2113032, 55.9704557], [37.2131413, 55.9701733], [37.2124004, 55.9692435], [37.2085291, 55.9700967], [37.2076749, 55.9687217], [37.2089162, 55.9686813], [37.2091156, 55.9681923], [37.2115659, 55.9671511], [37.20928, 55.9644195], [37.2056397, 55.9631208], [37.2068763, 55.9614407], [37.2093294, 55.960172], [37.2101783, 55.9573718], [37.212592, 55.9558441], [37.2138271, 55.9566009], [37.2153356, 55.9563228], [37.2172453, 55.9579073], [37.2193881, 55.9571182], [37.2185558, 55.9552062], [37.2207934, 55.9540293], [37.219285, 55.9530747], [37.2184454, 55.9514662], [37.2199076, 55.9502304], [37.2179424, 55.9482059], [37.2144807, 55.9488032], [37.2135367, 55.9482854], [37.2122001, 55.9488068], [37.2111045, 55.9480719], [37.2084426, 55.9484076], [37.2087124, 55.9487559], [37.2081036, 55.9491606], [37.2049645, 55.9482027], [37.2023482, 55.9485977], [37.2015293, 55.949413], [37.2029168, 55.9517714], [37.202851, 55.9532172], [37.1959052, 55.9547182], [37.1952343, 55.9537653], [37.1938648, 55.9545043], [37.1943295, 55.9550392], [37.1888245, 55.9561139], [37.1875313, 55.9554467], [37.1864035, 55.9530893], [37.1832169, 55.9542615], [37.1782878, 55.9516225], [37.1755651, 55.9492432], [37.174568, 55.9461693], [37.1747328, 55.9370776], [37.1701356, 55.9372437], [37.1619754, 55.9394962], [37.1575673, 55.9391116], [37.1543922, 55.9394971], [37.1490504, 55.9393225], [37.1442203, 55.9386717], [37.1404047, 55.9394527], [37.1418579, 55.935372], [37.1432937, 55.9340417], [37.1444678, 55.9319107], [37.1405098, 55.9292512], [37.1398341, 55.9294187], [37.1384824, 55.9275036], [37.1388933, 55.9235286], [37.1406979, 55.9237392], [37.1403258, 55.9247963], [37.1418779, 55.9253124], [37.1466637, 55.9250858], [37.1482899, 55.9255944], [37.14892, 55.9247977], [37.1477707, 55.9241872], [37.1471585, 55.9228927], [37.148982, 55.9208148], [37.1460465, 55.9193589], [37.1469166, 55.914626], [37.1444857, 55.915526], [37.1385437, 55.9155954], [37.1368825, 55.9163649], [37.1351334, 55.9151569], [37.1339958, 55.9152108], [37.1351499, 55.9120273]]]}}, {"type": "Feature", "properties": {"rda_code": "MO-54", "rda_name": "CITY DISTRICT of ELECTROSTAL", "osm_name": "городской округ Электросталь", "match_score": 0.909, "match_reason": "fuzzy:elektrostal~electrostal"}, "geometry": {"type": "Polygon", "coordinates": [[[38.3586877, 55.686339], [38.3691786, 55.6877697], [38.3847817, 55.688283], [38.3938397, 55.6918077], [38.4027235, 55.6979453], [38.4086882, 55.6978335], [38.4264524, 55.6865387], [38.4394882, 55.6818543], [38.4704457, 55.6783404], [38.4786048, 55.6734253], [38.4841799, 55.6734328], [38.4805644, 55.6925114], [38.4819443, 55.692223], [38.4825362, 55.6924093], [38.4821394, 55.6928087], [38.4940515, 55.6935958], [38.4936358, 55.7035324], [38.518876, 55.7053043], [38.5009556, 55.7166936], [38.5046058, 55.7184409], [38.5049218, 55.7192773], [38.508015, 55.7184486], [38.5092123, 55.7175275], [38.5125365, 55.7117193], [38.5188697, 55.7147106], [38.5135817, 55.7232999], [38.5173042, 55.7249307], [38.5183218, 55.7243029], [38.5200204, 55.725274], [38.5247271, 55.722072], [38.5336902, 55.7260204], [38.5204121, 55.7343243], [38.5183498, 55.7389075], [38.5095335, 55.7392735], [38.5112771, 55.7417633], [38.5007152, 55.7394379], [38.5001568, 55.7488586], [38.4895219, 55.752711], [38.4878246, 55.7551912], [38.4883589, 55.7582705], [38.5295538, 55.7594405], [38.5211056, 55.7793024], [38.5140852, 55.7972929], [38.5134254, 55.7981393], [38.5034474, 55.8038624], [38.4952041, 55.804232], [38.490323, 55.8031118], [38.4818011, 55.804808], [38.4828564, 55.8094543], [38.4823841, 55.81093], [38.4921311, 55.8118826], [38.4856283, 55.8160287], [38.4797612, 55.816841], [38.4827092, 55.8196923], [38.480546, 55.8206759], [38.4785066, 55.8226326], [38.4753813, 55.8209739], [38.4659678, 55.8230497], [38.4660702, 55.8236777], [38.4650805, 55.8239826], [38.4638072, 55.8256195], [38.461577, 55.8248821], [38.4617179, 55.8240025], [38.4622345, 55.8237005], [38.4611677, 55.8219706], [38.4457, 55.8215932], [38.4268428, 55.8201273], [38.4247398, 55.8198419], [38.4249731, 55.8186215], [38.4182611, 55.8176205], [38.4172867, 55.8156506], [38.4202631, 55.8144612], [38.4185004, 55.8127913], [38.4020325, 55.8017647], [38.3526407, 55.7984686], [38.3523386, 55.7935313], [38.3503328, 55.786787], [38.3490208, 55.7865883], [38.3494621, 55.7855163], [38.3296538, 55.7824852], [38.3281908, 55.7818054], [38.3288216, 55.7805658], [38.3280106, 55.7776508], [38.3315361, 55.7764411], [38.3353629, 55.7758028], [38.3384948, 55.7739997], [38.3371966, 55.7716361], [38.3426616, 55.7717775], [38.3417884, 55.7736815], [38.3421076, 55.7747344], [38.3474963, 55.7759043], [38.3488265, 55.7735781], [38.3501751, 55.7737141], [38.3549961, 55.7654338], [38.3540591, 55.7653112], [38.3550026, 55.7637441], [38.3559572, 55.76373], [38.356265, 55.7578164], [38.3508325, 55.7434371], [38.3662267, 55.7261693], [38.365705, 55.7224481], [38.3744367, 55.7220933], [38.3738814, 55.7195612], [38.3533161, 55.7197079], [38.3538922, 55.7195452], [38.3533291, 55.7192504], [38.3541087, 55.7193394], [38.3559883, 55.7178608], [38.3548052, 55.7172753], [38.359552, 55.7143944], [38.3538803, 55.7123633], [38.3544957, 55.7116741], [38.3556643, 55.7120327], [38.3579353, 55.7095943], [38.3499115, 55.7071614], [38.3501771, 55.7065029], [38.3550969, 55.7067715], [38.3633285, 55.7058229], [38.3716543, 55.7029949], [38.3708278, 55.7009803], [38.3733317, 55.6995975], [38.3653877, 55.6925757], [38.3559645, 55.6944279], [38.3513301, 55.694392], [38.3532043, 55.6897665], [38.3586877, 55.686339]]]}}]}