{"type": "FeatureCollection", "name": "sm_smolensk", "features": [{"type": "Feature", "properties": {"rda_code": "SM-01", "rda_name": "ZADNEPROVSKY DISTRICT of SMOLENSK", "osm_name": "Заднепровский район", "match_score": 1.0, "match_reason": "alias:zadneprovskii"}, "geometry": {"type": "Polygon", "coordinates": [[[31.856574, 54.825546], [31.8606097, 54.8266556], [31.858445, 54.8195849], [31.8513554, 54.819899], [31.8485331, 54.8123965], [31.8492909, 54.8110827], [31.854648, 54.8090279], [31.8537497, 54.8083648], [31.853789, 54.8067594], [31.8564353, 54.8053047], [31.8623012, 54.8051899], [31.8623099, 54.8024583], [31.8637797, 54.8024682], [31.8637911, 54.801899], [31.86173, 54.8019553], [31.8618012, 54.801346], [31.8662222, 54.8008807], [31.8669316, 54.8004131], [31.8693745, 54.8005315], [31.8694979, 54.7996884], [31.8688263, 54.7989962], [31.8681379, 54.7955077], [31.8802003, 54.7948945], [31.8813225, 54.7921576], [31.8775889, 54.7919653], [31.8790832, 54.7895723], [31.88171, 54.7891868], [31.8833189, 54.7880968], [31.8839382, 54.7864682], [31.8339285, 54.7838368], [31.8283523, 54.7840339], [31.8280192, 54.7850078], [31.8261663, 54.7846738], [31.825785, 54.783842], [31.8232526, 54.7840472], [31.8281177, 54.7906663], [31.8282663, 54.7930011], [31.8254499, 54.7956444], [31.8221836, 54.7957796], [31.8066186, 54.7952576], [31.7989762, 54.7934728], [31.7938588, 54.7916121], [31.7883262, 54.7880056], [31.7939006, 54.7866081], [31.793142, 54.7842523], [31.8011454, 54.7829735], [31.8004935, 54.7808892], [31.802106, 54.7786692], [31.8269357, 54.7715909], [31.8292209, 54.7735762], [31.8365574, 54.7761694], [31.8372909, 54.7785763], [31.8412443, 54.7792577], [31.8419551, 54.7797224], [31.8417541, 54.7806937], [31.842449, 54.7809646], [31.8563581, 54.7795472], [31.8563845, 54.7803609], [31.8544005, 54.7813405], [31.8545258, 54.7829986], [31.856955, 54.7831659], [31.8571771, 54.78422], [31.8606068, 54.7841186], [31.8611025, 54.785005], [31.8761416, 54.785686], [31.8747294, 54.7844427], [31.8752107, 54.7834265], [31.8751129, 54.7788997], [31.8781093, 54.7789778], [31.890335, 54.779466], [31.9047489, 54.7816685], [31.9164394, 54.7845459], [31.9453163, 54.7852311], [31.9540685, 54.7859079], [31.9676187, 54.7880459], [31.9684323, 54.7879379], [31.9694486, 54.7869807], [31.9713324, 54.7865582], [31.976678, 54.785577], [31.979261, 54.785658], [31.984663, 54.788239], [31.994801, 54.788299], [31.996768, 54.790352], [31.999885, 54.792411], [32.004743, 54.794801], [32.009621, 54.796465], [32.013129, 54.796138], [32.024596, 54.792813], [32.03196, 54.79351], [32.039034, 54.791546], [32.053885, 54.791684], [32.062002, 54.792788], [32.065072, 54.794425], [32.072002, 54.796097], [32.079305, 54.799455], [32.0829, 54.799985], [32.094531, 54.803116], [32.100478, 54.80561], [32.107742, 54.805677], [32.122108, 54.806812], [32.126248, 54.805695], [32.129112, 54.804377], [32.133668, 54.800093], [32.143131, 54.794945], [32.143755, 54.793551], [32.143559, 54.791628], [32.145326, 54.790015], [32.153256, 54.7866], [32.1612447, 54.7839434], [32.1613676, 54.7844603], [32.1649754, 54.7825945], [32.1675011, 54.7802529], [32.1703762, 54.779693], [32.1710651, 54.7786794], [32.1759254, 54.7752029], [32.1772878, 54.7732937], [32.1825905, 54.7683401], [32.1857365, 54.7638399], [32.1938604, 54.7664999], [32.1859963, 54.7769815], [32.1817296, 54.7772769], [32.1816557, 54.7800295], [32.1825446, 54.7818885], [32.1850444, 54.7846231], [32.1853909, 54.7863502], [32.1848921, 54.7878008], [32.1881933, 54.7889208], [32.1907368, 54.787586], [32.1906059, 54.786975], [32.1951546, 54.7863523], [32.1984063, 54.7876587], [32.1995075, 54.7887119], [32.1994261, 54.7898963], [32.2013391, 54.790166], [32.200904, 54.7930005], [32.2029433, 54.7963949], [32.2038542, 54.7969717], [32.2021603, 54.7978227], [32.2011861, 54.7973018], [32.1996529, 54.8023775], [32.1999297, 54.8029198], [32.1923152, 54.8086128], [32.2085531, 54.807018], [32.2095639, 54.8110231], [32.2095074, 54.8130006], [32.2070512, 54.8151436], [32.2028583, 54.8167229], [32.196325, 54.8171886], [32.1911938, 54.8185569], [32.1880234, 54.8207244], [32.1798162, 54.8174577], [32.1790103, 54.8136692], [32.1771971, 54.8144342], [32.1759455, 54.8137775], [32.1743671, 54.8142066], [32.1720923, 54.8099249], [32.1738623, 54.8093246], [32.1701572, 54.8067181], [32.1683579, 54.8076433], [32.1663656, 54.8063057], [32.163686, 54.805556], [32.1629058, 54.8058466], [32.163143, 54.806322], [32.1612999, 54.8067148], [32.1561769, 54.8062], [32.1563608, 54.8064941], [32.1553328, 54.8067257], [32.1549623, 54.8079279], [32.1545, 54.8073224], [32.1448045, 54.8046405], [32.1442086, 54.8050525], [32.1379877, 54.80488], [32.1382609, 54.8052901], [32.1334831, 54.8078947], [32.1314347, 54.8098196], [32.1318488, 54.810112], [32.1343015, 54.8094644], [32.1352732, 54.8102586], [32.1413078, 54.8116784], [32.1409145, 54.8120733], [32.1396708, 54.8119569], [32.1371833, 54.8140177], [32.1367924, 54.8150621], [32.1335878, 54.8170121], [32.1353551, 54.8175728], [32.1323874, 54.8208042], [32.1329063, 54.8236617], [32.1320444, 54.8257517], [32.1175615, 54.8189988], [32.1169304, 54.8194787], [32.1157974, 54.8189628], [32.1164487, 54.8184937], [32.1151506, 54.8182572], [32.1154511, 54.8180327], [32.1149336, 54.8177991], [32.1141546, 54.8185523], [32.1136949, 54.8184131], [32.1140839, 54.8177321], [32.1084305, 54.8162469], [32.1079732, 54.8171579], [32.1072426, 54.817212], [32.107414, 54.817924], [32.1069243, 54.8185649], [32.1045042, 54.8188934], [32.1025046, 54.8178594], [32.1039555, 54.8161881], [32.1007102, 54.815096], [32.0988106, 54.8161041], [32.095621, 54.815004], [32.0883817, 54.8211949], [32.0816729, 54.8243851], [32.0795478, 54.827], [32.0877493, 54.8327117], [32.0859521, 54.8348595], [32.0857943, 54.8356764], [32.0865347, 54.8363913], [32.0853243, 54.8366971], [32.0840926, 54.8399703], [32.079721, 54.840522], [32.0681187, 54.839395], [32.0657851, 54.8394893], [32.0594565, 54.8411819], [32.0564335, 54.8405544], [32.0529279, 54.8407778], [32.0479538, 54.8428028], [32.04784, 54.8439621], [32.0465311, 54.8455225], [32.0443558, 54.8459831], [32.0451889, 54.8480839], [32.0444679, 54.8490683], [32.0367746, 54.8470311], [32.0360019, 54.8465491], [32.03591, 54.8456282], [32.0339102, 54.8470597], [32.0329122, 54.8468745], [32.0331326, 54.8448519], [32.0304357, 54.8444953], [32.0304672, 54.843304], [32.0204538, 54.8430758], [32.0174209, 54.8422752], [32.0143052, 54.8425112], [32.013593, 54.841869], [32.0116735, 54.8418291], [32.0116595, 54.8423069], [32.0066597, 54.8417017], [32.0052405, 54.8410446], [32.0081875, 54.837067], [32.0081665, 54.8342521], [32.0027105, 54.8329791], [32.0022458, 54.8318645], [31.9997477, 54.8290695], [31.9960331, 54.8287634], [31.9950406, 54.8281056], [31.9970045, 54.8272449], [31.9943992, 54.8233289], [32.0002826, 54.8192467], [31.9919755, 54.8182983], [31.9911601, 54.8179927], [31.9916238, 54.817046], [31.9892988, 54.8152496], [31.987313, 54.8171583], [31.9867575, 54.8171283], [31.9861864, 54.8178079], [31.9852985, 54.8177022], [31.9827043, 54.8215876], [31.9767208, 54.8218466], [31.972027, 54.8230517], [31.9744459, 54.8249683], [31.9758724, 54.8250001], [31.9741516, 54.827433], [31.9744356, 54.8287528], [31.978402, 54.8289917], [31.9778943, 54.8301582], [31.975015, 54.8296259], [31.9732509, 54.8307574], [31.9724886, 54.830543], [31.9715334, 54.8287096], [31.9686278, 54.8266834], [31.9679837, 54.8272727], [31.9675605, 54.8293561], [31.9636627, 54.828954], [31.9608923, 54.8317002], [31.9558055, 54.83159], [31.9547813, 54.8328443], [31.956197, 54.8332941], [31.9567905, 54.8340846], [31.9594253, 54.8346428], [31.9587957, 54.8359889], [31.9602456, 54.8363901], [31.9596786, 54.8380915], [31.9587514, 54.837877], [31.9567539, 54.8401624], [31.9523292, 54.8397553], [31.9491193, 54.8407153], [31.9458413, 54.8403209], [31.946069, 54.8415163], [31.9416674, 54.8417258], [31.9397574, 54.8400771], [31.9342495, 54.8402171], [31.9329799, 54.8393469], [31.9319811, 54.8398304], [31.9296438, 54.8397365], [31.9286768, 54.83821], [31.91838, 54.8374596], [31.917913, 54.8368878], [31.9165749, 54.8372135], [31.9118213, 54.836837], [31.908323, 54.837808], [31.9035112, 54.8380056], [31.9029599, 54.8383498], [31.9037693, 54.8411914], [31.9010995, 54.8430552], [31.8983772, 54.8459228], [31.8977374, 54.8487502], [31.8967285, 54.850378], [31.8935489, 54.849307], [31.8920444, 54.8477085], [31.8899003, 54.8463786], [31.8913811, 54.8386608], [31.8905899, 54.8374906], [31.8764355, 54.8335723], [31.8724247, 54.8334376], [31.8691163, 54.8306613], [31.8657288, 54.8285978], [31.8595316, 54.8293668], [31.8571077, 54.829079], [31.856574, 54.825546]]]}}, {"type": "Feature", "properties": {"rda_code": "SM-02", "rda_name": "LENINSKY DISTRICT of SMOLENSK", "osm_name": "Ленинский район", "match_score": 1.0, "match_reason": "alias:leninskii"}, "geometry": {"type": "Polygon", "coordinates": [[[31.976678, 54.785577], [31.9769001, 54.782043], [31.9781224, 54.7767996], [31.9813085, 54.7724002], [31.9805241, 54.7723747], [31.9804676, 54.770544], [31.9816564, 54.768906], [31.9813182, 54.768142], [31.9832247, 54.7676915], [31.9816448, 54.7642484], [31.9854039, 54.7635179], [31.9865171, 54.7639942], [31.9881384, 54.7624361], [31.992441, 54.7638406], [31.9954274, 54.7625077], [31.9967942, 54.7608706], [31.9984745, 54.7606755], [32.0013504, 54.7614853], [32.0065331, 54.7608251], [32.0063309, 54.7601589], [32.0094894, 54.7585932], [32.0097119, 54.7578685], [32.0130425, 54.7573277], [32.007312, 54.7532004], [32.0063038, 54.7513788], [32.0065911, 54.7508684], [32.0057406, 54.7501262], [32.0062431, 54.7421063], [32.0057438, 54.7412034], [32.008505, 54.741525], [32.0137385, 54.7412486], [32.0158864, 54.741772], [32.010286, 54.736929], [32.0140596, 54.7326009], [32.028469, 54.731696], [32.0273781, 54.7275198], [32.0319915, 54.7269126], [32.0392012, 54.7264232], [32.0392442, 54.7277181], [32.0397936, 54.7277127], [32.0397799, 54.7272752], [32.0422441, 54.7272157], [32.0425083, 54.7280276], [32.0450223, 54.7277985], [32.045146, 54.7296139], [32.0463426, 54.7295539], [32.047425, 54.7302504], [32.0535726, 54.7294567], [32.0560395, 54.7225489], [32.0570477, 54.7222243], [32.0497374, 54.741173], [32.0481245, 54.7500196], [32.0445943, 54.7534907], [32.047418, 54.7752277], [32.0513646, 54.7785152], [32.0537995, 54.7841665], [32.0537483, 54.7863375], [32.0525224, 54.7874799], [32.0523589, 54.7883317], [32.050634, 54.7894329], [32.0501774, 54.7915941], [32.039034, 54.791546], [32.03196, 54.79351], [32.024596, 54.792813], [32.013129, 54.796138], [32.009621, 54.796465], [32.004743, 54.794801], [31.999885, 54.792411], [31.996768, 54.790352], [31.994801, 54.788299], [31.985496, 54.788367], [31.982547, 54.78751], [31.979828, 54.785786], [31.976678, 54.785577]]]}}, {"type": "Feature", "properties": {"rda_code": "SM-03", "rda_name": "INDUSTRIALNY DISTRICT of SMOLENSK", "osm_name": "Промышленный район", "match_score": 1.0, "match_reason": "alias:промышленныи"}, "geometry": {"type": "Polygon", "coordinates": [[[32.0445869, 54.7536718], [32.0481245, 54.7500196], [32.0497374, 54.741173], [32.0570477, 54.7222243], [32.0585086, 54.7216768], [32.0694924, 54.7231164], [32.0713261, 54.7209622], [32.0735336, 54.7194795], [32.0776626, 54.7211481], [32.0813231, 54.7186724], [32.0835353, 54.7191315], [32.0864041, 54.7175396], [32.0875733, 54.7174188], [32.0939013, 54.7119005], [32.0968803, 54.7086121], [32.0994143, 54.7101078], [32.1013787, 54.7103337], [32.1016496, 54.7097147], [32.1006711, 54.7077373], [32.1038391, 54.7075603], [32.1046447, 54.7100775], [32.1059627, 54.7104698], [32.1054506, 54.7112487], [32.1114696, 54.7131604], [32.1088721, 54.7157809], [32.1118316, 54.7168252], [32.1114696, 54.7180495], [32.11222, 54.7183373], [32.110054, 54.7194113], [32.109434, 54.7192532], [32.1081621, 54.720171], [32.1072765, 54.7199413], [32.1059407, 54.7208321], [32.1092503, 54.7216408], [32.1081643, 54.7243798], [32.1139801, 54.7247329], [32.1142681, 54.7256776], [32.1108151, 54.7266348], [32.1083566, 54.725801], [32.1078612, 54.7263792], [32.1068958, 54.726037], [32.1063992, 54.7274307], [32.105333, 54.727523], [32.0993358, 54.7261458], [32.0958211, 54.7300306], [32.0954964, 54.7306448], [32.0963997, 54.7310321], [32.0959687, 54.7320654], [32.0973228, 54.7337042], [32.1015225, 54.7343357], [32.1002671, 54.7390726], [32.0968803, 54.742128], [32.0980364, 54.7432592], [32.0976932, 54.7435814], [32.0980161, 54.7439372], [32.1003737, 54.745432], [32.0998131, 54.7487661], [32.0984507, 54.7489157], [32.0975843, 54.7496153], [32.0970016, 54.7525143], [32.0987021, 54.7533489], [32.1012315, 54.7532279], [32.1034595, 54.7523715], [32.1041975, 54.7514761], [32.1076654, 54.7506067], [32.1121041, 54.751109], [32.1189349, 54.7502274], [32.1192544, 54.7510917], [32.1176747, 54.7514571], [32.118438, 54.7520208], [32.1191044, 54.7550596], [32.1160415, 54.7568792], [32.1169012, 54.7582471], [32.1150342, 54.7587104], [32.1150098, 54.7594036], [32.1135428, 54.7598036], [32.1143745, 54.7613087], [32.1171835, 54.7641773], [32.1250841, 54.7641079], [32.1245704, 54.7675779], [32.1217999, 54.767681], [32.1205455, 54.7670771], [32.1177113, 54.7674599], [32.1134766, 54.7684245], [32.1095235, 54.7702166], [32.1107562, 54.7712651], [32.1120421, 54.7706872], [32.1126771, 54.7711416], [32.1160412, 54.7702744], [32.116278, 54.77202], [32.1180269, 54.7719185], [32.1181129, 54.7731839], [32.1322138, 54.7727644], [32.1336968, 54.7721797], [32.1333211, 54.7662427], [32.131663, 54.7641981], [32.1299979, 54.7653034], [32.1280719, 54.7638945], [32.1282698, 54.7632901], [32.1295525, 54.7625024], [32.132873, 54.7622522], [32.1331549, 54.7609984], [32.1307591, 54.7582236], [32.1269919, 54.7561592], [32.1253678, 54.7544155], [32.1260699, 54.7541272], [32.128958, 54.756669], [32.1323715, 54.7582953], [32.1342254, 54.7608953], [32.1365, 54.7618963], [32.1359945, 54.7632118], [32.1332117, 54.7638317], [32.1358778, 54.771671], [32.1369248, 54.7714099], [32.1391635, 54.7701805], [32.1387431, 54.7695887], [32.1385538, 54.7664628], [32.1364129, 54.7635827], [32.1370564, 54.7625991], [32.1390402, 54.7621431], [32.1388526, 54.7613075], [32.1376006, 54.7605342], [32.138658, 54.7603846], [32.1380656, 54.7586336], [32.1390354, 54.7585387], [32.1423593, 54.7596718], [32.1446254, 54.7584455], [32.1472589, 54.7591205], [32.1496258, 54.7589169], [32.1578454, 54.7517206], [32.1671862, 54.7490132], [32.1686044, 54.7566099], [32.1637382, 54.762408], [32.1623782, 54.7679736], [32.1626895, 54.7691857], [32.1635218, 54.7695555], [32.1650126, 54.7678609], [32.1677358, 54.7690451], [32.1656997, 54.7705386], [32.1712466, 54.7714001], [32.1709728, 54.7717977], [32.1655106, 54.7706689], [32.1623097, 54.7729593], [32.1591259, 54.7734104], [32.1561528, 54.7749089], [32.1537558, 54.7775448], [32.1500643, 54.7784252], [32.1498325, 54.7789964], [32.1484428, 54.7793403], [32.1451308, 54.7763989], [32.14071, 54.7751605], [32.1400954, 54.7755456], [32.1384315, 54.7750787], [32.1380641, 54.775582], [32.1374129, 54.7754622], [32.1376808, 54.7749892], [32.1346767, 54.7744506], [32.1331502, 54.7785576], [32.130211, 54.7794004], [32.1263459, 54.78207], [32.1248876, 54.7841161], [32.1243049, 54.7840328], [32.1256101, 54.7813191], [32.1285783, 54.7790086], [32.1329101, 54.7770218], [32.1337489, 54.773042], [32.1311466, 54.7734892], [32.1317104, 54.7744607], [32.128969, 54.7746741], [32.1286601, 54.7736174], [32.1222299, 54.7739022], [32.1239185, 54.775386], [32.1236752, 54.7775542], [32.1174706, 54.7785425], [32.1161042, 54.7793504], [32.1152258, 54.7806087], [32.1120681, 54.7803201], [32.111827, 54.7811413], [32.1093582, 54.7827173], [32.1093607, 54.7852614], [32.1073906, 54.7860454], [32.1077154, 54.7887234], [32.1058806, 54.7906323], [32.1078942, 54.7912736], [32.1096967, 54.7911473], [32.112311, 54.7926838], [32.1087094, 54.7937805], [32.1008128, 54.7920129], [32.0984474, 54.7930854], [32.0991878, 54.7968874], [32.0985351, 54.797242], [32.09746, 54.7944336], [32.0932972, 54.7939731], [32.0937445, 54.7892717], [32.0923484, 54.7887245], [32.0903662, 54.7896725], [32.0885274, 54.7896357], [32.0871416, 54.7883207], [32.0849039, 54.7871523], [32.0832606, 54.7876814], [32.0824283, 54.7884939], [32.0802909, 54.7885511], [32.0787169, 54.789225], [32.0784812, 54.7903224], [32.0776467, 54.7906808], [32.0773868, 54.7919471], [32.079011, 54.7929778], [32.080621, 54.7919628], [32.0853907, 54.7944826], [32.0842654, 54.7953497], [32.0866537, 54.796293], [32.0897953, 54.7966476], [32.0965425, 54.7965119], [32.0971514, 54.7983981], [32.1019152, 54.7981577], [32.1021448, 54.7987451], [32.1037064, 54.7977456], [32.1043035, 54.7948794], [32.1074743, 54.7939601], [32.1127427, 54.7985278], [32.1109785, 54.7988117], [32.1131717, 54.8017769], [32.1142396, 54.8017901], [32.1140444, 54.8006517], [32.116249, 54.8012474], [32.11957, 54.8008939], [32.1241199, 54.8020023], [32.1238721, 54.8014793], [32.1254219, 54.8017077], [32.1264206, 54.8011321], [32.1276304, 54.802143], [32.1313328, 54.8001867], [32.1328917, 54.7987077], [32.1311625, 54.7973025], [32.1321379, 54.7971874], [32.1319657, 54.7959429], [32.1309437, 54.7951982], [32.1315351, 54.7947944], [32.1312652, 54.7936757], [32.1279209, 54.7927567], [32.1307054, 54.7923801], [32.1292947, 54.7898194], [32.1294455, 54.7892854], [32.130944, 54.7900103], [32.130634, 54.7894774], [32.1309544, 54.7883629], [32.1334022, 54.788599], [32.1341196, 54.7852352], [32.141212, 54.7805562], [32.1424003, 54.78058], [32.1478384, 54.7826055], [32.1504024, 54.7802997], [32.1583271, 54.7804786], [32.1582492, 54.7814937], [32.1611062, 54.7826267], [32.1612447, 54.7839434], [32.1603633, 54.7843871], [32.153256, 54.7866], [32.144361, 54.790628], [32.143559, 54.791628], [32.143755, 54.793551], [32.143131, 54.794945], [32.135648, 54.79883], [32.133668, 54.800093], [32.129112, 54.804377], [32.126248, 54.805695], [32.121985, 54.806816], [32.107742, 54.805677], [32.100948, 54.805708], [32.094531, 54.803116], [32.0829, 54.799985], [32.079305, 54.799455], [32.072002, 54.796097], [32.065072, 54.794425], [32.062002, 54.792788], [32.055186, 54.791795], [32.0501774, 54.7915941], [32.050634, 54.7894329], [32.0523589, 54.7883317], [32.0525224, 54.7874799], [32.0537483, 54.7863375], [32.0537995, 54.7841665], [32.0513646, 54.7785152], [32.047418, 54.7752277], [32.0445869, 54.7536718]]]}}, {"type": "Feature", "properties": {"rda_code": "SM-17", "rda_name": "NOVODUGINSKY AREA", "osm_name": "Новодугинский муниципальный округ", "match_score": 1.0, "match_reason": "alias:novoduginskii"}, "geometry": {"type": "Polygon", "coordinates": [[[33.453465, 55.7617994], [33.4507457, 55.7253785], [33.4821822, 55.7247653], [33.479582, 55.719584], [33.476389, 55.718155], [33.475669, 55.717085], [33.4758148, 55.7156753], [33.4740798, 55.7156761], [33.4745278, 55.7147418], [33.4732818, 55.714041], [33.473024, 55.713073], [33.47087, 55.712557], [33.4693944, 55.7112784], [33.469714, 55.7106112], [33.4690367, 55.7100794], [33.4699412, 55.7090044], [33.4857663, 55.7077476], [33.4895276, 55.7042139], [33.4915312, 55.7046634], [33.4947922, 55.7045486], [33.4942099, 55.6996266], [33.4998875, 55.6997086], [33.5005444, 55.7037965], [33.5126974, 55.7011329], [33.5114175, 55.6994297], [33.5187102, 55.6983956], [33.525375, 55.710646], [33.527133, 55.709435], [33.528558, 55.707509], [33.530463, 55.707277], [33.5337239, 55.7079396], [33.5343241, 55.7065209], [33.5358673, 55.706135], [33.5350684, 55.7038799], [33.532566, 55.702795], [33.5312363, 55.7014149], [33.534302, 55.700631], [33.5335083, 55.6994904], [33.5344517, 55.6985292], [33.535269, 55.6981317], [33.5370199, 55.698238], [33.5382128, 55.697808], [33.5387289, 55.6970837], [33.5402022, 55.6967466], [33.5396888, 55.6952946], [33.5347681, 55.6936885], [33.5305099, 55.6933537], [33.5341639, 55.691606], [33.5346735, 55.6904408], [33.5344257, 55.6896794], [33.5278868, 55.6863967], [33.5207221, 55.6821486], [33.5174662, 55.6791386], [33.5130624, 55.6774887], [33.511602, 55.676163], [33.510038, 55.67431], [33.510215, 55.673276], [33.508996, 55.67117], [33.5095182, 55.6692751], [33.5116188, 55.6667645], [33.5114475, 55.6661462], [33.524617, 55.6629974], [33.5346698, 55.6591046], [33.5339712, 55.6577055], [33.5355905, 55.65602], [33.5380765, 55.6559644], [33.54357, 55.657577], [33.5480195, 55.6573472], [33.5594186, 55.6582804], [33.5606706, 55.6588553], [33.5668861, 55.6588403], [33.566181, 55.659652], [33.566198, 55.660366], [33.568525, 55.661553], [33.569825, 55.662846], [33.566638, 55.663328], [33.56595, 55.664077], [33.568535, 55.667029], [33.57175, 55.677163], [33.579078, 55.679339], [33.58533, 55.678564], [33.588143, 55.677463], [33.58962, 55.675292], [33.58977, 55.674224], [33.588982, 55.668792], [33.587099, 55.665091], [33.587718, 55.663013], [33.584379, 55.660658], [33.58416, 55.659806], [33.584957, 55.658886], [33.586595, 55.658219], [33.602082, 55.65565], [33.60463, 55.651928], [33.614199, 55.650273], [33.61953, 55.638776], [33.621138, 55.638085], [33.639588, 55.635969], [33.6385, 55.632553], [33.617808, 55.62824], [33.611514, 55.621714], [33.611185, 55.619892], [33.613134, 55.616631], [33.623139, 55.612063], [33.622221, 55.606193], [33.629818, 55.599822], [33.632156, 55.598436], [33.638587, 55.595878], [33.637768, 55.594284], [33.636753, 55.593541], [33.633188, 55.592495], [33.630641, 55.591033], [33.6300024, 55.5899546], [33.6314922, 55.5875986], [33.6331983, 55.5874753], [33.6342555, 55.5864703], [33.6399764, 55.5841337], [33.6463034, 55.5906302], [33.664763, 55.6004762], [33.684519, 55.6031], [33.70508, 55.604064], [33.725397, 55.603513], [33.746642, 55.601998], [33.762398, 55.600048], [33.769128, 55.598632], [33.775271, 55.595584], [33.772347, 55.59289], [33.770818, 55.590318], [33.769988, 55.58996], [33.769738, 55.589251], [33.771016, 55.585704], [33.77023, 55.585206], [33.767364, 55.585466], [33.763157, 55.587666], [33.761022, 55.587167], [33.760806, 55.585608], [33.764137, 55.583402], [33.757485, 55.580302], [33.757476, 55.579258], [33.760497, 55.577245], [33.761636, 55.5758], [33.761734, 55.574446], [33.756313, 55.565221], [33.756362, 55.564392], [33.758364, 55.563536], [33.766276, 55.562707], [33.768523, 55.561934], [33.768962, 55.560138], [33.767937, 55.55942], [33.768088, 55.55838], [33.783858, 55.547765], [33.8056609, 55.5302205], [33.8169016, 55.5302313], [33.8178639, 55.5273604], [33.8232971, 55.525139], [33.8290228, 55.5164418], [33.848998, 55.513096], [33.860927, 55.51176], [33.871376, 55.511403], [33.871457, 55.512929], [33.872656, 55.515624], [33.871687, 55.51688], [33.873196, 55.517103], [33.875422, 55.518273], [33.875729, 55.519267], [33.897634, 55.512686], [33.898804, 55.51125], [33.899511, 55.509519], [33.899169, 55.509104], [33.9024327, 55.5050847], [33.9059, 55.4971842], [33.8991931, 55.4927291], [33.8999863, 55.4908146], [33.8978032, 55.4888574], [33.8909423, 55.4866691], [33.8794809, 55.4807726], [33.8726387, 55.4805772], [33.8672598, 55.4759781], [33.8661269, 55.4708527], [33.8452514, 55.4670113], [33.8448856, 55.4626945], [33.8453021, 55.4571527], [33.8557121, 55.447253], [33.8471322, 55.4430541], [33.833605, 55.441585], [33.834595, 55.425598], [33.8386092, 55.4239655], [33.839886, 55.424125], [33.8400739, 55.4223881], [33.8426547, 55.4217375], [33.8424613, 55.4211455], [33.842856, 55.4208224], [33.8443505, 55.4210736], [33.845315, 55.422113], [33.848914, 55.423428], [33.853425, 55.424054], [33.856592, 55.42595], [33.856718, 55.426973], [33.868535, 55.427401], [33.880777, 55.426071], [33.888903, 55.424586], [33.895172, 55.422585], [33.899225, 55.420274], [33.903468, 55.415951], [33.905853, 55.412009], [33.908871, 55.415639], [33.909314, 55.417484], [33.910433, 55.418837], [33.924173, 55.421795], [33.929766, 55.422011], [33.931497, 55.42273], [33.932764, 55.425376], [33.937449, 55.426035], [33.938547, 55.427017], [33.939159, 55.429353], [33.937534, 55.431018], [33.933545, 55.432718], [33.934157, 55.436815], [33.935824, 55.438192], [33.942304, 55.440061], [33.951169, 55.446337], [33.953955, 55.447403], [33.95729, 55.447858], [33.964635, 55.447989], [33.976962, 55.449091], [33.983421, 55.449235], [33.986777, 55.448624], [33.998216, 55.442899], [34.004717, 55.440408], [34.017403, 55.440156], [34.01907, 55.439306], [34.021308, 55.433198], [34.021642, 55.432533], [34.022279, 55.432407], [34.024664, 55.433976], [34.028611, 55.438072], [34.030953, 55.439043], [34.033908, 55.43939], [34.042921, 55.43866], [34.049253, 55.439294], [34.0622686, 55.4427363], [34.0657845, 55.4450011], [34.0672497, 55.444327], [34.0708653, 55.4458645], [34.0726582, 55.4449713], [34.0758541, 55.444889], [34.0757069, 55.4478099], [34.0767513, 55.4495262], [34.0794742, 55.4518132], [34.086613, 55.4506], [34.095056, 55.451032], [34.09611, 55.451355], [34.097757, 55.453319], [34.103983, 55.452469], [34.10774, 55.453283], [34.109893, 55.453032], [34.114812, 55.451152], [34.120616, 55.450253], [34.149448, 55.449211], [34.1544429, 55.4499063], [34.1568034, 55.4479197], [34.1608127, 55.4455382], [34.1598508, 55.4436566], [34.1560197, 55.4394228], [34.157577, 55.4357419], [34.156487, 55.4348987], [34.1653192, 55.4356033], [34.168233, 55.436527], [34.181889, 55.437006], [34.190353, 55.435856], [34.199872, 55.432934], [34.192232, 55.428479], [34.192274, 55.426215], [34.190818, 55.424382], [34.189889, 55.422119], [34.181974, 55.418861], [34.190354, 55.408261], [34.193456, 55.405147], [34.198184, 55.404128], [34.200253, 55.404512], [34.205002, 55.40674], [34.208273, 55.406871], [34.214964, 55.405769], [34.216716, 55.406548], [34.220494, 55.411195], [34.224504, 55.412309], [34.267626, 55.412225], [34.269356, 55.412944], [34.271932, 55.415974], [34.277947, 55.425376], [34.280311, 55.426682], [34.280375, 55.43097], [34.28276, 55.434635], [34.28582, 55.437509], [34.290569, 55.439342], [34.292637, 55.43927], [34.298189, 55.436384], [34.30412, 55.435964], [34.306842, 55.438694], [34.30901, 55.439273], [34.3192336, 55.4395491], [34.3193223, 55.4381176], [34.3229328, 55.4371592], [34.3228243, 55.4352707], [34.3234218, 55.4324536], [34.3251378, 55.4296959], [34.3349961, 55.433165], [34.3416478, 55.4363636], [34.3442788, 55.436261], [34.3519079, 55.438209], [34.3625027, 55.4342421], [34.365541, 55.432575], [34.3680854, 55.4323401], [34.3659143, 55.4356465], [34.3712622, 55.4400889], [34.3748487, 55.440057], [34.3794146, 55.4392491], [34.3854395, 55.4409259], [34.3958541, 55.4413776], [34.4006159, 55.4430404], [34.4032457, 55.4463153], [34.3959317, 55.4490474], [34.396294, 55.450565], [34.395112, 55.452925], [34.395407, 55.455703], [34.397624, 55.458015], [34.402795, 55.46005], [34.414235, 55.461308], [34.42167, 55.46121], [34.422825, 55.462099], [34.422994, 55.462841], [34.41738, 55.46677], [34.42462, 55.472004], [34.416683, 55.478975], [34.414382, 55.483466], [34.415121, 55.485119], [34.424218, 55.492282], [34.428503, 55.497288], [34.425928, 55.500438], [34.419047, 55.500534], [34.417, 55.501516], [34.415944, 55.503001], [34.416683, 55.504558], [34.418773, 55.505445], [34.426963, 55.504367], [34.425717, 55.517566], [34.429115, 55.533771], [34.432408, 55.53552], [34.448935, 55.535999], [34.454422, 55.53752], [34.4667299, 55.5378288], [34.470211, 55.536849], [34.473672, 55.537017], [34.474411, 55.537783], [34.475551, 55.537256], [34.477704, 55.537285], [34.480236, 55.535703], [34.482653, 55.535804], [34.484933, 55.534091], [34.4864, 55.534562], [34.487688, 55.533744], [34.488647, 55.535207], [34.490156, 55.534986], [34.49976, 55.538467], [34.504816, 55.537948], [34.507686, 55.538438], [34.510029, 55.537757], [34.511084, 55.535362], [34.512783, 55.534861], [34.51483, 55.535386], [34.51635, 55.536545], [34.51672, 55.537202], [34.515643, 55.538378], [34.515633, 55.540487], [34.516382, 55.540815], [34.521711, 55.539471], [34.522239, 55.538432], [34.528751, 55.533332], [34.528783, 55.532663], [34.527696, 55.531803], [34.526513, 55.529355], [34.526397, 55.528554], [34.526988, 55.527831], [34.545816, 55.521382], [34.561255, 55.525341], [34.591164, 55.517255], [34.593623, 55.515835], [34.598583, 55.511791], [34.605295, 55.510752], [34.618213, 55.509761], [34.640204, 55.505064], [34.641386, 55.505967], [34.642399, 55.508391], [34.642145, 55.510008], [34.634378, 55.522271], [34.632774, 55.526977], [34.632943, 55.529639], [34.633618, 55.532539], [34.638262, 55.540858], [34.640457, 55.543282], [34.642905, 55.544328], [34.649153, 55.544708], [34.650926, 55.546039], [34.6549072, 55.5469254], [34.6532423, 55.5498407], [34.648055, 55.549794], [34.645523, 55.550222], [34.644471, 55.550849], [34.644703, 55.551475], [34.647718, 55.553359], [34.647633, 55.554262], [34.646958, 55.55488], [34.644172, 55.555831], [34.644256, 55.55816], [34.643074, 55.566859], [34.643918, 55.570614], [34.648562, 55.573038], [34.6489, 55.574227], [34.648393, 55.579551], [34.648646, 55.581167], [34.652614, 55.583628], [34.655401, 55.586775], [34.654979, 55.588059], [34.653797, 55.588772], [34.649663, 55.589282], [34.648765, 55.592824], [34.647263, 55.592952], [34.645752, 55.594751], [34.644315, 55.595292], [34.642483, 55.595569], [34.641132, 55.594096], [34.637249, 55.592337], [34.634813, 55.591879], [34.631469, 55.593092], [34.623402, 55.598517], [34.624246, 55.600989], [34.6258, 55.602555], [34.640879, 55.60983], [34.642367, 55.610185], [34.643224, 55.610946], [34.647464, 55.611921], [34.647464, 55.612587], [34.644727, 55.614996], [34.640367, 55.616249], [34.637502, 55.617815], [34.636995, 55.619432], [34.634853, 55.621452], [34.636281, 55.622565], [34.636602, 55.623414], [34.635813, 55.625659], [34.634443, 55.627233], [34.631266, 55.62759], [34.625344, 55.629129], [34.625006, 55.629556], [34.631761, 55.630555], [34.639106, 55.634119], [34.645607, 55.634547], [34.648961, 55.635313], [34.650588, 55.63431], [34.652445, 55.633929], [34.665532, 55.635545], [34.667727, 55.633549], [34.669078, 55.632979], [34.671273, 55.632884], [34.674313, 55.633739], [34.6863166, 55.6342269], [34.694828, 55.647287], [34.695588, 55.648665], [34.695503, 55.651375], [34.696263, 55.652088], [34.70116, 55.652183], [34.713909, 55.654607], [34.723027, 55.658647], [34.733158, 55.664589], [34.74253, 55.668915], [34.737211, 55.675475], [34.731723, 55.680893], [34.725821, 55.682918], [34.71965, 55.68289], [34.713993, 55.683698], [34.708922, 55.686981], [34.709772, 55.687358], [34.709789, 55.687922], [34.708521, 55.68873], [34.708083, 55.689687], [34.708252, 55.69097], [34.713402, 55.696341], [34.712811, 55.698243], [34.711798, 55.699431], [34.699472, 55.705373], [34.693984, 55.706419], [34.690522, 55.705944], [34.68858, 55.705135], [34.685035, 55.702521], [34.680222, 55.701951], [34.673786, 55.702045], [34.66722, 55.703139], [34.666123, 55.705088], [34.664856, 55.710792], [34.658018, 55.717447], [34.657427, 55.718493], [34.659875, 55.727905], [34.66207, 55.730709], [34.66359, 55.733941], [34.664012, 55.735843], [34.663676, 55.737019], [34.656414, 55.740073], [34.636273, 55.746137], [34.632943, 55.745492], [34.607029, 55.735052], [34.600459, 55.725321], [34.584122, 55.718011], [34.574962, 55.715328], [34.564788, 55.713358], [34.521857, 55.709039], [34.521519, 55.708089], [34.51907, 55.705953], [34.521181, 55.695226], [34.520126, 55.693517], [34.51202, 55.691546], [34.511422, 55.691045], [34.511428, 55.690371], [34.512949, 55.688129], [34.510965, 55.687037], [34.509471, 55.687045], [34.507419, 55.688603], [34.505351, 55.688912], [34.500897, 55.687383], [34.498915, 55.685854], [34.496107, 55.685196], [34.494508, 55.68412], [34.493784, 55.682433], [34.4918, 55.680511], [34.484104, 55.673907], [34.483541, 55.672485], [34.474661, 55.666484], [34.472044, 55.666484], [34.460942, 55.670186], [34.458198, 55.672844], [34.457734, 55.673913], [34.458072, 55.674506], [34.462588, 55.676879], [34.462968, 55.678066], [34.462293, 55.678992], [34.4482816, 55.6893836], [34.444502, 55.6874618], [34.4420689, 55.6887492], [34.4362841, 55.6937579], [34.426694, 55.6935194], [34.4174267, 55.6982893], [34.408091, 55.695914], [34.407415, 55.695368], [34.406866, 55.693541], [34.402898, 55.692876], [34.392302, 55.698809], [34.384408, 55.699735], [34.364103, 55.696531], [34.35891, 55.69627], [34.358296, 55.697497], [34.359037, 55.701515], [34.358646, 55.702074], [34.354942, 55.703509], [34.343545, 55.70256], [34.332823, 55.701017], [34.330627, 55.700328], [34.327926, 55.697884], [34.327039, 55.697599], [34.313193, 55.697528], [34.312222, 55.697077], [34.305595, 55.691784], [34.297194, 55.68381], [34.293395, 55.673461], [34.26051, 55.679751], [34.252405, 55.680059], [34.250717, 55.679846], [34.249788, 55.679229], [34.248395, 55.674601], [34.245524, 55.672868], [34.220027, 55.668975], [34.215637, 55.669759], [34.210403, 55.675621], [34.207659, 55.676974], [34.20483, 55.676927], [34.193179, 55.674007], [34.187692, 55.674909], [34.180178, 55.67377], [34.1768, 55.672916], [34.1763961, 55.6723593], [34.1726336, 55.6730112], [34.1701228, 55.6747828], [34.1706747, 55.675402], [34.1683566, 55.6771139], [34.1675426, 55.6796671], [34.164515, 55.684996], [34.159956, 55.687749], [34.159788, 55.68896], [34.162363, 55.690503], [34.161223, 55.692971], [34.160379, 55.693422], [34.123653, 55.69945], [34.096805, 55.70517], [34.095876, 55.705099], [34.093934, 55.703841], [34.096974, 55.70059], [34.097143, 55.699], [34.096467, 55.698264], [34.091613, 55.696413], [34.079792, 55.696318], [34.077555, 55.694941], [34.077344, 55.694324], [34.078272, 55.692734], [34.078019, 55.692116], [34.072996, 55.690028], [34.0605665, 55.6922518], [34.028704, 55.6911448], [34.0278193, 55.6940116], [34.0225664, 55.6972137], [34.02425, 55.7005452], [34.029051, 55.701207], [34.029389, 55.702014], [34.029684, 55.713904], [34.0305832, 55.7196033], [34.0296, 55.721951], [34.02483, 55.725985], [34.019595, 55.727765], [33.98498, 55.729379], [33.980969, 55.729142], [33.978268, 55.730162], [33.966659, 55.739205], [33.964253, 55.742528], [33.963451, 55.743785], [33.963155, 55.745447], [33.964928, 55.749885], [33.962775, 55.753825], [33.960918, 55.755463], [33.94112, 55.766642], [33.935336, 55.767923], [33.927611, 55.767211], [33.920646, 55.767567], [33.91482, 55.768849], [33.911359, 55.770202], [33.908657, 55.772504], [33.907348, 55.775234], [33.90718, 55.776776], [33.908995, 55.779957], [33.913554, 55.783445], [33.920562, 55.78748], [33.920435, 55.787978], [33.912288, 55.7932], [33.903845, 55.792275], [33.895824, 55.789877], [33.892447, 55.78964], [33.872733, 55.794767], [33.862982, 55.796404], [33.862771, 55.796902], [33.864713, 55.800415], [33.864544, 55.80089], [33.85952, 55.801816], [33.859183, 55.802243], [33.859478, 55.808176], [33.85914, 55.80858], [33.845885, 55.813018], [33.843605, 55.816507], [33.836598, 55.819901], [33.831532, 55.827828], [33.830899, 55.828279], [33.82558, 55.828635], [33.824651, 55.828303], [33.819036, 55.823223], [33.818277, 55.823034], [33.797929, 55.829205], [33.747273, 55.829157], [33.74664, 55.828825], [33.746091, 55.816056], [33.742545, 55.813279], [33.737944, 55.812282], [33.725111, 55.812496], [33.723085, 55.813256], [33.718315, 55.818097], [33.715317, 55.81824], [33.711687, 55.817528], [33.704046, 55.81468], [33.701386, 55.813231], [33.700669, 55.809078], [33.701175, 55.800582], [33.700542, 55.800368], [33.687582, 55.800558], [33.686063, 55.803074], [33.685134, 55.803359], [33.619492, 55.803572], [33.617508, 55.802789], [33.617719, 55.801199], [33.61869, 55.7993], [33.617888, 55.795645], [33.616326, 55.793769], [33.609614, 55.790257], [33.604506, 55.788951], [33.600031, 55.788999], [33.591419, 55.790423], [33.575504, 55.791989], [33.563094, 55.792701], [33.55178, 55.791823], [33.545195, 55.78907], [33.5288139, 55.7803694], [33.5221714, 55.7791186], [33.5190315, 55.7804115], [33.5119528, 55.7796543], [33.510281, 55.7765851], [33.499526, 55.7705585], [33.4871034, 55.7607796], [33.453465, 55.7617994]]]}}, {"type": "Feature", "properties": {"rda_code": "SM-23", "rda_name": "SYCHEVSKY AREA / incl. SYChEVKA/", "osm_name": "Сычёвский муниципальный округ", "match_score": 1.0, "match_reason": "alias:сычевскии"}, "geometry": {"type": "Polygon", "coordinates": [[[33.5373274, 55.8137583], [33.5335909, 55.79123], [33.5328803, 55.7896332], [33.5350307, 55.7887186], [33.5381242, 55.7887418], [33.5415244, 55.7872015], [33.550472, 55.791467], [33.56073, 55.792725], [33.575504, 55.791989], [33.591419, 55.790423], [33.600031, 55.788999], [33.604506, 55.788951], [33.609614, 55.790257], [33.616326, 55.793769], [33.617888, 55.795645], [33.61869, 55.7993], [33.617719, 55.801199], [33.617508, 55.802789], [33.619492, 55.803572], [33.685134, 55.803359], [33.686063, 55.803074], [33.687582, 55.800558], [33.700542, 55.800368], [33.701175, 55.800582], [33.700669, 55.809078], [33.701386, 55.813231], [33.704046, 55.81468], [33.711687, 55.817528], [33.715317, 55.81824], [33.718315, 55.818097], [33.723085, 55.813256], [33.725111, 55.812496], [33.737944, 55.812282], [33.742545, 55.813279], [33.746091, 55.816056], [33.74664, 55.828825], [33.747273, 55.829157], [33.797929, 55.829205], [33.818277, 55.823034], [33.819036, 55.823223], [33.824651, 55.828303], [33.82558, 55.828635], [33.830899, 55.828279], [33.836598, 55.819901], [33.843605, 55.816507], [33.845885, 55.813018], [33.85914, 55.80858], [33.859478, 55.808176], [33.859183, 55.802243], [33.85952, 55.801816], [33.864544, 55.80089], [33.864713, 55.800415], [33.862771, 55.796902], [33.862982, 55.796404], [33.872733, 55.794767], [33.892447, 55.78964], [33.895824, 55.789877], [33.903845, 55.792275], [33.912288, 55.7932], [33.920435, 55.787978], [33.920562, 55.78748], [33.913554, 55.783445], [33.908995, 55.779957], [33.90718, 55.776776], [33.907348, 55.775234], [33.908657, 55.772504], [33.911359, 55.770202], [33.91482, 55.768849], [33.920646, 55.767567], [33.927611, 55.767211], [33.935336, 55.767923], [33.94112, 55.766642], [33.960918, 55.755463], [33.962775, 55.753825], [33.964928, 55.749885], [33.963155, 55.745447], [33.963451, 55.743785], [33.964253, 55.742528], [33.966659, 55.739205], [33.978268, 55.730162], [33.980969, 55.729142], [33.98498, 55.729379], [34.019595, 55.727765], [34.02483, 55.725985], [34.0296, 55.721951], [34.0305832, 55.7196033], [34.029684, 55.713904], [34.029389, 55.702014], [34.029051, 55.701207], [34.02425, 55.7005452], [34.0225664, 55.6972137], [34.0278193, 55.6940116], [34.028704, 55.6911448], [34.0605665, 55.6922518], [34.072996, 55.690028], [34.078019, 55.692116], [34.078272, 55.692734], [34.077344, 55.694324], [34.077555, 55.694941], [34.079792, 55.696318], [34.091613, 55.696413], [34.096467, 55.698264], [34.097143, 55.699], [34.096974, 55.70059], [34.093934, 55.703841], [34.095876, 55.705099], [34.096805, 55.70517], [34.123653, 55.69945], [34.160379, 55.693422], [34.161223, 55.692971], [34.162363, 55.690503], [34.159788, 55.68896], [34.159956, 55.687749], [34.164515, 55.684996], [34.1675426, 55.6796671], [34.1683566, 55.6771139], [34.1706747, 55.675402], [34.1701228, 55.6747828], [34.1726336, 55.6730112], [34.1763961, 55.6723593], [34.1768, 55.672916], [34.180178, 55.67377], [34.187692, 55.674909], [34.193179, 55.674007], [34.20483, 55.676927], [34.207659, 55.676974], [34.210403, 55.675621], [34.215637, 55.669759], [34.220027, 55.668975], [34.245524, 55.672868], [34.248395, 55.674601], [34.249788, 55.679229], [34.250717, 55.679846], [34.252405, 55.680059], [34.26051, 55.679751], [34.293395, 55.673461], [34.297194, 55.68381], [34.305595, 55.691784], [34.312222, 55.697077], [34.313193, 55.697528], [34.327039, 55.697599], [34.327926, 55.697884], [34.330627, 55.700328], [34.332823, 55.701017], [34.353592, 55.703533], [34.354942, 55.703509], [34.358646, 55.702074], [34.359079, 55.700898], [34.358296, 55.697497], [34.35891, 55.69627], [34.364103, 55.696531], [34.384408, 55.699735], [34.392302, 55.698809], [34.402898, 55.692876], [34.406866, 55.693541], [34.407415, 55.695368], [34.408091, 55.695914], [34.4174267, 55.6982893], [34.426694, 55.6935194], [34.4362841, 55.6937579], [34.4420689, 55.6887492], [34.444502, 55.6874618], [34.4482816, 55.6893836], [34.462293, 55.678992], [34.462968, 55.678066], [34.462588, 55.676879], [34.458072, 55.674506], [34.457734, 55.673913], [34.458198, 55.672844], [34.460942, 55.670186], [34.472044, 55.666484], [34.474661, 55.666484], [34.483541, 55.672485], [34.484104, 55.673907], [34.4918, 55.680511], [34.493784, 55.682433], [34.494508, 55.68412], [34.496107, 55.685196], [34.498915, 55.685854], [34.500897, 55.687383], [34.505351, 55.688912], [34.507419, 55.688603], [34.509471, 55.687045], [34.510965, 55.687037], [34.512949, 55.688129], [34.511428, 55.690371], [34.511422, 55.691045], [34.51202, 55.691546], [34.520126, 55.693517], [34.521181, 55.695226], [34.51907, 55.705953], [34.521519, 55.708089], [34.521857, 55.709039], [34.564788, 55.713358], [34.578128, 55.716159], [34.587288, 55.719292], [34.600459, 55.725321], [34.607392, 55.735716], [34.608659, 55.744798], [34.608406, 55.745792], [34.606675, 55.74792], [34.594982, 55.757475], [34.5816, 55.767219], [34.578223, 55.770293], [34.577168, 55.771642], [34.575606, 55.775284], [34.57493, 55.778618], [34.574888, 55.779825], [34.576492, 55.782237], [34.58084, 55.785477], [34.583078, 55.787795], [34.585509, 55.801257], [34.586764, 55.802696], [34.586835, 55.804894], [34.588017, 55.807283], [34.590718, 55.809293], [34.596755, 55.815087], [34.597557, 55.816672], [34.588744, 55.821553], [34.584175, 55.8232], [34.578223, 55.824264], [34.572397, 55.826416], [34.568303, 55.828568], [34.571891, 55.830058], [34.572608, 55.830933], [34.574508, 55.831879], [34.574466, 55.833204], [34.5803127, 55.8386902], [34.5834607, 55.8431], [34.585934, 55.8431132], [34.587501, 55.8487731], [34.5886996, 55.8558308], [34.5918709, 55.864115], [34.5878552, 55.8683154], [34.58561, 55.867497], [34.582191, 55.867284], [34.57168, 55.869058], [34.556145, 55.8692], [34.550826, 55.86991], [34.549095, 55.870879], [34.543228, 55.878542], [34.541328, 55.879772], [34.534912, 55.881333], [34.531661, 55.882633], [34.528664, 55.884762], [34.527566, 55.886441], [34.526891, 55.889752], [34.524654, 55.894861], [34.524527, 55.895901], [34.525371, 55.898219], [34.527988, 55.899449], [34.531492, 55.900348], [34.544029, 55.900324], [34.547449, 55.901105], [34.550193, 55.90276], [34.550995, 55.90451], [34.550953, 55.905764], [34.549602, 55.907916], [34.547786, 55.914302], [34.546351, 55.91669], [34.544241, 55.91941], [34.539724, 55.92317], [34.53871, 55.924755], [34.538246, 55.92861], [34.539217, 55.930147], [34.5394188, 55.9314081], [34.537996, 55.9366241], [34.5326021, 55.9383429], [34.5232369, 55.9391726], [34.515294, 55.9450998], [34.5179015, 55.9548207], [34.5103143, 55.9600366], [34.492387, 55.9657298], [34.4876244, 55.9658212], [34.479644, 55.961686], [34.4725372, 55.961931], [34.4705441, 55.9637795], [34.4683705, 55.9738165], [34.4606813, 55.9814746], [34.4480607, 55.9791463], [34.4318554, 55.9900513], [34.4111403, 55.9898471], [34.4086399, 55.9957628], [34.4083693, 55.9975042], [34.4073128, 55.9991447], [34.4049215, 55.9986361], [34.4027246, 55.9987699], [34.3954008, 56.001224], [34.39495, 56.0021049], [34.3965475, 56.0053504], [34.3976809, 56.0058459], [34.3910207, 56.012964], [34.3867045, 56.0155972], [34.3841589, 56.0144802], [34.3820801, 56.0142727], [34.3805535, 56.0147335], [34.3797935, 56.015537], [34.3798231, 56.0172783], [34.3817527, 56.0215696], [34.3815485, 56.0226778], [34.379656, 56.0235482], [34.3772097, 56.02385], [34.3728308, 56.0228593], [34.3678685, 56.0154454], [34.3637676, 56.0148464], [34.3616915, 56.0153128], [34.3561423, 56.0180892], [34.3533871, 56.0180132], [34.351475, 56.0170927], [34.3504454, 56.0153019], [34.348893, 56.0141276], [34.3455587, 56.013811], [34.34113, 56.0146268], [34.3375407, 56.0139978], [34.3360196, 56.0121688], [34.3390727, 56.0067696], [34.3386099, 56.00519], [34.3323445, 56.0037959], [34.3297248, 56.0011224], [34.3253891, 55.9987432], [34.3233508, 55.9950466], [34.3221383, 55.9945029], [34.3069716, 55.9947832], [34.3046151, 55.9954885], [34.3020875, 55.9967635], [34.3015745, 55.9973631], [34.3017523, 55.9980153], [34.3086206, 55.9998045], [34.3092438, 56.0005363], [34.3055332, 56.0037631], [34.3040939, 56.0064036], [34.3027674, 56.0076396], [34.2986585, 56.0079636], [34.2962519, 56.0073105], [34.2911017, 56.0169226], [34.2796125, 56.0206568], [34.2780094, 56.0220269], [34.2723343, 56.0216898], [34.268322, 56.0235556], [34.266514, 56.0253527], [34.2640297, 56.0261955], [34.2608569, 56.0257136], [34.2581657, 56.0242961], [34.2564501, 56.0222909], [34.2546098, 56.0178239], [34.2516383, 56.0165655], [34.2504687, 56.0165871], [34.2452426, 56.0196213], [34.2433141, 56.0216057], [34.2440042, 56.0223637], [34.2487327, 56.0246972], [34.2490348, 56.0254545], [34.248045, 56.0261182], [34.2395711, 56.0294203], [34.2335254, 56.0298019], [34.2276217, 56.0292451], [34.2241356, 56.0309], [34.2239928, 56.0322975], [34.2251049, 56.0328155], [34.2284327, 56.0334523], [34.2351346, 56.0358604], [34.236601, 56.0377512], [34.2364138, 56.0394969], [34.2329809, 56.0407712], [34.2306668, 56.0406089], [34.223575, 56.0384485], [34.2206071, 56.0379986], [34.2170157, 56.0356483], [34.2156802, 56.0354664], [34.2158488, 56.0382773], [34.2171074, 56.0392389], [34.2073927, 56.0405796], [34.2045269, 56.0399792], [34.2089817, 56.0520082], [34.1893322, 56.0560306], [34.1846452, 56.0594614], [34.1727595, 56.0625245], [34.1582501, 56.063054], [34.1478552, 56.0589707], [34.1429542, 56.0541919], [34.1369503, 56.0525989], [34.1272377, 56.0527578], [34.1190301, 56.0516184], [34.1088605, 56.0426734], [34.1060603, 56.0422946], [34.1045412, 56.0434085], [34.1011104, 56.0423057], [34.1022133, 56.0402227], [34.0957193, 56.0381395], [34.0855314, 56.0267888], [34.0825674, 56.0273194], [34.0826369, 56.0278], [34.081942, 56.0277708], [34.0813252, 56.0283728], [34.079783, 56.0284375], [34.0787539, 56.0311492], [34.0720526, 56.0306299], [34.0665267, 56.0290717], [34.0595932, 56.0373738], [34.0489735, 56.0402218], [34.03525, 56.0400991], [34.0293684, 56.042182], [34.0297053, 56.0451228], [34.0168393, 56.0483084], [34.0133152, 56.0483681], [34.014825, 56.0440695], [33.9998754, 56.0400781], [33.9975166, 56.0413035], [33.9816426, 56.0421812], [33.9722074, 56.047695], [33.9632482, 56.0518708], [33.9581395, 56.0523506], [33.9528609, 56.0516921], [33.9424218, 56.0516105], [33.9292714, 56.0540824], [33.9361839, 56.0601099], [33.9267781, 56.0643586], [33.9155051, 56.0670541], [33.9028846, 56.0628878], [33.8918262, 56.0620299], [33.888763, 56.0608045], [33.8907236, 56.0594567], [33.8904877, 56.0567352], [33.8769697, 56.0544327], [33.8760421, 56.058511], [33.8686826, 56.0571721], [33.865574, 56.0595788], [33.8636135, 56.0598239], [33.8638609, 56.014426], [33.798613, 56.014915], [33.7927318, 56.0095236], [33.7927319, 56.0078081], [33.8025345, 56.006828], [33.8041684, 56.0054206], [33.8117415, 56.0060619], [33.8145838, 56.0042857], [33.8132737, 56.0005297], [33.808539, 55.9971078], [33.8035153, 55.9961065], [33.802045, 55.9936559], [33.8040148, 55.9895866], [33.8025007, 55.9865504], [33.8031483, 55.9829957], [33.8071919, 55.9826281], [33.8101327, 55.9801776], [33.8093525, 55.9777937], [33.8096415, 55.9754991], [33.811726, 55.9742042], [33.801556, 55.9710182], [33.7960423, 55.9681999], [33.8053548, 55.9645241], [33.8127067, 55.9642791], [33.8157701, 55.9625638], [33.8216516, 55.9620737], [33.8206908, 55.9601712], [33.8206716, 55.9577851], [33.817731, 55.9541091], [33.816751, 55.9500656], [33.8135653, 55.9482275], [33.8091543, 55.9445515], [33.8062136, 55.9436938], [33.803273, 55.9401403], [33.8025076, 55.9329109], [33.7982038, 55.9323831], [33.7927051, 55.9327882], [33.7887842, 55.9305826], [33.7772663, 55.9300923], [33.768934, 55.9336456], [33.7727323, 55.936954], [33.7749379, 55.9363414], [33.7798388, 55.942468], [33.7782459, 55.9440609], [33.7743249, 55.9438158], [33.7673098, 55.947124], [33.7598354, 55.947369], [33.7560368, 55.9504322], [33.7484398, 55.9512898], [33.7394644, 55.9505544], [33.7344406, 55.9507994], [33.7352982, 55.9539853], [33.7382389, 55.9544754], [33.7401993, 55.956681], [33.7360332, 55.9572936], [33.7224019, 55.9523921], [33.714437, 55.9596214], [33.6960267, 55.9585183], [33.6962721, 55.9532494], [33.6718883, 55.9542293], [33.6688188, 55.9555716], [33.6618966, 55.9559797], [33.6601065, 55.9574847], [33.6574957, 55.9565014], [33.6509242, 55.9564046], [33.6515973, 55.9585482], [33.638774, 55.9596508], [33.6386517, 55.9558523], [33.6358336, 55.9538918], [33.6353435, 55.9522988], [33.6469841, 55.9492664], [33.6464852, 55.9394712], [33.6469489, 55.9356061], [33.6460048, 55.9301821], [33.6527441, 55.9287118], [33.6649973, 55.9279768], [33.6729617, 55.9298149], [33.6707564, 55.9244235], [33.6734523, 55.9206251], [33.6706342, 55.9179293], [33.6669586, 55.9115576], [33.6625477, 55.9082799], [33.6717391, 55.9026965], [33.6755364, 55.8992127], [33.6598025, 55.9017841], [33.65063, 55.8514142], [33.6480694, 55.8444846], [33.6313973, 55.845145], [33.6036746, 55.8473501], [33.5757611, 55.848673], [33.5695117, 55.8129347], [33.5373274, 55.8137583]]]}}, {"type": "Feature", "properties": {"rda_code": "SM-19", "rda_name": "ROSLAVLSKY AREA / incl. ROSLAVL/", "osm_name": "Рославльский муниципальный округ", "match_score": 1.0, "match_reason": "alias:roslavlsky"}, "geometry": {"type": "Polygon", "coordinates": [[[32.5775078, 53.9823671], [32.5815094, 53.9814744], [32.5816809, 53.9807024], [32.5826121, 53.9803002], [32.5846282, 53.9821803], [32.5856035, 53.9806551], [32.587109, 53.9794609], [32.5844235, 53.9765179], [32.5820399, 53.9755686], [32.580805, 53.9733929], [32.5790921, 53.9730616], [32.5793448, 53.9725811], [32.5831087, 53.9733881], [32.5843716, 53.9730241], [32.584397, 53.9726012], [32.5823446, 53.9715492], [32.5819531, 53.9708104], [32.5844616, 53.9680893], [32.5846127, 53.9670199], [32.585479, 53.96666], [32.5880746, 53.9674076], [32.5887217, 53.9668857], [32.5880117, 53.9661509], [32.5826737, 53.965249], [32.5821574, 53.9645743], [32.5864556, 53.9639453], [32.5864844, 53.9627534], [32.589339, 53.962406], [32.5950715, 53.963256], [32.5967096, 53.9614769], [32.595221, 53.958508], [32.590387, 53.9534176], [32.5905665, 53.9522277], [32.5919237, 53.9511049], [32.5906086, 53.9503236], [32.5876754, 53.9513067], [32.5872631, 53.9507355], [32.5875692, 53.9495184], [32.5865323, 53.9483864], [32.5891816, 53.940936], [32.5910388, 53.9388948], [32.5917596, 53.9354421], [32.5914087, 53.932796], [32.5894415, 53.9297062], [32.5892987, 53.9282069], [32.5915125, 53.9242839], [32.5916565, 53.9230624], [32.5900898, 53.9207214], [32.5886214, 53.9196478], [32.588873, 53.918542], [32.5914818, 53.9166782], [32.5862905, 53.9170141], [32.5853517, 53.9159574], [32.5855475, 53.915369], [32.5877066, 53.9157779], [32.5901412, 53.9146828], [32.5886865, 53.9132767], [32.5882699, 53.9112357], [32.5913384, 53.9108001], [32.5924848, 53.9094435], [32.5921429, 53.9076967], [32.5906009, 53.9063474], [32.5906615, 53.9057327], [32.5920674, 53.9056932], [32.5938016, 53.906441], [32.5945966, 53.9059702], [32.5953363, 53.9045759], [32.5953805, 53.9034591], [32.5946118, 53.9024492], [32.5927635, 53.9014632], [32.5923957, 53.9000118], [32.5895521, 53.8999874], [32.5889992, 53.8996824], [32.588897, 53.898914], [32.592766, 53.898827], [32.595803, 53.897314], [32.600849, 53.896972], [32.601942, 53.896343], [32.603563, 53.892852], [32.60722, 53.889025], [32.609662, 53.887342], [32.613016, 53.887124], [32.627334, 53.890051], [32.629892, 53.889818], [32.631966, 53.888918], [32.636938, 53.883636], [32.628915, 53.8793], [32.631613, 53.878302], [32.63327, 53.878949], [32.636316, 53.87832], [32.638904, 53.876172], [32.639061, 53.875678], [32.638444, 53.874913], [32.638798, 53.873706], [32.643658, 53.872147], [32.643783, 53.87111], [32.642186, 53.869398], [32.641977, 53.867107], [32.642366, 53.866119], [32.64675, 53.864268], [32.648759, 53.861403], [32.651308, 53.860015], [32.644425, 53.854202], [32.642289, 53.85019], [32.638984, 53.84657], [32.637467, 53.843751], [32.636682, 53.841399], [32.637123, 53.838938], [32.638848, 53.83681], [32.641475, 53.835165], [32.644518, 53.834547], [32.652913, 53.834315], [32.67638, 53.829451], [32.684419, 53.82879], [32.689443, 53.827626], [32.689325, 53.82661], [32.684026, 53.820361], [32.683596, 53.817044], [32.679374, 53.814577], [32.677699, 53.811925], [32.671282, 53.807615], [32.6658, 53.80572], [32.66422, 53.804009], [32.663704, 53.802085], [32.659761, 53.801678], [32.65933, 53.79685], [32.659958, 53.795613], [32.66195, 53.793715], [32.66791, 53.791507], [32.678288, 53.790526], [32.682235, 53.787181], [32.681539, 53.785898], [32.679793, 53.78449], [32.666911, 53.778639], [32.659633, 53.773297], [32.659836, 53.77184], [32.663203, 53.771868], [32.663739, 53.771151], [32.664574, 53.771063], [32.663958, 53.772274], [32.667652, 53.775061], [32.672398, 53.775893], [32.672436, 53.776233], [32.673423, 53.776101], [32.673514, 53.777225], [32.675049, 53.7775], [32.676282, 53.777043], [32.676441, 53.778077], [32.678711, 53.778847], [32.678856, 53.779656], [32.680378, 53.779067], [32.681281, 53.779985], [32.683251, 53.780287], [32.685351, 53.782595], [32.686816, 53.782855], [32.687943, 53.783741], [32.690187, 53.783322], [32.690821, 53.784278], [32.694978, 53.78437], [32.696076, 53.785032], [32.698188, 53.785249], [32.725943, 53.793519], [32.730159, 53.794161], [32.734996, 53.794079], [32.74039, 53.790342], [32.749869, 53.794227], [32.75411, 53.795095], [32.759272, 53.795425], [32.770852, 53.795425], [32.788385, 53.800617], [32.789222, 53.800535], [32.792617, 53.798282], [32.794524, 53.795535], [32.794942, 53.79287], [32.782944, 53.786736], [32.78237, 53.786204], [32.782576, 53.784417], [32.787222, 53.781743], [32.798105, 53.777347], [32.801066, 53.775608], [32.811824, 53.773775], [32.815211, 53.77387], [32.82066, 53.772374], [32.8278727, 53.7658492], [32.8169341, 53.762725], [32.8124066, 53.7604598], [32.806104, 53.7599], [32.8053417, 53.7607912], [32.7993612, 53.7594762], [32.800234, 53.7572868], [32.7975582, 53.7559127], [32.7904996, 53.7552817], [32.7893552, 53.7538794], [32.7866897, 53.7531355], [32.7872609, 53.7526317], [32.7897943, 53.7524969], [32.7989393, 53.7549843], [32.800477, 53.755779], [32.812676, 53.757361], [32.81343, 53.758162], [32.815838, 53.758884], [32.815985, 53.759783], [32.817824, 53.759928], [32.818347, 53.760676], [32.830008, 53.762016], [32.832441, 53.762511], [32.83297, 53.763006], [32.834411, 53.762685], [32.834864, 53.763314], [32.835699, 53.763091], [32.837682, 53.763928], [32.839017, 53.76367], [32.83947, 53.764345], [32.84003, 53.764368], [32.840458, 53.763538], [32.84114, 53.763628], [32.841366, 53.764168], [32.843286, 53.763584], [32.843037, 53.763307], [32.851139, 53.762141], [32.853558, 53.759619], [32.855521, 53.753251], [32.858241, 53.751493], [32.861579, 53.75041], [32.871817, 53.745618], [32.873817, 53.749838], [32.877886, 53.751886], [32.884591, 53.750408], [32.88787, 53.748542], [32.886909, 53.746937], [32.879444, 53.742443], [32.878886, 53.741673], [32.879189, 53.740683], [32.881212, 53.740298], [32.883956, 53.740628], [32.891001, 53.745164], [32.895931, 53.746099], [32.898703, 53.744302], [32.902953, 53.739418], [32.906868, 53.732529], [32.912326, 53.731392], [32.919528, 53.72872], [32.920819, 53.727274], [32.921652, 53.727455], [32.925056, 53.730143], [32.928389, 53.73037], [32.93013, 53.731081], [32.9322, 53.73499], [32.934349, 53.73633], [32.937437, 53.73759], [32.9406, 53.737673], [32.950595, 53.735466], [32.960063, 53.732408], [32.964109, 53.732091], [32.966411, 53.732366], [32.971922, 53.735459], [32.982548, 53.737123], [32.983943, 53.735941], [32.986419, 53.73491], [32.988905, 53.732709], [32.989344, 53.731217], [32.990942, 53.730607], [32.991466, 53.729331], [32.993943, 53.727514], [32.995466, 53.727076], [32.994152, 53.726318], [32.982153, 53.723981], [32.9762126, 53.7184873], [32.9699685, 53.7187918], [32.9713603, 53.7152957], [32.9706161, 53.7148064], [32.9645411, 53.7139673], [32.9644067, 53.713593], [32.9689256, 53.7140266], [32.9709943, 53.7137737], [32.9753934, 53.7144801], [32.97655, 53.713911], [32.977294, 53.714675], [32.977838, 53.714226], [32.983896, 53.715161], [32.990333, 53.714964], [32.995937, 53.713832], [32.996694, 53.714237], [32.996997, 53.714955], [32.996694, 53.715405], [32.998254, 53.716573], [33.002389, 53.716806], [33.009721, 53.718127], [33.011085, 53.720202], [33.012433, 53.720426], [33.015795, 53.719213], [33.016452, 53.718716], [33.016462, 53.718099], [33.011295, 53.713311], [33.011987, 53.708448], [33.021137, 53.70808], [33.0284396, 53.710277], [33.0496868, 53.7147003], [33.0414793, 53.7101829], [33.036287, 53.707059], [33.03631, 53.706661], [33.040356, 53.701272], [33.04407, 53.698856], [33.052606, 53.696121], [33.066893, 53.688643], [33.0674924, 53.6892852], [33.0707126, 53.6882435], [33.0719437, 53.6901377], [33.0763004, 53.6906113], [33.0778157, 53.6918426], [33.0792363, 53.6915584], [33.0825511, 53.694021], [33.0835929, 53.6938316], [33.0840665, 53.6926003], [33.0888967, 53.6933581], [33.0908855, 53.6941158], [33.0942004, 53.6942106], [33.0962751, 53.6969511], [33.1029943, 53.698151], [33.1094733, 53.7031906], [33.1137928, 53.7048705], [33.1188324, 53.6995911], [33.1269913, 53.7046307], [33.1288794, 53.7072976], [33.1286709, 53.7099102], [33.1217428, 53.7144664], [33.1221913, 53.7161494], [33.1293905, 53.7173494], [33.1301986, 53.7195092], [33.1406086, 53.7219063], [33.1419482, 53.7228099], [33.1410964, 53.7243247], [33.1409316, 53.7257663], [33.1506248, 53.7247586], [33.1515824, 53.7252394], [33.1523996, 53.7245577], [33.153632, 53.7247083], [33.1536722, 53.7239871], [33.1549448, 53.7244547], [33.1560942, 53.7264717], [33.1584519, 53.7274227], [33.1662751, 53.72793], [33.1698116, 53.7266143], [33.1732141, 53.7263924], [33.1791887, 53.7269789], [33.1840112, 53.7261547], [33.1922898, 53.7297369], [33.194835, 53.7295625], [33.1967372, 53.7309097], [33.2116731, 53.7305875], [33.2211807, 53.7322996], [33.2267801, 53.734344], [33.235166, 53.7383534], [33.2287895, 53.7410789], [33.2247708, 53.743836], [33.2286556, 53.7454204], [33.2293254, 53.7461017], [33.2293522, 53.7481455], [33.2300709, 53.7505047], [33.2273113, 53.7510909], [33.2273381, 53.7548108], [33.2227914, 53.7557517], [33.2218631, 53.7670469], [33.2200308, 53.7705621], [33.214369, 53.777487], [33.2111673, 53.7800617], [33.2187452, 53.7903814], [33.2189915, 53.7920825], [33.2183663, 53.7928994], [33.2040802, 53.7967731], [33.1958771, 53.796885], [33.1919906, 53.8020852], [33.1917253, 53.8044794], [33.1946428, 53.806963], [33.1982802, 53.8076789], [33.2234386, 53.804994], [33.2257877, 53.7973859], [33.2331382, 53.7959536], [33.2415117, 53.8005636], [33.2458311, 53.8020628], [33.2657229, 53.8019286], [33.2679205, 53.8066945], [33.2838659, 53.807257], [33.2866098, 53.8090284], [33.2862469, 53.8106832], [33.290023, 53.8137805], [33.2987694, 53.8166476], [33.3030757, 53.8266286], [33.2945944, 53.8317627], [33.2881497, 53.8323532], [33.2879567, 53.8403255], [33.2894469, 53.8440582], [33.2632265, 53.8433948], [33.2603594, 53.8486109], [33.2576279, 53.8558574], [33.2589096, 53.857335], [33.2714481, 53.8642158], [33.2553698, 53.8661353], [33.2510501, 53.8692549], [33.2477948, 53.8690149], [33.2455153, 53.870104], [33.2452497, 53.8721313], [33.2462504, 53.8733344], [33.2536894, 53.878134], [33.2469573, 53.8804325], [33.2474464, 53.8884803], [33.2486494, 53.8910925], [33.2512891, 53.8918125], [33.2558896, 53.8900348], [33.2582893, 53.890038], [33.2714466, 53.8954124], [33.2868964, 53.8966535], [33.2920272, 53.9001143], [33.2892042, 53.9054916], [33.3036023, 53.9119711], [33.3033623, 53.9124511], [33.297123, 53.9126909], [33.2932833, 53.9150906], [33.2924654, 53.917402], [33.2887237, 53.9172503], [33.2755404, 53.928331], [33.2776774, 53.9300337], [33.2803237, 53.9386079], [33.2820034, 53.9405277], [33.285123, 53.9419676], [33.2937417, 53.943196], [33.3023538, 53.9404902], [33.3048642, 53.9425362], [33.3096003, 53.9426879], [33.3135754, 53.9450909], [33.3167726, 53.9459253], [33.3168949, 53.9484799], [33.3232848, 53.9491999], [33.3239985, 53.9462877], [33.3266382, 53.9455678], [33.3406073, 53.944605], [33.340121, 53.9422116], [33.3414255, 53.9353093], [33.344637, 53.92781], [33.3496765, 53.9269891], [33.3573555, 53.92973], [33.3619147, 53.9362094], [33.3660383, 53.9389471], [33.3703137, 53.9390892], [33.3736735, 53.9350097], [33.3829845, 53.9354814], [33.3833219, 53.9388451], [33.3864069, 53.9401511], [33.3945509, 53.9410094], [33.4009008, 53.9427936], [33.4013301, 53.9459101], [33.4087091, 53.9462891], [33.414228, 53.9558881], [33.4168676, 53.9590078], [33.4298635, 53.9665579], [33.4281608, 53.9697515], [33.4285783, 53.9719096], [33.4300654, 53.9736464], [33.4351836, 53.9733969], [33.443305, 53.9712437], [33.4509431, 53.9749823], [33.4497303, 53.9764855], [33.4498787, 53.978516], [33.4327654, 53.9868345], [33.4310791, 53.9890207], [33.4399073, 53.9900986], [33.4432632, 53.9914047], [33.4430231, 53.9942844], [33.4391488, 53.9975365], [33.4321293, 54.000274], [33.4327039, 54.0017234], [33.4365843, 54.0038865], [33.4394166, 54.004275], [33.4447024, 54.0038834], [33.4527701, 54.0014934], [33.4698612, 54.0059047], [33.4749166, 54.0057691], [33.4878975, 54.0067638], [33.4932185, 54.0076482], [33.4959947, 54.0093306], [33.5030294, 54.0108121], [33.5051363, 54.0148086], [33.5072804, 54.0159989], [33.5057177, 54.0169587], [33.5069401, 54.0181229], [33.5063417, 54.0194649], [33.5097653, 54.0218834], [33.5100348, 54.0239552], [33.5022562, 54.0248887], [33.502762, 54.0261653], [33.502475, 54.0270014], [33.5019152, 54.0272093], [33.4951075, 54.0259578], [33.4926993, 54.0334655], [33.4790896, 54.0319366], [33.473497, 54.0306976], [33.469917, 54.0287989], [33.4591637, 54.0268678], [33.4586616, 54.027775], [33.4694419, 54.0292332], [33.4688815, 54.0301268], [33.4692828, 54.0321522], [33.4708655, 54.0324205], [33.4706756, 54.0340945], [33.4711743, 54.0345215], [33.4749896, 54.0352167], [33.4784703, 54.0351563], [33.4828131, 54.0360518], [33.4913316, 54.0353036], [33.4986972, 54.0357376], [33.5004419, 54.0366525], [33.5018059, 54.038825], [33.4991101, 54.0417757], [33.496691, 54.0423651], [33.4964207, 54.0429922], [33.4967939, 54.0438044], [33.4947286, 54.0458179], [33.4933132, 54.0488247], [33.494304, 54.0501732], [33.4960154, 54.0505433], [33.495816, 54.0522846], [33.4925604, 54.0544109], [33.4921808, 54.0556535], [33.4927663, 54.057183], [33.4903794, 54.0589428], [33.4887066, 54.0589051], [33.4855797, 54.0576588], [33.4841514, 54.057995], [33.4842479, 54.0585274], [33.4834758, 54.0588786], [33.4795383, 54.0588295], [33.4777075, 54.0565178], [33.4761863, 54.0534743], [33.4753241, 54.0528209], [33.4714252, 54.0511401], [33.4662009, 54.0496973], [33.4627781, 54.0495235], [33.4624281, 54.0522511], [33.4561687, 54.0522812], [33.4489513, 54.0548302], [33.4419297, 54.052956], [33.4413923, 54.0547095], [33.4417647, 54.0570465], [33.4427838, 54.0572308], [33.4441805, 54.0564403], [33.4456272, 54.056718], [33.4460002, 54.0599518], [33.4467782, 54.06008], [33.4482386, 54.0590359], [33.4494032, 54.0589478], [33.4538389, 54.0600426], [33.4488576, 54.0622271], [33.4561842, 54.0671863], [33.4571334, 54.0690719], [33.4543403, 54.0714183], [33.4522116, 54.0707593], [33.4509449, 54.0717868], [33.4524488, 54.0728547], [33.4517144, 54.0730441], [33.4519812, 54.0736412], [33.451125, 54.074273], [33.4526167, 54.0748043], [33.4517671, 54.0753492], [33.4530975, 54.0755559], [33.4527715, 54.0758651], [33.4538517, 54.076236], [33.4527278, 54.0773702], [33.4530072, 54.0779139], [33.4538315, 54.0777117], [33.4540876, 54.0780806], [33.4532494, 54.0784057], [33.4538781, 54.0787991], [33.4534403, 54.0788319], [33.4532354, 54.0795013], [33.453594, 54.0798374], [33.4526626, 54.0799767], [33.4525508, 54.0807253], [33.4542879, 54.0829683], [33.4564255, 54.0833399], [33.4559645, 54.084042], [33.4564814, 54.0840966], [33.4562439, 54.0844381], [33.4565839, 54.0846047], [33.4575153, 54.0848369], [33.4621207, 54.0834026], [33.4693942, 54.0859626], [33.4702918, 54.0909187], [33.4697879, 54.0969576], [33.4702307, 54.0971968], [33.4785992, 54.0956069], [33.4826507, 54.0965523], [33.4849231, 54.0981555], [33.4946396, 54.088716], [33.506555, 54.0857486], [33.5103672, 54.0884077], [33.5090137, 54.0900956], [33.5120973, 54.0935497], [33.5166271, 54.0931504], [33.5179581, 54.0895418], [33.5204564, 54.0887745], [33.5238495, 54.0889959], [33.5268376, 54.0917217], [33.5391887, 54.0932068], [33.5583458, 54.1019534], [33.5629863, 54.1061913], [33.5270392, 54.1027397], [33.5237054, 54.1052299], [33.5238401, 54.1133329], [33.5363994, 54.1203557], [33.5728626, 54.1239014], [33.569081, 54.128493], [33.5715119, 54.1297085], [33.5638137, 54.1360557], [33.5590865, 54.1471635], [33.5652986, 54.1499997], [33.5592212, 54.1541861], [33.5628672, 54.1614789], [33.5689443, 54.1642138], [33.5635421, 54.1690755], [33.5655678, 54.1697508], [33.5609759, 54.1751527], [33.558651, 54.1798615], [33.5642171, 54.175693], [33.5986544, 54.1836952], [33.6106739, 54.1807243], [33.6170211, 54.185046], [33.6214777, 54.1854512], [33.6294456, 54.187207], [33.6337669, 54.1932843], [33.6337667, 54.1964242], [33.6209366, 54.204257], [33.6286343, 54.2077684], [33.615804, 54.2206317], [33.6113708, 54.2236279], [33.6205302, 54.2317059], [33.6252567, 54.2368379], [33.6095909, 54.2385933], [33.6085104, 54.2416994], [33.6041887, 54.2424084], [33.6076996, 54.251997], [33.6027026, 54.2551031], [33.6033777, 54.2588845], [33.6082395, 54.2579392], [33.6180981, 54.2586146], [33.6302879, 54.2576702], [33.6230948, 54.2617208], [33.6226896, 54.2633414], [33.6241751, 54.2642868], [33.6225545, 54.2650971], [33.6234997, 54.2663125], [33.6212038, 54.2685071], [33.6451589, 54.2705944], [33.6518181, 54.269477], [33.65217, 54.2746619], [33.654327, 54.2805324], [33.647349, 54.2816446], [33.6483593, 54.2836569], [33.6483593, 54.2856691], [33.646101, 54.2892423], [33.6459227, 54.2910808], [33.646933, 54.291497], [33.6449123, 54.2928151], [33.6498451, 54.2927804], [33.6734986, 54.287369], [33.6755786, 54.2904911], [33.6815811, 54.2919479], [33.6877771, 54.2953323], [33.6716625, 54.3051318], [33.6815857, 54.3117129], [33.6821794, 54.3149288], [33.6887519, 54.3223222], [33.685295, 54.3265149], [33.6892136, 54.3288], [33.6898259, 54.3300139], [33.6849277, 54.3302995], [33.6821112, 54.3299901], [33.6791315, 54.3323226], [33.6762742, 54.3335602], [33.6774171, 54.3347501], [33.6816394, 54.3359031], [33.6678656, 54.3355593], [33.6631307, 54.3363922], [33.6599469, 54.3401998], [33.6565182, 54.3394621], [33.6523299, 54.3410651], [33.648819, 54.3415444], [33.6453783, 54.3438706], [33.6462695, 54.3457408], [33.6382483, 54.3485114], [33.6415756, 54.3511779], [33.6374759, 54.3594879], [33.6338516, 54.3622229], [33.6344436, 54.3645467], [33.6336139, 54.3673116], [33.6291577, 54.3708768], [33.6145414, 54.3741648], [33.6033712, 54.3744763], [33.5995091, 54.3767258], [33.5983208, 54.383266], [33.5910126, 54.386207], [33.5909532, 54.3880753], [33.5743331, 54.3947501], [33.569853, 54.392739], [33.565783, 54.394537], [33.559067, 54.391766], [33.5477504, 54.3901438], [33.5469365, 54.3858943], [33.5497805, 54.3818542], [33.5296559, 54.382342], [33.5298284, 54.3749323], [33.526856, 54.369989], [33.49414, 54.3737912], [33.4923433, 54.3736978], [33.4875173, 54.3711708], [33.491499, 54.368605], [33.4906095, 54.3575856], [33.4880067, 54.3532638], [33.4674335, 54.3577609], [33.4663462, 54.3503167], [33.4601373, 54.3503714], [33.4634793, 54.3377257], [33.4534166, 54.3290932], [33.4605562, 54.3222224], [33.4611086, 54.3166149], [33.4466187, 54.3131008], [33.4346225, 54.321892], [33.4316754, 54.3232435], [33.4298416, 54.3222736], [33.4127132, 54.3246003], [33.4084612, 54.323167], [33.4055142, 54.3237187], [33.399293, 54.3232731], [33.3981591, 54.3245393], [33.3946361, 54.3249493], [33.3927806, 54.3264345], [33.3872506, 54.3261799], [33.3802508, 54.3284704], [33.3788405, 54.3313186], [33.3773965, 54.33807], [33.385393, 54.3480465], [33.3844178, 54.3483536], [33.3773823, 54.3480381], [33.3744802, 54.3471916], [33.3737134, 54.3461251], [33.3701563, 54.3454092], [33.3668593, 54.3456053], [33.3641533, 54.3444443], [33.3624471, 54.3443505], [33.3627566, 54.3437815], [33.360159, 54.342963], [33.3593098, 54.3434085], [33.3572089, 54.3433119], [33.356938, 54.344567], [33.3545147, 54.3451741], [33.354946, 54.347133], [33.3546556, 54.3476151], [33.3520261, 54.3481358], [33.3508549, 54.3490478], [33.3494688, 54.3515883], [33.351104, 54.3540876], [33.3461471, 54.3538646], [33.3461714, 54.3519095], [33.3434174, 54.35135], [33.3315836, 54.3521731], [33.3347016, 54.3571103], [33.3251941, 54.3604424], [33.3276388, 54.3617093], [33.325452, 54.3652875], [33.321382, 54.368217], [33.318533, 54.369227], [33.312181, 54.369576], [33.311801, 54.37071], [33.309963, 54.37128], [33.309723, 54.374173], [33.298314, 54.374125], [33.295454, 54.373571], [33.294407, 54.371361], [33.293384, 54.370927], [33.284455, 54.37109], [33.283711, 54.37315], [33.285106, 54.376294], [33.283618, 54.376944], [33.2812, 54.37754], [33.274997, 54.377168], [33.262411, 54.377649], [33.261109, 54.376998], [33.261481, 54.36968], [33.260644, 54.369084], [33.246506, 54.368759], [33.245297, 54.368162], [33.245712, 54.361743], [33.244139, 54.36101], [33.224346, 54.356439], [33.223565, 54.356899], [33.222695, 54.358839], [33.160796, 54.345841], [33.160098, 54.343217], [33.158113, 54.327994], [33.154847, 54.32586], [33.153311, 54.322089], [33.153391, 54.318765], [33.151913, 54.314347], [33.150658, 54.311042], [33.1487726, 54.3086791], [33.1444376, 54.307044], [33.1276076, 54.3068794], [33.1260532, 54.3019408], [33.1236584, 54.3027154], [33.1222322, 54.2989135], [33.1185937, 54.2988318], [33.1185827, 54.2974445], [33.1214666, 54.2965832], [33.1108845, 54.2862949], [33.1093966, 54.2816137], [33.1057444, 54.2818154], [33.0937851, 54.2809236], [33.0919214, 54.281112], [33.0883237, 54.2824144], [33.0846495, 54.280174], [33.0818825, 54.2773974], [33.0779098, 54.2757405], [33.075265, 54.273457], [33.068599, 54.266017], [33.042809, 54.261765], [33.042065, 54.261247], [33.038809, 54.241577], [33.0360479, 54.2282607], [33.0324538, 54.2272246], [33.027613, 54.2229555], [33.021644, 54.222409], [33.0015021, 54.2225971], [32.999176, 54.2207388], [32.9991343, 54.2177125], [32.9968782, 54.2144372], [32.9954001, 54.2114119], [32.9952834, 54.2102291], [32.9916055, 54.2094217], [32.9925217, 54.2061115], [32.9960449, 54.199311], [33.0014548, 54.1936386], [32.995752, 54.191649], [32.9854827, 54.1897165], [32.9832017, 54.1870978], [32.9810635, 54.1856284], [32.9783175, 54.181191], [32.9722212, 54.1819998], [32.9598192, 54.1826314], [32.9628429, 54.1743434], [32.9536185, 54.1713456], [32.9501942, 54.1713522], [32.9477974, 54.1704574], [32.9420695, 54.1696034], [32.938682, 54.167582], [32.929148, 54.172377], [32.925381, 54.173331], [32.920405, 54.172895], [32.912266, 54.169353], [32.907987, 54.169469], [32.904128, 54.171424], [32.901337, 54.17483], [32.897464, 54.177034], [32.895319, 54.177373], [32.889199, 54.177064], [32.862086, 54.182676], [32.84339, 54.187199], [32.841158, 54.187553], [32.837391, 54.18728], [32.818649, 54.180305], [32.812882, 54.177636], [32.810789, 54.17641], [32.81037, 54.17562], [32.810789, 54.173604], [32.812835, 54.170117], [32.818742, 54.163551], [32.821569, 54.162005], [32.82809, 54.160881], [32.830122, 54.159421], [32.837065, 54.145388], [32.837251, 54.142957], [32.827047, 54.133156], [32.818845, 54.126567], [32.815789, 54.122511], [32.793349, 54.107569], [32.787396, 54.104515], [32.784002, 54.103452], [32.779537, 54.103017], [32.77288, 54.104236], [32.768969, 54.108905], [32.76719, 54.109498], [32.748483, 54.107487], [32.742416, 54.111038], [32.7274437, 54.111342], [32.7249555, 54.1157623], [32.726386, 54.1189155], [32.7248729, 54.1203302], [32.7195706, 54.1191389], [32.7165699, 54.1176229], [32.7151542, 54.1160461], [32.7129807, 54.1160247], [32.7119357, 54.1150147], [32.7099174, 54.1147109], [32.7081707, 54.1129281], [32.7087481, 54.1122464], [32.7092015, 54.1123982], [32.7215162, 54.0978514], [32.721689, 54.096294], [32.727002, 54.089813], [32.72598, 54.089898], [32.725288, 54.09057], [32.718684, 54.091301], [32.716882, 54.09273], [32.711629, 54.094419], [32.699782, 54.096834], [32.69189, 54.097282], [32.687033, 54.097008], [32.686147, 54.096275], [32.6806216, 54.0951918], [32.6782894, 54.0940386], [32.6727964, 54.0926411], [32.67167, 54.0918685], [32.6704125, 54.0896098], [32.6682876, 54.088732], [32.6665719, 54.0887618], [32.6654883, 54.0880676], [32.6641868, 54.0866452], [32.6658912, 54.0855488], [32.666307, 54.0846134], [32.6652272, 54.084007], [32.6647174, 54.0829356], [32.6571744, 54.0791209], [32.6560961, 54.0766688], [32.655127, 54.077042], [32.654279, 54.0768], [32.654459, 54.075162], [32.654097, 54.074431], [32.6483838, 54.0678637], [32.6465126, 54.0666787], [32.6459528, 54.0666874], [32.6458385, 54.0680497], [32.6451702, 54.0681318], [32.6441314, 54.0666312], [32.6421448, 54.0657921], [32.640611, 54.0672983], [32.6384316, 54.0666886], [32.6375997, 54.0676674], [32.63628, 54.0681753], [32.6326293, 54.0669025], [32.6313413, 54.0669122], [32.6291015, 54.0654241], [32.627665, 54.06606], [32.6251082, 54.0653687], [32.6247834, 54.0662972], [32.624127, 54.0664911], [32.6233518, 54.0657243], [32.6247048, 54.06387], [32.6233509, 54.0636308], [32.621601, 54.064292], [32.6211999, 54.0610769], [32.618835, 54.0614004], [32.6177062, 54.0622851], [32.6172714, 54.0608088], [32.6150261, 54.0604965], [32.6153522, 54.0577102], [32.6110578, 54.0580514], [32.6111897, 54.0574145], [32.6121978, 54.0567934], [32.6107169, 54.0563316], [32.608779, 54.0572325], [32.6075718, 54.057215], [32.6052259, 54.0564042], [32.6047874, 54.0544995], [32.6027703, 54.054448], [32.5872057, 54.0497015], [32.5832593, 54.0504931], [32.5821083, 54.0494505], [32.5814287, 54.0480346], [32.5793506, 54.0465372], [32.5801219, 54.0456901], [32.579437, 54.0448289], [32.5794801, 54.0438696], [32.5804464, 54.0428407], [32.5806957, 54.0401566], [32.5802725, 54.0390437], [32.5806362, 54.0386355], [32.5819687, 54.0385917], [32.5796711, 54.0339308], [32.5799879, 54.0328248], [32.5817672, 54.0317684], [32.5810281, 54.030482], [32.5812505, 54.0296278], [32.5826196, 54.0284805], [32.5827065, 54.0263683], [32.5813677, 54.02535], [32.576946, 54.0238701], [32.5718656, 54.0213966], [32.5704518, 54.0210419], [32.565915, 54.0220641], [32.565535, 54.0217814], [32.5685759, 54.0200297], [32.5706697, 54.020336], [32.5707902, 54.0199892], [32.5688071, 54.0190536], [32.5624661, 54.0204559], [32.5615634, 54.0203756], [32.5608313, 54.0196973], [32.566082, 54.0122292], [32.5678191, 54.0088477], [32.5676995, 54.0077542], [32.5722208, 54.0050521], [32.5737858, 54.0046955], [32.5734324, 54.0040301], [32.5719137, 54.0033716], [32.5726337, 54.0016372], [32.5754024, 54.0023311], [32.5764593, 54.0030926], [32.577867, 54.0033724], [32.5784989, 54.0030227], [32.5776226, 54.0017776], [32.5783512, 54.0001523], [32.5740703, 54.0001651], [32.5728844, 53.999686], [32.5762478, 53.9970607], [32.5768763, 53.9970189], [32.578092, 53.9979289], [32.5785728, 53.9975219], [32.5765296, 53.9947044], [32.5754452, 53.9942691], [32.5757617, 53.9931752], [32.5752577, 53.9923726], [32.5756918, 53.9915262], [32.5746561, 53.9902131], [32.5748384, 53.9886071], [32.5728458, 53.9853801], [32.5729043, 53.9850365], [32.574167, 53.9850665], [32.5757901, 53.9859114], [32.5767343, 53.985796], [32.5769661, 53.9854953], [32.5761702, 53.9843614], [32.5775078, 53.9823671]], [[33.2411528, 54.1836682], [33.2597432, 54.187658], [33.2587534, 54.1898755], [33.2622939, 54.1934033], [33.2634205, 54.1950918], [33.2631791, 54.1958952], [33.2641554, 54.1965291], [33.260116, 54.1989266], [33.2557064, 54.2006462], [33.2560873, 54.2013523], [33.2608831, 54.2038342], [33.2633239, 54.2061498], [33.2600999, 54.2039629], [33.2536679, 54.2015343], [33.2473487, 54.2048038], [33.2469356, 54.206749], [33.2474238, 54.2091146], [33.2460397, 54.2113043], [33.2463455, 54.2118251], [33.2440227, 54.2131019], [33.2414156, 54.2160285], [33.304912, 54.213539], [33.321816, 54.212361], [33.322582, 54.211602], [33.326724, 54.212659], [33.325418, 54.215278], [33.329266, 54.215232], [33.332449, 54.210373], [33.336037, 54.210045], [33.340204, 54.210388], [33.345291, 54.209331], [33.355921, 54.203021], [33.355645, 54.200227], [33.353955, 54.200361], [33.352415, 54.196512], [33.34615, 54.196819], [33.345324, 54.193907], [33.335763, 54.197726], [33.333466, 54.199897], [33.334407, 54.201684], [33.338761, 54.201451], [33.339926, 54.201936], [33.340307, 54.202837], [33.339108, 54.203039], [33.339385, 54.204742], [33.337888, 54.204903], [33.337866, 54.205581], [33.33691, 54.205584], [33.334115, 54.201756], [33.333107, 54.201615], [33.333175, 54.200321], [33.332387, 54.200202], [33.332869, 54.199108], [33.334164, 54.198401], [33.334192, 54.19746], [33.3367, 54.19689], [33.336843, 54.196412], [33.33833, 54.19603], [33.33887, 54.19522], [33.340592, 54.195158], [33.341327, 54.194374], [33.342022, 54.1943], [33.34214, 54.194697], [33.343888, 54.193458], [33.34799, 54.193537], [33.347941, 54.192019], [33.348792, 54.191519], [33.349034, 54.190738], [33.350669, 54.190746], [33.355197, 54.187193], [33.35717, 54.18829], [33.366404, 54.189795], [33.366792, 54.190279], [33.368403, 54.190595], [33.367843, 54.190887], [33.368606, 54.191408], [33.368749, 54.190898], [33.371674, 54.190761], [33.373617, 54.191306], [33.373717, 54.191703], [33.375632, 54.191242], [33.376126, 54.191712], [33.376803, 54.1916], [33.376445, 54.191009], [33.378567, 54.189971], [33.379753, 54.188638], [33.378929, 54.186291], [33.379835, 54.185549], [33.37266, 54.183581], [33.373935, 54.182068], [33.37167, 54.181817], [33.368858, 54.182522], [33.367437, 54.182385], [33.371799, 54.177858], [33.369396, 54.172534], [33.366506, 54.169955], [33.358252, 54.164487], [33.356983, 54.162246], [33.353927, 54.162362], [33.354674, 54.160776], [33.34572, 54.15919], [33.345336, 54.157534], [33.342678, 54.15777], [33.343151, 54.15554], [33.341828, 54.156069], [33.33844, 54.156246], [33.336607, 54.155647], [33.336263, 54.154658], [33.334951, 54.153725], [33.333163, 54.153192], [33.331549, 54.153348], [33.327003, 54.152091], [33.3254809, 54.1497198], [33.3252828, 54.1474], [33.3259749, 54.1466594], [33.3281058, 54.1470031], [33.3275471, 54.1455944], [33.3282575, 54.145555], [33.3280161, 54.1451826], [33.3258478, 54.1451013], [33.321376, 54.146223], [33.320926, 54.146832], [33.318398, 54.146066], [33.318851, 54.146543], [33.31834, 54.148181], [33.3193849, 54.1485453], [33.3186993, 54.1493506], [33.3171003, 54.1490291], [33.31795, 54.1500863], [33.310993, 54.149731], [33.3044807, 54.148598], [33.308845, 54.147221], [33.307504, 54.146193], [33.309498, 54.145826], [33.310189, 54.145183], [33.308981, 54.143609], [33.306339, 54.142174], [33.307011, 54.141579], [33.304821, 54.140165], [33.30298, 54.140131], [33.303128, 54.137948], [33.303736, 54.137427], [33.302958, 54.135307], [33.303717, 54.134538], [33.302131, 54.13312], [33.305229, 54.129609], [33.290753, 54.126047], [33.286096, 54.12551], [33.286473, 54.124552], [33.276638, 54.123124], [33.278348, 54.119647], [33.27406, 54.121284], [33.257236, 54.132176], [33.252496, 54.138672], [33.2420039, 54.144279], [33.2443392, 54.146108], [33.2498485, 54.1489184], [33.2503098, 54.1500212], [33.2517743, 54.1506967], [33.250798, 54.1511255], [33.2513666, 54.1525597], [33.2542875, 54.152445], [33.2521257, 54.1532225], [33.2528096, 54.1541241], [33.2546174, 54.1542105], [33.2529518, 54.1549346], [33.2521954, 54.1568979], [33.253566, 54.1582078], [33.2573211, 54.1586837], [33.2583672, 54.1580837], [33.2591906, 54.1563608], [33.2607356, 54.1563592], [33.2635304, 54.1556618], [33.2640213, 54.1550713], [33.2668456, 54.1546676], [33.2670575, 54.153865], [33.267771, 54.1534142], [33.2684979, 54.1542812], [33.2715797, 54.1546754], [33.2722047, 54.1553116], [33.268446, 54.159753], [33.259192, 54.162986], [33.255201, 54.165015], [33.256014, 54.166366], [33.254803, 54.166981], [33.255053, 54.167619], [33.249738, 54.171037], [33.2497385, 54.172174], [33.2513317, 54.174741], [33.2512701, 54.1758054], [33.246206, 54.1803814], [33.2417214, 54.182221], [33.2411528, 54.1836682]]]}}, {"type": "Feature", "properties": {"rda_code": "SM-13", "rda_name": "ERSHICHSKY AREA", "osm_name": "Ершичский муниципальный округ", "match_score": 1.0, "match_reason": "alias:ershichsky"}, "geometry": {"type": "Polygon", "coordinates": [[[32.4274237, 53.6707596], [32.4258141, 53.6643439], [32.4149966, 53.6649624], [32.4138982, 53.6506627], [32.4167849, 53.6508971], [32.4195669, 53.6494631], [32.4210639, 53.6476626], [32.4168934, 53.6409229], [32.4195275, 53.6397344], [32.4183583, 53.6349761], [32.4321326, 53.6309055], [32.4308049, 53.6332518], [32.4298535, 53.6338551], [32.4293384, 53.6390651], [32.4327832, 53.6388617], [32.4338551, 53.6403152], [32.4300543, 53.6414707], [32.4314327, 53.6433528], [32.4289569, 53.6448798], [32.4306324, 53.647246], [32.4295482, 53.6499917], [32.430041, 53.651306], [32.4319136, 53.6519486], [32.433737, 53.6499332], [32.4376836, 53.6431639], [32.4497967, 53.6373457], [32.4401227, 53.6307472], [32.441092, 53.6279835], [32.440565, 53.6226984], [32.43816, 53.6192], [32.4381547, 53.6142609], [32.4258, 53.60744], [32.4307592, 53.5997974], [32.4381134, 53.5940859], [32.44263, 53.59363], [32.4464, 53.58873], [32.4503197, 53.5861419], [32.44804, 53.58555], [32.4552292, 53.5824339], [32.4570879, 53.5795854], [32.4563531, 53.5779686], [32.4591627, 53.5750171], [32.4677644, 53.5715265], [32.4742482, 53.5702431], [32.4818125, 53.5673681], [32.481899, 53.5658278], [32.4806455, 53.5640051], [32.4755325, 53.559309], [32.475279, 53.5540493], [32.4779157, 53.5488798], [32.4794291, 53.5485721], [32.4860691, 53.5493343], [32.4922526, 53.5489851], [32.4942368, 53.5493089], [32.5073668, 53.5453437], [32.5123431, 53.5449762], [32.5128142, 53.543664], [32.5148165, 53.5431216], [32.5163676, 53.5428839], [32.5168792, 53.5431863], [32.5166752, 53.5434552], [32.5174736, 53.5434446], [32.517447, 53.543102], [32.5185629, 53.5434473], [32.5183873, 53.5430598], [32.5195077, 53.542928], [32.5193632, 53.5426328], [32.52059, 53.5426539], [32.5207737, 53.5420371], [32.522471, 53.5418644], [32.5223353, 53.5411218], [32.5234805, 53.5410661], [32.5232828, 53.5397722], [32.5244827, 53.5390461], [32.5242545, 53.5385299], [32.525447, 53.5382411], [32.5250716, 53.5371956], [32.5264555, 53.5368062], [32.5267481, 53.5360405], [32.5262352, 53.5359028], [32.5270917, 53.5357063], [32.5266916, 53.5349425], [32.5410758, 53.5311009], [32.5440201, 53.5294742], [32.5440981, 53.5279331], [32.5477991, 53.5278138], [32.5495803, 53.5268488], [32.5511739, 53.5271948], [32.5509355, 53.5267249], [32.5518607, 53.5263971], [32.5508193, 53.526126], [32.5506282, 53.5256681], [32.5510349, 53.5254117], [32.5504742, 53.5249721], [32.5470604, 53.5234958], [32.545754, 53.5237413], [32.5449683, 53.5229343], [32.5439031, 53.5227506], [32.5437812, 53.5221222], [32.544643, 53.5206527], [32.5426428, 53.5204351], [32.5415207, 53.519449], [32.5420005, 53.5181582], [32.5412199, 53.5174089], [32.5423076, 53.5167911], [32.5450029, 53.5174029], [32.5528664, 53.5178343], [32.5560033, 53.5185422], [32.5663294, 53.5183102], [32.5676778, 53.5192596], [32.5724035, 53.518719], [32.5828885, 53.5155513], [32.58819, 53.51801], [32.603302, 53.5128687], [32.6036199, 53.5043144], [32.6051924, 53.5030334], [32.6029268, 53.4973825], [32.6033878, 53.4933557], [32.6064904, 53.4939722], [32.6098359, 53.4914486], [32.6042425, 53.4788138], [32.61746, 53.47878], [32.6251, 53.475], [32.62759, 53.47715], [32.633956, 53.4806276], [32.6369906, 53.4862418], [32.63626, 53.48986], [32.6384236, 53.5025233], [32.6470684, 53.5041217], [32.6540733, 53.4950477], [32.6731853, 53.4891977], [32.6802113, 53.484806], [32.6870468, 53.4813904], [32.676379, 53.4799493], [32.6741079, 53.4774574], [32.6708433, 53.4779642], [32.66694, 53.477204], [32.6617591, 53.4790624], [32.6603752, 53.4789568], [32.6589913, 53.4735081], [32.6559142, 53.469859], [32.67514, 53.46368], [32.68407, 53.46256], [32.68922, 53.46385], [32.72613, 53.46007], [32.73831, 53.4599], [32.74114, 53.46162], [32.75711, 53.45818], [32.75325, 53.45484], [32.75325, 53.44874], [32.74879, 53.44522], [32.75291, 53.43484], [32.7564195, 53.4312376], [32.7625134, 53.426855], [32.7627809, 53.4242773], [32.7649832, 53.4225272], [32.7663566, 53.4203017], [32.7700595, 53.4086906], [32.7995009, 53.4260233], [32.7902671, 53.4378526], [32.7902342, 53.4389373], [32.7994614, 53.4392462], [32.8245796, 53.4348301], [32.8310307, 53.4347528], [32.8335043, 53.4328628], [32.8394926, 53.4324326], [32.8470946, 53.4289879], [32.849149, 53.429817], [32.8539243, 53.4282338], [32.8586112, 53.4285126], [32.8617328, 53.4337463], [32.8755798, 53.4355727], [32.8767608, 53.4349678], [32.8818409, 53.435501], [32.8823833, 53.4410068], [32.8850116, 53.4412935], [32.8852234, 53.4418669], [32.8840944, 53.4428209], [32.8842029, 53.4434611], [32.8857048, 53.4434783], [32.8863594, 53.4423257], [32.8871328, 53.4420469], [32.8882368, 53.4427042], [32.8890099, 53.4442583], [32.8884486, 53.4447169], [32.8874955, 53.4440747], [32.8870296, 53.4447254], [32.8868649, 53.4463944], [32.8873366, 53.4482436], [32.8866679, 53.4493744], [32.8858492, 53.4491299], [32.8854833, 53.4481323], [32.8845206, 53.4482011], [32.8840199, 53.4500129], [32.8826872, 53.4509657], [32.8837349, 53.4515476], [32.8857721, 53.4510334], [32.8867542, 53.4498753], [32.8876976, 53.4502078], [32.8880057, 53.4521686], [32.889084, 53.452719], [32.8897964, 53.4526731], [32.8901814, 53.4515027], [32.8916257, 53.4516755], [32.8921115, 53.4536764], [32.8933394, 53.454221], [32.8940534, 53.4533708], [32.8947835, 53.4532693], [32.8966127, 53.4554363], [32.8991351, 53.4559981], [32.9006837, 53.4570435], [32.8990774, 53.4574657], [32.8987332, 53.4586095], [32.901619, 53.4613521], [32.9030632, 53.4620972], [32.9008852, 53.4630436], [32.9000209, 53.4611457], [32.8987876, 53.4617734], [32.8975724, 53.4634717], [32.9008383, 53.4643549], [32.8994715, 53.4656098], [32.8944746, 53.4658303], [32.8922554, 53.4676199], [32.8930723, 53.4686411], [32.890676, 53.4690625], [32.8900563, 53.470357], [32.886583, 53.4688553], [32.8866985, 53.467732], [32.8875086, 53.4665727], [32.884149, 53.4660927], [32.8684832, 53.4698868], [32.8636347, 53.4720666], [32.8665962, 53.4718811], [32.8710634, 53.4705745], [32.8758001, 53.4703911], [32.8813951, 53.4712867], [32.8810103, 53.4729803], [32.8690559, 53.4736028], [32.8733496, 53.4795311], [32.8692924, 53.4809676], [32.8716697, 53.4821707], [32.8818034, 53.4906084], [32.8870267, 53.4885959], [32.8904375, 53.4880172], [32.8980679, 53.4950976], [32.9046265, 53.492376], [32.9078956, 53.4953481], [32.9018615, 53.4979212], [32.891104, 53.4992827], [32.8857644, 53.4988245], [32.881268, 53.4971536], [32.8770666, 53.4925456], [32.8715569, 53.4946407], [32.8685706, 53.4923512], [32.8670185, 53.4930316], [32.8673452, 53.4939226], [32.8648602, 53.495172], [32.8658203, 53.5034039], [32.870045, 53.503937], [32.8708561, 53.5048047], [32.8677426, 53.5068993], [32.862497, 53.5087238], [32.8623127, 53.511242], [32.8654291, 53.5106834], [32.8687413, 53.5122558], [32.8675285, 53.5163827], [32.8692683, 53.5188867], [32.866502, 53.5183644], [32.866253, 53.5190857], [32.8673203, 53.5203675], [32.8712989, 53.5199534], [32.8717253, 53.5217809], [32.8751126, 53.5221882], [32.8728677, 53.5239263], [32.8778804, 53.5248634], [32.8790034, 53.5274769], [32.8799421, 53.52521], [32.8865461, 53.5268062], [32.8951709, 53.5243726], [32.8981145, 53.5250181], [32.897922, 53.5260254], [32.8984611, 53.5262772], [32.9015034, 53.526735], [32.9006177, 53.5277652], [32.9012441, 53.5279997], [32.9051619, 53.5279941], [32.9046673, 53.5293836], [32.9080501, 53.5315192], [32.9085893, 53.5324348], [32.9098601, 53.5325493], [32.9100526, 53.5329613], [32.9088973, 53.5337166], [32.9097803, 53.5347218], [32.9140584, 53.5349973], [32.9153859, 53.534093], [32.9176835, 53.5339453], [32.9186121, 53.5331418], [32.9199096, 53.533134], [32.9196679, 53.532867], [32.9274207, 53.5341515], [32.9279983, 53.5337853], [32.93054, 53.5339684], [32.9307711, 53.535067], [32.9330047, 53.5345635], [32.9345451, 53.5359825], [32.9464202, 53.5415457], [32.9442415, 53.5420774], [32.9447316, 53.5464138], [32.9332583, 53.5537393], [32.930386, 53.5520005], [32.9303089, 53.5502617], [32.9210665, 53.5427566], [32.9165608, 53.5411318], [32.9209895, 53.5378134], [32.9139172, 53.5351682], [32.9097831, 53.5359367], [32.9110629, 53.5372854], [32.910717, 53.5386341], [32.9112061, 53.540125], [32.9140995, 53.5425804], [32.9125065, 53.5435363], [32.9116554, 53.5434844], [32.9095167, 53.5453041], [32.9007896, 53.5555675], [32.8976554, 53.5555364], [32.8966681, 53.5568556], [32.896466, 53.558045], [32.8949384, 53.5591792], [32.8951726, 53.5615568], [32.8994595, 53.5617329], [32.9012236, 53.562569], [32.9028625, 53.5649623], [32.9074124, 53.5668694], [32.9055935, 53.5709553], [32.9061303, 53.5733518], [32.9110211, 53.5772011], [32.9129407, 53.5810407], [32.9186712, 53.5838002], [32.9182199, 53.5858403], [32.9287786, 53.5877602], [32.9369377, 53.5882403], [32.9514526, 53.58819], [32.9564539, 53.5954398], [32.9531004, 53.6027935], [32.9524228, 53.6057307], [32.9730289, 53.6150256], [32.9755513, 53.6145687], [32.9756283, 53.617961], [32.9741692, 53.6180874], [32.9743767, 53.6183151], [32.9773908, 53.6177885], [32.9781611, 53.6180102], [32.9782148, 53.6193009], [32.9828785, 53.6194148], [32.9930352, 53.6180131], [33.0046939, 53.6172377], [33.0110007, 53.6189984], [33.0127911, 53.6200591], [33.0256759, 53.6343307], [33.0239477, 53.6406354], [33.0241482, 53.6419766], [33.0249634, 53.6425043], [33.0270195, 53.642551], [33.0273168, 53.644443], [33.0334043, 53.6484753], [33.0410513, 53.6490077], [33.043723, 53.6508752], [33.0440065, 53.6542233], [33.0391987, 53.65835], [33.0360435, 53.6592742], [33.0350835, 53.6621539], [33.037723, 53.6655135], [33.0456423, 53.6616741], [33.0598007, 53.6614343], [33.0693996, 53.661908], [33.0818782, 53.6635944], [33.0849977, 53.6662342], [33.0837834, 53.6684492], [33.0697664, 53.668449], [33.0684404, 53.6702485], [33.0683455, 53.6739422], [33.0639885, 53.6823713], [33.0609577, 53.6825607], [33.0609577, 53.684076], [33.0632307, 53.6844549], [33.0634201, 53.6852126], [33.0653142, 53.6857809], [33.0651248, 53.6871068], [33.0667348, 53.687391], [33.0672095, 53.6885724], [33.052606, 53.696121], [33.04407, 53.698856], [33.040356, 53.701272], [33.03631, 53.706661], [33.036287, 53.707059], [33.0414793, 53.7101829], [33.0496868, 53.7147003], [33.0284396, 53.710277], [33.021137, 53.70808], [33.011987, 53.708448], [33.011295, 53.713311], [33.016462, 53.718099], [33.016452, 53.718716], [33.015795, 53.719213], [33.012433, 53.720426], [33.011085, 53.720202], [33.009721, 53.718127], [33.002389, 53.716806], [32.998254, 53.716573], [32.996694, 53.715405], [32.996997, 53.714955], [32.996694, 53.714237], [32.995937, 53.713832], [32.990333, 53.714964], [32.983896, 53.715161], [32.977838, 53.714226], [32.977294, 53.714675], [32.97655, 53.713911], [32.9753934, 53.7144801], [32.9709943, 53.7137737], [32.9689256, 53.7140266], [32.9644067, 53.713593], [32.9645411, 53.7139673], [32.9706161, 53.7148064], [32.9713603, 53.7152957], [32.9699685, 53.7187918], [32.9762126, 53.7184873], [32.982153, 53.723981], [32.995421, 53.726761], [32.991466, 53.729331], [32.990942, 53.730607], [32.989344, 53.731217], [32.988905, 53.732709], [32.986419, 53.73491], [32.983943, 53.735941], [32.982548, 53.737123], [32.971922, 53.735459], [32.966411, 53.732366], [32.964109, 53.732091], [32.960063, 53.732408], [32.950595, 53.735466], [32.941553, 53.737549], [32.937437, 53.73759], [32.9322, 53.73499], [32.93075, 53.7318], [32.929322, 53.730579], [32.925056, 53.730143], [32.921652, 53.727455], [32.920819, 53.727274], [32.919528, 53.72872], [32.912326, 53.731392], [32.906868, 53.732529], [32.902953, 53.739418], [32.898703, 53.744302], [32.895931, 53.746099], [32.891001, 53.745164], [32.883956, 53.740628], [32.881212, 53.740298], [32.879189, 53.740683], [32.878886, 53.741673], [32.879444, 53.742443], [32.886909, 53.746937], [32.88787, 53.748542], [32.884591, 53.750408], [32.877886, 53.751886], [32.873817, 53.749838], [32.871817, 53.745618], [32.861579, 53.75041], [32.858241, 53.751493], [32.855521, 53.753251], [32.853558, 53.759619], [32.851139, 53.762141], [32.843037, 53.763307], [32.843286, 53.763584], [32.841366, 53.764168], [32.84114, 53.763628], [32.840458, 53.763538], [32.84003, 53.764368], [32.839167, 53.764165], [32.839017, 53.76367], [32.837682, 53.763928], [32.835699, 53.763091], [32.834864, 53.763314], [32.834411, 53.762685], [32.83297, 53.763006], [32.832441, 53.762511], [32.830008, 53.762016], [32.818347, 53.760676], [32.817824, 53.759928], [32.815985, 53.759783], [32.815838, 53.758884], [32.81343, 53.758162], [32.812676, 53.757361], [32.800477, 53.755779], [32.7989393, 53.7549843], [32.7897943, 53.7524969], [32.7868583, 53.7527735], [32.7866897, 53.7531355], [32.7893552, 53.7538794], [32.7904996, 53.7552817], [32.7975582, 53.7559127], [32.800234, 53.7572868], [32.7993612, 53.7594762], [32.8053417, 53.7607912], [32.806104, 53.7599], [32.8124066, 53.7604598], [32.8169341, 53.762725], [32.8278727, 53.7658492], [32.82066, 53.772374], [32.815211, 53.77387], [32.811824, 53.773775], [32.801066, 53.775608], [32.798105, 53.777347], [32.787222, 53.781743], [32.782576, 53.784417], [32.78237, 53.786204], [32.782944, 53.786736], [32.794942, 53.79287], [32.794524, 53.795535], [32.792617, 53.798282], [32.789222, 53.800535], [32.788385, 53.800617], [32.770852, 53.795425], [32.759272, 53.795425], [32.75411, 53.795095], [32.749869, 53.794227], [32.74039, 53.790342], [32.734996, 53.794079], [32.730159, 53.794161], [32.725943, 53.793519], [32.698188, 53.785249], [32.696076, 53.785032], [32.694978, 53.78437], [32.690821, 53.784278], [32.690187, 53.783322], [32.687943, 53.783741], [32.686816, 53.782855], [32.685351, 53.782595], [32.683251, 53.780287], [32.681281, 53.779985], [32.680378, 53.779067], [32.678856, 53.779656], [32.678711, 53.778847], [32.676441, 53.778077], [32.676282, 53.777043], [32.675049, 53.7775], [32.673514, 53.777225], [32.673423, 53.776101], [32.672436, 53.776233], [32.672398, 53.775893], [32.667652, 53.775061], [32.663958, 53.772274], [32.664725, 53.771243], [32.664195, 53.771017], [32.663203, 53.771868], [32.659836, 53.77184], [32.659447, 53.772981], [32.666911, 53.778639], [32.679793, 53.78449], [32.681539, 53.785898], [32.682235, 53.787181], [32.678288, 53.790526], [32.66791, 53.791507], [32.66195, 53.793715], [32.659958, 53.795613], [32.65933, 53.79685], [32.659761, 53.801678], [32.651471, 53.799039], [32.64999, 53.79767], [32.646439, 53.795827], [32.646088, 53.793445], [32.646836, 53.791965], [32.645706, 53.790973], [32.645704, 53.789977], [32.640507, 53.787335], [32.640947, 53.786844], [32.637972, 53.78426], [32.637005, 53.782932], [32.637183, 53.781675], [32.635763, 53.78009], [32.630298, 53.777988], [32.625378, 53.775107], [32.622718, 53.775577], [32.621195, 53.774593], [32.617821, 53.773798], [32.616609, 53.771962], [32.618521, 53.768621], [32.619021, 53.765642], [32.618137, 53.763687], [32.616512, 53.762707], [32.6124486, 53.7628256], [32.6115267, 53.7624035], [32.6116059, 53.7616773], [32.610801, 53.761369], [32.6077712, 53.7620271], [32.6071519, 53.7615059], [32.6049217, 53.7618983], [32.605174, 53.7608938], [32.6037204, 53.7605106], [32.6026097, 53.7609875], [32.6028561, 53.7617124], [32.6018819, 53.7617473], [32.599925, 53.760937], [32.593129, 53.759883], [32.59428, 53.759092], [32.593129, 53.758596], [32.590319, 53.758631], [32.587803, 53.760124], [32.583781, 53.759099], [32.583734, 53.76011], [32.583025, 53.760358], [32.578677, 53.758645], [32.57527, 53.759869], [32.575026, 53.759656], [32.575697, 53.7592], [32.575305, 53.758968], [32.572085, 53.759862], [32.567378, 53.758694], [32.565318, 53.75925], [32.564344, 53.757381], [32.565039, 53.756504], [32.565038, 53.754732], [32.564411, 53.754358], [32.560946, 53.754062], [32.559447, 53.75347], [32.55907, 53.75419], [32.557924, 53.754089], [32.555785, 53.753394], [32.555979, 53.752606], [32.555366, 53.751971], [32.552271, 53.752017], [32.549556, 53.750767], [32.548103, 53.751965], [32.546727, 53.752191], [32.543099, 53.75209], [32.541747, 53.750971], [32.539036, 53.750691], [32.538046, 53.751101], [32.536839, 53.750647], [32.536275, 53.749129], [32.537379, 53.748097], [32.535484, 53.747012], [32.535345, 53.745843], [32.532266, 53.744672], [32.53241, 53.743999], [32.5303, 53.742912], [32.530264, 53.742001], [32.529148, 53.7407], [32.526625, 53.740914], [32.525638, 53.739668], [32.525834, 53.738017], [32.530706, 53.735994], [32.531055, 53.734749], [32.530427, 53.733951], [32.530595, 53.732814], [32.528404, 53.732616], [32.528093, 53.731556], [32.523499, 53.730513], [32.523764, 53.729149], [32.522207, 53.727339], [32.517174, 53.727083], [32.517702, 53.726007], [32.517403, 53.725646], [32.515463, 53.725564], [32.514919, 53.724252], [32.513987, 53.724043], [32.513325, 53.723213], [32.511719, 53.723514], [32.509743, 53.722963], [32.50729, 53.72317], [32.505953, 53.722605], [32.504788, 53.721309], [32.502279, 53.721057], [32.501418, 53.720349], [32.502845, 53.719073], [32.502313, 53.717947], [32.498248, 53.717158], [32.495535, 53.713507], [32.4916401, 53.7123301], [32.498131, 53.7073906], [32.4993521, 53.7071589], [32.4999935, 53.7080163], [32.5003486, 53.7076188], [32.5001599, 53.7067015], [32.4992015, 53.7060415], [32.4995092, 53.7048898], [32.4991605, 53.7040069], [32.5002195, 53.7033633], [32.4997426, 53.7030334], [32.5010578, 53.7028067], [32.499832, 53.7024124], [32.5010382, 53.7007902], [32.5014463, 53.6985324], [32.5001613, 53.6979819], [32.5011945, 53.6971829], [32.4998837, 53.6959639], [32.4982277, 53.6953327], [32.5002063, 53.6934985], [32.500054, 53.6927915], [32.5005197, 53.6921562], [32.4996108, 53.6917837], [32.4998029, 53.6912775], [32.4992997, 53.6907388], [32.4999575, 53.6892383], [32.5012556, 53.6887575], [32.5007982, 53.6882386], [32.5014162, 53.6872229], [32.5000544, 53.6868629], [32.5002508, 53.6863437], [32.4994609, 53.6861788], [32.4986664, 53.6847646], [32.4970775, 53.6843049], [32.4970227, 53.683783], [32.4989513, 53.6811348], [32.4893427, 53.6772566], [32.4859983, 53.6823141], [32.4849609, 53.6821097], [32.4848908, 53.681031], [32.484195, 53.680558], [32.4823223, 53.680132], [32.4803189, 53.6803339], [32.4788432, 53.679056], [32.4767417, 53.679056], [32.4731365, 53.6776813], [32.4723846, 53.6784834], [32.4716981, 53.6779136], [32.4698301, 53.6779994], [32.4693724, 53.6777338], [32.4702691, 53.6770755], [32.4675558, 53.6765029], [32.4671448, 53.6758694], [32.4680041, 53.674868], [32.467808, 53.6744835], [32.4661782, 53.6749427], [32.465162, 53.67367], [32.4624674, 53.6718303], [32.4560835, 53.670162], [32.4548366, 53.6690774], [32.4552055, 53.6684383], [32.4542902, 53.6676443], [32.4527024, 53.6691964], [32.451675, 53.6690276], [32.4511286, 53.6681008], [32.4504982, 53.6680925], [32.4494568, 53.6684079], [32.4493681, 53.6692905], [32.4476075, 53.6695589], [32.4475001, 53.6705549], [32.4463606, 53.6707707], [32.445973, 53.6697249], [32.4439602, 53.6697885], [32.44184, 53.6714678], [32.4373942, 53.6725302], [32.4356196, 53.6721207], [32.4363201, 53.671703], [32.4360866, 53.6712244], [32.434284, 53.6704276], [32.431552, 53.6704221], [32.4292871, 53.6712935], [32.4274237, 53.6707596]]]}}, {"type": "Feature", "properties": {"rda_code": "SM-04", "rda_name": "DESNOGORSK", "osm_name": "городской округ Десногорск", "match_score": 1.0, "match_reason": "alias:desnogorsk"}, "geometry": {"type": "Polygon", "coordinates": [[[33.2411796, 54.1837404], [33.2417214, 54.182221], [33.246206, 54.1803814], [33.2512701, 54.1758054], [33.2513317, 54.174741], [33.2497385, 54.172174], [33.249738, 54.171037], [33.255053, 54.167619], [33.254803, 54.166981], [33.256014, 54.166366], [33.255201, 54.165015], [33.259192, 54.162986], [33.268446, 54.159753], [33.2722047, 54.1553116], [33.2715797, 54.1546754], [33.2684979, 54.1542812], [33.267771, 54.1534142], [33.2670575, 54.153865], [33.2668456, 54.1546676], [33.2640213, 54.1550713], [33.2635304, 54.1556618], [33.2607356, 54.1563592], [33.2591906, 54.1563608], [33.2583672, 54.1580837], [33.2573211, 54.1586837], [33.253566, 54.1582078], [33.2521954, 54.1568979], [33.2529518, 54.1549346], [33.2546174, 54.1542105], [33.2528096, 54.1541241], [33.2521257, 54.1532225], [33.2542875, 54.152445], [33.2513666, 54.1525597], [33.250798, 54.1511255], [33.2517743, 54.1506967], [33.2503098, 54.1500212], [33.2498485, 54.1489184], [33.2443392, 54.146108], [33.2420039, 54.144279], [33.252496, 54.138672], [33.257236, 54.132176], [33.27406, 54.121284], [33.278348, 54.119647], [33.276638, 54.123124], [33.286473, 54.124552], [33.286096, 54.12551], [33.290753, 54.126047], [33.305229, 54.129609], [33.302131, 54.13312], [33.303717, 54.134538], [33.302958, 54.135307], [33.303736, 54.137427], [33.303128, 54.137948], [33.30298, 54.140131], [33.304821, 54.140165], [33.307011, 54.141579], [33.306339, 54.142174], [33.308981, 54.143609], [33.310189, 54.145183], [33.309498, 54.145826], [33.307504, 54.146193], [33.308845, 54.147221], [33.3044807, 54.148598], [33.310993, 54.149731], [33.31795, 54.1500863], [33.3171003, 54.1490291], [33.3186993, 54.1493506], [33.3193849, 54.1485453], [33.31834, 54.148181], [33.318851, 54.146543], [33.318398, 54.146066], [33.320926, 54.146832], [33.321376, 54.146223], [33.3258478, 54.1451013], [33.3280161, 54.1451826], [33.3282575, 54.145555], [33.3275471, 54.1455944], [33.3281058, 54.1470031], [33.3259749, 54.1466594], [33.3252828, 54.1474], [33.3254809, 54.1497198], [33.327003, 54.152091], [33.331549, 54.153348], [33.333163, 54.153192], [33.334951, 54.153725], [33.336263, 54.154658], [33.336607, 54.155647], [33.33844, 54.156246], [33.341828, 54.156069], [33.343151, 54.15554], [33.342678, 54.15777], [33.345336, 54.157534], [33.34572, 54.15919], [33.354674, 54.160776], [33.353927, 54.162362], [33.356983, 54.162246], [33.358252, 54.164487], [33.366506, 54.169955], [33.369396, 54.172534], [33.371799, 54.177858], [33.367437, 54.182385], [33.368858, 54.182522], [33.37167, 54.181817], [33.373935, 54.182068], [33.37266, 54.183581], [33.379835, 54.185549], [33.378929, 54.186291], [33.379753, 54.188638], [33.378567, 54.189971], [33.376445, 54.191009], [33.376803, 54.1916], [33.376126, 54.191712], [33.375632, 54.191242], [33.373717, 54.191703], [33.373617, 54.191306], [33.371674, 54.190761], [33.368749, 54.190898], [33.368606, 54.191408], [33.367843, 54.190887], [33.368403, 54.190595], [33.366792, 54.190279], [33.366404, 54.189795], [33.35717, 54.18829], [33.355197, 54.187193], [33.350669, 54.190746], [33.349034, 54.190738], [33.348792, 54.191519], [33.347941, 54.192019], [33.34799, 54.193537], [33.343888, 54.193458], [33.34214, 54.194697], [33.342022, 54.1943], [33.341327, 54.194374], [33.340592, 54.195158], [33.33887, 54.19522], [33.33833, 54.19603], [33.336843, 54.196412], [33.3367, 54.19689], [33.334192, 54.19746], [33.334164, 54.198401], [33.332869, 54.199108], [33.332387, 54.200202], [33.333175, 54.200321], [33.333107, 54.201615], [33.334115, 54.201756], [33.33691, 54.205584], [33.337866, 54.205581], [33.337888, 54.204903], [33.339385, 54.204742], [33.339108, 54.203039], [33.340307, 54.202837], [33.339926, 54.201936], [33.338761, 54.201451], [33.334407, 54.201684], [33.333466, 54.199897], [33.335763, 54.197726], [33.345324, 54.193907], [33.34615, 54.196819], [33.352415, 54.196512], [33.353955, 54.200361], [33.355645, 54.200227], [33.355921, 54.203021], [33.345291, 54.209331], [33.340204, 54.210388], [33.336037, 54.210045], [33.332449, 54.210373], [33.329266, 54.215232], [33.325418, 54.215278], [33.326724, 54.212659], [33.322582, 54.211602], [33.321816, 54.212361], [33.304912, 54.213539], [33.2414156, 54.2160285], [33.2440227, 54.2131019], [33.2463455, 54.2118251], [33.2460397, 54.2113043], [33.2474238, 54.2091146], [33.2469356, 54.206749], [33.2473487, 54.2048038], [33.2536679, 54.2015343], [33.2600999, 54.2039629], [33.2633239, 54.2061498], [33.2608831, 54.2038342], [33.2560873, 54.2013523], [33.2557064, 54.2006462], [33.260116, 54.1989266], [33.2641554, 54.1965291], [33.2631791, 54.1958952], [33.2634205, 54.1950918], [33.2622939, 54.1934033], [33.2587534, 54.1898755], [33.2597432, 54.187658], [33.2411796, 54.1837404]]]}}, {"type": "Feature", "properties": {"rda_code": "SM-06", "rda_name": "VYAZEMSKY AREA / incl. VYAZMA /", "osm_name": "Вяземский муниципальный округ", "match_score": 1.0, "match_reason": "alias:вяземскии"}, "geometry": {"type": "Polygon", "coordinates": [[[33.6841006, 54.9799951], [33.687545, 54.975527], [33.691016, 54.97337], [33.6914101, 54.9714813], [33.6935006, 54.9697095], [33.6921745, 54.9669277], [33.6929112, 54.9628748], [33.692121, 54.959706], [33.69477, 54.958478], [33.706129, 54.958161], [33.712468, 54.95648], [33.721735, 54.960182], [33.725143, 54.956468], [33.712178, 54.949763], [33.70995, 54.947163], [33.710047, 54.945787], [33.711095, 54.94411], [33.72401, 54.936003], [33.726184, 54.935717], [33.722702, 54.935182], [33.725019, 54.934018], [33.722645, 54.933837], [33.721246, 54.934981], [33.720454, 54.934948], [33.719911, 54.933601], [33.717441, 54.933338], [33.717407, 54.931424], [33.715587, 54.930851], [33.705952, 54.930243], [33.704309, 54.929075], [33.701578, 54.929094], [33.701181, 54.928626], [33.701677, 54.927564], [33.699151, 54.924874], [33.699948, 54.92319], [33.706522, 54.918301], [33.703355, 54.915552], [33.707308, 54.914173], [33.715028, 54.90485], [33.716758, 54.901029], [33.716262, 54.898786], [33.725193, 54.895068], [33.737818, 54.88741], [33.746074, 54.883998], [33.756271, 54.8825], [33.761098, 54.889947], [33.762216, 54.890081], [33.771346, 54.887321], [33.77647, 54.887267], [33.77885, 54.888277], [33.780289, 54.890536], [33.781733, 54.896646], [33.792602, 54.896578], [33.796919, 54.897369], [33.800832, 54.900156], [33.807539, 54.909079], [33.808517, 54.90983], [33.810707, 54.910339], [33.812477, 54.909723], [33.812849, 54.908088], [33.812477, 54.903372], [33.812896, 54.901094], [33.814852, 54.898709], [33.815644, 54.898388], [33.822259, 54.899004], [33.824495, 54.898147], [33.824308, 54.896458], [33.819184, 54.892841], [33.818951, 54.891153], [33.82353, 54.883769], [33.831119, 54.875435], [33.835301, 54.87695], [33.845295, 54.884338], [33.859953, 54.887056], [33.863297, 54.889652], [33.863203, 54.890724], [33.85883, 54.896523], [33.846752, 54.904801], [33.852257, 54.90991], [33.863763, 54.913072], [33.866072, 54.91293], [33.872522, 54.91124], [33.884929, 54.911743], [33.889564, 54.913335], [33.892373, 54.918372], [33.896788, 54.920628], [33.902098, 54.921593], [33.9121612, 54.9196064], [33.9190719, 54.9205507], [33.937154, 54.9202828], [33.9410833, 54.9206151], [33.9444358, 54.9173268], [33.9375583, 54.9174206], [33.9374137, 54.9164326], [33.9320752, 54.9165503], [33.927858, 54.903452], [33.929628, 54.900049], [33.932325, 54.898632], [33.950489, 54.893541], [33.961116, 54.88858], [33.969121, 54.883404], [33.974566, 54.874683], [33.979273, 54.869632], [33.983987, 54.866875], [33.994654, 54.864758], [33.997729, 54.865401], [34.001127, 54.867109], [34.0064, 54.866787], [34.008749, 54.864801], [34.013614, 54.858407], [34.018877, 54.855915], [34.023815, 54.855165], [34.036997, 54.856076], [34.045614, 54.857094], [34.052648, 54.85964], [34.068067, 54.859399], [34.069045, 54.859854], [34.073517, 54.869126], [34.071793, 54.872662], [34.071933, 54.873252], [34.074122, 54.874967], [34.083299, 54.873788], [34.100646, 54.876975], [34.10591, 54.876343], [34.108529, 54.875259], [34.10904, 54.874033], [34.108778, 54.871001], [34.109477, 54.868509], [34.113482, 54.866821], [34.123434, 54.865573], [34.132657, 54.865684], [34.141571, 54.866848], [34.143807, 54.866661], [34.149164, 54.865133], [34.15126, 54.863954], [34.15303, 54.861784], [34.154008, 54.861516], [34.157595, 54.861864], [34.163324, 54.86382], [34.164768, 54.86382], [34.177764, 54.861408], [34.206377, 54.85892], [34.21278, 54.856942], [34.22006, 54.852807], [34.221504, 54.852485], [34.226618, 54.853156], [34.231063, 54.852374], [34.241525, 54.85181], [34.242176, 54.852719], [34.243211, 54.859184], [34.244841, 54.864329], [34.248008, 54.867545], [34.252713, 54.868322], [34.258946, 54.86675], [34.261565, 54.866812], [34.26529, 54.868509], [34.268914, 54.868703], [34.280336, 54.865401], [34.289884, 54.869045], [34.300912, 54.874096], [34.304977, 54.877138], [34.308563, 54.886329], [34.311848, 54.890886], [34.318748, 54.898367], [34.323015, 54.905382], [34.326866, 54.920064], [34.327982, 54.926026], [34.327758, 54.929164], [34.326171, 54.930678], [34.324355, 54.931723], [34.319697, 54.93266], [34.315458, 54.932768], [34.300738, 54.929096], [34.293704, 54.927891], [34.287602, 54.928668], [34.281826, 54.930544], [34.281174, 54.931133], [34.279777, 54.934027], [34.280988, 54.93735], [34.287509, 54.943647], [34.290071, 54.947023], [34.290816, 54.949703], [34.289372, 54.952543], [34.281935, 54.9610897], [34.2765096, 54.9626031], [34.275439, 54.9646814], [34.2728546, 54.9652256], [34.2692759, 54.9670124], [34.2693342, 54.9702177], [34.2740725, 54.9747968], [34.274653, 54.9775137], [34.2853612, 54.9769036], [34.2894429, 54.9780352], [34.2925761, 54.9799671], [34.305908, 54.983761], [34.313641, 54.987379], [34.314759, 54.987432], [34.318066, 54.984994], [34.319277, 54.984914], [34.330549, 54.98687], [34.332599, 54.989442], [34.333484, 54.989871], [34.337164, 54.989683], [34.337676, 54.990112], [34.338049, 54.99523], [34.338561, 54.995632], [34.342754, 54.99598], [34.344617, 54.994882], [34.346666, 54.989362], [34.347598, 54.984136], [34.351837, 54.982529], [34.363072, 54.984347], [34.386078, 54.986467], [34.392968, 54.988585], [34.397626, 54.991532], [34.401772, 54.995793], [34.401539, 54.998875], [34.399256, 55.004287], [34.399722, 55.009165], [34.397533, 55.014818], [34.399364, 55.0181016], [34.3962138, 55.0205921], [34.3981413, 55.0224568], [34.4022049, 55.0243013], [34.4063648, 55.0288947], [34.4120444, 55.0277031], [34.4160803, 55.0279436], [34.4168777, 55.0310517], [34.4205358, 55.0335067], [34.4233844, 55.0347495], [34.4267578, 55.0292454], [34.432341, 55.0294975], [34.4335133, 55.0313273], [34.4386456, 55.0339844], [34.4399658, 55.0353581], [34.44187, 55.0363551], [34.440943, 55.039158], [34.451149, 55.044085], [34.4661, 55.049091], [34.477664, 55.04992], [34.482398, 55.049737], [34.487499, 55.048875], [34.502816, 55.044662], [34.512681, 55.040864], [34.514358, 55.039337], [34.514358, 55.037944], [34.499141, 55.028384], [34.499592, 55.027038], [34.503598, 55.023849], [34.5230041, 55.0179162], [34.528556, 55.019267], [34.535087, 55.022991], [34.538535, 55.026706], [34.546574, 55.028347], [34.554185, 55.030763], [34.55779, 55.030423], [34.562371, 55.029169], [34.567134, 55.026958], [34.572723, 55.025457], [34.578639, 55.026127], [34.579757, 55.02677], [34.581248, 55.030628], [34.5819, 55.031111], [34.590285, 55.033898], [34.597758, 55.038449], [34.603421, 55.043008], [34.610874, 55.04467], [34.614693, 55.04617], [34.615904, 55.049359], [34.617861, 55.064875], [34.61637, 55.067956], [34.613906, 55.067988], [34.610824, 55.070835], [34.606159, 55.073178], [34.604787, 55.074584], [34.60523, 55.076218], [34.607932, 55.077768], [34.608924, 55.081432], [34.610592, 55.084111], [34.613695, 55.086034], [34.615468, 55.088304], [34.6130648, 55.0946981], [34.6146563, 55.098444], [34.6157944, 55.0998224], [34.6181304, 55.0989599], [34.6207637, 55.0989304], [34.6219202, 55.0983939], [34.623688, 55.099119], [34.6282297, 55.0998006], [34.6285805, 55.100955], [34.6263981, 55.10157], [34.6266232, 55.1026286], [34.6261558, 55.1034762], [34.6266784, 55.1037933], [34.633978, 55.105352], [34.642316, 55.106013], [34.64717, 55.105436], [34.657386, 55.101183], [34.663465, 55.100582], [34.671886, 55.10182], [34.678704, 55.101087], [34.686113, 55.099309], [34.687041, 55.10218], [34.690777, 55.104535], [34.684719, 55.115877], [34.684909, 55.119373], [34.68149, 55.121344], [34.678113, 55.124564], [34.677247, 55.126606], [34.683031, 55.128336], [34.684487, 55.12949], [34.682799, 55.144279], [34.683495, 55.14667], [34.68816, 55.14864], [34.701457, 55.152389], [34.710871, 55.157723], [34.721214, 55.159441], [34.721003, 55.162205], [34.714565, 55.16444], [34.713024, 55.165857], [34.712517, 55.168668], [34.713552, 55.170927], [34.718026, 55.173594], [34.727524, 55.17536], [34.7386334, 55.1791302], [34.7502228, 55.1864196], [34.7519751, 55.1880322], [34.7558947, 55.1898512], [34.755346, 55.1904187], [34.755379, 55.191909], [34.7547181, 55.193371], [34.7524708, 55.194748], [34.7525369, 55.1954365], [34.7537568, 55.1965137], [34.754963, 55.1964734], [34.763132, 55.207511], [34.764238, 55.20983], [34.763744, 55.214131], [34.762393, 55.219441], [34.760704, 55.221255], [34.757771, 55.222276], [34.750974, 55.222072], [34.750067, 55.222276], [34.748843, 55.223646], [34.747217, 55.224451], [34.74346, 55.223778], [34.741856, 55.226734], [34.741476, 55.230891], [34.741497, 55.23154], [34.7460702, 55.2358568], [34.7489307, 55.2397885], [34.74513, 55.243821], [34.7468675, 55.2449978], [34.7477041, 55.2463981], [34.745985, 55.2471671], [34.7478327, 55.2489489], [34.749159, 55.249201], [34.751206, 55.250619], [34.753992, 55.253514], [34.754837, 55.255881], [34.75357, 55.257707], [34.751776, 55.259209], [34.746204, 55.260722], [34.736115, 55.262164], [34.734384, 55.263077], [34.733667, 55.26524], [34.734426, 55.269493], [34.735123, 55.270514], [34.749623, 55.278144], [34.752853, 55.280655], [34.753633, 55.281964], [34.75319, 55.28629], [34.75433, 55.288104], [34.750488, 55.288921], [34.748948, 55.290074], [34.74747, 55.294808], [34.740336, 55.297511], [34.730733, 55.294988], [34.72782, 55.296201], [34.728896, 55.298219], [34.730627, 55.299649], [34.730901, 55.300634], [34.72744, 55.307507], [34.730733, 55.31158], [34.7400022, 55.309974], [34.7444872, 55.3115056], [34.7469897, 55.3111096], [34.7534342, 55.3071477], [34.7568917, 55.3057508], [34.7579615, 55.3075367], [34.763595, 55.3080221], [34.7648231, 55.3061908], [34.7703298, 55.3065417], [34.775145, 55.3044641], [34.7746196, 55.3024385], [34.776661, 55.300779], [34.778434, 55.299914], [34.780038, 55.29977], [34.792787, 55.305056], [34.802497, 55.306521], [34.80842, 55.303722], [34.810644, 55.303734], [34.81507, 55.307252], [34.822, 55.310054], [34.828669, 55.311399], [34.834537, 55.311591], [34.840075, 55.310867], [34.847708, 55.308107], [34.856836, 55.30409], [34.858832, 55.303668], [34.864033, 55.307352], [34.866844, 55.308602], [34.86817, 55.31013], [34.8636, 55.315332], [34.862632, 55.317272], [34.865626, 55.322631], [34.871451, 55.33041], [34.888042, 55.345448], [34.892031, 55.351364], [34.894331, 55.350908], [34.899693, 55.343564], [34.91109, 55.337937], [34.913729, 55.339641], [34.913898, 55.340397], [34.91641, 55.340337], [34.91738, 55.345268], [34.918056, 55.34606], [34.917001, 55.348628], [34.918056, 55.349936], [34.917887, 55.350596], [34.918816, 55.35104], [34.918372, 55.351975], [34.919786, 55.352684], [34.921348, 55.352444], [34.922572, 55.353656], [34.9151394, 55.3612365], [34.9040875, 55.3647944], [34.9016013, 55.3693933], [34.8985621, 55.3725455], [34.8965389, 55.3764991], [34.8845343, 55.386065], [34.8794976, 55.3875883], [34.8729803, 55.3930453], [34.8726311, 55.4022827], [34.867019, 55.408258], [34.866555, 55.409933], [34.866259, 55.416517], [34.866977, 55.424155], [34.864191, 55.437084], [34.862587, 55.438664], [34.85427, 55.442111], [34.848655, 55.445679], [34.844953, 55.450727], [34.8427302, 55.4546324], [34.841237, 55.455345], [34.839844, 55.454794], [34.840931, 55.454525], [34.842239, 55.453417], [34.841268, 55.452926], [34.841954, 55.452124], [34.840171, 55.452244], [34.838187, 55.451536], [34.837754, 55.450251], [34.833459, 55.445415], [34.824425, 55.44312], [34.822737, 55.442163], [34.820035, 55.438768], [34.817671, 55.437573], [34.807793, 55.436856], [34.79935, 55.43719], [34.793355, 55.438051], [34.78981, 55.439438], [34.788712, 55.440442], [34.786939, 55.44355], [34.785251, 55.444937], [34.780945, 55.445128], [34.778919, 55.444554], [34.775964, 55.442498], [34.754992, 55.439967], [34.752746, 55.439485], [34.749622, 55.43786], [34.749369, 55.436569], [34.7500598, 55.4330331], [34.7484061, 55.4292762], [34.7505563, 55.4287897], [34.7503972, 55.4264429], [34.7493062, 55.4228383], [34.7488925, 55.4231583], [34.7407137, 55.4232193], [34.7404352, 55.4228338], [34.7410665, 55.4217856], [34.7388068, 55.4210486], [34.7315294, 55.4230758], [34.7208966, 55.4195684], [34.7157731, 55.4213272], [34.713487, 55.421125], [34.709772, 55.422368], [34.703862, 55.425333], [34.703076, 55.426633], [34.703187, 55.428058], [34.704031, 55.429493], [34.709266, 55.432218], [34.71163, 55.434513], [34.705298, 55.444172], [34.702596, 55.447088], [34.700485, 55.448618], [34.698459, 55.449862], [34.692881, 55.451605], [34.687061, 55.451966], [34.680729, 55.453257], [34.678618, 55.455217], [34.677183, 55.457465], [34.675495, 55.457943], [34.672455, 55.457226], [34.667727, 55.453926], [34.666461, 55.452444], [34.66435, 55.452157], [34.663506, 55.452492], [34.662324, 55.459569], [34.660635, 55.460621], [34.649056, 55.461627], [34.648815, 55.462676], [34.649997, 55.46368], [34.649822, 55.464824], [34.64662, 55.46588], [34.637164, 55.464158], [34.631676, 55.462485], [34.629988, 55.461529], [34.629481, 55.460333], [34.6321029, 55.456804], [34.630467, 55.4557908], [34.6279245, 55.452765], [34.6263144, 55.4476032], [34.6193475, 55.4482697], [34.6191378, 55.4453752], [34.6196496, 55.4441252], [34.6175433, 55.4420006], [34.6162454, 55.4387515], [34.6196268, 55.431822], [34.6167218, 55.4294587], [34.6102177, 55.4301022], [34.5980841, 55.4283436], [34.5951979, 55.4247481], [34.577875, 55.4285279], [34.5714995, 55.4285267], [34.5666543, 55.4312159], [34.569084, 55.4317505], [34.5756001, 55.436314], [34.5758406, 55.4382645], [34.578853, 55.4397055], [34.5723844, 55.4454867], [34.565991, 55.452444], [34.560925, 55.4556], [34.559068, 55.457321], [34.556873, 55.461003], [34.557042, 55.464493], [34.558139, 55.466645], [34.561685, 55.47071], [34.564218, 55.472096], [34.569368, 55.473292], [34.575616, 55.473435], [34.578655, 55.474439], [34.586845, 55.491652], [34.593599, 55.501884], [34.596343, 55.504682], [34.599298, 55.505925], [34.602506, 55.506594], [34.612807, 55.507263], [34.618505, 55.509437], [34.598583, 55.511791], [34.593623, 55.515835], [34.591164, 55.517255], [34.561255, 55.525341], [34.545816, 55.521382], [34.526988, 55.527831], [34.526397, 55.528554], [34.526513, 55.529355], [34.527696, 55.531803], [34.528783, 55.532663], [34.528751, 55.533332], [34.522239, 55.538432], [34.521711, 55.539471], [34.516382, 55.540815], [34.515633, 55.540487], [34.515643, 55.538378], [34.51672, 55.537202], [34.51635, 55.536545], [34.51483, 55.535386], [34.512783, 55.534861], [34.511084, 55.535362], [34.510029, 55.537757], [34.508984, 55.538342], [34.504816, 55.537948], [34.499992, 55.538497], [34.490156, 55.534986], [34.488647, 55.535207], [34.487688, 55.533744], [34.4864, 55.534562], [34.484933, 55.534091], [34.482653, 55.535804], [34.480236, 55.535703], [34.477704, 55.537285], [34.475551, 55.537256], [34.474411, 55.537783], [34.473672, 55.537017], [34.470211, 55.536849], [34.4667299, 55.5378288], [34.454422, 55.53752], [34.448935, 55.535999], [34.431733, 55.535376], [34.429115, 55.533771], [34.425717, 55.517566], [34.426963, 55.504367], [34.418773, 55.505445], [34.416683, 55.504558], [34.415944, 55.503001], [34.417, 55.501516], [34.419047, 55.500534], [34.425928, 55.500438], [34.428503, 55.497288], [34.424218, 55.492282], [34.415121, 55.485119], [34.414382, 55.483466], [34.416683, 55.478975], [34.42462, 55.472004], [34.41738, 55.46677], [34.423036, 55.462578], [34.42167, 55.46121], [34.414235, 55.461308], [34.402795, 55.46005], [34.397349, 55.457823], [34.395407, 55.455703], [34.395048, 55.453368], [34.396294, 55.450565], [34.3959317, 55.4490474], [34.4032457, 55.4463153], [34.4006159, 55.4430404], [34.3958541, 55.4413776], [34.3854395, 55.4409259], [34.3794146, 55.4392491], [34.3748487, 55.440057], [34.3712622, 55.4400889], [34.3659143, 55.4356465], [34.3680854, 55.4323401], [34.365541, 55.432575], [34.3625027, 55.4342421], [34.3519079, 55.438209], [34.3442788, 55.436261], [34.3416478, 55.4363636], [34.3349961, 55.433165], [34.3251378, 55.4296959], [34.3234218, 55.4324536], [34.3228243, 55.4352707], [34.3229328, 55.4371592], [34.3193223, 55.4381176], [34.3192336, 55.4395491], [34.30901, 55.439273], [34.306842, 55.438694], [34.30412, 55.435964], [34.298189, 55.436384], [34.292637, 55.43927], [34.289556, 55.439114], [34.28582, 55.437509], [34.28276, 55.434635], [34.280375, 55.43097], [34.280311, 55.426682], [34.277947, 55.425376], [34.271932, 55.415974], [34.269356, 55.412944], [34.267626, 55.412225], [34.224504, 55.412309], [34.220494, 55.411195], [34.216716, 55.406548], [34.214964, 55.405769], [34.207492, 55.406919], [34.204326, 55.406548], [34.198838, 55.404105], [34.194364, 55.404871], [34.193456, 55.405147], [34.190354, 55.408261], [34.181974, 55.418861], [34.189889, 55.422119], [34.190818, 55.424382], [34.192274, 55.426215], [34.192232, 55.428479], [34.199872, 55.432934], [34.190353, 55.435856], [34.181889, 55.437006], [34.168233, 55.436527], [34.1653192, 55.4356033], [34.156487, 55.4348987], [34.157577, 55.4357419], [34.1560197, 55.4394228], [34.1598508, 55.4436566], [34.1608127, 55.4455382], [34.1568034, 55.4479197], [34.1544429, 55.4499063], [34.149448, 55.449211], [34.120616, 55.450253], [34.114812, 55.451152], [34.109893, 55.453032], [34.10774, 55.453283], [34.103983, 55.452469], [34.097757, 55.453319], [34.09611, 55.451355], [34.095056, 55.451032], [34.086613, 55.4506], [34.0794742, 55.4518132], [34.0767513, 55.4495262], [34.0757069, 55.4478099], [34.0758541, 55.444889], [34.0726582, 55.4449713], [34.0708653, 55.4458645], [34.0672497, 55.444327], [34.0657845, 55.4450011], [34.0622686, 55.4427363], [34.049253, 55.439294], [34.042921, 55.43866], [34.033908, 55.43939], [34.030953, 55.439043], [34.028611, 55.438072], [34.024664, 55.433976], [34.022279, 55.432407], [34.021642, 55.432533], [34.021308, 55.433198], [34.018712, 55.439569], [34.016643, 55.440252], [34.004147, 55.440539], [33.998216, 55.442899], [33.986059, 55.448816], [33.983421, 55.449235], [33.976962, 55.449091], [33.954673, 55.44757], [33.950473, 55.445953], [33.942304, 55.440061], [33.935824, 55.438192], [33.934157, 55.436815], [33.933545, 55.432718], [33.937534, 55.431018], [33.939159, 55.429353], [33.938547, 55.427017], [33.937449, 55.426035], [33.932764, 55.425376], [33.931497, 55.42273], [33.929766, 55.422011], [33.924173, 55.421795], [33.910433, 55.418837], [33.909314, 55.417484], [33.908871, 55.415639], [33.906148, 55.412033], [33.905367, 55.412285], [33.904185, 55.414956], [33.900492, 55.419256], [33.896777, 55.421735], [33.888903, 55.424586], [33.880777, 55.426071], [33.868535, 55.427401], [33.856718, 55.426973], [33.856592, 55.42595], [33.853425, 55.424054], [33.848914, 55.423428], [33.845315, 55.422113], [33.8443505, 55.4210736], [33.842856, 55.4208224], [33.8424613, 55.4211455], [33.8426547, 55.4217375], [33.8400739, 55.4223881], [33.833577, 55.418518], [33.824235, 55.409006], [33.820909, 55.403576], [33.818833, 55.398713], [33.820148, 55.393826], [33.821161, 55.393244], [33.822106, 55.390857], [33.824165, 55.389693], [33.82535, 55.387494], [33.831588, 55.383957], [33.832066, 55.38346], [33.831984, 55.382517], [33.832622, 55.382109], [33.840282, 55.379514], [33.84923, 55.377773], [33.855056, 55.37432], [33.856881, 55.372244], [33.856544, 55.369577], [33.853104, 55.366153], [33.851341, 55.363515], [33.85247, 55.36165], [33.856607, 55.359641], [33.869788, 55.356367], [33.874369, 55.353879], [33.877018, 55.349598], [33.87687, 55.342835], [33.877946, 55.340088], [33.879909, 55.338079], [33.8843931, 55.3363786], [33.889977, 55.3354015], [33.9042718, 55.3361425], [33.9129904, 55.3377481], [33.9155774, 55.3372588], [33.9170314, 55.3354825], [33.9184605, 55.3356581], [33.9188734, 55.3351066], [33.9166588, 55.3317257], [33.9139215, 55.3309496], [33.9108235, 55.3246869], [33.9214526, 55.3233343], [33.9321317, 55.3278796], [33.9335858, 55.3274701], [33.9331987, 55.3260812], [33.9323279, 55.3252863], [33.9335227, 55.3242955], [33.9347678, 55.3247262], [33.937612, 55.3242413], [33.9378157, 55.3230166], [33.9408498, 55.3225109], [33.9352087, 55.3186796], [33.930434, 55.319261], [33.914272, 55.318557], [33.910631, 55.318089], [33.907992, 55.317021], [33.907074, 55.315355], [33.908699, 55.312015], [33.908647, 55.309131], [33.907043, 55.305456], [33.899201, 55.30329], [33.8878776, 55.3026594], [33.8867573, 55.3030096], [33.8825939, 55.3003743], [33.8832214, 55.2977316], [33.8800187, 55.2943167], [33.8860782, 55.2948928], [33.8840669, 55.2914557], [33.8825722, 55.2904823], [33.8801406, 55.2898321], [33.885322, 55.2846876], [33.8845457, 55.279596], [33.8897928, 55.2788854], [33.8862067, 55.2736256], [33.8903812, 55.2729545], [33.8918818, 55.2709964], [33.892964, 55.264495], [33.888996, 55.257738], [33.888996, 55.257016], [33.890853, 55.253842], [33.890726, 55.25199], [33.894357, 55.247276], [33.894315, 55.246483], [33.893344, 55.245785], [33.885112, 55.245136], [33.880173, 55.242659], [33.879835, 55.241962], [33.8803, 55.224334], [33.882115, 55.222627], [33.886674, 55.222266], [33.894315, 55.222555], [33.897819, 55.221809], [33.898367, 55.22128], [33.898283, 55.213248], [33.899338, 55.211492], [33.906219, 55.211613], [33.909723, 55.21231], [33.910609, 55.212238], [33.911538, 55.211252], [33.9117289, 55.2102032], [33.9004636, 55.2102173], [33.9024791, 55.2028968], [33.9064872, 55.2017051], [33.9074977, 55.199831], [33.9096324, 55.1993649], [33.9085721, 55.196259], [33.9024088, 55.1941108], [33.8917614, 55.1924231], [33.8917008, 55.1890812], [33.892288, 55.188141], [33.8921125, 55.1829906], [33.888684, 55.1829188], [33.8895296, 55.1756353], [33.9012561, 55.168335], [33.9039236, 55.1644909], [33.8961317, 55.1624491], [33.892603, 55.1606581], [33.8852663, 55.160817], [33.8806437, 55.1629857], [33.8805736, 55.1669], [33.8814089, 55.1691376], [33.8808548, 55.1733719], [33.8755586, 55.1741056], [33.8744335, 55.1747754], [33.8714548, 55.1748161], [33.866665, 55.172919], [33.864259, 55.170778], [33.862232, 55.16746], [33.858813, 55.156854], [33.8588003, 55.1557114], [33.8364843, 55.1549237], [33.842814, 55.149664], [33.844755, 55.147042], [33.817152, 55.146425], [33.811786, 55.145359], [33.808831, 55.143339], [33.80748, 55.139011], [33.808071, 55.134418], [33.814741, 55.125688], [33.823775, 55.118545], [33.8342709, 55.111311], [33.8363947, 55.1059324], [33.8308578, 55.1038406], [33.834335, 55.0988251], [33.8386969, 55.0970361], [33.8454456, 55.0967324], [33.853555, 55.0955031], [33.8535206, 55.0945762], [33.8505406, 55.0917215], [33.848875, 55.089338], [33.8456571, 55.0903025], [33.8473765, 55.0800187], [33.8439495, 55.0792828], [33.83188, 55.078986], [33.831543, 55.078529], [33.840281, 55.056693], [33.836017, 55.055418], [33.832049, 55.05525], [33.816916, 55.058052], [33.809845, 55.058496], [33.80499, 55.058015], [33.795618, 55.05561], [33.789708, 55.055201], [33.783756, 55.053686], [33.77295, 55.05258], [33.772021, 55.052724], [33.768306, 55.055682], [33.761678, 55.058231], [33.756866, 55.06345], [33.755093, 55.064027], [33.75142, 55.062752], [33.735801, 55.053903], [33.732171, 55.053639], [33.72318, 55.057775], [33.719423, 55.057294], [33.718325, 55.056044], [33.71841, 55.055322], [33.721196, 55.051835], [33.729427, 55.044211], [33.734071, 55.039089], [33.7405, 55.028384], [33.741965, 55.024732], [33.745756, 55.020896], [33.74231, 55.018914], [33.739643, 55.015426], [33.739559, 55.014704], [33.740319, 55.013189], [33.741965, 55.011674], [33.740107, 55.008668], [33.741675, 55.0070464], [33.7450743, 55.0055753], [33.7459312, 55.0043858], [33.7457874, 55.0011416], [33.743711, 54.9997749], [33.755317, 54.992235], [33.7424718, 54.9864731], [33.7385271, 54.9832886], [33.7348686, 54.9846697], [33.7312583, 54.9812445], [33.7203408, 54.9780635], [33.7182985, 54.9755567], [33.715496, 54.977237], [33.704141, 54.979858], [33.695095, 54.980934], [33.6860837, 54.9829834], [33.682474, 54.9829773], [33.6841006, 54.9799951]]]}}, {"type": "Feature", "properties": {"rda_code": "SM-07", "rda_name": "GAGARINSKY AREA / incl. GAGARIN /", "osm_name": "Гагаринский муниципальный округ", "match_score": 1.0, "match_reason": "alias:gagarinsky"}, "geometry": {"type": "Polygon", "coordinates": [[[34.5394188, 55.9314081], [34.539217, 55.930147], [34.538246, 55.92861], [34.53871, 55.924755], [34.539724, 55.92317], [34.544241, 55.91941], [34.546351, 55.91669], [34.547786, 55.914302], [34.549602, 55.907916], [34.550953, 55.905764], [34.550995, 55.90451], [34.550193, 55.90276], [34.54918, 55.901909], [34.545422, 55.900537], [34.531492, 55.900348], [34.527988, 55.899449], [34.525371, 55.898219], [34.524527, 55.895901], [34.524654, 55.894861], [34.526891, 55.889752], [34.527566, 55.886441], [34.528664, 55.884762], [34.531661, 55.882633], [34.534912, 55.881333], [34.541328, 55.879772], [34.543228, 55.878542], [34.549095, 55.870879], [34.550826, 55.86991], [34.556145, 55.8692], [34.57168, 55.869058], [34.582191, 55.867284], [34.58561, 55.867497], [34.5878552, 55.8683154], [34.5918709, 55.864115], [34.5886996, 55.8558308], [34.587501, 55.8487731], [34.585934, 55.8431132], [34.5834607, 55.8431], [34.5803127, 55.8386902], [34.574466, 55.833204], [34.574508, 55.831879], [34.572608, 55.830933], [34.571891, 55.830058], [34.568303, 55.828568], [34.572397, 55.826416], [34.578223, 55.824264], [34.584175, 55.8232], [34.588744, 55.821553], [34.597557, 55.816672], [34.596755, 55.815087], [34.590718, 55.809293], [34.588017, 55.807283], [34.586835, 55.804894], [34.586764, 55.802696], [34.585509, 55.801257], [34.583078, 55.787795], [34.579827, 55.784626], [34.577252, 55.783017], [34.574888, 55.779825], [34.5753248, 55.7762383], [34.577168, 55.771642], [34.580714, 55.767928], [34.594982, 55.757475], [34.607519, 55.746903], [34.608659, 55.744798], [34.60773, 55.736922], [34.607029, 55.735052], [34.632943, 55.745492], [34.636273, 55.746137], [34.656414, 55.740073], [34.663676, 55.737019], [34.664012, 55.735843], [34.66359, 55.733941], [34.66207, 55.730709], [34.659875, 55.727905], [34.657427, 55.718493], [34.658018, 55.717447], [34.664856, 55.710792], [34.666123, 55.705088], [34.66722, 55.703139], [34.673786, 55.702045], [34.680222, 55.701951], [34.685035, 55.702521], [34.68858, 55.705135], [34.690522, 55.705944], [34.693984, 55.706419], [34.699472, 55.705373], [34.711798, 55.699431], [34.712811, 55.698243], [34.713402, 55.696341], [34.708252, 55.69097], [34.708083, 55.689687], [34.708521, 55.68873], [34.709789, 55.687922], [34.709772, 55.687358], [34.708922, 55.686981], [34.713993, 55.683698], [34.71965, 55.68289], [34.725821, 55.682918], [34.731723, 55.680893], [34.737211, 55.675475], [34.74253, 55.668915], [34.733158, 55.664589], [34.723027, 55.658647], [34.713909, 55.654607], [34.70116, 55.652183], [34.696263, 55.652088], [34.695503, 55.651375], [34.695588, 55.648665], [34.694828, 55.647287], [34.6863166, 55.6342269], [34.674313, 55.633739], [34.671273, 55.632884], [34.669078, 55.632979], [34.667727, 55.633549], [34.665532, 55.635545], [34.652445, 55.633929], [34.650588, 55.63431], [34.648961, 55.635313], [34.645607, 55.634547], [34.639106, 55.634119], [34.631761, 55.630555], [34.625006, 55.629556], [34.625344, 55.629129], [34.631266, 55.62759], [34.634443, 55.627233], [34.635813, 55.625659], [34.636602, 55.623414], [34.636281, 55.622565], [34.634853, 55.621452], [34.636995, 55.619432], [34.637502, 55.617815], [34.640367, 55.616249], [34.644727, 55.614996], [34.647464, 55.612587], [34.647464, 55.611921], [34.643224, 55.610946], [34.642367, 55.610185], [34.640879, 55.60983], [34.6258, 55.602555], [34.624246, 55.600989], [34.623402, 55.598517], [34.631469, 55.593092], [34.634813, 55.591879], [34.637249, 55.592337], [34.641132, 55.594096], [34.642483, 55.595569], [34.644315, 55.595292], [34.645752, 55.594751], [34.647263, 55.592952], [34.648765, 55.592824], [34.649663, 55.589282], [34.653797, 55.588772], [34.654979, 55.588059], [34.655401, 55.586775], [34.652614, 55.583628], [34.648646, 55.581167], [34.648393, 55.579551], [34.6489, 55.574227], [34.648562, 55.573038], [34.643918, 55.570614], [34.643074, 55.566859], [34.644256, 55.55816], [34.644172, 55.555831], [34.646958, 55.55488], [34.647633, 55.554262], [34.647718, 55.553359], [34.644703, 55.551475], [34.644471, 55.550849], [34.645523, 55.550222], [34.648055, 55.549794], [34.6532423, 55.5498407], [34.6549072, 55.5469254], [34.650926, 55.546039], [34.649153, 55.544708], [34.642905, 55.544328], [34.640457, 55.543282], [34.638262, 55.540858], [34.633618, 55.532539], [34.632774, 55.526977], [34.635476, 55.520132], [34.641386, 55.511766], [34.642145, 55.510008], [34.642399, 55.508391], [34.641386, 55.505967], [34.640204, 55.505064], [34.622642, 55.508914], [34.618505, 55.509437], [34.612807, 55.507263], [34.602506, 55.506594], [34.599298, 55.505925], [34.596343, 55.504682], [34.593599, 55.501884], [34.586845, 55.491652], [34.578655, 55.474439], [34.575616, 55.473435], [34.569368, 55.473292], [34.564218, 55.472096], [34.561685, 55.47071], [34.558139, 55.466645], [34.557042, 55.464493], [34.556873, 55.461003], [34.559068, 55.457321], [34.560925, 55.4556], [34.565991, 55.452444], [34.5723844, 55.4454867], [34.578853, 55.4397055], [34.5758406, 55.4382645], [34.5756001, 55.436314], [34.569084, 55.4317505], [34.5666543, 55.4312159], [34.5714995, 55.4285267], [34.577875, 55.4285279], [34.5951979, 55.4247481], [34.5980841, 55.4283436], [34.6102177, 55.4301022], [34.6167218, 55.4294587], [34.6196268, 55.431822], [34.6162454, 55.4387515], [34.6175433, 55.4420006], [34.6196496, 55.4441252], [34.6191378, 55.4453752], [34.6193475, 55.4482697], [34.6263144, 55.4476032], [34.6279245, 55.452765], [34.630467, 55.4557908], [34.6321029, 55.456804], [34.629481, 55.460333], [34.629988, 55.461529], [34.631676, 55.462485], [34.637164, 55.464158], [34.64662, 55.46588], [34.649822, 55.464824], [34.649997, 55.46368], [34.648815, 55.462676], [34.649056, 55.461627], [34.660635, 55.460621], [34.662324, 55.459569], [34.663506, 55.452492], [34.66435, 55.452157], [34.666461, 55.452444], [34.667727, 55.453926], [34.672455, 55.457226], [34.675495, 55.457943], [34.677183, 55.457465], [34.678618, 55.455217], [34.680729, 55.453257], [34.687061, 55.451966], [34.692881, 55.451605], [34.698459, 55.449862], [34.700485, 55.448618], [34.702596, 55.447088], [34.705298, 55.444172], [34.71163, 55.434513], [34.709266, 55.432218], [34.704031, 55.429493], [34.703187, 55.428058], [34.703076, 55.426633], [34.703862, 55.425333], [34.709772, 55.422368], [34.713487, 55.421125], [34.7157731, 55.4213272], [34.7208966, 55.4195684], [34.7315294, 55.4230758], [34.7388068, 55.4210486], [34.7410665, 55.4217856], [34.7404352, 55.4228338], [34.7407137, 55.4232193], [34.7488925, 55.4231583], [34.7493062, 55.4228383], [34.7503972, 55.4264429], [34.7505563, 55.4287897], [34.7484061, 55.4292762], [34.7500598, 55.4330331], [34.749369, 55.436569], [34.749622, 55.43786], [34.752746, 55.439485], [34.754992, 55.439967], [34.775964, 55.442498], [34.778919, 55.444554], [34.780945, 55.445128], [34.785251, 55.444937], [34.786939, 55.44355], [34.788712, 55.440442], [34.78981, 55.439438], [34.793355, 55.438051], [34.79935, 55.43719], [34.807793, 55.436856], [34.817671, 55.437573], [34.820035, 55.438768], [34.822737, 55.442163], [34.824425, 55.44312], [34.833459, 55.445415], [34.837754, 55.450251], [34.838187, 55.451536], [34.840171, 55.452244], [34.841954, 55.452124], [34.841268, 55.452926], [34.842239, 55.453417], [34.840931, 55.454525], [34.839844, 55.454794], [34.841574, 55.455249], [34.8427302, 55.4546324], [34.844953, 55.450727], [34.848655, 55.445679], [34.85427, 55.442111], [34.862587, 55.438664], [34.864191, 55.437084], [34.866977, 55.424155], [34.866259, 55.416517], [34.866555, 55.409933], [34.867019, 55.408258], [34.8726311, 55.4022827], [34.8729803, 55.3930453], [34.8794976, 55.3875883], [34.8845343, 55.386065], [34.8965389, 55.3764991], [34.8985621, 55.3725455], [34.9016013, 55.3693933], [34.9040875, 55.3647944], [34.9151394, 55.3612365], [34.922572, 55.353656], [34.921348, 55.352444], [34.919786, 55.352684], [34.918372, 55.351975], [34.918816, 55.35104], [34.917887, 55.350596], [34.918056, 55.349936], [34.917001, 55.348628], [34.918056, 55.34606], [34.91738, 55.345268], [34.91641, 55.340337], [34.913898, 55.340397], [34.913729, 55.339641], [34.91109, 55.337937], [34.899693, 55.343564], [34.894331, 55.350908], [34.892031, 55.351364], [34.887408, 55.344788], [34.871451, 55.33041], [34.869341, 55.327817], [34.863009, 55.318453], [34.862632, 55.317272], [34.8636, 55.315332], [34.868159, 55.310165], [34.871599, 55.311207], [34.87383, 55.311207], [34.874565, 55.311984], [34.875219, 55.313921], [34.878638, 55.315705], [34.881462, 55.316318], [34.892179, 55.30651], [34.894036, 55.305946], [34.926477, 55.305273], [34.927448, 55.310841], [34.940334, 55.310445], [34.939268, 55.304173], [34.939057, 55.299471], [34.9423487, 55.2972043], [34.9408107, 55.2923181], [34.9415071, 55.2885022], [34.9378278, 55.2887332], [34.9372294, 55.2845887], [34.9251289, 55.2826833], [34.9269025, 55.2800327], [34.9283873, 55.2787466], [34.9265115, 55.2762908], [34.9290587, 55.2747029], [34.932429, 55.275749], [34.9354471, 55.2774016], [34.939712, 55.275623], [34.954877, 55.27289], [34.956164, 55.274086], [34.95361, 55.282369], [34.954929, 55.284718], [34.963752, 55.287589], [34.967985, 55.288153], [34.970781, 55.287883], [34.977007, 55.282886], [34.978622, 55.280308], [34.978865, 55.278933], [34.97819, 55.276416], [34.976617, 55.274392], [34.973947, 55.272181], [34.97, 55.270211], [34.967414, 55.268229], [34.968016, 55.267454], [34.969768, 55.267052], [34.975952, 55.267148], [34.979751, 55.268096], [34.990558, 55.276969], [34.994822, 55.279005], [35.001217, 55.280242], [35.009005, 55.280777], [35.022873, 55.285727], [35.031474, 55.283516], [35.0327192, 55.2823548], [35.0377216, 55.2821093], [35.0397491, 55.2774834], [35.0414437, 55.275118], [35.0470245, 55.2755128], [35.0528492, 55.2730984], [35.0583822, 55.2717049], [35.05904, 55.271712], [35.0607406, 55.2733888], [35.0628414, 55.2733941], [35.065414, 55.274722], [35.068622, 55.275161], [35.069498, 55.275977], [35.070142, 55.277708], [35.0663, 55.280513], [35.065488, 55.2816], [35.066406, 55.282982], [35.06762, 55.283762], [35.070406, 55.28369], [35.074194, 55.280879], [35.076759, 55.28148], [35.078722, 55.281096], [35.081371, 55.281324], [35.083292, 55.282117], [35.083756, 55.282771], [35.081107, 55.285835], [35.081434, 55.286622], [35.082342, 55.286886], [35.087945, 55.286982], [35.091682, 55.282273], [35.093317, 55.281155], [35.097359, 55.27975], [35.105728, 55.279107], [35.113464, 55.279179], [35.120281, 55.279888], [35.127722, 55.282303], [35.132376, 55.284525], [35.136713, 55.287571], [35.138486, 55.290652], [35.139805, 55.296394], [35.138486, 55.302485], [35.138729, 55.303194], [35.15153, 55.302552], [35.165672, 55.304594], [35.165925, 55.304306], [35.16525, 55.303338], [35.168215, 55.301435], [35.170231, 55.301279], [35.173576, 55.302516], [35.172542, 55.304306], [35.172785, 55.304702], [35.192091, 55.31731], [35.198187, 55.320668], [35.203169, 55.322122], [35.209342, 55.324645], [35.211052, 55.325102], [35.221395, 55.325138], [35.228412, 55.327221], [35.232413, 55.32918], [35.238196, 55.328321], [35.242248, 55.329607], [35.248306, 55.328814], [35.252063, 55.328814], [35.257044, 55.329979], [35.2586455, 55.3298816], [35.2617524, 55.3309181], [35.2634693, 55.3306771], [35.2649122, 55.3313093], [35.2646625, 55.3317327], [35.2656972, 55.3322307], [35.2675322, 55.3318349], [35.2695354, 55.3301274], [35.274107, 55.3310688], [35.2819721, 55.3403215], [35.2831294, 55.3434849], [35.2806169, 55.3439137], [35.2807584, 55.349625], [35.2909614, 55.351858], [35.2895733, 55.3593712], [35.2895512, 55.3677394], [35.2884674, 55.3730839], [35.2893724, 55.377962], [35.2892757, 55.3804063], [35.2857447, 55.3821689], [35.2861922, 55.3890081], [35.2935766, 55.3894709], [35.2945779, 55.3915307], [35.3002768, 55.3915624], [35.3055139, 55.3976523], [35.3049653, 55.4046002], [35.3026888, 55.4060313], [35.2977928, 55.4124335], [35.3090341, 55.4172662], [35.3113174, 55.4238908], [35.319917, 55.4265619], [35.3254777, 55.4268793], [35.3296583, 55.4286921], [35.3293734, 55.4296144], [35.3283224, 55.4298902], [35.3279145, 55.4295352], [35.3260827, 55.4301675], [35.3259877, 55.430747], [35.3244539, 55.4306189], [35.3238382, 55.4312109], [35.3229003, 55.4310893], [35.319676, 55.4321636], [35.3190851, 55.4316111], [35.3190524, 55.4328669], [35.3175325, 55.4332236], [35.3175429, 55.4328302], [35.3167526, 55.4328242], [35.3160683, 55.4334549], [35.3151063, 55.4332425], [35.3149816, 55.4339201], [35.3137295, 55.4337188], [35.3132429, 55.4342327], [35.3140324, 55.4347541], [35.3130111, 55.4346904], [35.3127166, 55.4353398], [35.3074863, 55.4350009], [35.3064821, 55.4354966], [35.3057589, 55.4350273], [35.3038736, 55.4350076], [35.3062867, 55.4395581], [35.3095057, 55.4422302], [35.3122836, 55.4460225], [35.3133942, 55.4504663], [35.3093444, 55.4574941], [35.3027767, 55.4593839], [35.2975972, 55.4615432], [35.2910364, 55.4631608], [35.2907101, 55.4709021], [35.2890047, 55.4723554], [35.2900951, 55.4730442], [35.2915922, 55.4729648], [35.2940675, 55.4760754], [35.2950269, 55.4754894], [35.3142561, 55.475294], [35.3154512, 55.4779656], [35.3190309, 55.4780645], [35.319141, 55.4795473], [35.3247616, 55.4802053], [35.3226552, 55.4811755], [35.3203313, 55.4836311], [35.3240827, 55.4867197], [35.3261087, 55.4872064], [35.318356, 55.4922939], [35.3188675, 55.4964364], [35.3240387, 55.4983574], [35.3254352, 55.501841], [35.3231077, 55.5054558], [35.3135699, 55.5146266], [35.3153441, 55.5173952], [35.3258561, 55.5169532], [35.3259547, 55.5184722], [35.3252921, 55.5191425], [35.3260669, 55.5204525], [35.3259009, 55.5225375], [35.3300041, 55.5249032], [35.3372407, 55.5264882], [35.3431522, 55.5269342], [35.3446851, 55.5275857], [35.3399057, 55.5322456], [35.3382285, 55.5350764], [35.3391622, 55.5373912], [35.3388021, 55.538373], [35.317566, 55.5424613], [35.3148246, 55.544234], [35.3094365, 55.5443951], [35.3066302, 55.5465234], [35.31052, 55.5469957], [35.3098401, 55.5481672], [35.312295, 55.5485327], [35.3150192, 55.5505755], [35.3143266, 55.5518028], [35.303805, 55.549027], [35.2981469, 55.5507207], [35.2943085, 55.555006], [35.2947493, 55.557722], [35.2956272, 55.558792], [35.2951193, 55.5601067], [35.295846, 55.5623978], [35.2953228, 55.5673958], [35.2971443, 55.5720656], [35.3000629, 55.5725356], [35.296951, 55.5756835], [35.3000589, 55.5814279], [35.3010622, 55.5817885], [35.3022329, 55.580595], [35.3034006, 55.580839], [35.3032813, 55.5814193], [35.3038616, 55.5819928], [35.3081896, 55.5804841], [35.3089743, 55.5806234], [35.308369, 55.5810733], [35.3102971, 55.581802], [35.3133047, 55.5814159], [35.3285611, 55.5814139], [35.3323702, 55.5820161], [35.335885, 55.5817601], [35.3413642, 55.5822278], [35.3419061, 55.5821262], [35.3485767, 55.572621], [35.3638517, 55.5743153], [35.3646871, 55.5747763], [35.3721381, 55.575828], [35.3693739, 55.5829183], [35.3646213, 55.5878664], [35.3837149, 55.5932965], [35.3868566, 55.5946437], [35.3950027, 55.5940825], [35.3932926, 55.596941], [35.38877, 55.5988579], [35.3884618, 55.599937], [35.3895254, 55.60444], [35.3911279, 55.6058903], [35.3901589, 55.6111495], [35.3878385, 55.6166889], [35.3870697, 55.6175426], [35.3858239, 55.6229782], [35.3828011, 55.6265621], [35.3826398, 55.63067], [35.3784786, 55.631262], [35.3744372, 55.633075], [35.3605309, 55.6378587], [35.3542896, 55.6355454], [35.3520819, 55.6375187], [35.3526297, 55.6380478], [35.3548059, 55.6385448], [35.3553403, 55.6392117], [35.3542168, 55.6421525], [35.3567001, 55.6413835], [35.3572674, 55.6428017], [35.3599277, 55.6442499], [35.3595412, 55.6452435], [35.3511319, 55.6430166], [35.3478117, 55.6557811], [35.3459667, 55.6562424], [35.3465558, 55.6579433], [35.3426592, 55.6582151], [35.3429862, 55.6597442], [35.3370767, 55.665767], [35.3268774, 55.6652219], [35.3232503, 55.6659814], [35.3271099, 55.6726629], [35.3355544, 55.6835805], [35.3316067, 55.6846723], [35.3316513, 55.687851], [35.3349509, 55.6888016], [35.3383906, 55.6915197], [35.3356064, 55.692049], [35.3332162, 55.6918128], [35.3308538, 55.6930003], [35.3297507, 55.697327], [35.3305153, 55.6974203], [35.3320537, 55.6997861], [35.33759, 55.7005944], [35.3370212, 55.7027704], [35.3274274, 55.7080488], [35.3244636, 55.7056901], [35.3228965, 55.7061202], [35.3222557, 55.7078278], [35.3165005, 55.7081532], [35.3152093, 55.7102507], [35.3147866, 55.7127667], [35.3129268, 55.7145698], [35.3130312, 55.7174163], [35.3143467, 55.7199313], [35.3169305, 55.7196512], [35.3173746, 55.7210403], [35.316319, 55.7219162], [35.3060406, 55.7218457], [35.3128108, 55.7284302], [35.3105261, 55.7283197], [35.3065809, 55.7296433], [35.3059594, 55.7307094], [35.3049369, 55.7304492], [35.304097, 55.734377], [35.3088494, 55.7383199], [35.3135368, 55.7407949], [35.3161982, 55.7411833], [35.3158123, 55.7423844], [35.3164323, 55.7449815], [35.3240202, 55.7446012], [35.3267723, 55.7426939], [35.327694, 55.7435749], [35.329763, 55.7439666], [35.3324653, 55.743191], [35.3365617, 55.7435844], [35.3425737, 55.7415193], [35.3447524, 55.7437299], [35.343622, 55.7442761], [35.3429003, 55.7515163], [35.3384508, 55.7520851], [35.3383708, 55.7535163], [35.3345863, 55.7537048], [35.3342266, 55.7552339], [35.3331515, 55.7565398], [35.3332008, 55.7577503], [35.3270644, 55.7583363], [35.3304902, 55.7640087], [35.3297685, 55.7652941], [35.3338546, 55.7676028], [35.3387111, 55.7694144], [35.3360006, 55.7721618], [35.3317834, 55.773311], [35.335618, 55.7766237], [35.3345547, 55.7784908], [35.3325119, 55.7778352], [35.3281242, 55.7848928], [35.3322134, 55.7873387], [35.3311876, 55.787151], [35.3300364, 55.7879327], [35.3306465, 55.7899082], [35.3300692, 55.7906942], [35.3308812, 55.7908761], [35.3310746, 55.7921633], [35.3307818, 55.792565], [35.3295031, 55.7925434], [35.3292031, 55.7932399], [35.3301221, 55.7939413], [35.3281744, 55.7948929], [35.3242794, 55.7937915], [35.3244146, 55.7941703], [35.323622, 55.7945914], [35.3214903, 55.7937342], [35.3194226, 55.7937521], [35.3192863, 55.7949115], [35.3171623, 55.7959683], [35.3174386, 55.7964015], [35.3170566, 55.7967184], [35.3145401, 55.7965954], [35.3141078, 55.7967556], [35.3140792, 55.7974357], [35.3074897, 55.7958972], [35.3078193, 55.7966211], [35.3061952, 55.796563], [35.3050238, 55.7983132], [35.303745, 55.7983836], [35.3039513, 55.7989434], [35.3029334, 55.7997813], [35.3013113, 55.7994069], [35.3015976, 55.7992029], [35.3008263, 55.7985399], [35.2983349, 55.7985259], [35.2976461, 55.7979416], [35.2946146, 55.799122], [35.2931868, 55.7985654], [35.2892775, 55.7982327], [35.2864623, 55.7985342], [35.2831689, 55.7998299], [35.2825811, 55.8051068], [35.2812579, 55.8080737], [35.2814683, 55.8090731], [35.28298, 55.8125986], [35.2865159, 55.8139831], [35.2870739, 55.8151175], [35.2883075, 55.8158409], [35.2876732, 55.8164189], [35.2881876, 55.817104], [35.2873996, 55.8173047], [35.2878286, 55.8178979], [35.28598, 55.8179017], [35.2859292, 55.8185147], [35.2849957, 55.8185338], [35.2844016, 55.8194788], [35.2852696, 55.8208239], [35.2843666, 55.8213088], [35.284942, 55.8219116], [35.2844098, 55.8221869], [35.2845987, 55.8224592], [35.2819642, 55.8236049], [35.2818331, 55.8241757], [35.2809934, 55.8244463], [35.2813101, 55.824791], [35.280328, 55.8249418], [35.2800297, 55.8259966], [35.28063, 55.8267251], [35.2792166, 55.8274358], [35.2783897, 55.827354], [35.2784688, 55.826928], [35.2774089, 55.8272494], [35.2763263, 55.8263449], [35.2740389, 55.8261761], [35.271493, 55.8264026], [35.271418, 55.8268889], [35.2692718, 55.8273263], [35.2692978, 55.8279212], [35.2685934, 55.8284763], [35.2686866, 55.8292579], [35.2680711, 55.8297009], [35.2681335, 55.8306198], [35.2694183, 55.8329646], [35.2699489, 55.8367457], [35.2675722, 55.8387161], [35.2630625, 55.8397377], [35.2631327, 55.8400905], [35.2622458, 55.840378], [35.2624758, 55.841143], [35.2596456, 55.8422384], [35.2598776, 55.842651], [35.2590674, 55.842765], [35.2588847, 55.8433458], [35.2565057, 55.8442689], [35.2555656, 55.8440384], [35.2543904, 55.8451903], [35.254193, 55.8447526], [35.2519919, 55.8450477], [35.2508038, 55.8470177], [35.2500778, 55.847059], [35.2469354, 55.8519057], [35.2495066, 55.8555098], [35.2498172, 55.8573897], [35.2490803, 55.8587574], [35.2495471, 55.8600748], [35.2472133, 55.8621832], [35.2398662, 55.8652321], [35.2379202, 55.8672984], [35.2345224, 55.86836], [35.2356561, 55.8713323], [35.2311281, 55.8728787], [35.2289812, 55.8769043], [35.2234361, 55.8802176], [35.22436, 55.883492], [35.2305795, 55.8869161], [35.2274569, 55.8926045], [35.2182383, 55.8969063], [35.2086372, 55.8941466], [35.2088786, 55.8954623], [35.210518, 55.895967], [35.2109025, 55.8967351], [35.2099649, 55.8978814], [35.2121004, 55.89917], [35.2128951, 55.901035], [35.2271854, 55.9077402], [35.2269271, 55.9088826], [35.2206735, 55.9080273], [35.2170061, 55.9066102], [35.2130267, 55.9033521], [35.2070013, 55.9007083], [35.2042015, 55.8988388], [35.1992791, 55.8891257], [35.189813, 55.9071534], [35.1947868, 55.9088561], [35.2044284, 55.9148296], [35.2044862, 55.9194568], [35.2014051, 55.9216575], [35.1985106, 55.9211498], [35.1968209, 55.9243612], [35.1880928, 55.9286932], [35.1875058, 55.9316501], [35.1855306, 55.9329605], [35.1739069, 55.937766], [35.1632933, 55.9438064], [35.1600784, 55.9450392], [35.1583496, 55.9463564], [35.158618, 55.948456], [35.1575084, 55.9502733], [35.1546736, 55.952722], [35.1542599, 55.9538013], [35.1484955, 55.9575013], [35.1434024, 55.9590666], [35.1375065, 55.9583337], [35.1350569, 55.9565839], [35.125731, 55.9539767], [35.1211116, 55.9562163], [35.1101934, 55.9527866], [35.1049442, 55.9527865], [35.1033275, 55.9538629], [35.1031944, 55.9548162], [35.1003772, 55.95829], [35.097065, 55.9597037], [35.0910087, 55.9605762], [35.0833582, 55.9668672], [35.0778051, 55.9686387], [35.0727655, 55.9761275], [35.0677087, 55.9768973], [35.0651889, 55.9808867], [35.0687582, 55.9842462], [35.0656084, 55.9898453], [35.0525731, 55.9859957], [35.0457669, 55.9803964], [35.0342901, 55.9790807], [35.0305415, 55.9795469], [35.0234516, 55.977719], [35.0171764, 55.9774564], [35.0121372, 55.9782446], [35.003851, 55.977718], [34.9977453, 55.9794859], [34.9938334, 55.9759295], [34.9788969, 55.9710689], [34.9702429, 55.9721356], [34.9636933, 55.9714243], [34.9570548, 55.9692903], [34.9529056, 55.9715426], [34.9447255, 55.9794851], [34.9378498, 55.9805519], [34.9316851, 55.9854122], [34.9321296, 55.9876646], [34.925254, 55.9848194], [34.9195643, 55.9756912], [34.9101282, 55.9646136], [34.8934249, 55.9743868], [34.8753296, 55.9746532], [34.8698045, 55.9761646], [34.869212, 55.9728453], [34.8593004, 55.972885], [34.8586619, 55.9628872], [34.8528239, 55.9555373], [34.8449996, 55.9587379], [34.8136735, 55.9662058], [34.8270685, 55.9797203], [34.823275, 55.9799574], [34.8156883, 55.975571], [34.8073902, 55.9727258], [34.806768, 55.9701177], [34.80416, 55.9686951], [34.7982327, 55.9691692], [34.7964547, 55.9643088], [34.7913573, 55.963716], [34.7847188, 55.961345], [34.7794731, 55.9620562], [34.7754424, 55.9643085], [34.7760349, 55.9704729], [34.7673807, 55.9760444], [34.7571561, 55.9759257], [34.7450448, 55.9778568], [34.7419509, 55.975531], [34.7370034, 55.9731988], [34.7294168, 55.9659674], [34.7232526, 55.9631222], [34.720052, 55.9593286], [34.71875, 55.9564546], [34.6979736, 55.9446878], [34.6875585, 55.9382748], [34.6845487, 55.9355892], [34.6961667, 55.9262242], [34.6910693, 55.9230234], [34.6827418, 55.9163846], [34.6742065, 55.9156732], [34.6670936, 55.9181626], [34.6576988, 55.919585], [34.6315004, 55.9131831], [34.6311447, 55.9154354], [34.6284181, 55.9150797], [34.6267251, 55.9122011], [34.6232565, 55.9105165], [34.6212826, 55.9117775], [34.6055389, 55.9118786], [34.6011229, 55.9144569], [34.60053, 55.9189617], [34.6169142, 55.9167807], [34.6204056, 55.9233482], [34.6176004, 55.9240298], [34.6190228, 55.926875], [34.5969724, 55.9430858], [34.5872516, 55.9426115], [34.5764049, 55.9370989], [34.5739879, 55.9345871], [34.5624412, 55.9344853], [34.5569634, 55.9366244], [34.5534539, 55.9342467], [34.5486016, 55.932717], [34.5394188, 55.9314081]]]}}, {"type": "Feature", "properties": {"rda_code": "SM-08", "rda_name": "GLINKOVSKY AREA", "osm_name": "Глинковский муниципальный округ", "match_score": 1.0, "match_reason": "alias:глинковскии"}, "geometry": {"type": "Polygon", "coordinates": [[[32.464579, 54.65221], [32.464488, 54.648527], [32.466412, 54.645912], [32.467721, 54.642989], [32.467017, 54.642321], [32.462923, 54.640937], [32.462188, 54.639686], [32.465108, 54.635259], [32.4669665, 54.6347052], [32.4713803, 54.6313987], [32.472828, 54.627652], [32.482595, 54.625518], [32.4856023, 54.6237977], [32.4792018, 54.6207554], [32.4801641, 54.6194729], [32.4914407, 54.6167309], [32.4941053, 54.6180781], [32.5110499, 54.6161276], [32.518498, 54.6158517], [32.519428, 54.618145], [32.520312, 54.618361], [32.528409, 54.616164], [32.528274, 54.61311], [32.527008, 54.610261], [32.527054, 54.608838], [32.554614, 54.606391], [32.559249, 54.607073], [32.562966, 54.606808], [32.564492, 54.603991], [32.564167, 54.600708], [32.56367, 54.600333], [32.549471, 54.597829], [32.545657, 54.596188], [32.548541, 54.593658], [32.551315, 54.589732], [32.551329, 54.588475], [32.550401, 54.586932], [32.548182, 54.584869], [32.542784, 54.582082], [32.541332, 54.580769], [32.536732, 54.574342], [32.537593, 54.572073], [32.539902, 54.570195], [32.543469, 54.569229], [32.554075, 54.571405], [32.587885, 54.56083], [32.588118, 54.560534], [32.578863, 54.555045], [32.578491, 54.554238], [32.578661, 54.549629], [32.579474, 54.548662], [32.589001, 54.546945], [32.589001, 54.546515], [32.584512, 54.542552], [32.590583, 54.537905], [32.595568, 54.537083], [32.606917, 54.54092], [32.607899, 54.541606], [32.607278, 54.543798], [32.607604, 54.546488], [32.608394, 54.54708], [32.61462, 54.54983], [32.635146, 54.55646], [32.635062, 54.557134], [32.633508, 54.558166], [32.633282, 54.560946], [32.635461, 54.562176], [32.6369, 54.564272], [32.63984, 54.563958], [32.64293, 54.562449], [32.645559, 54.562268], [32.660109, 54.559108], [32.674307, 54.555207], [32.6841753, 54.5532082], [32.6918717, 54.5467276], [32.6880699, 54.5450007], [32.6870561, 54.5437483], [32.6799876, 54.5427549], [32.676294, 54.541752], [32.675364, 54.541348], [32.673271, 54.538712], [32.67355, 54.538335], [32.6805214, 54.5371339], [32.6847593, 54.5351591], [32.6919338, 54.5346945], [32.6933249, 54.5331416], [32.6943445, 54.5288584], [32.692262, 54.529093], [32.689955, 54.527884], [32.686579, 54.524919], [32.6823536, 54.5229856], [32.6795461, 54.5225393], [32.6755016, 54.520813], [32.673626, 54.520815], [32.6731976, 54.520194], [32.6744197, 54.5201624], [32.6760115, 54.5186895], [32.6757522, 54.5183044], [32.6782532, 54.5167288], [32.6778171, 54.5158709], [32.678572, 54.515338], [32.6787999, 54.5144933], [32.677802, 54.513775], [32.679061, 54.512693], [32.6810841, 54.5119148], [32.6841544, 54.5115544], [32.6869355, 54.5120922], [32.692633, 54.510597], [32.697569, 54.511185], [32.703282, 54.509079], [32.711638, 54.509009], [32.713422, 54.507234], [32.713777, 54.505082], [32.715149, 54.485865], [32.725613, 54.484205], [32.733938, 54.479577], [32.739565, 54.479658], [32.738846, 54.473819], [32.740554, 54.464677], [32.741472, 54.463208], [32.749283, 54.4570237], [32.74894, 54.4525184], [32.7571786, 54.4498217], [32.7587077, 54.4457145], [32.7604453, 54.4445576], [32.775896, 54.4433269], [32.7845917, 54.4431415], [32.7923831, 54.439199], [32.789742, 54.4368524], [32.8010016, 54.434494], [32.8186255, 54.422494], [32.831131, 54.4164475], [32.8320507, 54.4171406], [32.833428, 54.4209236], [32.8357017, 54.4242629], [32.8398599, 54.4214054], [32.8432135, 54.4241287], [32.8469907, 54.4261755], [32.850754, 54.4235417], [32.8492081, 54.4198029], [32.8793015, 54.4189413], [32.8804802, 54.4219233], [32.8872727, 54.4222279], [32.8925219, 54.4234147], [32.8907651, 54.4280099], [32.8916625, 54.4290056], [32.8912344, 54.430493], [32.8891943, 54.4311697], [32.890412, 54.4368537], [32.8943286, 54.43497], [32.903032, 54.4379774], [32.8973501, 54.4412929], [32.8892658, 54.450736], [32.8849733, 54.4533564], [32.8837248, 54.456572], [32.8904619, 54.4578755], [32.8910528, 54.4586594], [32.898907, 54.4604298], [32.9019892, 54.4617971], [32.9015487, 54.4641664], [32.9021947, 54.4660317], [32.9013908, 54.4681827], [32.9030677, 54.4687421], [32.9161592, 54.4714638], [32.9292325, 54.4721898], [32.9339477, 54.4730162], [32.9306711, 54.4805089], [32.9334217, 54.4832764], [32.9361769, 54.4843023], [32.94419, 54.48611], [32.95084, 54.485164], [32.969326, 54.479514], [32.974852, 54.474197], [32.976426, 54.473344], [32.981609, 54.473462], [32.991859, 54.471682], [33.0022962, 54.4668287], [33.0166337, 54.4637212], [33.0184154, 54.4662384], [33.0240567, 54.4708178], [33.026233, 54.472122], [33.031854, 54.473708], [33.0321627, 54.4741571], [33.0263143, 54.4770147], [33.026654, 54.4804591], [33.0259206, 54.481142], [33.0261799, 54.4820544], [33.0272759, 54.4825442], [33.0266388, 54.4840203], [33.0246633, 54.4857245], [33.0293315, 54.4864764], [33.0285736, 54.4924125], [33.014979, 54.5071935], [33.0113227, 54.5053853], [33.0109021, 54.5046318], [33.0083409, 54.505365], [33.0073461, 54.5075465], [33.0079592, 54.5079868], [33.0064942, 54.5085243], [33.0071787, 54.5093934], [33.0060105, 54.5095392], [33.0050808, 54.5105985], [33.0058399, 54.5105783], [33.005523, 54.510835], [33.0058155, 54.5111524], [33.0047535, 54.5114839], [33.0051435, 54.511773], [33.0044087, 54.5145888], [33.0050425, 54.5148778], [33.0044122, 54.5162058], [33.0029498, 54.5166525], [33.0039491, 54.5173093], [33.0023474, 54.5180855], [33.0032388, 54.5187787], [33.0027025, 54.5195366], [33.0031796, 54.5202258], [33.0019226, 54.5223114], [33.0008118, 54.5227985], [33.0010068, 54.5235119], [33.002041, 54.5238534], [33.0021524, 54.5245869], [33.0040745, 54.5251487], [33.0039491, 54.5262662], [33.0051295, 54.5263592], [33.0048893, 54.5272402], [33.0061532, 54.5276625], [33.0064005, 54.5285071], [33.0048753, 54.52977], [33.0047535, 54.5312409], [33.0066999, 54.5323158], [33.0084618, 54.5324249], [33.0092244, 54.5333462], [33.0082808, 54.533722], [33.0083922, 54.5345221], [33.010346, 54.536411], [33.0124731, 54.5371807], [33.0123408, 54.5380676], [33.0116827, 54.5385504], [33.0116235, 54.5398473], [33.010228, 54.539858], [32.999067, 54.536686], [32.994017, 54.536105], [32.987621, 54.536958], [32.984636, 54.545115], [32.983646, 54.546184], [32.971362, 54.54584], [32.969398, 54.547205], [32.969954, 54.551362], [32.97107, 54.552276], [32.979285, 54.552831], [33.00655, 54.563191], [33.00688, 54.570607], [33.025297, 54.579638], [33.046393, 54.595217], [33.058596, 54.603396], [33.075616, 54.599313], [33.076919, 54.599475], [33.066171, 54.617684], [33.060059, 54.619619], [33.040341, 54.623894], [33.038361, 54.625943], [33.03382, 54.63818], [33.034209, 54.641144], [33.0329062, 54.6432912], [33.036366, 54.645366], [33.0299443, 54.6509296], [33.0373504, 54.6535126], [33.0443534, 54.6534927], [33.0474281, 54.6521111], [33.0472081, 54.6555473], [33.0503747, 54.6611069], [33.0525245, 54.6615707], [33.0527812, 54.6633521], [33.0536612, 54.6637762], [33.0483409, 54.6707019], [33.059161, 54.6713461], [33.0674313, 54.6749454], [33.067847, 54.6774645], [33.0727728, 54.6756225], [33.088005, 54.693068], [33.091028, 54.692913], [33.093774, 54.693369], [33.1091309, 54.6906705], [33.1092607, 54.6936881], [33.1160709, 54.6913925], [33.1208625, 54.694185], [33.1235628, 54.6947701], [33.1302676, 54.6980865], [33.12789, 54.702455], [33.12344, 54.702882], [33.122666, 54.703458], [33.122873, 54.705174], [33.119976, 54.706722], [33.115786, 54.706115], [33.113367, 54.706593], [33.112439, 54.707394], [33.11241, 54.708247], [33.114147, 54.709926], [33.113767, 54.710725], [33.109902, 54.710037], [33.108025, 54.71029], [33.107403, 54.713322], [33.102216, 54.714122], [33.102189, 54.71556], [33.102874, 54.716233], [33.107644, 54.71887], [33.107799, 54.719618], [33.107399, 54.720083], [33.105264, 54.721215], [33.105433, 54.721773], [33.10834, 54.72354], [33.10887, 54.724528], [33.107912, 54.726056], [33.106889, 54.726677], [33.106551, 54.728114], [33.108957, 54.728166], [33.11003, 54.728983], [33.113149, 54.728638], [33.113077, 54.729606], [33.110858, 54.730788], [33.112356, 54.732169], [33.110705, 54.733391], [33.112123, 54.733661], [33.113426, 54.735216], [33.11511, 54.735976], [33.1151, 54.736599], [33.113961, 54.737163], [33.109077, 54.737941], [33.107822, 54.73919], [33.10481, 54.738878], [33.104346, 54.739588], [33.105185, 54.74009], [33.104537, 54.741384], [33.107552, 54.742801], [33.107135, 54.74361], [33.107613, 54.744644], [33.106114, 54.744904], [33.10632, 54.746386], [33.105932, 54.746566], [33.104534, 54.746325], [33.102401, 54.744162], [33.0977563, 54.7428003], [33.0962017, 54.7425055], [33.0949337, 54.7428821], [33.0950019, 54.7422763], [33.0929935, 54.7423161], [33.0911213, 54.7450193], [33.0915856, 54.7469843], [33.0911884, 54.7475121], [33.089203, 54.7493989], [33.0861951, 54.7497169], [33.0859565, 54.7500563], [33.0865092, 54.750761], [33.08124, 54.753646], [33.081008, 54.75432], [33.0823903, 54.7570628], [33.082177, 54.7576277], [33.086428, 54.7589206], [33.093041, 54.7650311], [33.1042098, 54.7643935], [33.107473, 54.765286], [33.115681, 54.76477], [33.117634, 54.765888], [33.118658, 54.765401], [33.120896, 54.765498], [33.121762, 54.764857], [33.12245, 54.765775], [33.12073, 54.76734], [33.118386, 54.767962], [33.117565, 54.769157], [33.111659, 54.770075], [33.110393, 54.77106], [33.110302, 54.771689], [33.112154, 54.772774], [33.114019, 54.772835], [33.116518, 54.772168], [33.117063, 54.772572], [33.117849, 54.775634], [33.116504, 54.777802], [33.118748, 54.777723], [33.118107, 54.778598], [33.113679, 54.779285], [33.108626, 54.778544], [33.096742, 54.780378], [33.086505, 54.783797], [33.082202, 54.788323], [33.0694459, 54.7816161], [33.0649452, 54.7804948], [33.0618546, 54.7850185], [33.0666791, 54.7888856], [33.0663381, 54.7902813], [33.066655, 54.7912101], [33.0655558, 54.795454], [33.0605621, 54.7944818], [33.047486, 54.790085], [33.021413, 54.783738], [33.019842, 54.781295], [33.006647, 54.781126], [33.003694, 54.781692], [32.994772, 54.784818], [32.993607, 54.784638], [32.9909885, 54.7831262], [32.9841846, 54.7830172], [32.9841472, 54.7836246], [32.991874, 54.7888689], [32.998004, 54.7904643], [32.9977181, 54.7918291], [32.9937577, 54.7937451], [32.9899839, 54.794136], [32.9814159, 54.8019877], [32.9790588, 54.8025346], [32.9759845, 54.8022596], [32.9730987, 54.8045732], [32.9733522, 54.8084418], [32.9703006, 54.8087881], [32.9672308, 54.8079566], [32.9674435, 54.8097238], [32.9690866, 54.8124016], [32.9688039, 54.8139898], [32.9696674, 54.815648], [32.9695474, 54.8163845], [32.9660984, 54.816841], [32.968525, 54.818285], [32.969529, 54.819531], [32.970514, 54.821205], [32.9699706, 54.821956], [32.9628857, 54.8230907], [32.9615613, 54.8197509], [32.9538213, 54.8211363], [32.9549874, 54.822317], [32.9562841, 54.8253332], [32.9531721, 54.8251936], [32.9534314, 54.8366194], [32.9471074, 54.837033], [32.9428317, 54.8357713], [32.934278, 54.837925], [32.923605, 54.839196], [32.914757, 54.845634], [32.911078, 54.845521], [32.908278, 54.844629], [32.905009, 54.844465], [32.901791, 54.842845], [32.897526, 54.837587], [32.896579, 54.835619], [32.8946387, 54.8336323], [32.8885377, 54.8310292], [32.8847495, 54.8314428], [32.8833554, 54.8306576], [32.8827813, 54.8297608], [32.8810817, 54.8298558], [32.8798011, 54.8293462], [32.8799301, 54.8282251], [32.8787094, 54.827796], [32.878371, 54.8264243], [32.8768674, 54.8242853], [32.8730835, 54.8235962], [32.8724483, 54.8222316], [32.8709588, 54.8212701], [32.8667906, 54.820413], [32.8619686, 54.8212028], [32.8589983, 54.8230152], [32.8575427, 54.8232726], [32.8576579, 54.8241124], [32.8564079, 54.8252104], [32.8538531, 54.8257915], [32.8537027, 54.8261955], [32.8513612, 54.8264214], [32.850294, 54.8270758], [32.8509711, 54.8276187], [32.8503322, 54.8278049], [32.8514651, 54.8284086], [32.8495816, 54.8286305], [32.850791, 54.830761], [32.8502019, 54.8309665], [32.8511819, 54.8313548], [32.852071, 54.831036], [32.853194, 54.832161], [32.854262, 54.831704], [32.855117, 54.831974], [32.853804, 54.833769], [32.852106, 54.834234], [32.853362, 54.835529], [32.850957, 54.837602], [32.849245, 54.837653], [32.84779, 54.839727], [32.848332, 54.840311], [32.847565, 54.841568], [32.845684, 54.840856], [32.845777, 54.841962], [32.844292, 54.842705], [32.84555, 54.843506], [32.844861, 54.844538], [32.845014, 54.845077], [32.84649, 54.845842], [32.847372, 54.847416], [32.847524, 54.848323], [32.846072, 54.849354], [32.847325, 54.851557], [32.845441, 54.851509], [32.844768, 54.852326], [32.842898, 54.852916], [32.84353, 54.854624], [32.842004, 54.85446], [32.840334, 54.855572], [32.83958, 54.857197], [32.840121, 54.858177], [32.834767, 54.861529], [32.834547, 54.861888], [32.835255, 54.862732], [32.833376, 54.862695], [32.832046, 54.863595], [32.83057, 54.863419], [32.829577, 54.866077], [32.827562, 54.86743], [32.82734, 54.868328], [32.825639, 54.869188], [32.824458, 54.868468], [32.819245, 54.869589], [32.816574, 54.869157], [32.812652, 54.869903], [32.81078, 54.869221], [32.808876, 54.86998], [32.808293, 54.87078], [32.805917, 54.86976], [32.804357, 54.870306], [32.802326, 54.871479], [32.801886, 54.872485], [32.800315, 54.871799], [32.799302, 54.871887], [32.798305, 54.872853], [32.798219, 54.873646], [32.796329, 54.873288], [32.795179, 54.873965], [32.795271, 54.874369], [32.794335, 54.874547], [32.792945, 54.875809], [32.793545, 54.876711], [32.79278, 54.877158], [32.789975, 54.877306], [32.789193, 54.877754], [32.789827, 54.878788], [32.789292, 54.87982], [32.787885, 54.88059], [32.787908, 54.882163], [32.785726, 54.882302], [32.784472, 54.883791], [32.782367, 54.884021], [32.781363, 54.885367], [32.779569, 54.885732], [32.779501, 54.886765], [32.778113, 54.886951], [32.773003, 54.883195], [32.769933, 54.870699], [32.772394, 54.85373], [32.744859, 54.852517], [32.7451934, 54.8331652], [32.7135515, 54.8321373], [32.7099302, 54.8276882], [32.7087074, 54.8270826], [32.702516, 54.8270438], [32.6994941, 54.8277106], [32.6978676, 54.8272039], [32.6965656, 54.8261591], [32.6966083, 54.8255557], [32.695112, 54.8246814], [32.6960739, 54.8240533], [32.6947913, 54.8236469], [32.6948768, 54.8230558], [32.693725, 54.8223703], [32.6934446, 54.8210361], [32.6901313, 54.8212701], [32.690345, 54.8199154], [32.6889929, 54.8190925], [32.6891907, 54.8176738], [32.693808, 54.8156415], [32.6937653, 54.815001], [32.6915849, 54.8143851], [32.6905802, 54.8147669], [32.6899821, 54.8156822], [32.683094, 54.814893], [32.68029, 54.81538], [32.679042, 54.813904], [32.67749, 54.813495], [32.67632, 54.811965], [32.674756, 54.811027], [32.673045, 54.811067], [32.670158, 54.810314], [32.668911, 54.806843], [32.668978, 54.804372], [32.666085, 54.800399], [32.664602, 54.799465], [32.661635, 54.799115], [32.659389, 54.800007], [32.654656, 54.804288], [32.653564, 54.804689], [32.649349, 54.803069], [32.641505, 54.80195], [32.640856, 54.801499], [32.642499, 54.800336], [32.645739, 54.799702], [32.654495, 54.799517], [32.65696, 54.798527], [32.658134, 54.797578], [32.658284, 54.796456], [32.658132, 54.794619], [32.65734, 54.794028], [32.649967, 54.794519], [32.641297, 54.797945], [32.640396, 54.797311], [32.640932, 54.796504], [32.645683, 54.791865], [32.643553, 54.789524], [32.641684, 54.788808], [32.637954, 54.788725], [32.62881, 54.786816], [32.627223, 54.787606], [32.628004, 54.790528], [32.627613, 54.790796], [32.626524, 54.790846], [32.622326, 54.787608], [32.619838, 54.787646], [32.618272, 54.788916], [32.617732, 54.790082], [32.616878, 54.790035], [32.614768, 54.787962], [32.612833, 54.787066], [32.610348, 54.786888], [32.606059, 54.785131], [32.604186, 54.782754], [32.602674, 54.779472], [32.603169, 54.775546], [32.600954, 54.772791], [32.600698, 54.771725], [32.601116, 54.769331], [32.600817, 54.768172], [32.600048, 54.767406], [32.594843, 54.767451], [32.5939, 54.766954], [32.59385, 54.765557], [32.593338, 54.76545], [32.59188, 54.765384], [32.590398, 54.766053], [32.579502, 54.766465], [32.5781007, 54.7657699], [32.5721356, 54.759099], [32.57072, 54.758097], [32.565198, 54.755886], [32.560132, 54.751854], [32.5582, 54.750938], [32.554789, 54.750395], [32.552412, 54.752257], [32.550821, 54.75251], [32.534174, 54.750974], [32.5321322, 54.7503261], [32.5312293, 54.7495058], [32.5310325, 54.7478681], [32.5311373, 54.7454419], [32.5325723, 54.7419986], [32.532481, 54.7409977], [32.538839, 54.740849], [32.6069154, 54.7233526], [32.6078003, 54.7227629], [32.6034001, 54.7111584], [32.5933918, 54.7120219], [32.585391, 54.706882], [32.585363, 54.705309], [32.583796, 54.70383], [32.581548, 54.703741], [32.581089, 54.703066], [32.5756539, 54.7002958], [32.5625136, 54.6940839], [32.5604546, 54.6951058], [32.5473194, 54.6862741], [32.5434493, 54.6875577], [32.53399, 54.6868748], [32.5305739, 54.6782678], [32.522454, 54.679178], [32.517377, 54.675942], [32.512199, 54.670756], [32.509386, 54.670133], [32.496431, 54.670383], [32.495946, 54.665254], [32.495151, 54.664326], [32.48569, 54.662507], [32.47549, 54.65913], [32.474858, 54.657699], [32.477142, 54.653338], [32.47714, 54.652535], [32.476437, 54.651768], [32.472473, 54.651562], [32.469677, 54.652152], [32.464579, 54.65221]]]}}, {"type": "Feature", "properties": {"rda_code": "SM-09", "rda_name": "DEMIDOVSKY AREA / incl. DEMIDOV/", "osm_name": "Демидовский муниципальный округ", "match_score": 1.0, "match_reason": "alias:demidovsky"}, "geometry": {"type": "Polygon", "coordinates": [[[31.2269109, 55.1163117], [31.2308266, 55.1153282], [31.2332348, 55.1131665], [31.241888, 55.1115345], [31.262521, 55.109259], [31.262846, 55.108781], [31.257719, 55.086], [31.257969, 55.084926], [31.276937, 55.079867], [31.283727, 55.07915], [31.28675, 55.080452], [31.305725, 55.095227], [31.310794, 55.0872265], [31.3198343, 55.080715], [31.33521, 55.076253], [31.345999, 55.079708], [31.348324, 55.07992], [31.349534, 55.079415], [31.356494, 55.059485], [31.360742, 55.054319], [31.371172, 55.050681], [31.384925, 55.049845], [31.403528, 55.051124], [31.40576, 55.052402], [31.398691, 55.058367], [31.395188, 55.063703], [31.398691, 55.073707], [31.4028488, 55.1004125], [31.4054564, 55.104301], [31.40762, 55.108861], [31.421195, 55.117982], [31.435576, 55.118608], [31.438065, 55.120688], [31.434602, 55.125064], [31.433677, 55.127055], [31.435987, 55.130535], [31.444081, 55.136771], [31.460293, 55.13698], [31.469752, 55.138537], [31.473654, 55.142736], [31.47933, 55.142367], [31.485378, 55.139328], [31.493936, 55.12974], [31.504725, 55.130592], [31.514398, 55.132297], [31.518097, 55.133151], [31.530024, 55.140819], [31.535813, 55.145206], [31.535233, 55.151685], [31.533373, 55.154028], [31.562393, 55.157863], [31.575247, 55.157037], [31.5808601, 55.1650964], [31.5843606, 55.1678857], [31.5867807, 55.1687497], [31.5896063, 55.1683879], [31.593908, 55.1668605], [31.598365, 55.162623], [31.6511057, 55.1615047], [31.6522611, 55.1655404], [31.6550976, 55.1681436], [31.6555223, 55.1703361], [31.6577708, 55.1741652], [31.658134, 55.1784416], [31.6522648, 55.1832748], [31.649989, 55.1844848], [31.651157, 55.1857474], [31.6536614, 55.1842832], [31.6545001, 55.1828642], [31.6580744, 55.1818275], [31.6588005, 55.1809364], [31.6584725, 55.1795839], [31.6639444, 55.1773228], [31.6655373, 55.1748853], [31.6665266, 55.1742004], [31.674329, 55.1719357], [31.6777462, 55.1700265], [31.6798059, 55.1681533], [31.678864, 55.1664453], [31.6792545, 55.164833], [31.6785859, 55.1642447], [31.6759986, 55.1638525], [31.6740015, 55.1628439], [31.6732543, 55.1616888], [31.6736754, 55.1603305], [31.6716515, 55.1588323], [31.6693475, 55.1581623], [31.6653512, 55.1560548], [31.6629218, 55.1560837], [31.6590436, 55.157151], [31.6576467, 55.1569946], [31.6561458, 55.1558988], [31.6565388, 55.1546034], [31.6610071, 55.1529845], [31.6621022, 55.1507563], [31.6693005, 55.1476882], [31.6683842, 55.143503], [31.6695785, 55.1418464], [31.673079, 55.1392808], [31.6730609, 55.1384849], [31.6709513, 55.1368156], [31.6714814, 55.1339902], [31.669737, 55.1326168], [31.6663179, 55.1310088], [31.6653431, 55.1294535], [31.6656787, 55.1275635], [31.665066, 55.1253851], [31.6659666, 55.1207153], [31.666629, 55.1200846], [31.6728805, 55.1215365], [31.6685033, 55.1241241], [31.6669898, 55.1255459], [31.668921, 55.1301268], [31.6730412, 55.1316769], [31.67726, 55.1364235], [31.6743073, 55.1380358], [31.6749245, 55.1406939], [31.6789244, 55.1438296], [31.6813354, 55.1483996], [31.692478, 55.1510285], [31.6993628, 55.1476855], [31.6989112, 55.1510331], [31.7011101, 55.1519653], [31.7042575, 55.1525092], [31.7047552, 55.1532279], [31.7062234, 55.1527018], [31.7088485, 55.1529211], [31.7092185, 55.153177], [31.7090238, 55.1537278], [31.7100754, 55.1536555], [31.7103189, 55.1542397], [31.7112634, 55.1546124], [31.7128701, 55.1535887], [31.7141456, 55.1539737], [31.7177593, 55.152994], [31.7205781, 55.1542471], [31.7209224, 55.1534839], [31.7225956, 55.1530079], [31.7232818, 55.1523102], [31.7246887, 55.1526813], [31.7244891, 55.1524138], [31.7277597, 55.1504764], [31.7358847, 55.148953], [31.7448922, 55.1422405], [31.7512266, 55.1421962], [31.7653984, 55.1403485], [31.7792984, 55.1430837], [31.7842013, 55.132613], [31.7766144, 55.1235833], [31.772955, 55.1239795], [31.7701732, 55.1234519], [31.7694198, 55.1217148], [31.7697199, 55.1142921], [31.7927957, 55.1151496], [31.7922769, 55.1168534], [31.7932356, 55.1201102], [31.7951446, 55.1202308], [31.7954513, 55.120835], [31.7971359, 55.1215533], [31.7975838, 55.1224331], [31.7993091, 55.1227591], [31.7993849, 55.1231528], [31.7987148, 55.1233637], [31.7994687, 55.1238302], [31.7999232, 55.1237889], [31.7996913, 55.1233477], [31.8011269, 55.1230012], [31.8009651, 55.1234343], [31.8032152, 55.1230789], [31.8043681, 55.1236359], [31.8053173, 55.1233048], [31.8073914, 55.1240008], [31.806941, 55.1244727], [31.8074011, 55.1245743], [31.8127701, 55.1235347], [31.8131523, 55.1240446], [31.8139449, 55.1234765], [31.8155751, 55.1239926], [31.8205214, 55.1237287], [31.8209276, 55.1241972], [31.8203492, 55.1245949], [31.8221119, 55.124898], [31.8240869, 55.1260561], [31.8249429, 55.125848], [31.8258618, 55.1264714], [31.8282894, 55.1268702], [31.8280071, 55.1274804], [31.8293498, 55.1280355], [31.8294808, 55.1288826], [31.8298044, 55.1284377], [31.83162, 55.128197], [31.8335892, 55.1287737], [31.834034, 55.1301194], [31.836084, 55.1294604], [31.837766, 55.1297543], [31.8378367, 55.1289542], [31.8387993, 55.1291359], [31.8383785, 55.1277347], [31.840871, 55.1257505], [31.8460605, 55.1262698], [31.8470727, 55.1274233], [31.8471691, 55.1280335], [31.8465288, 55.1288011], [31.84713, 55.12992], [31.847899, 55.130234], [31.8498338, 55.1300726], [31.8508634, 55.1305221], [31.8543861, 55.1299155], [31.857767, 55.1286699], [31.8609285, 55.128834], [31.8625225, 55.1318931], [31.8657168, 55.1361709], [31.8777918, 55.1444936], [31.8750059, 55.1484742], [31.8722258, 55.1500592], [31.8734502, 55.1519809], [31.8779187, 55.15504], [31.8822229, 55.1549687], [31.8963797, 55.1588204], [31.8970651, 55.163139], [31.9017273, 55.1705021], [31.9100239, 55.1735063], [31.9211374, 55.1713816], [31.9228594, 55.1705344], [31.9330827, 55.1643522], [31.9403299, 55.1554378], [31.9510474, 55.1551662], [31.9526032, 55.1559316], [31.9540725, 55.1575612], [31.9611599, 55.1578081], [31.9628061, 55.1639025], [31.9700506, 55.1695438], [31.971326, 55.17862], [31.977227, 55.183375], [31.968532, 55.185099], [31.967364, 55.186181], [31.967178, 55.188858], [31.96621, 55.190487], [31.955392, 55.192272], [31.941647, 55.200652], [31.93495, 55.206747], [31.932764, 55.208152], [31.926067, 55.209742], [31.923741, 55.210908], [31.920439, 55.225194], [31.907371, 55.240009], [31.906534, 55.241971], [31.905883, 55.246291], [31.906463, 55.249577], [31.909278, 55.252836], [31.912394, 55.255275], [31.91737, 55.257289], [31.920579, 55.258164], [31.933368, 55.259748], [31.937376, 55.261447], [31.938396, 55.262705], [31.938577, 55.265617], [31.937065, 55.267796], [31.938019, 55.268975], [31.940281, 55.269908], [31.940364, 55.270358], [31.938713, 55.271484], [31.939115, 55.2735], [31.938716, 55.274871], [31.939778, 55.276982], [31.941893, 55.277351], [31.946157, 55.277013], [31.946948, 55.276604], [31.947785, 55.274025], [31.948667, 55.273484], [31.950336, 55.273426], [31.955925, 55.275109], [31.975503, 55.274924], [31.984286, 55.275474], [31.985657, 55.276015], [31.987273, 55.278041], [31.987827, 55.27897], [31.98792, 55.28394], [31.987129, 55.285157], [31.984878, 55.286797], [31.981269, 55.288091], [31.9802, 55.28907], [31.979363, 55.292375], [31.9783, 55.293498], [31.969364, 55.295997], [31.962574, 55.296975], [31.95721, 55.296311], [31.954161, 55.293141], [31.954854, 55.286267], [31.954249, 55.284178], [31.953366, 55.283491], [31.950704, 55.282736], [31.945227, 55.283834], [31.941613, 55.285478], [31.939461, 55.28714], [31.938577, 55.288435], [31.93974, 55.29137], [31.952157, 55.306229], [31.952482, 55.310433], [31.953087, 55.311253], [31.958953, 55.312126], [31.959628, 55.312815], [31.960109, 55.315642], [31.961132, 55.318101], [31.964201, 55.321406], [31.9724449, 55.325916], [31.995517, 55.325295], [31.997119, 55.325901], [31.9835351, 55.340146], [31.9839278, 55.341015], [31.980456, 55.343647], [31.9812869, 55.344835], [31.9798415, 55.3461484], [31.9802864, 55.346611], [31.9800758, 55.3471365], [31.9775205, 55.3494182], [31.9784283, 55.3505527], [31.9801668, 55.3513114], [31.9831089, 55.350461], [31.9866871, 55.3513024], [31.9872089, 55.35036], [31.9861742, 55.347639], [31.9901817, 55.346738], [31.9903828, 55.3472212], [31.9890688, 55.3483443], [31.9909286, 55.3506083], [31.9919415, 55.3505085], [31.9936973, 55.3491908], [31.9958576, 55.3491111], [31.9963884, 55.3512428], [31.9978284, 55.3528105], [32.0007846, 55.3529175], [32.0049472, 55.353921], [32.0062709, 55.354789], [32.0062432, 55.355522], [32.0090339, 55.356716], [32.0101819, 55.357925], [32.0128852, 55.357272], [32.0164402, 55.358686], [32.01975, 55.359181], [32.0224349, 55.361083], [32.0220382, 55.362412], [32.0193961, 55.364143], [32.0137409, 55.364249], [32.0136098, 55.364931], [32.0179291, 55.365255], [32.0204763, 55.3667667], [32.0228161, 55.366351], [32.027022, 55.368065], [32.025659, 55.369793], [32.028754, 55.370501], [32.0325069, 55.369591], [32.031432, 55.3742617], [32.0449708, 55.3786553], [32.0490762, 55.3807031], [32.0495251, 55.3825035], [32.0460154, 55.3836879], [32.0497556, 55.3844497], [32.0544178, 55.3833011], [32.0557015, 55.3837652], [32.0564765, 55.3850122], [32.0573136, 55.3853741], [32.0590233, 55.3852159], [32.0602876, 55.3839229], [32.0596965, 55.3821156], [32.0626739, 55.3813559], [32.0688776, 55.3812312], [32.0747549, 55.3843159], [32.0747296, 55.3834498], [32.0732079, 55.3815098], [32.0751053, 55.37854], [32.0758717, 55.3782584], [32.0781755, 55.3787711], [32.0818636, 55.3786602], [32.0905048, 55.3832011], [32.0927421, 55.385987], [32.0946608, 55.3862563], [32.0946682, 55.3895764], [32.0934451, 55.392505], [32.086704, 55.3926866], [32.0866434, 55.3936095], [32.0882214, 55.394322], [32.0857318, 55.3956047], [32.0853035, 55.3964154], [32.0859172, 55.397412], [32.0788637, 55.3975641], [32.0736126, 55.3969974], [32.0641029, 55.3937085], [32.0478524, 55.391266], [32.0409169, 55.3916975], [32.039513, 55.3903765], [32.0384234, 55.3902693], [32.0361605, 55.3919355], [32.0324936, 55.3911976], [32.0304557, 55.3920846], [32.0291969, 55.3920005], [32.0265714, 55.397065], [32.0331499, 55.4041691], [32.0452395, 55.4022194], [32.048336, 55.4027291], [32.0529792, 55.4055722], [32.060313, 55.4079991], [32.0628407, 55.4113776], [32.0654481, 55.412555], [32.0655842, 55.4173011], [32.0622785, 55.4181706], [32.0639569, 55.4242039], [32.072012, 55.4282716], [32.0733455, 55.4300119], [32.0732335, 55.4308345], [32.0716832, 55.4310539], [32.069491, 55.430143], [32.068747, 55.434132], [32.066701, 55.436651], [32.063533, 55.438264], [32.057121, 55.43917], [32.053704, 55.440326], [32.052965, 55.442135], [32.057679, 55.446465], [32.060987, 55.450326], [32.061864, 55.452815], [32.06112, 55.454651], [32.05833, 55.455334], [32.054144, 55.454284], [32.042682, 55.447202], [32.04103, 55.447987], [32.037713, 55.455265], [32.032752, 55.456068], [32.022619, 55.455235], [32.019, 55.456446], [32.014893, 55.460004], [32.013219, 55.462943], [32.013033, 55.465095], [32.02373, 55.478634], [32.025883, 55.479281], [32.032318, 55.477409], [32.047169, 55.474803], [32.056842, 55.474541], [32.062459, 55.47026], [32.06633, 55.469608], [32.075547, 55.469758], [32.084008, 55.471771], [32.092095, 55.471499], [32.104279, 55.472232], [32.1095638, 55.4730092], [32.110416, 55.474561], [32.10865, 55.47727], [32.105674, 55.480891], [32.102046, 55.48362], [32.097954, 55.485142], [32.082257, 55.488609], [32.079816, 55.490389], [32.077565, 55.493047], [32.075959, 55.497463], [32.076096, 55.501988], [32.077956, 55.506711], [32.078328, 55.509177], [32.0777, 55.510303], [32.074421, 55.511172], [32.072186, 55.51054], [32.066134, 55.503389], [32.062516, 55.505556], [32.060247, 55.508042], [32.059632, 55.516629], [32.057307, 55.523609], [32.057881, 55.524929], [32.061339, 55.526671], [32.064841, 55.529592], [32.066236, 55.531639], [32.065378, 55.534651], [32.062894, 55.537866], [32.057624, 55.540996], [32.052583, 55.543104], [32.039356, 55.545913], [32.037589, 55.547173], [32.0373403, 55.5485208], [32.063539, 55.553418], [32.071405, 55.557126], [32.075045, 55.560055], [32.077631, 55.565356], [32.078793, 55.572468], [32.078455, 55.583642], [32.076188, 55.598498], [32.0794132, 55.6416824], [32.0768085, 55.6411765], [32.0769567, 55.6402842], [32.0752948, 55.6398527], [32.0752214, 55.6403743], [32.0762694, 55.6416028], [32.0738613, 55.6428339], [32.0727061, 55.6429317], [32.0727586, 55.6434176], [32.0737937, 55.6436454], [32.0751162, 55.6430443], [32.0767314, 55.6435901], [32.0785425, 55.6449938], [32.0791076, 55.647588], [32.0820147, 55.6464959], [32.0813462, 55.6453236], [32.082601, 55.6450846], [32.0874453, 55.6458659], [32.092783, 55.6458194], [32.0932882, 55.6473061], [32.094495, 55.6481221], [32.1024844, 55.6511656], [32.1047493, 55.6527393], [32.1072634, 55.6537397], [32.1073492, 55.6545991], [32.1056117, 55.6560276], [32.1073404, 55.6577641], [32.1068936, 55.6584631], [32.1025531, 55.6600531], [32.102412, 55.6604873], [32.1054302, 55.6613783], [32.1050473, 55.6632784], [32.1059862, 55.6635325], [32.1072558, 55.6617352], [32.1097048, 55.6598397], [32.1100013, 55.6583901], [32.1120692, 55.6595876], [32.1148484, 55.658239], [32.1175294, 55.6592647], [32.1183285, 55.6603695], [32.1201048, 55.6614001], [32.1239213, 55.661946], [32.1256466, 55.6658553], [32.1287107, 55.6683175], [32.1340547, 55.6662416], [32.1403928, 55.6662405], [32.141735, 55.6599784], [32.1436876, 55.6599328], [32.1437969, 55.658957], [32.1506789, 55.6590009], [32.152233, 55.6585865], [32.1537915, 55.6589689], [32.1532164, 55.660747], [32.1564936, 55.6625375], [32.1533338, 55.6648712], [32.15004, 55.6664926], [32.1474494, 55.6721622], [32.14377, 55.6729038], [32.1268273, 55.6722107], [32.1262739, 55.6879281], [32.1092904, 55.6912455], [32.1057931, 55.6907355], [32.1047161, 55.688982], [32.1007155, 55.6878182], [32.1011293, 55.6857436], [32.0940333, 55.6858783], [32.0911657, 55.6854491], [32.0863188, 55.6827739], [32.0865553, 55.6806294], [32.0906691, 55.6792535], [32.0909209, 55.6730956], [32.0951568, 55.6730421], [32.095422, 55.6721467], [32.09496, 55.671032], [32.0915703, 55.6691084], [32.0806909, 55.6687634], [32.0715981, 55.6660163], [32.068639, 55.6632041], [32.0654847, 55.6615943], [32.0580562, 55.6594448], [32.0551268, 55.6520117], [32.053249, 55.6517839], [32.0445311, 55.6531544], [32.0375396, 55.6512272], [32.0341237, 55.6519881], [32.0260776, 55.6580595], [32.025771, 55.6610765], [32.0292444, 55.6619463], [32.0306939, 55.6642814], [32.0331726, 55.6660278], [32.0453041, 55.6709046], [32.0449967, 55.6747795], [32.0417528, 55.6778574], [32.046989, 55.6833716], [32.0460808, 55.685646], [32.0438217, 55.6877154], [32.0425947, 55.6897998], [32.0460245, 55.6896208], [32.0505262, 55.6936212], [32.0517168, 55.6941611], [32.0580854, 55.6883085], [32.0607871, 55.6877961], [32.0637754, 55.6864106], [32.0671991, 55.6863293], [32.0715555, 55.6842544], [32.0786543, 55.6843959], [32.0825767, 55.6860274], [32.0915037, 55.6872791], [32.0918503, 55.6886792], [32.0940594, 55.6902949], [32.0945389, 55.6964814], [32.0979438, 55.7034573], [32.1017503, 55.7084759], [32.1014965, 55.7105776], [32.10333, 55.7107409], [32.1091439, 55.7087528], [32.1188287, 55.7102773], [32.1178141, 55.7122241], [32.1142951, 55.7127936], [32.114214, 55.7133947], [32.1163181, 55.7152434], [32.1156197, 55.7158996], [32.1166394, 55.7169723], [32.1008925, 55.7236833], [32.0951991, 55.7221733], [32.0901378, 55.7195632], [32.0870218, 55.719226], [32.080744, 55.7199712], [32.0688415, 55.7192751], [32.0685092, 55.7222034], [32.0613564, 55.7246876], [32.0536523, 55.7303435], [32.0658014, 55.7375852], [32.0643044, 55.7471041], [32.0622446, 55.7472524], [32.0612783, 55.7465869], [32.0555263, 55.7384739], [32.0507178, 55.730159], [32.0474462, 55.7222274], [32.0449867, 55.7210611], [32.045941, 55.7219866], [32.0458121, 55.7229193], [32.0471227, 55.724274], [32.0467325, 55.7253016], [32.0473699, 55.7267762], [32.0448919, 55.7277226], [32.0449505, 55.7281669], [32.0455391, 55.729046], [32.0480729, 55.7293188], [32.0497644, 55.7310231], [32.0493752, 55.7324195], [32.0470948, 55.7332422], [32.0485251, 55.7341011], [32.0485132, 55.7347152], [32.0502155, 55.7355604], [32.0497381, 55.7362021], [32.0504762, 55.7368925], [32.0498685, 55.7379818], [32.0520852, 55.7387074], [32.052513, 55.7396982], [32.0534492, 55.7399393], [32.0539619, 55.7412266], [32.0555993, 55.7418351], [32.0560389, 55.7427105], [32.0577644, 55.743712], [32.0576333, 55.7454842], [32.0563469, 55.746725], [32.0576341, 55.7488295], [32.054296, 55.7528336], [32.0522312, 55.7533409], [32.0475535, 55.7525214], [32.0443061, 55.753145], [32.0426732, 55.7539757], [32.0346502, 55.7627336], [32.035169, 55.7636469], [32.0340033, 55.7661081], [31.9813937, 55.7677039], [31.8987655, 55.7714553], [31.8982556, 55.7723598], [31.8926764, 55.7728624], [31.8897094, 55.7740522], [31.8890185, 55.7755521], [31.8792993, 55.7832546], [31.8787041, 55.7853333], [31.8760959, 55.7865525], [31.8706806, 55.7858908], [31.868854, 55.7861544], [31.8658557, 55.7844297], [31.8666906, 55.7838409], [31.8756433, 55.7820466], [31.8780041, 55.7801802], [31.880725, 55.7801939], [31.8818658, 55.7796704], [31.8825855, 55.7779867], [31.880008, 55.7768202], [31.8804915, 55.7753847], [31.8775896, 55.7747666], [31.8754195, 55.7732509], [31.8748347, 55.7718916], [31.856792, 55.775587], [31.8444098, 55.7757181], [31.835641, 55.7735123], [31.8297706, 55.7709447], [31.8286383, 55.7695991], [31.8060013, 55.7607151], [31.8031435, 55.7611557], [31.7960167, 55.7589426], [31.7911507, 55.7606988], [31.7866021, 55.7592718], [31.7852095, 55.7577801], [31.7850749, 55.7561722], [31.7861899, 55.7544085], [31.7849145, 55.7519749], [31.7864707, 55.7510755], [31.7855641, 55.7496902], [31.7804195, 55.7473699], [31.7763042, 55.7476973], [31.7703506, 55.7454245], [31.7801977, 55.7392752], [31.7807001, 55.7375667], [31.7801539, 55.7309191], [31.7806958, 55.7287022], [31.7807141, 55.7231122], [31.7861555, 55.7206568], [31.7855486, 55.7195876], [31.7862815, 55.7164719], [31.7792714, 55.7124313], [31.7792809, 55.7067189], [31.7762608, 55.6976538], [31.7753441, 55.692249], [31.7708778, 55.6833876], [31.766239, 55.6817633], [31.7631869, 55.6768418], [31.7575126, 55.676533], [31.7516849, 55.6614563], [31.752815, 55.6601054], [31.7548609, 55.6600229], [31.7546161, 55.6592597], [31.7379601, 55.64987], [31.736331, 55.6478985], [31.7361373, 55.6468362], [31.7346763, 55.6447071], [31.7344056, 55.6431684], [31.7322489, 55.639836], [31.7275248, 55.6399361], [31.7269874, 55.6380171], [31.7174904, 55.6377984], [31.7152532, 55.6370918], [31.7159219, 55.6363284], [31.7166208, 55.6363253], [31.7189299, 55.6334631], [31.7201131, 55.633595], [31.7199814, 55.6322369], [31.7133967, 55.6333109], [31.7124736, 55.6345246], [31.7137969, 55.6354159], [31.7128635, 55.6365563], [31.7094233, 55.6352003], [31.7089472, 55.6345035], [31.7078857, 55.6344075], [31.7064585, 55.6332848], [31.7067487, 55.6320441], [31.704418, 55.6326855], [31.6956389, 55.6300842], [31.6922983, 55.6281106], [31.6902914, 55.6248181], [31.6843639, 55.6189314], [31.6903944, 55.6147466], [31.6953413, 55.6127243], [31.6956278, 55.6100749], [31.6869945, 55.6043039], [31.6925094, 55.604633], [31.6945349, 55.5993389], [31.7066997, 55.5979166], [31.6800577, 55.5844642], [31.660034, 55.5824991], [31.6559055, 55.5763025], [31.6540007, 55.5750105], [31.6544789, 55.5732959], [31.6429636, 55.572672], [31.6388742, 55.5737386], [31.6365219, 55.5735858], [31.6301614, 55.5702184], [31.6265668, 55.5697748], [31.624738, 55.564936], [31.6242265, 55.5645375], [31.6241037, 55.5605418], [31.6229447, 55.5582611], [31.6195461, 55.559185], [31.6180135, 55.5576885], [31.6160719, 55.5575224], [31.6157334, 55.5569201], [31.6140695, 55.556926], [31.6142982, 55.5559407], [31.612676, 55.5560174], [31.6128584, 55.5556678], [31.6121583, 55.5552402], [31.6103646, 55.5553996], [31.6108429, 55.554923], [31.6097647, 55.5549836], [31.6094192, 55.5541595], [31.6075228, 55.5550818], [31.6065086, 55.5550856], [31.6058816, 55.555687], [31.6061212, 55.5559444], [31.603563, 55.5560366], [31.6036968, 55.5544225], [31.6027293, 55.5543857], [31.602478, 55.5534523], [31.6037682, 55.5520713], [31.6039984, 55.5506981], [31.6048109, 55.5504328], [31.6055547, 55.5494072], [31.6052662, 55.5467193], [31.6045975, 55.5460114], [31.6064052, 55.5439518], [31.6058617, 55.543464], [31.6059878, 55.5427721], [31.6078544, 55.5418161], [31.6105406, 55.5413959], [31.6115232, 55.5401748], [31.6088399, 55.5392393], [31.6088334, 55.5367062], [31.6083682, 55.5354466], [31.605693, 55.5347391], [31.6006107, 55.5350554], [31.5949851, 55.5362709], [31.5911047, 55.5358535], [31.5858359, 55.5361735], [31.5812961, 55.5355253], [31.5782121, 55.5343509], [31.5774171, 55.5329796], [31.5757789, 55.5325954], [31.5739066, 55.5307245], [31.580319, 55.526307], [31.5853879, 55.519213], [31.560132, 55.5207488], [31.5550193, 55.5223088], [31.5523456, 55.522389], [31.5498057, 55.5243188], [31.5487566, 55.5240662], [31.5473559, 55.5221768], [31.5436263, 55.5231961], [31.5401947, 55.5207995], [31.5385252, 55.5202938], [31.5377762, 55.5192715], [31.5362608, 55.5193989], [31.5342303, 55.5187962], [31.5375022, 55.5164108], [31.5382675, 55.5129711], [31.5376476, 55.5091255], [31.5363857, 55.5071739], [31.5364502, 55.5064672], [31.5330541, 55.502841], [31.5312832, 55.5026567], [31.5281748, 55.5051575], [31.5151739, 55.5042118], [31.5065798, 55.5030052], [31.5056019, 55.5014917], [31.5049308, 55.4978497], [31.5041713, 55.4967175], [31.4949697, 55.4965723], [31.4831363, 55.4991114], [31.479201, 55.5005752], [31.4759032, 55.5006694], [31.4729891, 55.5013677], [31.46761, 55.4997805], [31.4600439, 55.5011167], [31.4530866, 55.4926334], [31.4463457, 55.493453], [31.4443311, 55.4926351], [31.444531, 55.4899702], [31.4420965, 55.4888184], [31.4415844, 55.4880223], [31.442136, 55.4874312], [31.4417903, 55.4867929], [31.4426803, 55.4819622], [31.4419213, 55.4808778], [31.4397358, 55.4797268], [31.4401896, 55.4780307], [31.4392119, 55.4775738], [31.4395309, 55.4772737], [31.4382669, 55.4761472], [31.434886, 55.4754228], [31.4314203, 55.4753438], [31.4303262, 55.4746956], [31.425198, 55.473508], [31.422199, 55.47338], [31.420688, 55.472399], [31.417817, 55.471823], [31.415532, 55.472009], [31.413867, 55.470936], [31.411174, 55.470264], [31.404453, 55.471048], [31.4016682, 55.4706524], [31.3994979, 55.4715665], [31.3968422, 55.471832], [31.3956198, 55.4710821], [31.394005, 55.471295], [31.392359, 55.470171], [31.389354, 55.469412], [31.388643, 55.46784], [31.385204, 55.467749], [31.380475, 55.464579], [31.380701, 55.463315], [31.379045, 55.462826], [31.379272, 55.461922], [31.377284, 55.459497], [31.377587, 55.457884], [31.375905, 55.456536], [31.368385, 55.45484], [31.366348, 55.454806], [31.360338, 55.45221], [31.355502, 55.452172], [31.354714, 55.450598], [31.356129, 55.448884], [31.355645, 55.447988], [31.352015, 55.447094], [31.35249, 55.445565], [31.35137, 55.444759], [31.34646, 55.443507], [31.344004, 55.44253], [31.342583, 55.441361], [31.34289, 55.440458], [31.34511, 55.438569], [31.345026, 55.436229], [31.344143, 55.435067], [31.339116, 55.431979], [31.333302, 55.430222], [31.333297, 55.429224], [31.329591, 55.426056], [31.327834, 55.423167], [31.323434, 55.420516], [31.320325, 55.420342], [31.319255, 55.419214], [31.319065, 55.41877], [31.320857, 55.417474], [31.32117, 55.416068], [31.317385, 55.414453], [31.317143, 55.413469], [31.320509, 55.413408], [31.336227, 55.415311], [31.338014, 55.414707], [31.338962, 55.413579], [31.338036, 55.409308], [31.330327, 55.398361], [31.3195336, 55.3884039], [31.3154286, 55.3852839], [31.312027, 55.377607], [31.300405, 55.360818], [31.293995, 55.354018], [31.28707, 55.352996], [31.284588, 55.351506], [31.284076, 55.349724], [31.28709, 55.345225], [31.28666, 55.343512], [31.284049, 55.341544], [31.281804, 55.340596], [31.276073, 55.339366], [31.270311, 55.340297], [31.258212, 55.342661], [31.238942, 55.348338], [31.228731, 55.351895], [31.224212, 55.351757], [31.223263, 55.350773], [31.217665, 55.349169], [31.216948, 55.347088], [31.216314, 55.346818], [31.21427, 55.346793], [31.212765, 55.346146], [31.203208, 55.347378], [31.1989092, 55.3474617], [31.195523, 55.3462205], [31.188506, 55.34513], [31.181879, 55.34208], [31.186878, 55.3354], [31.193807, 55.330066], [31.1954831, 55.3295565], [31.1986862, 55.3275296], [31.1896852, 55.322686], [31.1914581, 55.3210783], [31.2054624, 55.3135264], [31.2101851, 55.3102569], [31.2067185, 55.3080222], [31.2102701, 55.3059445], [31.2159207, 55.3041926], [31.216701, 55.3034204], [31.2292098, 55.3003925], [31.2281097, 55.2990641], [31.2278505, 55.2970281], [31.2258541, 55.2948058], [31.2166039, 55.2913251], [31.2113268, 55.2907212], [31.2060582, 55.2909921], [31.2059647, 55.290171], [31.2051977, 55.289434], [31.1995496, 55.2867483], [31.1987583, 55.2845401], [31.1977199, 55.2838276], [31.1962661, 55.2838348], [31.1937358, 55.2859745], [31.1921029, 55.2865144], [31.1917442, 55.2861198], [31.1922129, 55.2842674], [31.1919307, 55.2822827], [31.1913517, 55.2814926], [31.1878879, 55.28035], [31.187546, 55.279761], [31.187787, 55.278956], [31.187245, 55.278409], [31.191645, 55.277878], [31.191886, 55.276034], [31.194534, 55.275588], [31.195086, 55.274877], [31.20162, 55.277297], [31.203944, 55.277344], [31.208579, 55.276118], [31.212061, 55.273138], [31.212922, 55.271933], [31.213861, 55.268541], [31.213707, 55.262861], [31.211433, 55.255395], [31.211294, 55.25282], [31.21234, 55.250365], [31.216433, 55.247949], [31.22278, 55.245691], [31.22799, 55.245123], [31.231315, 55.245202], [31.235477, 55.246391], [31.24064, 55.249203], [31.243081, 55.249348], [31.250964, 55.246787], [31.253313, 55.245107], [31.253894, 55.243447], [31.251406, 55.240199], [31.251592, 55.239526], [31.25587, 55.238747], [31.2723169, 55.2377164], [31.2722362, 55.2403021], [31.270334, 55.241202], [31.266474, 55.24519], [31.271334, 55.24845], [31.272031, 55.249519], [31.271589, 55.251447], [31.269799, 55.254549], [31.270008, 55.25616], [31.272682, 55.258379], [31.276729, 55.260543], [31.279705, 55.261547], [31.28303, 55.262101], [31.291757, 55.262415], [31.298344, 55.26178], [31.346532, 55.252254], [31.351158, 55.250673], [31.352729, 55.248825], [31.352859, 55.245928], [31.338372, 55.244239], [31.334279, 55.242905], [31.332042, 55.241474], [31.330782, 55.23816], [31.331578, 55.2334], [31.334349, 55.226746], [31.341163, 55.221003], [31.350208, 55.218415], [31.359846, 55.216526], [31.360464, 55.216022], [31.355765, 55.211009], [31.349487, 55.207233], [31.343999, 55.204857], [31.340511, 55.204051], [31.334582, 55.204315], [31.32256, 55.207471], [31.318235, 55.209834], [31.315241, 55.209701], [31.311435, 55.207942], [31.309818, 55.206437], [31.308631, 55.206322], [31.315421, 55.198242], [31.302562, 55.191985], [31.301748, 55.190889], [31.312863, 55.165686], [31.322095, 55.143141], [31.320468, 55.142503], [31.311864, 55.143247], [31.309074, 55.142636], [31.30833, 55.140989], [31.307586, 55.131183], [31.30633, 55.128711], [31.303865, 55.127303], [31.301493, 55.126771], [31.295447, 55.128817], [31.291308, 55.127914], [31.288077, 55.128036], [31.284797, 55.132378], [31.282146, 55.134318], [31.26759, 55.138756], [31.260009, 55.138677], [31.256149, 55.137614], [31.254847, 55.136126], [31.25587, 55.129801], [31.255027, 55.127289], [31.253192, 55.126229], [31.236012, 55.121589], [31.2322739, 55.1199491], [31.2302986, 55.1180971], [31.2269109, 55.1163117]]]}}, {"type": "Feature", "properties": {"rda_code": "SM-10", "rda_name": "DOROGOBUZHSKY AREA / incl. DOROGOBUZh/", "osm_name": "Дорогобужский муниципальный округ", "match_score": 1.0, "match_reason": "alias:dorogobuzhskii"}, "geometry": {"type": "Polygon", "coordinates": [[[32.778113, 54.886951], [32.779501, 54.886765], [32.779569, 54.885732], [32.781363, 54.885367], [32.782367, 54.884021], [32.784472, 54.883791], [32.785726, 54.882302], [32.787908, 54.882163], [32.787885, 54.88059], [32.789292, 54.87982], [32.789827, 54.878788], [32.789193, 54.877754], [32.789975, 54.877306], [32.79278, 54.877158], [32.793545, 54.876711], [32.792945, 54.875809], [32.794335, 54.874547], [32.795271, 54.874369], [32.795179, 54.873965], [32.796329, 54.873288], [32.798219, 54.873646], [32.798305, 54.872853], [32.799302, 54.871887], [32.800315, 54.871799], [32.801886, 54.872485], [32.802326, 54.871479], [32.804357, 54.870306], [32.805917, 54.86976], [32.808293, 54.87078], [32.808876, 54.86998], [32.81078, 54.869221], [32.812652, 54.869903], [32.816574, 54.869157], [32.819245, 54.869589], [32.824458, 54.868468], [32.825639, 54.869188], [32.82734, 54.868328], [32.827562, 54.86743], [32.829577, 54.866077], [32.83057, 54.863419], [32.832046, 54.863595], [32.833376, 54.862695], [32.835255, 54.862732], [32.834547, 54.861888], [32.834767, 54.861529], [32.840121, 54.858177], [32.83958, 54.857197], [32.840334, 54.855572], [32.842004, 54.85446], [32.84353, 54.854624], [32.842898, 54.852916], [32.844768, 54.852326], [32.845441, 54.851509], [32.847325, 54.851557], [32.846072, 54.849354], [32.847524, 54.848323], [32.847372, 54.847416], [32.84649, 54.845842], [32.845014, 54.845077], [32.844861, 54.844538], [32.84555, 54.843506], [32.844292, 54.842705], [32.845777, 54.841962], [32.845684, 54.840856], [32.847565, 54.841568], [32.848332, 54.840311], [32.84779, 54.839727], [32.849245, 54.837653], [32.850957, 54.837602], [32.853362, 54.835529], [32.852106, 54.834234], [32.853804, 54.833769], [32.855117, 54.831974], [32.854262, 54.831704], [32.853194, 54.832161], [32.852071, 54.831036], [32.8511819, 54.8313548], [32.8502019, 54.8309665], [32.850791, 54.830761], [32.8495816, 54.8286305], [32.8514651, 54.8284086], [32.8503322, 54.8278049], [32.8509711, 54.8276187], [32.850294, 54.8270758], [32.8513612, 54.8264214], [32.8537027, 54.8261955], [32.8538531, 54.8257915], [32.8564079, 54.8252104], [32.8576579, 54.8241124], [32.8575427, 54.8232726], [32.8589983, 54.8230152], [32.8619686, 54.8212028], [32.8667906, 54.820413], [32.8709588, 54.8212701], [32.8724483, 54.8222316], [32.8730835, 54.8235962], [32.8768674, 54.8242853], [32.878371, 54.8264243], [32.8787094, 54.827796], [32.8799301, 54.8282251], [32.8798011, 54.8293462], [32.8810817, 54.8298558], [32.8827813, 54.8297608], [32.8833554, 54.8306576], [32.8847495, 54.8314428], [32.8885377, 54.8310292], [32.8946387, 54.8336323], [32.896579, 54.835619], [32.897526, 54.837587], [32.901791, 54.842845], [32.905009, 54.844465], [32.908278, 54.844629], [32.911078, 54.845521], [32.914757, 54.845634], [32.923605, 54.839196], [32.934278, 54.837925], [32.9428317, 54.8357713], [32.9471074, 54.837033], [32.9534314, 54.8366194], [32.9531721, 54.8251936], [32.9562841, 54.8253332], [32.9549874, 54.822317], [32.9538213, 54.8211363], [32.9615613, 54.8197509], [32.9628857, 54.8230907], [32.9699706, 54.821956], [32.970514, 54.821205], [32.969529, 54.819531], [32.968525, 54.818285], [32.9660984, 54.816841], [32.9695474, 54.8163845], [32.9696674, 54.815648], [32.9688039, 54.8139898], [32.9690866, 54.8124016], [32.9674435, 54.8097238], [32.9672308, 54.8079566], [32.9703006, 54.8087881], [32.9733522, 54.8084418], [32.9730987, 54.8045732], [32.9759845, 54.8022596], [32.9790588, 54.8025346], [32.9814159, 54.8019877], [32.9899839, 54.794136], [32.9937577, 54.7937451], [32.9977181, 54.7918291], [32.998004, 54.7904643], [32.991874, 54.7888689], [32.9841472, 54.7836246], [32.9841846, 54.7830172], [32.9909885, 54.7831262], [32.993607, 54.784638], [32.994772, 54.784818], [33.003694, 54.781692], [33.006647, 54.781126], [33.019842, 54.781295], [33.021413, 54.783738], [33.047486, 54.790085], [33.0605621, 54.7944818], [33.0655558, 54.795454], [33.066655, 54.7912101], [33.0663381, 54.7902813], [33.0666791, 54.7888856], [33.0618546, 54.7850185], [33.0649452, 54.7804948], [33.0694459, 54.7816161], [33.082028, 54.788336], [33.086505, 54.783797], [33.096742, 54.780378], [33.108626, 54.778544], [33.113679, 54.779285], [33.118107, 54.778598], [33.118748, 54.777723], [33.116504, 54.777802], [33.117849, 54.775634], [33.117063, 54.772572], [33.116518, 54.772168], [33.114019, 54.772835], [33.112154, 54.772774], [33.110302, 54.771689], [33.110393, 54.77106], [33.111659, 54.770075], [33.117565, 54.769157], [33.118386, 54.767962], [33.12073, 54.76734], [33.12245, 54.765775], [33.122168, 54.764967], [33.117634, 54.765888], [33.115681, 54.76477], [33.107473, 54.765286], [33.1042098, 54.7643935], [33.093041, 54.7650311], [33.086428, 54.7589206], [33.082177, 54.7576277], [33.0823903, 54.7570628], [33.081008, 54.75432], [33.08124, 54.753646], [33.0865092, 54.750761], [33.0859565, 54.7500563], [33.0861951, 54.7497169], [33.089203, 54.7493989], [33.0915856, 54.7469843], [33.0911213, 54.7450193], [33.0914976, 54.7439614], [33.0923928, 54.7433826], [33.0925409, 54.7426352], [33.0935748, 54.742134], [33.0950019, 54.7422763], [33.0949337, 54.7428821], [33.0962017, 54.7425055], [33.102401, 54.744162], [33.104534, 54.746325], [33.105388, 54.746567], [33.10632, 54.746386], [33.106114, 54.744904], [33.107613, 54.744644], [33.107135, 54.74361], [33.116065, 54.744051], [33.125077, 54.745964], [33.132694, 54.748561], [33.15003, 54.758171], [33.155421, 54.759632], [33.157595, 54.759404], [33.159826, 54.756784], [33.16945, 54.751705], [33.17212, 54.751243], [33.19001, 54.757291], [33.190109, 54.757776], [33.188389, 54.759797], [33.188505, 54.761369], [33.191097, 54.761484], [33.192876, 54.76328], [33.196315, 54.763773], [33.198843, 54.766042], [33.202926, 54.768703], [33.202606, 54.769961], [33.203124, 54.770949], [33.203038, 54.772431], [33.203549, 54.772977], [33.205346, 54.773928], [33.210862, 54.773963], [33.2138443, 54.773385], [33.226325, 54.765796], [33.2350158, 54.7615971], [33.2459355, 54.7634071], [33.2483541, 54.7613542], [33.2490743, 54.7591026], [33.2508962, 54.757224], [33.2525178, 54.7570532], [33.2639438, 54.7623878], [33.2682807, 54.7553785], [33.2682024, 54.7508356], [33.272864, 54.750824], [33.2963676, 54.7465467], [33.2975941, 54.7440842], [33.2984453, 54.7369024], [33.2948653, 54.7325927], [33.303289, 54.736048], [33.3054903, 54.7340078], [33.3115413, 54.7312386], [33.3164469, 54.7313617], [33.3218389, 54.7307902], [33.3225893, 54.7302537], [33.3367051, 54.7349176], [33.3393456, 54.7312534], [33.3490187, 54.7219847], [33.3528347, 54.7241937], [33.3586741, 54.7219784], [33.3630821, 54.721571], [33.3658282, 54.7175717], [33.3683311, 54.7165885], [33.3701713, 54.7175138], [33.371833, 54.7175885], [33.3731686, 54.7185764], [33.3740957, 54.7204096], [33.376148, 54.719708], [33.3781035, 54.7174856], [33.3790245, 54.7155648], [33.3770534, 54.713963], [33.376712, 54.7114502], [33.3803274, 54.7125928], [33.3872962, 54.7090151], [33.4012821, 54.7030172], [33.4019016, 54.7057038], [33.4121363, 54.7074915], [33.4137776, 54.7103204], [33.430008, 54.708569], [33.4559, 54.704059], [33.474183, 54.692242], [33.473986, 54.6915], [33.462218, 54.685921], [33.453087, 54.680511], [33.455999, 54.677171], [33.462658, 54.676891], [33.4768638, 54.6719547], [33.4847273, 54.670436], [33.485004, 54.661369], [33.475439, 54.6557618], [33.4785335, 54.6542345], [33.4775372, 54.6533359], [33.4784946, 54.6529823], [33.478621, 54.6520009], [33.4772349, 54.6526987], [33.4768402, 54.6524793], [33.4789753, 54.6504123], [33.4802777, 54.6508556], [33.4804849, 54.6499682], [33.482386, 54.648511], [33.48181, 54.647386], [33.481963, 54.646369], [33.483893, 54.645357], [33.481875, 54.645005], [33.482187, 54.643836], [33.481786, 54.64267], [33.479697, 54.642894], [33.478998, 54.641414], [33.476267, 54.638335], [33.478193, 54.637474], [33.481522, 54.637425], [33.483997, 54.635888], [33.484541, 54.634727], [33.487466, 54.633233], [33.488019, 54.633245], [33.488172, 54.633993], [33.488716, 54.63418], [33.490017, 54.632917], [33.493045, 54.633632], [33.493966, 54.63291], [33.496131, 54.632676], [33.496845, 54.63317], [33.495844, 54.633845], [33.498185, 54.634507], [33.498229, 54.633992], [33.4997156, 54.6332272], [33.5005346, 54.6337542], [33.501918, 54.6334742], [33.5012993, 54.6324891], [33.5034218, 54.6322044], [33.503546, 54.6311691], [33.5047135, 54.6316002], [33.504317, 54.6323644], [33.507002, 54.6323473], [33.5080375, 54.6337775], [33.5107795, 54.6334271], [33.5127938, 54.6337483], [33.5132652, 54.6348499], [33.515567, 54.63558], [33.515567, 54.636391], [33.514523, 54.636517], [33.513078, 54.635909], [33.512522, 54.636874], [33.516793, 54.637926], [33.518106, 54.640077], [33.523225, 54.641869], [33.523373, 54.642542], [33.520128, 54.643176], [33.519748, 54.643717], [33.523399, 54.64698], [33.528047, 54.648236], [33.530836, 54.648277], [33.533713, 54.649712], [33.536258, 54.649983], [33.536863, 54.650497], [33.537036, 54.650909], [33.536036, 54.652575], [33.53738, 54.655849], [33.536606, 54.657101], [33.537533, 54.658085], [33.536302, 54.658674], [33.533281, 54.657556], [33.53026, 54.658817], [33.529795, 54.659978], [33.531192, 54.66132], [33.530267, 54.662896], [33.530511, 54.663748], [33.532141, 54.664011], [33.533294, 54.663251], [33.537444, 54.662529], [33.544955, 54.662636], [33.545313, 54.661435], [33.544353, 54.659375], [33.54577, 54.65839], [33.548761, 54.657612], [33.550006, 54.657975], [33.549106, 54.660427], [33.551823, 54.660777], [33.552642, 54.658151], [33.554345, 54.658009], [33.555838, 54.658451], [33.557377, 54.659935], [33.558842, 54.660558], [33.559402, 54.662945], [33.558483, 54.664826], [33.555661, 54.66704], [33.55338, 54.667898], [33.554368, 54.669856], [33.55198, 54.672169], [33.553378, 54.673555], [33.553454, 54.676648], [33.554207, 54.678985], [33.553812, 54.681594], [33.552577, 54.682881], [33.552073, 54.684709], [33.553248, 54.68562], [33.558909, 54.685756], [33.56073, 54.687149], [33.562633, 54.687149], [33.562867, 54.686641], [33.562106, 54.685957], [33.562436, 54.685129], [33.559949, 54.682463], [33.560575, 54.680592], [33.561842, 54.680115], [33.565363, 54.683794], [33.569328, 54.683174], [33.57186, 54.682259], [33.572527, 54.682566], [33.574648, 54.685736], [33.57842, 54.686327], [33.581422, 54.687806], [33.583225, 54.688028], [33.583423, 54.687549], [33.581391, 54.685596], [33.581483, 54.684918], [33.585647, 54.685037], [33.58733, 54.68351], [33.592478, 54.682441], [33.602948, 54.678565], [33.603324, 54.678684], [33.602521, 54.681351], [33.603756, 54.681937], [33.604887, 54.680709], [33.608141, 54.679863], [33.607955, 54.678531], [33.606956, 54.677062], [33.608376, 54.675591], [33.619849, 54.674688], [33.621432, 54.673773], [33.623861, 54.670463], [33.635355, 54.670442], [33.640561, 54.6699], [33.649632, 54.675925], [33.664091, 54.680582], [33.682957, 54.684175], [33.68723, 54.685437], [33.688634, 54.686849], [33.688826, 54.689082], [33.678764, 54.692969], [33.688174, 54.694256], [33.688733, 54.694605], [33.688779, 54.696187], [33.688313, 54.696696], [33.665535, 54.696965], [33.664371, 54.697286], [33.664045, 54.701845], [33.664371, 54.702355], [33.676282, 54.70493], [33.681757, 54.707675], [33.687309, 54.715819], [33.687335, 54.716512], [33.686869, 54.717075], [33.672137, 54.722624], [33.668144, 54.726406], [33.667352, 54.726514], [33.665489, 54.725253], [33.664744, 54.72528], [33.661115, 54.727176], [33.660086, 54.730402], [33.660365, 54.730938], [33.671095, 54.73376], [33.676901, 54.734263], [33.677693, 54.734612], [33.679603, 54.737078], [33.684727, 54.737614], [33.685565, 54.738097], [33.686031, 54.748367], [33.686636, 54.748822], [33.692925, 54.749171], [33.707796, 54.759693], [33.705129, 54.76239], [33.696929, 54.766422], [33.699963, 54.769333], [33.705124, 54.770381], [33.719057, 54.764482], [33.729773, 54.768106], [33.730589, 54.769404], [33.744723, 54.769415], [33.745515, 54.769147], [33.748285, 54.765927], [33.769471, 54.764797], [33.776864, 54.765795], [33.778494, 54.769094], [33.779146, 54.769335], [33.787205, 54.767941], [33.794127, 54.764046], [33.804193, 54.767887], [33.811055, 54.765313], [33.832389, 54.769335], [33.832354, 54.787137], [33.8404, 54.786335], [33.842543, 54.787059], [33.843801, 54.788856], [33.843754, 54.789928], [33.842649, 54.791828], [33.8391025, 54.7942663], [33.831348, 54.797996], [33.831766, 54.80015], [33.834589, 54.802852], [33.834521, 54.804838], [33.833552, 54.806093], [33.827585, 54.810913], [33.824004, 54.810628], [33.818593, 54.813148], [33.815095, 54.812435], [33.813337, 54.812854], [33.810195, 54.816331], [33.8013, 54.818052], [33.801878, 54.820871], [33.801505, 54.821112], [33.795389, 54.821217], [33.791662, 54.830332], [33.796242, 54.8372], [33.796801, 54.837308], [33.8011385, 54.8344472], [33.7979917, 54.8572552], [33.7848416, 54.8594144], [33.781999, 54.8613858], [33.781221, 54.862614], [33.773199, 54.864148], [33.769752, 54.866335], [33.767327, 54.870671], [33.759439, 54.87453], [33.759396, 54.877289], [33.757789, 54.87879], [33.756271, 54.8825], [33.746074, 54.883998], [33.737818, 54.88741], [33.725193, 54.895068], [33.716262, 54.898786], [33.716758, 54.901029], [33.715028, 54.90485], [33.707308, 54.914173], [33.703355, 54.915552], [33.706522, 54.918301], [33.699948, 54.92319], [33.699151, 54.924874], [33.701677, 54.927564], [33.70138, 54.929013], [33.704309, 54.929075], [33.705952, 54.930243], [33.715587, 54.930851], [33.717407, 54.931424], [33.717699, 54.932015], [33.717266, 54.933132], [33.719911, 54.933601], [33.720246, 54.934884], [33.721122, 54.935041], [33.722645, 54.933837], [33.724925, 54.933931], [33.724731, 54.934417], [33.7229, 54.934774], [33.722702, 54.935182], [33.726196, 54.93563], [33.72401, 54.936003], [33.711095, 54.94411], [33.710047, 54.945787], [33.710276, 54.947831], [33.712178, 54.949763], [33.725143, 54.956468], [33.722294, 54.959968], [33.721735, 54.960182], [33.712468, 54.95648], [33.706129, 54.958161], [33.69477, 54.958478], [33.692121, 54.959706], [33.6929112, 54.9628748], [33.6921745, 54.9669277], [33.6935006, 54.9697095], [33.6914101, 54.9714813], [33.691016, 54.97337], [33.687545, 54.975527], [33.6852861, 54.9789147], [33.6714248, 54.9766605], [33.6657397, 54.9778115], [33.6630579, 54.9763063], [33.6607849, 54.9757306], [33.6565552, 54.9782647], [33.6539978, 54.9776666], [33.651998, 54.977876], [33.651148, 54.978411], [33.647602, 54.97733], [33.64653, 54.975839], [33.643128, 54.975013], [33.642106, 54.97406], [33.636306, 54.97398], [33.633675, 54.972632], [33.628721, 54.97348], [33.628312, 54.974273], [33.629037, 54.9747], [33.629071, 54.975895], [33.630111, 54.976476], [33.629249, 54.97773], [33.630368, 54.978924], [33.631795, 54.979285], [33.631359, 54.980392], [33.632251, 54.981502], [33.630718, 54.982318], [33.631468, 54.984362], [33.629776, 54.985018], [33.62897, 54.985871], [33.6283361, 54.9867712], [33.6280193, 54.9886262], [33.6269178, 54.9900869], [33.6239164, 54.9924639], [33.6156936, 54.9936648], [33.6138013, 54.9953507], [33.6098489, 54.9970553], [33.6094282, 55.000121], [33.6063543, 55.0028965], [33.595022, 55.006339], [33.5917325, 55.0068402], [33.5808232, 55.0043756], [33.5730905, 55.0050099], [33.5750213, 55.0006573], [33.5674726, 54.9995435], [33.5618295, 54.996884], [33.5575075, 54.9979154], [33.5571294, 54.998901], [33.5547637, 54.9995111], [33.5419131, 55.0006151], [33.5395456, 54.9979065], [33.5396243, 54.9967022], [33.531429, 54.9965336], [33.526538, 54.994332], [33.521947, 54.993649], [33.520686, 54.992792], [33.51455, 54.990671], [33.513902, 54.991285], [33.513892, 54.997797], [33.510049, 54.999711], [33.506847, 54.997989], [33.503588, 54.998532], [33.504692, 55.00306], [33.513307, 55.008319], [33.517944, 55.012482], [33.522346, 55.017981], [33.522216, 55.02516], [33.519437, 55.025513], [33.51452, 55.030178], [33.513193, 55.032073], [33.512634, 55.037238], [33.512145, 55.037811], [33.510351, 55.038559], [33.498585, 55.038644], [33.496214, 55.034222], [33.494691, 55.033629], [33.491967, 55.033425], [33.490369, 55.034455], [33.485663, 55.039947], [33.4827454, 55.0413338], [33.474997, 55.0436593], [33.465821, 55.0447996], [33.4660352, 55.0419483], [33.4605396, 55.0397615], [33.4616783, 55.038172], [33.4550745, 55.0362861], [33.4494831, 55.0362574], [33.4475046, 55.0374242], [33.446931, 55.039426], [33.447117, 55.040838], [33.4502547, 55.0469051], [33.4390029, 55.0486333], [33.4366497, 55.0481521], [33.4363555, 55.0493572], [33.4278468, 55.0516128], [33.4235678, 55.0487496], [33.423692, 55.0469383], [33.4259497, 55.0454312], [33.4261133, 55.0446224], [33.4250435, 55.044131], [33.4223143, 55.0441], [33.4211794, 55.042821], [33.4211841, 55.042168], [33.4218225, 55.0418048], [33.4247267, 55.041112], [33.4263668, 55.0400885], [33.4269815, 55.039402], [33.426885, 55.038844], [33.4240504, 55.0371236], [33.4224013, 55.0367747], [33.4195379, 55.0382786], [33.4186234, 55.0382489], [33.4182422, 55.0375303], [33.4206126, 55.0354646], [33.4201245, 55.0346413], [33.4131955, 55.0292057], [33.4125314, 55.0277517], [33.4093233, 55.026617], [33.406503, 55.0268453], [33.4048652, 55.0255137], [33.4040346, 55.026088], [33.4053749, 55.0270967], [33.4038003, 55.0282523], [33.403775, 55.0289207], [33.4050226, 55.0293897], [33.4079482, 55.028805], [33.4084758, 55.0293573], [33.4082269, 55.0297147], [33.4042299, 55.0303617], [33.4013878, 55.0324637], [33.3937414, 55.0310323], [33.392522, 55.0294663], [33.391767, 55.0220516], [33.3915124, 55.0212568], [33.3908648, 55.021074], [33.3876521, 55.0221943], [33.3851216, 55.0224153], [33.3847204, 55.023458], [33.3861095, 55.024081], [33.3839021, 55.024917], [33.3845075, 55.0253063], [33.3846217, 55.0264603], [33.3836779, 55.0274223], [33.3853684, 55.028254], [33.3870914, 55.0283563], [33.386683, 55.0301557], [33.3849331, 55.0307274], [33.3827738, 55.0307697], [33.382009, 55.0303659], [33.381016, 55.0313637], [33.3803886, 55.0313423], [33.3776879, 55.0300313], [33.36772, 55.029372], [33.364943, 55.0299876], [33.3648378, 55.0307383], [33.3636465, 55.0314258], [33.3640326, 55.0321356], [33.3623418, 55.0331352], [33.3451226, 55.0351826], [33.3406742, 55.0335086], [33.339555, 55.0353786], [33.3358129, 55.0368046], [33.3282708, 55.0360826], [33.3261359, 55.0402526], [33.3268459, 55.0419659], [33.3275851, 55.0425586], [33.3241119, 55.0436584], [33.3145474, 55.0429233], [33.3101353, 55.0489223], [33.3074635, 55.0514528], [33.3022089, 55.052602], [33.2991612, 55.0531463], [33.2969717, 55.0514933], [33.2925384, 55.0508152], [33.282188, 55.050494], [33.272905, 55.049224], [33.271834, 55.048376], [33.268911, 55.041517], [33.248775, 55.036563], [33.245132, 55.038377], [33.243837, 55.039762], [33.233402, 55.039531], [33.230406, 55.040677], [33.228554, 55.042459], [33.227151, 55.046136], [33.2214411, 55.0518771], [33.2171589, 55.0527269], [33.2159348, 55.0542322], [33.2141012, 55.053422], [33.2124428, 55.0516328], [33.209388, 55.050803], [33.200815, 55.054195], [33.190494, 55.055397], [33.181968, 55.06486], [33.176521, 55.062703], [33.170171, 55.061093], [33.165571, 55.063958], [33.160681, 55.062483], [33.148849, 55.053955], [33.14242, 55.053732], [33.139323, 55.052223], [33.135283, 55.049336], [33.124172, 55.050132], [33.118163, 55.045971], [33.116126, 55.041918], [33.097924, 55.040788], [33.095067, 55.033555], [33.092666, 55.029964], [33.090615, 55.028753], [33.084169, 55.027446], [33.071675, 55.027238], [33.067018, 55.027857], [33.0643708, 55.028695], [33.0645136, 55.0260593], [33.0632588, 55.0234376], [33.0719819, 55.0151176], [33.0781995, 55.0079702], [33.052159, 54.9983657], [33.0295879, 55.0162392], [33.0221136, 55.0124887], [33.0193476, 55.0146833], [33.017859, 55.0150933], [33.0162318, 55.0146457], [33.0150278, 55.0135871], [33.0139113, 55.0134867], [33.0130794, 55.0143319], [33.0137435, 55.0157962], [33.0123205, 55.0163903], [33.0049404, 55.015672], [33.0005902, 55.0140298], [32.9985835, 55.0141336], [32.9995329, 55.0155418], [33.0016588, 55.0165772], [33.0003585, 55.0171511], [32.9955186, 55.0153584], [32.9920099, 55.0151454], [32.9909573, 55.0143525], [32.9912256, 55.0125241], [32.9902448, 55.0118429], [32.9903146, 55.0112909], [32.994312, 55.0081267], [32.9939618, 55.007566], [32.9922642, 55.0069151], [32.9882237, 55.0068215], [32.984928, 55.0079091], [32.9792217, 55.0060511], [32.9772223, 55.006411], [32.9756169, 55.0080932], [32.9706111, 55.0078003], [32.9674903, 55.0060023], [32.963781, 55.006411], [32.9622633, 55.005415], [32.9568488, 55.0043102], [32.9510515, 55.0019163], [32.9482332, 54.9994981], [32.9418606, 54.9965254], [32.9381433, 54.9964056], [32.9376477, 54.996843], [32.9373269, 54.9989534], [32.9354968, 54.9992494], [32.9346922, 54.9981104], [32.9347652, 54.9947199], [32.932722, 54.9869081], [32.9326156, 54.9807809], [32.9318813, 54.9790922], [32.9301009, 54.9779122], [32.9255767, 54.9775269], [32.9236065, 54.9778284], [32.9206585, 54.9809858], [32.9164992, 54.9796375], [32.9159738, 54.979068], [32.9161617, 54.9775373], [32.9227481, 54.976489], [32.92438, 54.9756915], [32.9247475, 54.9748682], [32.9240425, 54.9743953], [32.9168743, 54.9732488], [32.9156465, 54.9726503], [32.9151089, 54.9709606], [32.9421889, 54.9654445], [32.952285, 54.962116], [32.953451, 54.961438], [32.95538, 54.959099], [32.955491, 54.957563], [32.953917, 54.954732], [32.947754, 54.953203], [32.934519, 54.952415], [32.9291865, 54.9502055], [32.926247, 54.9437188], [32.9163534, 54.9373156], [32.9059789, 54.9371416], [32.9037936, 54.9320881], [32.8878115, 54.9293469], [32.889781, 54.914421], [32.9066577, 54.9143245], [32.9079957, 54.9024776], [32.9112193, 54.9018], [32.9153994, 54.9027602], [32.9219177, 54.9011956], [32.926834, 54.8982766], [32.9267211, 54.8971448], [32.925741, 54.8962457], [32.9093036, 54.8954503], [32.8965672, 54.8938608], [32.8954134, 54.8966266], [32.8939133, 54.8976361], [32.8938712, 54.9003086], [32.883926, 54.901067], [32.8633, 54.906435], [32.8421109, 54.9031454], [32.8396229, 54.9006161], [32.8374834, 54.8994674], [32.8290655, 54.9009383], [32.8114397, 54.9007551], [32.7999151, 54.8996751], [32.7911855, 54.8994442], [32.7896819, 54.9107012], [32.786214, 54.907905], [32.776886, 54.903575], [32.769832, 54.901677], [32.770294, 54.899962], [32.771492, 54.898924], [32.770136, 54.897626], [32.770344, 54.896719], [32.769804, 54.895649], [32.768482, 54.895332], [32.768406, 54.894883], [32.770259, 54.894304], [32.770097, 54.893539], [32.770645, 54.893037], [32.772831, 54.892403], [32.771261, 54.891591], [32.774131, 54.891563], [32.773619, 54.8906], [32.774468, 54.890252], [32.775351, 54.888868], [32.778264, 54.88785], [32.778113, 54.886951]]]}}, {"type": "Feature", "properties": {"rda_code": "SM-12", "rda_name": "YELNINSKY AREA / incl. YELNYA /", "osm_name": "Ельнинский муниципальный округ", "match_score": 1.0, "match_reason": "alias:елнинскии"}, "geometry": {"type": "Polygon", "coordinates": [[[32.863603, 54.4193473], [32.8608509, 54.4046701], [32.861295, 54.39616], [32.857714, 54.37573], [32.868085, 54.375703], [32.8749684, 54.3762906], [32.877417, 54.3770222], [32.8846197, 54.3734381], [32.9000318, 54.372784], [32.9048296, 54.3673349], [32.9062309, 54.3670917], [32.915382, 54.368045], [32.9236522, 54.3668672], [32.9296458, 54.3697726], [32.9329724, 54.3702944], [32.941819, 54.3683204], [32.9408242, 54.366762], [32.9410662, 54.3623717], [32.944094, 54.360579], [32.946171, 54.360239], [32.9497123, 54.360559], [32.954085, 54.3623219], [32.9568355, 54.3617263], [32.958278, 54.359857], [32.962357, 54.357469], [32.962112, 54.356076], [32.964632, 54.355328], [32.96688, 54.355485], [32.972327, 54.353195], [32.978786, 54.353807], [32.985188, 54.35208], [32.990862, 54.351512], [32.994612, 54.352884], [33.001279, 54.353054], [33.004348, 54.35411], [33.007086, 54.354204], [33.007101, 54.351599], [33.012471, 54.3491705], [33.0136734, 54.3479838], [33.012975, 54.3472204], [33.0133999, 54.3466558], [33.0175537, 54.3427899], [33.0227343, 54.3416445], [33.0252226, 54.3395256], [33.0269217, 54.3388608], [33.0299985, 54.3391934], [33.0325945, 54.3402521], [33.0398777, 54.3384854], [33.0471543, 54.3442141], [33.0637615, 54.343998], [33.0682914, 54.3403744], [33.0690019, 54.3390248], [33.0686123, 54.3377821], [33.0622324, 54.3329236], [33.0540801, 54.3310241], [33.0530752, 54.3299089], [33.0533345, 54.3290205], [33.0545501, 54.3280092], [33.0554739, 54.3278864], [33.0610492, 54.3290583], [33.0648256, 54.3287842], [33.0722648, 54.3261095], [33.0730103, 54.3247201], [33.0682939, 54.3199465], [33.0683101, 54.3186798], [33.0700443, 54.3163353], [33.0694447, 54.3152386], [33.0658466, 54.3136597], [33.0576174, 54.3113636], [33.0555644, 54.3101547], [33.0545373, 54.3085004], [33.054236, 54.3061253], [33.0535604, 54.3050009], [33.0519412, 54.3037761], [33.0514583, 54.302328], [33.0523321, 54.30131], [33.0549262, 54.2999679], [33.0632326, 54.298539], [33.06366, 54.297751], [33.064016, 54.293388], [33.065923, 54.291575], [33.0711124, 54.2908749], [33.0775472, 54.2925545], [33.0799917, 54.2925607], [33.081549, 54.291196], [33.0835707, 54.2869708], [33.0859866, 54.284404], [33.0883237, 54.2824144], [33.0919214, 54.281112], [33.0961769, 54.2809203], [33.1057444, 54.2818154], [33.1093966, 54.2816137], [33.1108845, 54.2862949], [33.1214666, 54.2965832], [33.1185827, 54.2974445], [33.1185937, 54.2988318], [33.1222322, 54.2989135], [33.1236584, 54.3027154], [33.1260532, 54.3019408], [33.1276076, 54.3068794], [33.1444376, 54.307044], [33.1487726, 54.3086791], [33.150658, 54.311042], [33.151913, 54.314347], [33.153391, 54.318765], [33.153311, 54.322089], [33.154847, 54.32586], [33.158113, 54.327994], [33.160098, 54.343217], [33.160796, 54.345841], [33.222695, 54.358839], [33.223565, 54.356899], [33.224346, 54.356439], [33.244139, 54.36101], [33.245712, 54.361743], [33.245297, 54.368162], [33.246506, 54.368759], [33.260644, 54.369084], [33.261481, 54.36968], [33.261109, 54.376998], [33.262411, 54.377649], [33.274997, 54.377168], [33.2812, 54.37754], [33.283618, 54.376944], [33.285106, 54.376294], [33.283711, 54.37315], [33.284455, 54.37109], [33.293384, 54.370927], [33.294407, 54.371361], [33.295454, 54.373571], [33.298314, 54.374125], [33.309723, 54.374173], [33.309963, 54.37128], [33.311801, 54.37071], [33.312181, 54.369576], [33.318533, 54.369227], [33.321382, 54.368217], [33.325452, 54.3652875], [33.3276388, 54.3617093], [33.3251941, 54.3604424], [33.3347016, 54.3571103], [33.3315836, 54.3521731], [33.3434174, 54.35135], [33.3461714, 54.3519095], [33.3461471, 54.3538646], [33.351104, 54.3540876], [33.3494688, 54.3515883], [33.3508549, 54.3490478], [33.3520261, 54.3481358], [33.3546556, 54.3476151], [33.354946, 54.347133], [33.3545147, 54.3451741], [33.356938, 54.344567], [33.3572089, 54.3433119], [33.3593098, 54.3434085], [33.360159, 54.342963], [33.3627566, 54.3437815], [33.3624471, 54.3443505], [33.3641533, 54.3444443], [33.3668593, 54.3456053], [33.3701563, 54.3454092], [33.3737134, 54.3461251], [33.3744802, 54.3471916], [33.3773823, 54.3480381], [33.3844178, 54.3483536], [33.385393, 54.3480465], [33.3773965, 54.33807], [33.3788405, 54.3313186], [33.3802508, 54.3284704], [33.3872506, 54.3261799], [33.3927806, 54.3264345], [33.3946361, 54.3249493], [33.3981591, 54.3245393], [33.399293, 54.3232731], [33.4055142, 54.3237187], [33.4084612, 54.323167], [33.4127132, 54.3246003], [33.4298416, 54.3222736], [33.4316754, 54.3232435], [33.4346225, 54.321892], [33.4466187, 54.3131008], [33.4611086, 54.3166149], [33.4605562, 54.3222224], [33.4534166, 54.3290932], [33.4634793, 54.3377257], [33.4601373, 54.3503714], [33.4663462, 54.3503167], [33.4674335, 54.3577609], [33.4880067, 54.3532638], [33.4906095, 54.3575856], [33.491499, 54.368605], [33.4875173, 54.3711708], [33.4923433, 54.3736978], [33.502305, 54.373013], [33.526856, 54.369989], [33.5298284, 54.3749323], [33.5296559, 54.382342], [33.5497805, 54.3818542], [33.5469365, 54.3858943], [33.5477504, 54.3901438], [33.559067, 54.391766], [33.565783, 54.394537], [33.569853, 54.392739], [33.5762264, 54.3957911], [33.5804129, 54.3966015], [33.5888469, 54.3961224], [33.5928872, 54.396745], [33.5943726, 54.3973676], [33.5943131, 54.3981978], [33.596155, 54.3987512], [33.5989476, 54.3983361], [33.6070876, 54.3987512], [33.6095831, 54.3980248], [33.6168912, 54.3977481], [33.6253877, 54.3981632], [33.6297845, 54.39927], [33.6304975, 54.4008956], [33.6365933, 54.4019031], [33.6306757, 54.4045616], [33.6316264, 54.4089535], [33.6374032, 54.4106814], [33.6294351, 54.415273], [33.6265166, 54.4208473], [33.6280614, 54.4239584], [33.63329, 54.4294888], [33.6267543, 54.4317699], [33.616713, 54.4415494], [33.6187925, 54.4445208], [33.6315946, 54.4415065], [33.6353102, 54.4389924], [33.6404394, 54.4335383], [33.6431159, 54.4341383], [33.6460847, 54.4351922], [33.6525765, 54.4395878], [33.6576476, 54.4417463], [33.6577205, 54.4427267], [33.6600646, 54.4446057], [33.6595632, 54.4464866], [33.6607684, 54.4473774], [33.6609506, 54.4487447], [33.6615349, 54.4493751], [33.6633444, 54.4493908], [33.6656292, 54.4507641], [33.671728, 54.4521478], [33.6764442, 54.4539951], [33.6773758, 54.4553498], [33.6814273, 54.4567004], [33.6834529, 54.4587262], [33.6872343, 54.4589964], [33.6956072, 54.4622377], [33.6962824, 54.4638583], [33.6991184, 54.4639934], [33.7022245, 54.4658842], [33.7029642, 54.4700975], [33.6874533, 54.4755529], [33.6851675, 54.4755529], [33.6706227, 54.4696988], [33.6342315, 54.4774135], [33.6442874, 54.4818529], [33.6442873, 54.4841488], [33.6475285, 54.4852292], [33.6482036, 54.48739], [33.6495289, 54.4884189], [33.6495289, 54.4917048], [33.6536851, 54.4918389], [33.6569178, 54.4933812], [33.6596309, 54.4934482], [33.6596825, 54.4950881], [33.649148, 54.5078164], [33.6673796, 54.5098424], [33.6952541, 54.5147349], [33.6963509, 54.5250545], [33.6959569, 54.5293607], [33.694432, 54.5344387], [33.6957183, 54.5343277], [33.7001085, 54.5365265], [33.6994564, 54.5375214], [33.6981506, 54.5378857], [33.6987942, 54.5399468], [33.6986087, 54.5408219], [33.6991422, 54.5410435], [33.6985453, 54.5414776], [33.6988735, 54.5437937], [33.7006788, 54.547741], [33.7018762, 54.5488385], [33.7029537, 54.5510962], [33.7057873, 54.553807], [33.7050457, 54.5579852], [33.7038295, 54.559304], [33.7028602, 54.5627182], [33.7027721, 54.5693724], [33.6997408, 54.5694035], [33.6997202, 54.5758372], [33.6969654, 54.5815193], [33.6950208, 54.5832159], [33.6957728, 54.5870827], [33.694361, 54.5903198], [33.7012222, 54.5916046], [33.703653, 54.591579], [33.705648, 54.590456], [33.707422, 54.590176], [33.713547, 54.591865], [33.714415, 54.592848], [33.714805, 54.594822], [33.716456, 54.597193], [33.716511, 54.60296], [33.725805, 54.606094], [33.72495, 54.608489], [33.721483, 54.611977], [33.726252, 54.615596], [33.738086, 54.618552], [33.743168, 54.6169966], [33.7515063, 54.6198957], [33.7566533, 54.6258073], [33.7651388, 54.6271634], [33.7797875, 54.6321124], [33.7778806, 54.6331721], [33.7698362, 54.6431066], [33.7676394, 54.6425558], [33.7607405, 54.6473044], [33.7590885, 54.6489394], [33.7551918, 54.6501818], [33.7547628, 54.6535567], [33.7569806, 54.6566162], [33.7286369, 54.6563412], [33.7294779, 54.6687179], [33.7276841, 54.6707464], [33.7253141, 54.6718294], [33.722892, 54.672441], [33.7180993, 54.6708281], [33.7170677, 54.66554], [33.7157532, 54.6632117], [33.7133213, 54.6630578], [33.7104997, 54.6618647], [33.711406, 54.6610646], [33.7082709, 54.6587376], [33.7066348, 54.6588474], [33.7059663, 54.6595098], [33.7021534, 54.6597252], [33.6987056, 54.658737], [33.6971679, 54.6573034], [33.6955724, 54.6572746], [33.693106, 54.65824], [33.690225, 54.658438], [33.681107, 54.661468], [33.673867, 54.662786], [33.673428, 54.663237], [33.67294, 54.669138], [33.672451, 54.670493], [33.669575, 54.672618], [33.667434, 54.673429], [33.664087, 54.673502], [33.658942, 54.671706], [33.652432, 54.66719], [33.64985, 54.668216], [33.647524, 54.671076], [33.647736, 54.671757], [33.653079, 54.674352], [33.649632, 54.675925], [33.640561, 54.6699], [33.635355, 54.670442], [33.623861, 54.670463], [33.621432, 54.673773], [33.619849, 54.674688], [33.608376, 54.675591], [33.606956, 54.677062], [33.607955, 54.678531], [33.608141, 54.679863], [33.604887, 54.680709], [33.603756, 54.681937], [33.602521, 54.681351], [33.603324, 54.678684], [33.602948, 54.678565], [33.592478, 54.682441], [33.58733, 54.68351], [33.585647, 54.685037], [33.581483, 54.684918], [33.581391, 54.685596], [33.583423, 54.687549], [33.583225, 54.688028], [33.581422, 54.687806], [33.57842, 54.686327], [33.574648, 54.685736], [33.572527, 54.682566], [33.57186, 54.682259], [33.569328, 54.683174], [33.565363, 54.683794], [33.561842, 54.680115], [33.560575, 54.680592], [33.559949, 54.682463], [33.562436, 54.685129], [33.562106, 54.685957], [33.562867, 54.686641], [33.562633, 54.687149], [33.56073, 54.687149], [33.558909, 54.685756], [33.552983, 54.685505], [33.552073, 54.684709], [33.552577, 54.682881], [33.553812, 54.681594], [33.554207, 54.678985], [33.553454, 54.676648], [33.553378, 54.673555], [33.55198, 54.672169], [33.554368, 54.669856], [33.55338, 54.667898], [33.555661, 54.66704], [33.558483, 54.664826], [33.559402, 54.662945], [33.558842, 54.660558], [33.557377, 54.659935], [33.555838, 54.658451], [33.554345, 54.658009], [33.552642, 54.658151], [33.551823, 54.660777], [33.549106, 54.660427], [33.550006, 54.657975], [33.548761, 54.657612], [33.54577, 54.65839], [33.544353, 54.659375], [33.545313, 54.661435], [33.544955, 54.662636], [33.537444, 54.662529], [33.533294, 54.663251], [33.532141, 54.664011], [33.530511, 54.663748], [33.530267, 54.662896], [33.531192, 54.66132], [33.529795, 54.659978], [33.53026, 54.658817], [33.533281, 54.657556], [33.536302, 54.658674], [33.537533, 54.658085], [33.536606, 54.657101], [33.53738, 54.655849], [33.536036, 54.652575], [33.537036, 54.650909], [33.536258, 54.649983], [33.533713, 54.649712], [33.530836, 54.648277], [33.528047, 54.648236], [33.525095, 54.647566], [33.522497, 54.646359], [33.519748, 54.643717], [33.520128, 54.643176], [33.52354, 54.642272], [33.521665, 54.641023], [33.518106, 54.640077], [33.516793, 54.637926], [33.512559, 54.636946], [33.512571, 54.636248], [33.513078, 54.635909], [33.514949, 54.636567], [33.515752, 54.63593], [33.5132652, 54.6348499], [33.5127938, 54.6337483], [33.5107795, 54.6334271], [33.5080375, 54.6337775], [33.507002, 54.6323473], [33.504317, 54.6323644], [33.5047135, 54.6316002], [33.503546, 54.6311691], [33.5034218, 54.6322044], [33.5012993, 54.6324891], [33.501918, 54.6334742], [33.5005346, 54.6337542], [33.4997156, 54.6332272], [33.498229, 54.633992], [33.498185, 54.634507], [33.495844, 54.633845], [33.496845, 54.63317], [33.496131, 54.632676], [33.493966, 54.63291], [33.493045, 54.633632], [33.490017, 54.632917], [33.488716, 54.63418], [33.488172, 54.633993], [33.488019, 54.633245], [33.487466, 54.633233], [33.484541, 54.634727], [33.483997, 54.635888], [33.481522, 54.637425], [33.478193, 54.637474], [33.476267, 54.638335], [33.478998, 54.641414], [33.479697, 54.642894], [33.481786, 54.64267], [33.482187, 54.643836], [33.481875, 54.645005], [33.483893, 54.645357], [33.481963, 54.646369], [33.48181, 54.647386], [33.482386, 54.648511], [33.4804849, 54.6499682], [33.4802777, 54.6508556], [33.4789753, 54.6504123], [33.4768402, 54.6524793], [33.4772349, 54.6526987], [33.478621, 54.6520009], [33.4784946, 54.6529823], [33.4775372, 54.6533359], [33.4785335, 54.6542345], [33.475439, 54.6557618], [33.485004, 54.661369], [33.4847273, 54.670436], [33.4768638, 54.6719547], [33.462658, 54.676891], [33.455999, 54.677171], [33.453087, 54.680511], [33.462218, 54.685921], [33.473986, 54.6915], [33.474183, 54.692242], [33.4559, 54.704059], [33.430008, 54.708569], [33.4137776, 54.7103204], [33.4121363, 54.7074915], [33.4019016, 54.7057038], [33.4012821, 54.7030172], [33.3872962, 54.7090151], [33.3803274, 54.7125928], [33.376712, 54.7114502], [33.3770534, 54.713963], [33.3790245, 54.7155648], [33.3781035, 54.7174856], [33.376148, 54.719708], [33.3740957, 54.7204096], [33.3731686, 54.7185764], [33.371833, 54.7175885], [33.3701713, 54.7175138], [33.3683311, 54.7165885], [33.3658282, 54.7175717], [33.3630821, 54.721571], [33.3586741, 54.7219784], [33.3528347, 54.7241937], [33.3490187, 54.7219847], [33.3393456, 54.7312534], [33.3367051, 54.7349176], [33.3225893, 54.7302537], [33.3218389, 54.7307902], [33.3164469, 54.7313617], [33.3115413, 54.7312386], [33.3054903, 54.7340078], [33.303289, 54.736048], [33.2948653, 54.7325927], [33.2984453, 54.7369024], [33.2975941, 54.7440842], [33.2963676, 54.7465467], [33.272864, 54.750824], [33.2682024, 54.7508356], [33.2682807, 54.7553785], [33.2639438, 54.7623878], [33.2525178, 54.7570532], [33.2508962, 54.757224], [33.2490743, 54.7591026], [33.2483541, 54.7613542], [33.2459355, 54.7634071], [33.2350158, 54.7615971], [33.226325, 54.765796], [33.2138443, 54.773385], [33.210862, 54.773963], [33.205346, 54.773928], [33.203038, 54.772431], [33.203124, 54.770949], [33.202606, 54.769961], [33.202926, 54.768703], [33.198843, 54.766042], [33.196315, 54.763773], [33.192876, 54.76328], [33.191097, 54.761484], [33.188505, 54.761369], [33.188389, 54.759797], [33.190109, 54.757776], [33.19001, 54.757291], [33.17212, 54.751243], [33.16945, 54.751705], [33.159826, 54.756784], [33.157595, 54.759404], [33.155421, 54.759632], [33.15003, 54.758171], [33.132694, 54.748561], [33.125077, 54.745964], [33.116065, 54.744051], [33.107135, 54.74361], [33.107552, 54.742801], [33.104848, 54.741699], [33.10455, 54.740756], [33.105185, 54.74009], [33.104346, 54.739588], [33.10481, 54.738878], [33.107822, 54.73919], [33.109077, 54.737941], [33.114821, 54.736841], [33.11511, 54.735976], [33.113426, 54.735216], [33.112123, 54.733661], [33.110705, 54.733391], [33.112356, 54.732169], [33.110858, 54.730788], [33.113077, 54.729606], [33.113149, 54.728638], [33.11003, 54.728983], [33.108957, 54.728166], [33.106551, 54.728114], [33.106889, 54.726677], [33.107912, 54.726056], [33.10887, 54.724528], [33.10834, 54.72354], [33.105433, 54.721773], [33.105264, 54.721215], [33.107399, 54.720083], [33.107799, 54.719618], [33.107644, 54.71887], [33.102874, 54.716233], [33.102189, 54.71556], [33.102216, 54.714122], [33.107403, 54.713322], [33.108025, 54.71029], [33.109902, 54.710037], [33.113767, 54.710725], [33.114147, 54.709926], [33.11241, 54.708247], [33.112439, 54.707394], [33.113367, 54.706593], [33.115786, 54.706115], [33.119976, 54.706722], [33.122873, 54.705174], [33.122666, 54.703458], [33.12344, 54.702882], [33.12789, 54.702455], [33.1302676, 54.6980865], [33.1235628, 54.6947701], [33.1208625, 54.694185], [33.1160709, 54.6913925], [33.1092607, 54.6936881], [33.1091309, 54.6906705], [33.093774, 54.693369], [33.091028, 54.692913], [33.088005, 54.693068], [33.0727728, 54.6756225], [33.067847, 54.6774645], [33.0674313, 54.6749454], [33.059161, 54.6713461], [33.0483409, 54.6707019], [33.0536612, 54.6637762], [33.0527812, 54.6633521], [33.0525245, 54.6615707], [33.0503747, 54.6611069], [33.0472081, 54.6555473], [33.0474281, 54.6521111], [33.0443534, 54.6534927], [33.0373504, 54.6535126], [33.0299443, 54.6509296], [33.036366, 54.645366], [33.0329062, 54.6432912], [33.034209, 54.641144], [33.03382, 54.63818], [33.038361, 54.625943], [33.040341, 54.623894], [33.060059, 54.619619], [33.066171, 54.617684], [33.076919, 54.599475], [33.075616, 54.599313], [33.058596, 54.603396], [33.046393, 54.595217], [33.025297, 54.579638], [33.00688, 54.570607], [33.00655, 54.563191], [32.979285, 54.552831], [32.97107, 54.552276], [32.969954, 54.551362], [32.969398, 54.547205], [32.971362, 54.54584], [32.983646, 54.546184], [32.984636, 54.545115], [32.987621, 54.536958], [32.994017, 54.536105], [32.999067, 54.536686], [33.010228, 54.539858], [33.0116235, 54.5398473], [33.0116827, 54.5385504], [33.0123408, 54.5380676], [33.0124731, 54.5371807], [33.010346, 54.536411], [33.0083922, 54.5345221], [33.0082808, 54.533722], [33.0092244, 54.5333462], [33.0084618, 54.5324249], [33.0066999, 54.5323158], [33.0047535, 54.5312409], [33.0048753, 54.52977], [33.0064005, 54.5285071], [33.0061532, 54.5276625], [33.0048893, 54.5272402], [33.0051295, 54.5263592], [33.0039491, 54.5262662], [33.0040745, 54.5251487], [33.0021524, 54.5245869], [33.002041, 54.5238534], [33.0010068, 54.5235119], [33.0008118, 54.5227985], [33.0019226, 54.5223114], [33.0031796, 54.5202258], [33.0027025, 54.5195366], [33.0032388, 54.5187787], [33.0023474, 54.5180855], [33.0039491, 54.5173093], [33.0029498, 54.5166525], [33.0044122, 54.5162058], [33.0050425, 54.5148778], [33.0044087, 54.5145888], [33.0051435, 54.511773], [33.0047535, 54.5114839], [33.0058155, 54.5111524], [33.005523, 54.510835], [33.0058399, 54.5105783], [33.0050808, 54.5105985], [33.0060105, 54.5095392], [33.0071787, 54.5093934], [33.0064942, 54.5085243], [33.0079592, 54.5079868], [33.0073461, 54.5075465], [33.0083409, 54.505365], [33.0109021, 54.5046318], [33.0113227, 54.5053853], [33.014979, 54.5071935], [33.0285736, 54.4924125], [33.0293315, 54.4864764], [33.0246633, 54.4857245], [33.0266388, 54.4840203], [33.0272759, 54.4825442], [33.0261799, 54.4820544], [33.0259206, 54.481142], [33.026654, 54.4804591], [33.0263143, 54.4770147], [33.0321627, 54.4741571], [33.031854, 54.473708], [33.026233, 54.472122], [33.0240567, 54.4708178], [33.0184154, 54.4662384], [33.0166337, 54.4637212], [33.0022962, 54.4668287], [32.991859, 54.471682], [32.981609, 54.473462], [32.976426, 54.473344], [32.974852, 54.474197], [32.969326, 54.479514], [32.95084, 54.485164], [32.94419, 54.48611], [32.9361769, 54.4843023], [32.9334217, 54.4832764], [32.9306711, 54.4805089], [32.9339477, 54.4730162], [32.9292325, 54.4721898], [32.9161592, 54.4714638], [32.9030677, 54.4687421], [32.9013908, 54.4681827], [32.9021947, 54.4660317], [32.9015487, 54.4641664], [32.9019892, 54.4617971], [32.898907, 54.4604298], [32.8910528, 54.4586594], [32.8904619, 54.4578755], [32.8837248, 54.456572], [32.8849733, 54.4533564], [32.8892658, 54.450736], [32.8973501, 54.4412929], [32.903032, 54.4379774], [32.8943286, 54.43497], [32.890412, 54.4368537], [32.8891943, 54.4311697], [32.8912344, 54.430493], [32.8916625, 54.4290056], [32.8907651, 54.4280099], [32.8925219, 54.4234147], [32.8872727, 54.4222279], [32.8804802, 54.4219233], [32.8793015, 54.4189413], [32.863603, 54.4193473]]]}}, {"type": "Feature", "properties": {"rda_code": "SM-14", "rda_name": "KARDYMOVSKY AREA", "osm_name": "Кардымовский муниципальный округ", "match_score": 1.0, "match_reason": "alias:kardymovsky"}, "geometry": {"type": "Polygon", "coordinates": [[[32.1740949, 54.9464343], [32.1836184, 54.9398363], [32.1830911, 54.9392874], [32.183834, 54.938166], [32.1871579, 54.9372225], [32.192899, 54.9403418], [32.1944591, 54.9395146], [32.1966593, 54.9360676], [32.1954192, 54.9353092], [32.1971624, 54.9330721], [32.1986594, 54.9331259], [32.2000995, 54.9313562], [32.2164205, 54.9234086], [32.2206735, 54.9207591], [32.2195007, 54.9187647], [32.2249252, 54.9131829], [32.2273247, 54.9054717], [32.2226291, 54.9035486], [32.2216352, 54.9021075], [32.2194222, 54.9006715], [32.213906, 54.900403], [32.206453, 54.902098], [32.201808, 54.90204], [32.195563, 54.903293], [32.189418, 54.900341], [32.177314, 54.899155], [32.173841, 54.898251], [32.174154, 54.8955], [32.175596, 54.89334], [32.175708, 54.892299], [32.176345, 54.891629], [32.176273, 54.889832], [32.177479, 54.887999], [32.177017, 54.886963], [32.177267, 54.886201], [32.182652, 54.88497], [32.187312, 54.884957], [32.188617, 54.884195], [32.189315, 54.883129], [32.18964, 54.882436], [32.189129, 54.881849], [32.189175, 54.880996], [32.193128, 54.877237], [32.200952, 54.87363], [32.204431, 54.870185], [32.210598, 54.867871], [32.213195, 54.865723], [32.216517, 54.863858], [32.224335, 54.86068], [32.225451, 54.8598], [32.226093, 54.855853], [32.224195, 54.852788], [32.223504, 54.849593], [32.224477, 54.847542], [32.224381, 54.845483], [32.221418, 54.841467], [32.222056, 54.841489], [32.221405, 54.838524], [32.221278, 54.83419], [32.222242, 54.832632], [32.222608, 54.832231], [32.245774, 54.837377], [32.24675, 54.837244], [32.253074, 54.83076], [32.256347, 54.829649], [32.259818, 54.827033], [32.263857, 54.824834], [32.267911, 54.821167], [32.269979, 54.820146], [32.273491, 54.815115], [32.271387, 54.811036], [32.271331, 54.809823], [32.2772299, 54.7999688], [32.301395, 54.795332], [32.313388, 54.794213], [32.319068, 54.790533], [32.3226911, 54.7843735], [32.321346, 54.783627], [32.319947, 54.78135], [32.317533, 54.779761], [32.317954, 54.778823], [32.317338, 54.778461], [32.317579, 54.776562], [32.317211, 54.775864], [32.3179, 54.775544], [32.316669, 54.774827], [32.31613, 54.773612], [32.315431, 54.773563], [32.315529, 54.772405], [32.316324, 54.771816], [32.313986, 54.770824], [32.312356, 54.770725], [32.311362, 54.769785], [32.311911, 54.768566], [32.310897, 54.767896], [32.310911, 54.767042], [32.311534, 54.766058], [32.311569, 54.763093], [32.308779, 54.76182], [32.309106, 54.760833], [32.308404, 54.76012], [32.306691, 54.760334], [32.30671, 54.759257], [32.304762, 54.758715], [32.304924, 54.758312], [32.303846, 54.757767], [32.303227, 54.75673], [32.303938, 54.756061], [32.302936, 54.755615], [32.302243, 54.754353], [32.301393, 54.754079], [32.301619, 54.753577], [32.300708, 54.753311], [32.300837, 54.75286], [32.302185, 54.752726], [32.302186, 54.752242], [32.302968, 54.751932], [32.302737, 54.750897], [32.303459, 54.750488], [32.30291, 54.749865], [32.304464, 54.749127], [32.304316, 54.748481], [32.2774856, 54.743499], [32.283539, 54.740767], [32.285246, 54.7393425], [32.2848541, 54.7378708], [32.2806972, 54.7361476], [32.2805821, 54.7352065], [32.2810933, 54.7347831], [32.2877645, 54.7337693], [32.2939353, 54.7319819], [32.297403, 54.7327107], [32.299131, 54.7337551], [32.3011918, 54.7333683], [32.3020198, 54.7284921], [32.3010093, 54.727482], [32.2987902, 54.7268107], [32.2983369, 54.7258882], [32.2986354, 54.7224174], [32.3000691, 54.7185729], [32.302178, 54.717449], [32.307578, 54.7180081], [32.31006, 54.7173973], [32.3104884, 54.7163615], [32.3099035, 54.714991], [32.3070909, 54.7121548], [32.3076048, 54.7109022], [32.3096964, 54.7099129], [32.317486, 54.708137], [32.3248893, 54.7051152], [32.325253, 54.7045701], [32.3249557, 54.702271], [32.3253556, 54.701703], [32.3285964, 54.7003121], [32.3297869, 54.6989434], [32.3324801, 54.6909442], [32.330662, 54.6893678], [32.3227538, 54.6862007], [32.3184091, 54.6836727], [32.3179873, 54.6828743], [32.3181218, 54.6815061], [32.316877, 54.6784253], [32.3173279, 54.677382], [32.3207355, 54.6766894], [32.3246988, 54.6782284], [32.3265373, 54.6783521], [32.3286779, 54.6770787], [32.3298557, 54.6745346], [32.332792, 54.671329], [32.335158, 54.669888], [32.339902, 54.668022], [32.344795, 54.666157], [32.347905, 54.665527], [32.35909, 54.665811], [32.360244, 54.665368], [32.362237, 54.66555], [32.369786, 54.673665], [32.375042, 54.677618], [32.384001, 54.681523], [32.393205, 54.682247], [32.397953, 54.681523], [32.399721, 54.680608], [32.4058413, 54.6738151], [32.406625, 54.670967], [32.40888, 54.669433], [32.415316, 54.669132], [32.418322, 54.670279], [32.4225117, 54.6732097], [32.4237608, 54.673388], [32.432474, 54.672475], [32.435221, 54.669972], [32.437483, 54.668923], [32.440352, 54.668828], [32.446517, 54.67024], [32.447995, 54.669637], [32.447953, 54.668342], [32.446335, 54.666502], [32.44681, 54.665803], [32.45181, 54.666257], [32.454412, 54.667378], [32.459929, 54.667543], [32.462446, 54.668236], [32.466343, 54.667733], [32.467567, 54.666624], [32.468065, 54.662916], [32.466318, 54.658881], [32.461953, 54.656295], [32.461295, 54.654364], [32.462103, 54.653152], [32.464579, 54.65221], [32.469677, 54.652152], [32.472473, 54.651562], [32.475356, 54.651503], [32.476437, 54.651768], [32.47714, 54.652535], [32.476916, 54.654286], [32.474858, 54.657699], [32.47549, 54.65913], [32.48569, 54.662507], [32.495151, 54.664326], [32.495946, 54.665254], [32.496431, 54.670383], [32.509386, 54.670133], [32.512199, 54.670756], [32.517377, 54.675942], [32.522454, 54.679178], [32.5305739, 54.6782678], [32.53399, 54.6868748], [32.5434493, 54.6875577], [32.5473194, 54.6862741], [32.5604546, 54.6951058], [32.5625136, 54.6940839], [32.5756539, 54.7002958], [32.581089, 54.703066], [32.581548, 54.703741], [32.583796, 54.70383], [32.585363, 54.705309], [32.585391, 54.706882], [32.5933918, 54.7120219], [32.6034001, 54.7111584], [32.6078003, 54.7227629], [32.6069154, 54.7233526], [32.538839, 54.740849], [32.532481, 54.7409977], [32.5325723, 54.7419986], [32.5311373, 54.7454419], [32.5310325, 54.7478681], [32.5312293, 54.7495058], [32.5321322, 54.7503261], [32.534174, 54.750974], [32.550821, 54.75251], [32.552412, 54.752257], [32.554789, 54.750395], [32.5582, 54.750938], [32.560132, 54.751854], [32.565198, 54.755886], [32.57072, 54.758097], [32.5721356, 54.759099], [32.5781007, 54.7657699], [32.579502, 54.766465], [32.590398, 54.766053], [32.59188, 54.765384], [32.593338, 54.76545], [32.59385, 54.765557], [32.5939, 54.766954], [32.594843, 54.767451], [32.600048, 54.767406], [32.600817, 54.768172], [32.601116, 54.769331], [32.600698, 54.771725], [32.600954, 54.772791], [32.603169, 54.775546], [32.602674, 54.779472], [32.604186, 54.782754], [32.606059, 54.785131], [32.610348, 54.786888], [32.612833, 54.787066], [32.614768, 54.787962], [32.616878, 54.790035], [32.617732, 54.790082], [32.618272, 54.788916], [32.619838, 54.787646], [32.622326, 54.787608], [32.626524, 54.790846], [32.627613, 54.790796], [32.628004, 54.790528], [32.627223, 54.787606], [32.62881, 54.786816], [32.637954, 54.788725], [32.641684, 54.788808], [32.643553, 54.789524], [32.645683, 54.791865], [32.640932, 54.796504], [32.640396, 54.797311], [32.641297, 54.797945], [32.649967, 54.794519], [32.65734, 54.794028], [32.658132, 54.794619], [32.658284, 54.796456], [32.658134, 54.797578], [32.65696, 54.798527], [32.654495, 54.799517], [32.645739, 54.799702], [32.642499, 54.800336], [32.640856, 54.801499], [32.641505, 54.80195], [32.649349, 54.803069], [32.653564, 54.804689], [32.654656, 54.804288], [32.659389, 54.800007], [32.661635, 54.799115], [32.664602, 54.799465], [32.666085, 54.800399], [32.668978, 54.804372], [32.668911, 54.806843], [32.670158, 54.810314], [32.673045, 54.811067], [32.674756, 54.811027], [32.67632, 54.811965], [32.67749, 54.813495], [32.679042, 54.813904], [32.68029, 54.81538], [32.683094, 54.814893], [32.6899821, 54.8156822], [32.6905802, 54.8147669], [32.6915849, 54.8143851], [32.6937653, 54.815001], [32.693808, 54.8156415], [32.6891907, 54.8176738], [32.6889929, 54.8190925], [32.690345, 54.8199154], [32.6901313, 54.8212701], [32.6934446, 54.8210361], [32.693725, 54.8223703], [32.6948768, 54.8230558], [32.6947913, 54.8236469], [32.6960739, 54.8240533], [32.695112, 54.8246814], [32.6966083, 54.8255557], [32.6965656, 54.8261591], [32.6978676, 54.8272039], [32.6994941, 54.8277106], [32.702516, 54.8270438], [32.7087074, 54.8270826], [32.7099302, 54.8276882], [32.7135515, 54.8321373], [32.7451934, 54.8331652], [32.744859, 54.852517], [32.772394, 54.85373], [32.769933, 54.870699], [32.773003, 54.883195], [32.778113, 54.886951], [32.778343, 54.88758], [32.776154, 54.888888], [32.775177, 54.888995], [32.774468, 54.890252], [32.773619, 54.8906], [32.774131, 54.891563], [32.771261, 54.891591], [32.772831, 54.892403], [32.770645, 54.893037], [32.770097, 54.893539], [32.770259, 54.894304], [32.768406, 54.894883], [32.768482, 54.895332], [32.769804, 54.895649], [32.770344, 54.896719], [32.770136, 54.897626], [32.771492, 54.898924], [32.770294, 54.899962], [32.769832, 54.901677], [32.776886, 54.903575], [32.786214, 54.907905], [32.7896819, 54.9107012], [32.785862, 54.925082], [32.782458, 54.924966], [32.777219, 54.927517], [32.77298, 54.928712], [32.769284, 54.929415], [32.763632, 54.929406], [32.759353, 54.931408], [32.746347, 54.93042], [32.737867, 54.927938], [32.735242, 54.927774], [32.731415, 54.928538], [32.730082, 54.929586], [32.729647, 54.93404], [32.731127, 54.934259], [32.734312, 54.931652], [32.73564, 54.931278], [32.736963, 54.931775], [32.737215, 54.93385], [32.73293, 54.935296], [32.723208, 54.942551], [32.722735, 54.943134], [32.724295, 54.943272], [32.724213, 54.943901], [32.720947, 54.946831], [32.720644, 54.947683], [32.721045, 54.948358], [32.724404, 54.950153], [32.7421561, 54.9550276], [32.739309, 54.958876], [32.738147, 54.961438], [32.737496, 54.961759], [32.729256, 54.959641], [32.726567, 54.958368], [32.725776, 54.958342], [32.723032, 54.960264], [32.722149, 54.96037], [32.709152, 54.957115], [32.695592, 54.95242], [32.669862, 54.945679], [32.640724, 54.944275], [32.639964, 54.945441], [32.637228, 54.94657], [32.636367, 54.948098], [32.634105, 54.949681], [32.633478, 54.951701], [32.630524, 54.953857], [32.629586, 54.957375], [32.629694, 54.959089], [32.627876, 54.960029], [32.627333, 54.961285], [32.62773, 54.96399], [32.626952, 54.96538], [32.627741, 54.966697], [32.626326, 54.967184], [32.626959, 54.967949], [32.625865, 54.96808], [32.626246, 54.969115], [32.624762, 54.969164], [32.624912, 54.969883], [32.6229145, 54.9720911], [32.6207178, 54.9729663], [32.6188442, 54.9723984], [32.6138863, 54.9661744], [32.6133808, 54.9636105], [32.6116171, 54.9601735], [32.6078209, 54.9613285], [32.6049317, 54.9632756], [32.6026808, 54.9653792], [32.6031266, 54.9663202], [32.5997169, 54.9654566], [32.5963071, 54.965353], [32.5901772, 54.9633056], [32.586736, 54.9635158], [32.5841324, 54.964996], [32.573833, 54.9652478], [32.5711052, 54.9663819], [32.5705543, 54.9661977], [32.5697797, 54.9685933], [32.5712823, 54.9718105], [32.571887, 54.976193], [32.5710627, 54.9800467], [32.5686892, 54.9818168], [32.580689, 54.985533], [32.5769368, 54.9888982], [32.5725546, 54.9904925], [32.5738907, 54.9964282], [32.5696922, 54.9973491], [32.5537589, 54.9973141], [32.551046, 54.995701], [32.551052, 54.994368], [32.550029, 54.993675], [32.520811, 54.994481], [32.519645, 54.995294], [32.507709, 54.998472], [32.506313, 54.999378], [32.500454, 55.004282], [32.4978344, 55.0102805], [32.5137845, 55.0232638], [32.5155752, 55.0258478], [32.5173197, 55.0341519], [32.5163809, 55.0346578], [32.5156228, 55.0359346], [32.5111745, 55.0359648], [32.5116925, 55.0374873], [32.5019341, 55.0395833], [32.5001438, 55.0373693], [32.5016629, 55.0363192], [32.4974005, 55.0326774], [32.4907085, 55.0304489], [32.4875329, 55.0320101], [32.4846532, 55.0363759], [32.477654, 55.0435683], [32.4731936, 55.0439514], [32.4705722, 55.0435242], [32.4636675, 55.0435242], [32.4463927, 55.0417548], [32.4445022, 55.0429747], [32.4388472, 55.0417025], [32.4377642, 55.0428538], [32.4335456, 55.0442848], [32.4312508, 55.0443328], [32.4263, 55.0428282], [32.421306, 55.0452262], [32.4178958, 55.0510102], [32.4201864, 55.0531746], [32.4195297, 55.0602773], [32.4149037, 55.062545], [32.4154925, 55.0639136], [32.394279, 55.072649], [32.389203, 55.073813], [32.371878, 55.073437], [32.367751, 55.074072], [32.362609, 55.077633], [32.350657, 55.07585], [32.343495, 55.079072], [32.340559, 55.079623], [32.337682, 55.078379], [32.336622, 55.077221], [32.334461, 55.072511], [32.332687, 55.070956], [32.32946, 55.070112], [32.324159, 55.06976], [32.306569, 55.071104], [32.297221, 55.065187], [32.296803, 55.065401], [32.296487, 55.06866], [32.295129, 55.071264], [32.292818, 55.073462], [32.290742, 55.073953], [32.288385, 55.073715], [32.282478, 55.072357], [32.269995, 55.06642], [32.266573, 55.063162], [32.266248, 55.062496], [32.270201, 55.052423], [32.2660772, 55.0507448], [32.2648108, 55.0497718], [32.261504, 55.045334], [32.25863, 55.045322], [32.257551, 55.045867], [32.256497, 55.047285], [32.25459, 55.048037], [32.245427, 55.048573], [32.241217, 55.047802], [32.239892, 55.048377], [32.238566, 55.04818], [32.238192, 55.046435], [32.233859, 55.043165], [32.230365, 55.041796], [32.2258571, 55.0410062], [32.223506, 55.03974], [32.2218908, 55.0358142], [32.2119122, 55.0327587], [32.2071893, 55.0319017], [32.2021967, 55.0300226], [32.1994829, 55.0301867], [32.1978433, 55.0293211], [32.197374, 55.0300385], [32.191331, 55.031122], [32.184234, 55.024832], [32.172852, 55.019158], [32.16769, 55.017273], [32.156807, 55.014892], [32.140838, 55.010376], [32.139933, 55.009597], [32.134725, 54.998834], [32.135349, 54.994508], [32.137129, 54.991655], [32.145992, 54.98631], [32.162467, 54.978349], [32.163411, 54.977406], [32.163498, 54.97381], [32.163978, 54.971002], [32.16459, 54.970144], [32.174898, 54.964368], [32.174514, 54.962845], [32.169039, 54.957783], [32.166165, 54.954371], [32.165565, 54.95248], [32.166015, 54.950336], [32.1740949, 54.9464343]]]}}, {"type": "Feature", "properties": {"rda_code": "SM-18", "rda_name": "POCHINKOVSKY AREA / incl. POCHINOK /", "osm_name": "Починковский муниципальный округ", "match_score": 1.0, "match_reason": "alias:починковскии"}, "geometry": {"type": "Polygon", "coordinates": [[[32.0901971, 54.4940887], [32.0906848, 54.490853], [32.0920412, 54.4900966], [32.0979787, 54.4766379], [32.1002806, 54.4674425], [32.1087287, 54.4689466], [32.111574, 54.4665322], [32.111574, 54.4653339], [32.1090781, 54.4606981], [32.107341, 54.4601901], [32.1045028, 54.4548847], [32.1139408, 54.4542602], [32.106512, 54.448542], [32.1034335, 54.448297], [32.0878208, 54.441403], [32.0910041, 54.4389884], [32.0922327, 54.4373513], [32.0928019, 54.4356671], [32.0981432, 54.4307479], [32.1046668, 54.4345766], [32.1082729, 54.4344001], [32.1113564, 54.4206283], [32.1104552, 54.4198571], [32.1016256, 54.4214501], [32.1012115, 54.4203761], [32.100745, 54.41289], [32.102446, 54.408796], [32.112847, 54.407831], [32.1158821, 54.3965758], [32.1099453, 54.3946261], [32.1061076, 54.3907764], [32.1062561, 54.3879617], [32.1085885, 54.3853169], [32.1124758, 54.3845067], [32.1154136, 54.3832635], [32.111789, 54.381266], [32.112955, 54.380008], [32.113953, 54.377779], [32.11395, 54.373098], [32.115171, 54.372873], [32.113478, 54.368575], [32.113953, 54.366548], [32.114946, 54.365433], [32.116404, 54.365614], [32.117567, 54.366602], [32.121558, 54.367772], [32.122324, 54.355308], [32.120811, 54.34368], [32.122233, 54.334679], [32.121695, 54.32526], [32.123046, 54.318828], [32.120494, 54.315279], [32.126026, 54.309497], [32.13408, 54.292494], [32.139754, 54.278924], [32.142051, 54.279219], [32.144527, 54.281967], [32.149483, 54.283091], [32.153762, 54.283308], [32.159607, 54.281849], [32.16882, 54.28105], [32.170125, 54.282577], [32.1712646, 54.2815744], [32.174457, 54.28244], [32.1898099, 54.2826088], [32.2014243, 54.2756185], [32.2035118, 54.2707941], [32.2104676, 54.2666464], [32.219188, 54.2701396], [32.2117888, 54.2755532], [32.2216635, 54.2794515], [32.2266958, 54.2796446], [32.2340123, 54.2781887], [32.241165, 54.2780074], [32.2689423, 54.2825522], [32.2776123, 54.2766766], [32.287027, 54.281079], [32.291374, 54.28415], [32.2923953, 54.2858556], [32.2988925, 54.2879129], [32.298911, 54.2934934], [32.3032031, 54.2964235], [32.3082011, 54.2975228], [32.3079729, 54.3007352], [32.3134508, 54.3002506], [32.3259723, 54.2969692], [32.3282859, 54.2971481], [32.3311405, 54.2992016], [32.333426, 54.3020071], [32.3335613, 54.303497], [32.3465839, 54.3065205], [32.3453016, 54.2987278], [32.3510959, 54.284531], [32.3635595, 54.2870476], [32.3702051, 54.2811125], [32.3716702, 54.2804851], [32.3771793, 54.280909], [32.378862, 54.2840954], [32.3786826, 54.2857787], [32.3837353, 54.2888533], [32.3877535, 54.2869169], [32.3974435, 54.2918292], [32.4030182, 54.2971653], [32.4078461, 54.2967042], [32.4071823, 54.2866391], [32.4079875, 54.2837261], [32.4061007, 54.280016], [32.407826, 54.27815], [32.408477, 54.27815], [32.4107492, 54.2762674], [32.4145662, 54.2791474], [32.428653, 54.2838198], [32.4393506, 54.28456], [32.4407805, 54.2818432], [32.4433784, 54.2791976], [32.440802, 54.2770263], [32.4422884, 54.2728667], [32.4320159, 54.2638761], [32.4270376, 54.2587696], [32.4276403, 54.2560233], [32.426103, 54.251135], [32.425126, 54.238265], [32.4259998, 54.2323725], [32.4315551, 54.22915], [32.4217925, 54.2219889], [32.4292763, 54.2165222], [32.42694, 54.211712], [32.4271, 54.210007], [32.437404, 54.192706], [32.443543, 54.184534], [32.447589, 54.18095], [32.449356, 54.180108], [32.452611, 54.179212], [32.462703, 54.178506], [32.464774, 54.177963], [32.465122, 54.17742], [32.465215, 54.176633], [32.462517, 54.172071], [32.463401, 54.169791], [32.4608598, 54.1676715], [32.4637509, 54.1548784], [32.4510483, 54.1460925], [32.438113, 54.142785], [32.433783, 54.139351], [32.433172, 54.135825], [32.415778, 54.126539], [32.414941, 54.126485], [32.412017, 54.128052], [32.409487, 54.128435], [32.404742, 54.127612], [32.402896, 54.125833], [32.403734, 54.123232], [32.403257, 54.122376], [32.398525, 54.118666], [32.391963, 54.118618], [32.389688, 54.117715], [32.389595, 54.116982], [32.395319, 54.113981], [32.399129, 54.109516], [32.405222, 54.095614], [32.40324, 54.093761], [32.402112, 54.091428], [32.402507, 54.090523], [32.404081, 54.089452], [32.406305, 54.088843], [32.410384, 54.089071], [32.420403, 54.092721], [32.428847, 54.091596], [32.430103, 54.09108], [32.431451, 54.089017], [32.431521, 54.087788], [32.430028, 54.085512], [32.4460231, 54.0837566], [32.4589589, 54.0745546], [32.4600863, 54.0749106], [32.4687044, 54.0723293], [32.4713559, 54.075861], [32.465048, 54.079057], [32.466307, 54.081815], [32.468947, 54.083567], [32.48584, 54.084652], [32.506802, 54.086953], [32.509465, 54.086507], [32.511325, 54.083124], [32.517464, 54.068722], [32.516348, 54.065121], [32.514512, 54.061388], [32.515418, 54.057484], [32.516768, 54.055252], [32.51951, 54.053556], [32.526765, 54.052901], [32.539973, 54.057047], [32.543321, 54.057047], [32.553399, 54.051063], [32.560808, 54.050392], [32.5684658, 54.0521386], [32.5737701, 54.05239], [32.5778659, 54.0491609], [32.5803434, 54.0484014], [32.5806036, 54.0474453], [32.5832593, 54.0504931], [32.5872057, 54.0497015], [32.6027703, 54.054448], [32.6047874, 54.0544995], [32.6052259, 54.0564042], [32.6075718, 54.057215], [32.608779, 54.0572325], [32.6107169, 54.0563316], [32.6121978, 54.0567934], [32.6111897, 54.0574145], [32.6110578, 54.0580514], [32.6153522, 54.0577102], [32.6150261, 54.0604965], [32.6172714, 54.0608088], [32.6177062, 54.0622851], [32.618835, 54.0614004], [32.6211999, 54.0610769], [32.621601, 54.064292], [32.6233509, 54.0636308], [32.6247048, 54.06387], [32.6233518, 54.0657243], [32.624127, 54.0664911], [32.6247834, 54.0662972], [32.6251082, 54.0653687], [32.627665, 54.06606], [32.6291015, 54.0654241], [32.6313413, 54.0669122], [32.6326293, 54.0669025], [32.63628, 54.0681753], [32.6375997, 54.0676674], [32.6384316, 54.0666886], [32.640611, 54.0672983], [32.6421448, 54.0657921], [32.6441314, 54.0666312], [32.6451702, 54.0681318], [32.6458385, 54.0680497], [32.6459528, 54.0666874], [32.6465126, 54.0666787], [32.6483838, 54.0678637], [32.654097, 54.074431], [32.654459, 54.075162], [32.654279, 54.0768], [32.655127, 54.077042], [32.6560961, 54.0766688], [32.6571744, 54.0791209], [32.6647174, 54.0829356], [32.6652272, 54.084007], [32.666307, 54.0846134], [32.6658912, 54.0855488], [32.6641868, 54.0866452], [32.6654883, 54.0880676], [32.6665719, 54.0887618], [32.6682876, 54.088732], [32.6704125, 54.0896098], [32.67167, 54.0918685], [32.6727964, 54.0926411], [32.6782894, 54.0940386], [32.6806216, 54.0951918], [32.684194, 54.095688], [32.687795, 54.09719], [32.699782, 54.096834], [32.711629, 54.094419], [32.716882, 54.09273], [32.718684, 54.091301], [32.725288, 54.09057], [32.72598, 54.089898], [32.727002, 54.089813], [32.721689, 54.096294], [32.7215162, 54.0978514], [32.7092015, 54.1123982], [32.7087481, 54.1122464], [32.7081707, 54.1129281], [32.7099174, 54.1147109], [32.7119357, 54.1150147], [32.7129807, 54.1160247], [32.7151542, 54.1160461], [32.7165699, 54.1176229], [32.7188908, 54.1188658], [32.7248729, 54.1203302], [32.726386, 54.1189155], [32.7249555, 54.1157623], [32.7274437, 54.111342], [32.742416, 54.111038], [32.74875, 54.107446], [32.76719, 54.109498], [32.768969, 54.108905], [32.77288, 54.104236], [32.77582, 54.103442], [32.779537, 54.103017], [32.784002, 54.103452], [32.787396, 54.104515], [32.793349, 54.107569], [32.815789, 54.122511], [32.818845, 54.126567], [32.827047, 54.133156], [32.837251, 54.142957], [32.837065, 54.145388], [32.830122, 54.159421], [32.82809, 54.160881], [32.821569, 54.162005], [32.818742, 54.163551], [32.812835, 54.170117], [32.810789, 54.173604], [32.81037, 54.17562], [32.810789, 54.17641], [32.812882, 54.177636], [32.818649, 54.180305], [32.837391, 54.18728], [32.841158, 54.187553], [32.84339, 54.187199], [32.862086, 54.182676], [32.889199, 54.177064], [32.895319, 54.177373], [32.897464, 54.177034], [32.901337, 54.17483], [32.904128, 54.171424], [32.907987, 54.169469], [32.912266, 54.169353], [32.920405, 54.172895], [32.925381, 54.173331], [32.929148, 54.172377], [32.938682, 54.167582], [32.9420695, 54.1696034], [32.9477974, 54.1704574], [32.9501942, 54.1713522], [32.9536185, 54.1713456], [32.9628429, 54.1743434], [32.9598192, 54.1826314], [32.9722212, 54.1819998], [32.9783175, 54.181191], [32.9810635, 54.1856284], [32.9832017, 54.1870978], [32.9854827, 54.1897165], [32.995752, 54.191649], [33.0014548, 54.1936386], [32.9960449, 54.199311], [32.9925217, 54.2061115], [32.9916055, 54.2094217], [32.9952834, 54.2102291], [32.9954001, 54.2114119], [32.9968782, 54.2144372], [32.9991343, 54.2177125], [32.9990046, 54.2204379], [33.0015021, 54.2225971], [33.021644, 54.222409], [33.027613, 54.2229555], [33.0324538, 54.2272246], [33.0360479, 54.2282607], [33.038809, 54.241577], [33.042065, 54.261247], [33.042809, 54.261765], [33.068599, 54.266017], [33.075265, 54.273457], [33.0779098, 54.2757405], [33.0818825, 54.2773974], [33.0846495, 54.280174], [33.0883237, 54.2824144], [33.0835707, 54.2869708], [33.081549, 54.291196], [33.0799917, 54.2925607], [33.0775472, 54.2925545], [33.0711124, 54.2908749], [33.065923, 54.291575], [33.064016, 54.293388], [33.06366, 54.297751], [33.0632326, 54.298539], [33.0549262, 54.2999679], [33.0523321, 54.30131], [33.0514583, 54.302328], [33.0519412, 54.3037761], [33.0535604, 54.3050009], [33.054236, 54.3061253], [33.0545373, 54.3085004], [33.0555644, 54.3101547], [33.0576174, 54.3113636], [33.0658466, 54.3136597], [33.0694447, 54.3152386], [33.0700443, 54.3163353], [33.0683101, 54.3186798], [33.0682939, 54.3199465], [33.0730103, 54.3247201], [33.0722648, 54.3261095], [33.0648256, 54.3287842], [33.0610492, 54.3290583], [33.0554739, 54.3278864], [33.0545501, 54.3280092], [33.0533345, 54.3290205], [33.0530752, 54.3299089], [33.0540801, 54.3310241], [33.0622324, 54.3329236], [33.0686123, 54.3377821], [33.0690019, 54.3390248], [33.0682914, 54.3403744], [33.0637615, 54.343998], [33.0471543, 54.3442141], [33.0398777, 54.3384854], [33.0325945, 54.3402521], [33.0299985, 54.3391934], [33.0269217, 54.3388608], [33.0252226, 54.3395256], [33.0227343, 54.3416445], [33.0175537, 54.3427899], [33.0133999, 54.3466558], [33.012975, 54.3472204], [33.0136734, 54.3479838], [33.012471, 54.3491705], [33.007101, 54.351599], [33.007086, 54.354204], [33.004348, 54.35411], [33.001279, 54.353054], [32.994612, 54.352884], [32.990862, 54.351512], [32.985188, 54.35208], [32.978786, 54.353807], [32.972327, 54.353195], [32.96688, 54.355485], [32.964632, 54.355328], [32.962112, 54.356076], [32.962357, 54.357469], [32.958278, 54.359857], [32.9568355, 54.3617263], [32.954085, 54.3623219], [32.9497123, 54.360559], [32.946171, 54.360239], [32.944094, 54.360579], [32.9410662, 54.3623717], [32.9408242, 54.366762], [32.941819, 54.3683204], [32.9329724, 54.3702944], [32.9296458, 54.3697726], [32.9236522, 54.3668672], [32.915382, 54.368045], [32.9062309, 54.3670917], [32.9048296, 54.3673349], [32.9000318, 54.372784], [32.8846197, 54.3734381], [32.877417, 54.3770222], [32.8749684, 54.3762906], [32.868085, 54.375703], [32.857714, 54.37573], [32.861295, 54.39616], [32.8608509, 54.4046701], [32.863603, 54.4193473], [32.8492081, 54.4198029], [32.850754, 54.4235417], [32.8469907, 54.4261755], [32.8432135, 54.4241287], [32.8398599, 54.4214054], [32.8357017, 54.4242629], [32.833428, 54.4209236], [32.8320507, 54.4171406], [32.831131, 54.4164475], [32.8186255, 54.422494], [32.8010016, 54.434494], [32.789742, 54.4368524], [32.7923831, 54.439199], [32.7845917, 54.4431415], [32.775896, 54.4433269], [32.7604453, 54.4445576], [32.7587077, 54.4457145], [32.7571786, 54.4498217], [32.74894, 54.4525184], [32.749283, 54.4570237], [32.741472, 54.463208], [32.740554, 54.464677], [32.738846, 54.473819], [32.739565, 54.479658], [32.733938, 54.479577], [32.725613, 54.484205], [32.715149, 54.485865], [32.713777, 54.505082], [32.713422, 54.507234], [32.711638, 54.509009], [32.703282, 54.509079], [32.697569, 54.511185], [32.692633, 54.510597], [32.6869355, 54.5120922], [32.6841544, 54.5115544], [32.6810841, 54.5119148], [32.679061, 54.512693], [32.677802, 54.513775], [32.6787999, 54.5144933], [32.678572, 54.515338], [32.6778171, 54.5158709], [32.6782532, 54.5167288], [32.6757522, 54.5183044], [32.6760115, 54.5186895], [32.6744197, 54.5201624], [32.6731976, 54.520194], [32.673626, 54.520815], [32.6755016, 54.520813], [32.6795461, 54.5225393], [32.6823536, 54.5229856], [32.686579, 54.524919], [32.689955, 54.527884], [32.692262, 54.529093], [32.6943445, 54.5288584], [32.6933249, 54.5331416], [32.6919338, 54.5346945], [32.6847593, 54.5351591], [32.6805214, 54.5371339], [32.67355, 54.538335], [32.673271, 54.538712], [32.675364, 54.541348], [32.676294, 54.541752], [32.6799876, 54.5427549], [32.6870561, 54.5437483], [32.6880699, 54.5450007], [32.6918717, 54.5467276], [32.6841753, 54.5532082], [32.674307, 54.555207], [32.660109, 54.559108], [32.645559, 54.562268], [32.64293, 54.562449], [32.63984, 54.563958], [32.6369, 54.564272], [32.635461, 54.562176], [32.633282, 54.560946], [32.633508, 54.558166], [32.635062, 54.557134], [32.635146, 54.55646], [32.61462, 54.54983], [32.608394, 54.54708], [32.607604, 54.546488], [32.607278, 54.543798], [32.607899, 54.541606], [32.606917, 54.54092], [32.595568, 54.537083], [32.590583, 54.537905], [32.584512, 54.542552], [32.589001, 54.546515], [32.589001, 54.546945], [32.579474, 54.548662], [32.578661, 54.549629], [32.578491, 54.554238], [32.578863, 54.555045], [32.588118, 54.560534], [32.587885, 54.56083], [32.554075, 54.571405], [32.543469, 54.569229], [32.539902, 54.570195], [32.537593, 54.572073], [32.536732, 54.574342], [32.541332, 54.580769], [32.542784, 54.582082], [32.548182, 54.584869], [32.550401, 54.586932], [32.551329, 54.588475], [32.551315, 54.589732], [32.548541, 54.593658], [32.545657, 54.596188], [32.549471, 54.597829], [32.56367, 54.600333], [32.564167, 54.600708], [32.564492, 54.603991], [32.562966, 54.606808], [32.559249, 54.607073], [32.554614, 54.606391], [32.527054, 54.608838], [32.527008, 54.610261], [32.528274, 54.61311], [32.528409, 54.616164], [32.520312, 54.618361], [32.519428, 54.618145], [32.518498, 54.6158517], [32.5110499, 54.6161276], [32.4941053, 54.6180781], [32.4914407, 54.6167309], [32.4801641, 54.6194729], [32.4792018, 54.6207554], [32.4856023, 54.6237977], [32.482595, 54.625518], [32.472828, 54.627652], [32.4713803, 54.6313987], [32.4669665, 54.6347052], [32.465108, 54.635259], [32.462188, 54.639686], [32.462923, 54.640937], [32.467017, 54.642321], [32.467721, 54.642989], [32.466412, 54.645912], [32.464488, 54.648527], [32.464579, 54.65221], [32.462103, 54.653152], [32.461295, 54.654364], [32.461953, 54.656295], [32.466318, 54.658881], [32.468065, 54.662916], [32.467567, 54.666624], [32.466343, 54.667733], [32.462446, 54.668236], [32.459929, 54.667543], [32.454412, 54.667378], [32.45181, 54.666257], [32.44681, 54.665803], [32.446335, 54.666502], [32.447953, 54.668342], [32.447995, 54.669637], [32.446517, 54.67024], [32.440352, 54.668828], [32.437483, 54.668923], [32.435221, 54.669972], [32.432474, 54.672475], [32.4237608, 54.673388], [32.4225117, 54.6732097], [32.418322, 54.670279], [32.415316, 54.669132], [32.40888, 54.669433], [32.406625, 54.670967], [32.4058413, 54.6738151], [32.399721, 54.680608], [32.397953, 54.681523], [32.393205, 54.682247], [32.384001, 54.681523], [32.375042, 54.677618], [32.369786, 54.673665], [32.362237, 54.66555], [32.347905, 54.665527], [32.344795, 54.666157], [32.341153, 54.665221], [32.333769, 54.665549], [32.333078, 54.665186], [32.332222, 54.663536], [32.330734, 54.662567], [32.326013, 54.66219], [32.32146, 54.662901], [32.315764, 54.665957], [32.308833, 54.664519], [32.303159, 54.661572], [32.309043, 54.653054], [32.311484, 54.648281], [32.310484, 54.643317], [32.302438, 54.64329], [32.28826, 54.649735], [32.283362, 54.647234], [32.2777797, 54.6456117], [32.2807436, 54.6433307], [32.2795761, 54.6418013], [32.2803756, 54.6400763], [32.2770569, 54.6378253], [32.249556, 54.627995], [32.248207, 54.626999], [32.247812, 54.625937], [32.250439, 54.622359], [32.258556, 54.614274], [32.2637414, 54.6106856], [32.2651147, 54.6092348], [32.2691841, 54.604132], [32.2703503, 54.60167], [32.2720498, 54.6008891], [32.2743289, 54.598766], [32.2790149, 54.5986173], [32.2819571, 54.5969706], [32.2839768, 54.5938734], [32.2839374, 54.5925729], [32.2855859, 54.5913906], [32.2943815, 54.5910325], [32.2937974, 54.5882282], [32.2896159, 54.5764069], [32.2718832, 54.5763289], [32.2619845, 54.5740668], [32.2582863, 54.5742305], [32.2579487, 54.5728278], [32.2555897, 54.5694705], [32.2587085, 54.5667545], [32.2631809, 54.5647917], [32.2659889, 54.5615852], [32.2572788, 54.5596123], [32.2564806, 54.560718], [32.250184, 54.558784], [32.2411266, 54.5686368], [32.237533, 54.569132], [32.220656, 54.574371], [32.1999535, 54.5728386], [32.198666, 54.569587], [32.1951431, 54.569209], [32.186977, 54.566195], [32.181999, 54.56555], [32.164163, 54.565361], [32.162303, 54.563922], [32.163571, 54.562773], [32.166984, 54.561422], [32.167279, 54.560465], [32.164828, 54.560257], [32.16188, 54.559266], [32.157104, 54.556204], [32.156512, 54.55534], [32.152045, 54.55421], [32.14335, 54.552931], [32.1389922, 54.5536986], [32.1292933, 54.5518624], [32.1239481, 54.5544052], [32.1206188, 54.5584045], [32.1170041, 54.5576932], [32.1054732, 54.5413242], [32.1055783, 54.5385301], [32.1135294, 54.5400803], [32.1152462, 54.5308487], [32.1114968, 54.5302138], [32.1079563, 54.5310064], [32.1068723, 54.5285242], [32.1071301, 54.5245135], [32.1046916, 54.5243095], [32.1025014, 54.5232084], [32.0949143, 54.5211333], [32.1028932, 54.5177641], [32.1054319, 54.5110048], [32.1083184, 54.5064473], [32.1067297, 54.5058311], [32.1025289, 54.5068294], [32.0997502, 54.5034795], [32.09234, 54.4967862], [32.0901971, 54.4940887]]]}}, {"type": "Feature", "properties": {"rda_code": "SM-21", "rda_name": "SAFONOVSKY AREA / incl. SAFONOVO/", "osm_name": "Сафоновский муниципальный округ", "match_score": 1.0, "match_reason": "alias:safonovskii"}, "geometry": {"type": "Polygon", "coordinates": [[[32.923405, 55.1452113], [32.924579, 55.142583], [32.924364, 55.141822], [32.923081, 55.138951], [32.921422, 55.1375305], [32.9212132, 55.1367772], [32.928063, 55.133886], [32.9287394, 55.1315737], [32.9330939, 55.1327837], [32.9496153, 55.1342024], [32.9662523, 55.1276533], [32.9724526, 55.1230632], [32.9729363, 55.1200649], [32.9806886, 55.1189288], [32.9860342, 55.1032514], [32.9795881, 55.0951863], [32.9774349, 55.0890848], [32.977102, 55.0861811], [32.9786901, 55.0845309], [32.9928514, 55.0849401], [32.996536, 55.0845013], [32.997865, 55.081381], [33.000043, 55.079848], [32.999455, 55.077649], [33.000096, 55.074992], [32.999295, 55.072212], [32.997424, 55.070135], [32.997725, 55.068194], [32.999071, 55.067502], [33.000464, 55.061439], [33.001184, 55.06072], [33.001262, 55.059732], [32.999384, 55.057936], [32.999134, 55.05694], [32.999697, 55.055367], [32.999562, 55.053335], [33.002748, 55.048369], [33.001011, 55.046034], [33.001324, 55.044282], [33.002669, 55.042485], [33.002662, 55.04182], [33.0011576, 55.0391784], [33.0002523, 55.0388247], [33.0008695, 55.037424], [33.0003839, 55.0371316], [33.000779, 55.0369005], [33.0006136, 55.0364139], [33.0014197, 55.0359583], [33.0012454, 55.0352873], [33.002769, 55.0348254], [33.0033402, 55.0338305], [33.0056536, 55.0337631], [33.007365, 55.031313], [33.0065, 55.030628], [33.006484, 55.029236], [33.008361, 55.028553], [33.008795, 55.027585], [33.008126, 55.026846], [33.007891, 55.025229], [33.0090044, 55.0159041], [33.0131962, 55.0162104], [33.0137654, 55.0154071], [33.0131597, 55.0139386], [33.0142616, 55.0133947], [33.0170709, 55.0149678], [33.018669, 55.0149595], [33.0221136, 55.0124887], [33.0295879, 55.0162392], [33.052159, 54.9983657], [33.0781995, 55.0079702], [33.0719819, 55.0151176], [33.0632588, 55.0234376], [33.0645136, 55.0260593], [33.0643708, 55.028695], [33.067018, 55.027857], [33.071675, 55.027238], [33.084169, 55.027446], [33.090615, 55.028753], [33.092666, 55.029964], [33.095067, 55.033555], [33.097924, 55.040788], [33.116126, 55.041918], [33.118163, 55.045971], [33.124172, 55.050132], [33.135283, 55.049336], [33.139323, 55.052223], [33.14242, 55.053732], [33.148849, 55.053955], [33.160681, 55.062483], [33.165757, 55.063938], [33.170171, 55.061093], [33.176521, 55.062703], [33.181968, 55.06486], [33.190494, 55.055397], [33.200815, 55.054195], [33.209388, 55.050803], [33.2124428, 55.0516328], [33.2141012, 55.053422], [33.2159348, 55.0542322], [33.2171589, 55.0527269], [33.2214411, 55.0518771], [33.227151, 55.046136], [33.228554, 55.042459], [33.230406, 55.040677], [33.233402, 55.039531], [33.243837, 55.039762], [33.245132, 55.038377], [33.248775, 55.036563], [33.268911, 55.041517], [33.271834, 55.048376], [33.272905, 55.049224], [33.282188, 55.050494], [33.2925384, 55.0508152], [33.2969717, 55.0514933], [33.2991612, 55.0531463], [33.3074635, 55.0514528], [33.3101353, 55.0489223], [33.3145474, 55.0429233], [33.3241119, 55.0436584], [33.3275851, 55.0425586], [33.3268459, 55.0419659], [33.3261359, 55.0402526], [33.3282708, 55.0360826], [33.3358129, 55.0368046], [33.339555, 55.0353786], [33.3406742, 55.0335086], [33.3451226, 55.0351826], [33.3623418, 55.0331352], [33.3640326, 55.0321356], [33.3636465, 55.0314258], [33.3648378, 55.0307383], [33.364943, 55.0299876], [33.36772, 55.029372], [33.3776879, 55.0300313], [33.3803886, 55.0313423], [33.381016, 55.0313637], [33.382009, 55.0303659], [33.3827738, 55.0307697], [33.3849331, 55.0307274], [33.386683, 55.0301557], [33.3870914, 55.0283563], [33.3853684, 55.028254], [33.3836779, 55.0274223], [33.3846217, 55.0264603], [33.3845075, 55.0253063], [33.3839021, 55.024917], [33.3861095, 55.024081], [33.3847204, 55.023458], [33.3851216, 55.0224153], [33.3876521, 55.0221943], [33.3908648, 55.021074], [33.3915124, 55.0212568], [33.391767, 55.0220516], [33.392522, 55.0294663], [33.3937414, 55.0310323], [33.4013878, 55.0324637], [33.4042299, 55.0303617], [33.4082269, 55.0297147], [33.4084758, 55.0293573], [33.4079482, 55.028805], [33.4050226, 55.0293897], [33.403775, 55.0289207], [33.4038003, 55.0282523], [33.4053749, 55.0270967], [33.4040346, 55.026088], [33.4048652, 55.0255137], [33.406503, 55.0268453], [33.4093233, 55.026617], [33.4125314, 55.0277517], [33.4131955, 55.0292057], [33.4201245, 55.0346413], [33.4206126, 55.0354646], [33.4182422, 55.0375303], [33.4186234, 55.0382489], [33.4195379, 55.0382786], [33.4224013, 55.0367747], [33.4240504, 55.0371236], [33.426885, 55.038844], [33.4269815, 55.039402], [33.4263668, 55.0400885], [33.4247267, 55.041112], [33.4218225, 55.0418048], [33.4211841, 55.042168], [33.4211794, 55.042821], [33.4223143, 55.0441], [33.4250435, 55.044131], [33.4261133, 55.0446224], [33.4259497, 55.0454312], [33.423692, 55.0469383], [33.4235678, 55.0487496], [33.4278468, 55.0516128], [33.4363555, 55.0493572], [33.4366497, 55.0481521], [33.4390029, 55.0486333], [33.4502547, 55.0469051], [33.447117, 55.040838], [33.446931, 55.039426], [33.4475046, 55.0374242], [33.4494831, 55.0362574], [33.4550745, 55.0362861], [33.4616783, 55.038172], [33.4605396, 55.0397615], [33.4660352, 55.0419483], [33.465821, 55.0447996], [33.474997, 55.0436593], [33.4827454, 55.0413338], [33.485663, 55.039947], [33.490369, 55.034455], [33.491967, 55.033425], [33.494691, 55.033629], [33.496214, 55.034222], [33.498585, 55.038644], [33.510351, 55.038559], [33.512634, 55.037238], [33.513193, 55.032073], [33.51452, 55.030178], [33.519437, 55.025513], [33.522216, 55.02516], [33.522346, 55.017981], [33.517944, 55.012482], [33.513307, 55.008319], [33.504459, 55.002566], [33.503588, 54.998532], [33.506847, 54.997989], [33.510049, 54.999711], [33.513892, 54.997797], [33.513902, 54.991285], [33.51455, 54.990671], [33.520686, 54.992792], [33.521947, 54.993649], [33.526538, 54.994332], [33.531429, 54.9965336], [33.5396243, 54.9967022], [33.5395456, 54.9979065], [33.5419131, 55.0006151], [33.5547637, 54.9995111], [33.5571294, 54.998901], [33.5575075, 54.9979154], [33.5618295, 54.996884], [33.5674726, 54.9995435], [33.5750213, 55.0006573], [33.5730905, 55.0050099], [33.5808232, 55.0043756], [33.5917325, 55.0068402], [33.595022, 55.006339], [33.6063543, 55.0028965], [33.6094282, 55.000121], [33.6098489, 54.9970553], [33.6138013, 54.9953507], [33.6156936, 54.9936648], [33.6239164, 54.9924639], [33.6269178, 54.9900869], [33.6280193, 54.9886262], [33.6283361, 54.9867712], [33.62897, 54.985871], [33.629776, 54.985018], [33.631468, 54.984362], [33.630718, 54.982318], [33.632251, 54.981502], [33.631359, 54.980392], [33.631795, 54.979285], [33.630368, 54.978924], [33.629249, 54.97773], [33.630111, 54.976476], [33.629071, 54.975895], [33.629037, 54.9747], [33.628312, 54.974273], [33.628721, 54.97348], [33.633675, 54.972632], [33.636306, 54.97398], [33.642106, 54.97406], [33.643128, 54.975013], [33.64653, 54.975839], [33.647602, 54.97733], [33.651148, 54.978411], [33.651998, 54.977876], [33.6539978, 54.9776666], [33.6565552, 54.9782647], [33.6607849, 54.9757306], [33.6630579, 54.9763063], [33.6657397, 54.9778115], [33.6714248, 54.9766605], [33.6852861, 54.9789147], [33.6841006, 54.9799951], [33.682474, 54.9829773], [33.6830386, 54.9830859], [33.6860837, 54.9829834], [33.695095, 54.980934], [33.704141, 54.979858], [33.715496, 54.977237], [33.7182985, 54.9755567], [33.7203408, 54.9780635], [33.7312583, 54.9812445], [33.7348686, 54.9846697], [33.7385271, 54.9832886], [33.7424718, 54.9864731], [33.755317, 54.992235], [33.743711, 54.9997749], [33.7457874, 55.0011416], [33.7459312, 55.0043858], [33.7450743, 55.0055753], [33.741675, 55.0070464], [33.740107, 55.008668], [33.741965, 55.011674], [33.740319, 55.013189], [33.739559, 55.014704], [33.739643, 55.015426], [33.74231, 55.018914], [33.745756, 55.020896], [33.741965, 55.024732], [33.7405, 55.028384], [33.734071, 55.039089], [33.729427, 55.044211], [33.721196, 55.051835], [33.71841, 55.055322], [33.718325, 55.056044], [33.719423, 55.057294], [33.72318, 55.057775], [33.732171, 55.053639], [33.735801, 55.053903], [33.75142, 55.062752], [33.755093, 55.064027], [33.756866, 55.06345], [33.761678, 55.058231], [33.768306, 55.055682], [33.772021, 55.052724], [33.77295, 55.05258], [33.783756, 55.053686], [33.789708, 55.055201], [33.795618, 55.05561], [33.80499, 55.058015], [33.809845, 55.058496], [33.816916, 55.058052], [33.832049, 55.05525], [33.836017, 55.055418], [33.840281, 55.056693], [33.831543, 55.078529], [33.83188, 55.078986], [33.8439495, 55.0792828], [33.8473765, 55.0800187], [33.8456571, 55.0903025], [33.848875, 55.089338], [33.8505406, 55.0917215], [33.8535206, 55.0945762], [33.853555, 55.0955031], [33.8454456, 55.0967324], [33.8386969, 55.0970361], [33.834335, 55.0988251], [33.8308578, 55.1038406], [33.8363947, 55.1059324], [33.8342709, 55.111311], [33.823775, 55.118545], [33.814741, 55.125688], [33.808071, 55.134418], [33.80748, 55.139011], [33.808536, 55.142618], [33.808831, 55.143339], [33.811786, 55.145359], [33.817152, 55.146425], [33.844755, 55.147042], [33.842814, 55.149664], [33.8364843, 55.1549237], [33.8588003, 55.1557114], [33.858813, 55.156854], [33.862232, 55.16746], [33.864259, 55.170778], [33.866665, 55.172919], [33.8714548, 55.1748161], [33.8744335, 55.1747754], [33.8755586, 55.1741056], [33.8808548, 55.1733719], [33.8814089, 55.1691376], [33.8805736, 55.1669], [33.8806437, 55.1629857], [33.8852663, 55.160817], [33.892603, 55.1606581], [33.8961317, 55.1624491], [33.9039236, 55.1644909], [33.9012561, 55.168335], [33.8895296, 55.1756353], [33.888684, 55.1829188], [33.8921125, 55.1829906], [33.892288, 55.188141], [33.8917008, 55.1890812], [33.8917614, 55.1924231], [33.9024088, 55.1941108], [33.9085721, 55.196259], [33.9096324, 55.1993649], [33.9074977, 55.199831], [33.9064872, 55.2017051], [33.9024791, 55.2028968], [33.9004636, 55.2102173], [33.9117289, 55.2102032], [33.911538, 55.211252], [33.910609, 55.212238], [33.909723, 55.21231], [33.906219, 55.211613], [33.899338, 55.211492], [33.898283, 55.213248], [33.898367, 55.22128], [33.897819, 55.221809], [33.894315, 55.222555], [33.886674, 55.222266], [33.882115, 55.222627], [33.8803, 55.224334], [33.879835, 55.241962], [33.880173, 55.242659], [33.885112, 55.245136], [33.893344, 55.245785], [33.894315, 55.246483], [33.894357, 55.247276], [33.890726, 55.25199], [33.890853, 55.253842], [33.888996, 55.257016], [33.888996, 55.257738], [33.892964, 55.264495], [33.8918818, 55.2709964], [33.8903812, 55.2729545], [33.8862067, 55.2736256], [33.8897928, 55.2788854], [33.8845457, 55.279596], [33.885322, 55.2846876], [33.8801406, 55.2898321], [33.8825722, 55.2904823], [33.8840669, 55.2914557], [33.8860782, 55.2948928], [33.8800187, 55.2943167], [33.8832214, 55.2977316], [33.8825939, 55.3003743], [33.8867573, 55.3030096], [33.8878776, 55.3026594], [33.899201, 55.30329], [33.907043, 55.305456], [33.908647, 55.309131], [33.908699, 55.312015], [33.907074, 55.315355], [33.907992, 55.317021], [33.910631, 55.318089], [33.914272, 55.318557], [33.930434, 55.319261], [33.9352087, 55.3186796], [33.9408498, 55.3225109], [33.9378157, 55.3230166], [33.937612, 55.3242413], [33.9347678, 55.3247262], [33.9335227, 55.3242955], [33.9323279, 55.3252863], [33.9331987, 55.3260812], [33.9335858, 55.3274701], [33.9321317, 55.3278796], [33.9214526, 55.3233343], [33.9108235, 55.3246869], [33.9139215, 55.3309496], [33.9166588, 55.3317257], [33.9188734, 55.3351066], [33.9184605, 55.3356581], [33.9170314, 55.3354825], [33.9155774, 55.3372588], [33.9129904, 55.3377481], [33.9042718, 55.3361425], [33.889977, 55.3354015], [33.8843931, 55.3363786], [33.879909, 55.338079], [33.877946, 55.340088], [33.87687, 55.342835], [33.877018, 55.349598], [33.874369, 55.353879], [33.869788, 55.356367], [33.856607, 55.359641], [33.85247, 55.36165], [33.851341, 55.363515], [33.853104, 55.366153], [33.856417, 55.369343], [33.856881, 55.372244], [33.85474, 55.374583], [33.84923, 55.377773], [33.840282, 55.379514], [33.826725, 55.364902], [33.822096, 55.364484], [33.819474, 55.365391], [33.813731, 55.363408], [33.808136, 55.36358], [33.806794, 55.363008], [33.806695, 55.364039], [33.808192, 55.367817], [33.801965, 55.3685], [33.79718, 55.364551], [33.796002, 55.36401], [33.793397, 55.363874], [33.791336, 55.364094], [33.790393, 55.365035], [33.788031, 55.365257], [33.786774, 55.366244], [33.787245, 55.366959], [33.786594, 55.367547], [33.783308, 55.367272], [33.782582, 55.368031], [33.779897, 55.367806], [33.779892, 55.36839], [33.779184, 55.368475], [33.776818, 55.368427], [33.775571, 55.367573], [33.774844, 55.368341], [33.77264, 55.368553], [33.774622, 55.370678], [33.775995, 55.372942], [33.776095, 55.374226], [33.775633, 55.374803], [33.774358, 55.374946], [33.773503, 55.373146], [33.770502, 55.372959], [33.764515, 55.374927], [33.763805, 55.375731], [33.763085, 55.376859], [33.763226, 55.380091], [33.768114, 55.384004], [33.765091, 55.388443], [33.765791, 55.390387], [33.764839, 55.391732], [33.762075, 55.393249], [33.758924, 55.392703], [33.756616, 55.39499], [33.756934, 55.396739], [33.757668, 55.397691], [33.757387, 55.398703], [33.756628, 55.398942], [33.753234, 55.398092], [33.752519, 55.397], [33.7541, 55.396299], [33.754169, 55.395804], [33.752301, 55.394666], [33.750709, 55.395565], [33.750856, 55.39754], [33.749129, 55.398844], [33.748492, 55.398534], [33.748177, 55.39691], [33.745649, 55.397581], [33.744556, 55.396546], [33.743847, 55.396479], [33.741479, 55.397436], [33.73863, 55.400354], [33.739644, 55.402288], [33.742394, 55.404003], [33.745782, 55.408009], [33.744747, 55.408402], [33.741201, 55.407866], [33.740408, 55.408536], [33.745452, 55.411469], [33.74337, 55.414826], [33.743614, 55.415316], [33.745356, 55.415593], [33.745117, 55.416313], [33.739434, 55.416392], [33.738162, 55.416786], [33.737778, 55.418096], [33.737167, 55.418491], [33.735494, 55.418047], [33.736266, 55.416699], [33.735882, 55.416432], [33.732401, 55.416066], [33.729328, 55.416417], [33.725594, 55.418568], [33.722027, 55.418602], [33.719669, 55.419277], [33.718901, 55.419926], [33.718812, 55.421653], [33.723122, 55.424179], [33.720761, 55.424624], [33.721258, 55.427291], [33.720901, 55.427956], [33.719398, 55.427812], [33.718229, 55.426956], [33.715152, 55.426274], [33.714211, 55.426629], [33.711987, 55.425915], [33.7054479, 55.4284873], [33.7034372, 55.4302961], [33.7016596, 55.4301676], [33.6791564, 55.4142672], [33.6761262, 55.4156488], [33.6691218, 55.4155642], [33.6594218, 55.4141681], [33.6573238, 55.4174957], [33.6483736, 55.4139827], [33.6437725, 55.4134518], [33.6345894, 55.4152288], [33.6216394, 55.4111578], [33.628579, 55.405223], [33.6289817, 55.4035506], [33.6193044, 55.3988806], [33.596363, 55.39023], [33.5896641, 55.3884282], [33.580213, 55.3882229], [33.5805175, 55.3864121], [33.5772494, 55.3856567], [33.5772133, 55.3841888], [33.566362, 55.379626], [33.56396, 55.379296], [33.561062, 55.37965], [33.55401, 55.383033], [33.543834, 55.383016], [33.5462067, 55.3772754], [33.5383743, 55.3779096], [33.5352173, 55.3737242], [33.512876, 55.370646], [33.507177, 55.37146], [33.500442, 55.373746], [33.486328, 55.376132], [33.484755, 55.37589], [33.482293, 55.374507], [33.480104, 55.37483], [33.477968, 55.374246], [33.47316, 55.374534], [33.471822, 55.374218], [33.471455, 55.371702], [33.452758, 55.373928], [33.418489, 55.376381], [33.4124154, 55.3782734], [33.405498, 55.377268], [33.403157, 55.377722], [33.3980232, 55.3773439], [33.3929626, 55.3758045], [33.3914807, 55.3638261], [33.3801881, 55.3649375], [33.377191, 55.3639431], [33.3767762, 55.3668919], [33.3750539, 55.3679343], [33.3706115, 55.3683408], [33.3684497, 55.3662902], [33.36545, 55.366341], [33.361445, 55.366563], [33.355291, 55.368504], [33.353729, 55.369669], [33.352263, 55.371777], [33.351337, 55.381493], [33.350056, 55.382862], [33.347461, 55.383839], [33.3186901, 55.3893514], [33.303912, 55.391524], [33.273102, 55.39769], [33.269688, 55.396898], [33.263146, 55.381517], [33.260415, 55.378792], [33.2242939, 55.3844077], [33.2271749, 55.3895192], [33.221055, 55.390169], [33.213245, 55.390237], [33.183023, 55.393052], [33.181523, 55.392776], [33.178292, 55.390104], [33.174393, 55.389823], [33.142892, 55.397579], [33.133594, 55.401452], [33.105657, 55.40227], [33.052762, 55.401541], [33.051355, 55.400122], [33.050642, 55.398362], [33.050843, 55.394724], [33.053815, 55.38689], [33.051697, 55.383936], [33.01902, 55.381349], [33.006272, 55.375782], [33.002181, 55.375358], [32.996729, 55.37527], [32.984758, 55.379184], [32.983796, 55.378334], [32.982834, 55.374082], [32.987786, 55.372664], [32.995554, 55.365458], [33.000783, 55.361958], [33.012844, 55.355868], [33.022811, 55.357624], [33.024842, 55.356895], [33.029724, 55.349478], [33.021195, 55.346588], [33.005133, 55.347308], [33.002768, 55.346275], [33.012336, 55.338129], [33.013939, 55.338007], [33.02351, 55.342833], [33.032149, 55.345211], [33.034765, 55.344923], [33.048722, 55.338541], [33.050817, 55.335092], [33.052948, 55.328748], [33.0623462, 55.3230204], [33.0655128, 55.3192883], [33.061483, 55.3152366], [33.0580072, 55.3097312], [33.054879, 55.306366], [33.0524436, 55.3044904], [33.0523964, 55.2973641], [33.0534138, 55.292304], [33.0499786, 55.2917472], [33.0486611, 55.2928228], [33.033224, 55.293391], [33.029335, 55.291102], [33.036619, 55.287255], [33.037242, 55.28517], [33.0349, 55.283061], [33.031705, 55.283224], [33.02472, 55.286279], [33.021022, 55.288535], [33.021198, 55.292882], [33.01528, 55.296135], [33.012967, 55.298641], [33.003426, 55.30069], [32.999616, 55.300753], [32.986147, 55.29343], [32.981688, 55.291598], [32.975993, 55.290454], [32.9653175, 55.2899955], [32.962952, 55.288996], [32.958676, 55.285413], [32.958857, 55.282961], [32.960493, 55.281102], [32.965838, 55.278429], [32.987691, 55.272053], [32.992694, 55.272395], [33.013589, 55.27702], [33.016374, 55.275664], [33.023451, 55.26933], [33.01434, 55.263088], [33.00174, 55.259775], [32.994427, 55.253361], [32.973572, 55.258137], [32.964795, 55.259312], [32.953225, 55.262153], [32.951301, 55.26191], [32.948407, 55.258713], [32.941316, 55.257057], [32.942749, 55.253954], [32.947084, 55.248059], [32.958009, 55.220936], [32.958201, 55.217873], [32.963686, 55.215791], [32.964678, 55.213806], [32.969365, 55.21217], [32.969472, 55.210045], [32.968831, 55.208465], [32.966693, 55.207554], [32.95889, 55.206339], [32.955362, 55.2047], [32.953545, 55.202574], [32.953545, 55.199294], [32.954828, 55.197169], [32.963914, 55.194132], [32.968724, 55.191885], [32.97167, 55.189708], [32.973868, 55.189655], [32.974817, 55.18897], [32.972679, 55.187452], [32.970434, 55.18484], [32.96992, 55.178946], [32.967773, 55.174814], [32.960493, 55.169353], [32.959531, 55.167835], [32.959424, 55.165588], [32.960814, 55.16164], [32.9606, 55.159332], [32.958248, 55.156782], [32.9563688, 55.1535124], [32.9553195, 55.1526607], [32.9501073, 55.1523537], [32.950019, 55.1516128], [32.9470729, 55.1510302], [32.947065, 55.1514047], [32.9461127, 55.150644], [32.9444105, 55.1507587], [32.9444161, 55.1500351], [32.9421273, 55.1503924], [32.9403093, 55.1497389], [32.9377375, 55.1495758], [32.9366534, 55.1483709], [32.9287813, 55.148366], [32.9285515, 55.1477585], [32.9262282, 55.1467018], [32.9273812, 55.1460926], [32.923405, 55.1452113]]]}}, {"type": "Feature", "properties": {"rda_code": "SM-22", "rda_name": "SMOLENSKY AREA", "osm_name": "Смоленский муниципальный округ", "match_score": 1.0, "match_reason": "alias:смоленскии"}, "geometry": {"type": "Polygon", "coordinates": [[[31.360742, 55.054319], [31.356494, 55.059485], [31.34754, 55.058266], [31.345792, 55.056813], [31.343792, 55.052818], [31.344723, 55.041843], [31.343653, 55.039926], [31.341234, 55.03665], [31.332351, 55.028766], [31.322864, 55.018378], [31.312819, 55.007191], [31.3124, 55.0053], [31.317562, 55.000879], [31.327019, 54.997128], [31.335188, 54.994912], [31.340862, 54.991689], [31.341327, 54.988733], [31.345094, 54.987108], [31.345513, 54.984658], [31.346071, 54.984285], [31.352582, 54.984231], [31.35514, 54.983486], [31.355886, 54.976795], [31.360628, 54.975175], [31.35993, 54.972272], [31.361185, 54.969022], [31.365231, 54.965906], [31.379834, 54.960499], [31.375184, 54.957595], [31.368673, 54.955891], [31.366487, 54.953947], [31.3640702, 54.948038], [31.3609035, 54.9469814], [31.3616275, 54.9455521], [31.3637707, 54.9440766], [31.3648341, 54.9399301], [31.367544, 54.9398564], [31.3688861, 54.9391415], [31.3698128, 54.9376398], [31.3820422, 54.9358891], [31.3851979, 54.9360253], [31.3952087, 54.9339941], [31.399507, 54.93152], [31.3997872, 54.9298481], [31.3979881, 54.9290335], [31.3981678, 54.9253519], [31.3997237, 54.9213865], [31.4027978, 54.9167728], [31.405754, 54.9147643], [31.4076239, 54.9126002], [31.4095747, 54.9118083], [31.4175873, 54.9112138], [31.4151336, 54.9172773], [31.4329453, 54.9211006], [31.4410261, 54.9203116], [31.4472233, 54.916633], [31.4485772, 54.9128882], [31.4541613, 54.9110996], [31.4589218, 54.9051037], [31.4544538, 54.9034674], [31.4491896, 54.904295], [31.4476298, 54.9021409], [31.4543448, 54.8963802], [31.4482074, 54.8909635], [31.4514203, 54.8843986], [31.4552379, 54.8853941], [31.4556585, 54.8829743], [31.4528789, 54.874925], [31.4507202, 54.8667385], [31.4491059, 54.8635087], [31.4487345, 54.8584405], [31.4494203, 54.8577299], [31.4482315, 54.8535977], [31.457259, 54.8524], [31.467528, 54.853024], [31.477265, 54.85124], [31.4985245, 54.8524622], [31.528515, 54.848683], [31.529584, 54.84871], [31.531166, 54.852306], [31.531817, 54.852572], [31.536541, 54.852151], [31.538566, 54.852552], [31.539112, 54.852101], [31.541137, 54.852503], [31.542314, 54.851385], [31.546885, 54.851056], [31.548094, 54.851598], [31.548047, 54.847261], [31.553047, 54.846096], [31.54056, 54.831342], [31.532561, 54.820415], [31.533677, 54.816773], [31.533677, 54.814952], [31.531259, 54.81356], [31.528096, 54.813667], [31.52326, 54.815059], [31.519911, 54.814095], [31.51221, 54.810088], [31.500611, 54.80071], [31.499833, 54.797789], [31.501309, 54.795456], [31.513516, 54.788066], [31.524053, 54.786892], [31.52453, 54.784894], [31.523205, 54.783288], [31.516005, 54.780245], [31.50978, 54.779746], [31.503169, 54.782281], [31.500376, 54.782711], [31.493339, 54.779668], [31.490443, 54.777701], [31.484584, 54.777277], [31.482706, 54.774675], [31.480986, 54.766309], [31.473731, 54.761882], [31.472056, 54.760219], [31.47008, 54.755511], [31.470452, 54.753364], [31.474521, 54.746], [31.4747197, 54.7416781], [31.4454851, 54.7352625], [31.4275083, 54.7328786], [31.4080259, 54.7289179], [31.4288846, 54.7127295], [31.425527, 54.712091], [31.421318, 54.712212], [31.420806, 54.712091], [31.42086, 54.711427], [31.420434, 54.711206], [31.417995, 54.711291], [31.417597, 54.710737], [31.416124, 54.711113], [31.413644, 54.710254], [31.4048, 54.710228], [31.403553, 54.70855], [31.401367, 54.70906], [31.401377, 54.708117], [31.399321, 54.708121], [31.396808, 54.709072], [31.395205, 54.708966], [31.394717, 54.70863], [31.395879, 54.707383], [31.3925133, 54.7035051], [31.39679, 54.69871], [31.4020108, 54.6943278], [31.4025203, 54.6917362], [31.4023757, 54.6895658], [31.4030338, 54.68804], [31.4091901, 54.6871707], [31.4150614, 54.6847096], [31.4163118, 54.6827833], [31.4170042, 54.6795308], [31.4187067, 54.6752484], [31.4217242, 54.6718163], [31.4254054, 54.6698895], [31.4312327, 54.6684427], [31.4390742, 54.6689409], [31.4476066, 54.6667254], [31.4518205, 54.6650199], [31.4584117, 54.6648837], [31.46108, 54.664321], [31.4621786, 54.663628], [31.4621724, 54.6612201], [31.462825, 54.659805], [31.4659181, 54.6580703], [31.4697434, 54.6583215], [31.4729093, 54.6598183], [31.4767836, 54.660846], [31.4835711, 54.6592698], [31.4868645, 54.6594962], [31.4896196, 54.6611578], [31.4901848, 54.6633355], [31.4909686, 54.6641184], [31.4947772, 54.6651851], [31.496744, 54.6668288], [31.4985688, 54.6675686], [31.500508, 54.6677878], [31.504862, 54.6668256], [31.5078339, 54.6674119], [31.5216422, 54.6765233], [31.5263146, 54.6774848], [31.5386689, 54.6785254], [31.5519035, 54.6812334], [31.553342, 54.6823391], [31.5563318, 54.6866444], [31.5588071, 54.6891562], [31.5658868, 54.6945368], [31.574868, 54.6994009], [31.5791334, 54.700416], [31.5882091, 54.7003676], [31.5938637, 54.7012516], [31.6012899, 54.7014428], [31.6033691, 54.7020854], [31.6158971, 54.7108778], [31.6223146, 54.7126763], [31.6307051, 54.7179731], [31.6371264, 54.7194039], [31.6461924, 54.7229607], [31.6554607, 54.7253259], [31.6591398, 54.7269844], [31.6660952, 54.7340184], [31.668871, 54.738784], [31.671312, 54.738998], [31.674914, 54.738233], [31.677172, 54.738448], [31.677893, 54.738998], [31.677335, 54.739776], [31.677916, 54.740366], [31.679312, 54.740514], [31.679777, 54.741037], [31.683102, 54.741896], [31.687473, 54.742137], [31.689706, 54.743083], [31.68938, 54.743634], [31.690043, 54.743916], [31.691182, 54.743218], [31.691601, 54.744003], [31.693007, 54.743419], [31.694019, 54.743969], [31.695798, 54.743848], [31.697356, 54.741701], [31.703076, 54.730191], [31.707913, 54.722439], [31.711401, 54.720734], [31.715807, 54.721929], [31.716074, 54.721399], [31.715679, 54.720526], [31.717382, 54.71882], [31.717138, 54.718222], [31.718516, 54.718081], [31.718929, 54.717266], [31.720144, 54.717098], [31.71958, 54.716574], [31.720615, 54.715852], [31.720161, 54.715493], [31.721661, 54.715187], [31.723225, 54.713461], [31.723614, 54.712585], [31.723196, 54.710187], [31.724614, 54.709432], [31.730578, 54.709002], [31.73334, 54.708025], [31.732933, 54.707555], [31.733514, 54.706219], [31.733276, 54.705581], [31.736305, 54.705242], [31.737194, 54.704674], [31.738334, 54.704926], [31.74038, 54.703778], [31.740653, 54.702737], [31.7461, 54.701363], [31.746635, 54.700527], [31.749315, 54.700403], [31.750338, 54.699715], [31.753896, 54.69898], [31.75382, 54.698201], [31.75468, 54.698144], [31.754372, 54.697469], [31.755936, 54.697771], [31.761686, 54.696263], [31.763889, 54.696236], [31.765604, 54.69575], [31.766679, 54.694672], [31.765435, 54.6875], [31.76372, 54.685892], [31.760256, 54.685811], [31.751605, 54.688767], [31.744955, 54.690145], [31.734061, 54.687497], [31.730248, 54.682987], [31.733038, 54.677698], [31.732015, 54.674486], [31.726818, 54.670252], [31.720864, 54.664055], [31.722492, 54.654438], [31.73105, 54.651199], [31.735154, 54.644068], [31.737793, 54.640695], [31.740328, 54.639666], [31.757361, 54.636084], [31.758651, 54.635392], [31.760162, 54.633154], [31.76422, 54.632274], [31.766871, 54.632623], [31.771087, 54.635589], [31.776719, 54.638544], [31.780997, 54.638517], [31.784613, 54.636272], [31.785474, 54.634344], [31.788566, 54.633369], [31.789833, 54.628853], [31.785501, 54.626921], [31.782532, 54.626501], [31.77972, 54.623988], [31.77987, 54.622966], [31.781579, 54.621413], [31.784482, 54.620586], [31.784656, 54.618386], [31.785787, 54.616991], [31.784485, 54.612636], [31.785811, 54.610593], [31.783706, 54.607992], [31.783869, 54.606285], [31.795786, 54.605371], [31.798681, 54.605727], [31.801297, 54.60646], [31.805994, 54.609014], [31.818458, 54.612925], [31.821876, 54.612965], [31.828759, 54.611904], [31.835398, 54.612723], [31.8392, 54.611924], [31.841153, 54.609934], [31.841943, 54.604343], [31.844408, 54.602065], [31.850233, 54.600646], [31.860127, 54.600323], [31.863406, 54.599141], [31.866045, 54.597541], [31.870196, 54.58619], [31.875091, 54.58319], [31.874765, 54.582708], [31.872649, 54.582292], [31.871231, 54.5808], [31.869475, 54.580289], [31.868359, 54.578763], [31.867067, 54.578048], [31.865569, 54.577917], [31.863755, 54.577043], [31.861802, 54.577695], [31.859686, 54.576754], [31.857547, 54.577211], [31.854581, 54.575786], [31.852233, 54.576398], [31.850448, 54.575627], [31.848195, 54.575983], [31.847571, 54.575161], [31.845583, 54.575101], [31.840002, 54.576882], [31.83963, 54.577655], [31.838723, 54.577849], [31.83613, 54.577473], [31.836154, 54.576922], [31.833723, 54.576437], [31.831096, 54.576949], [31.830241, 54.575981], [31.828585, 54.576996], [31.827666, 54.577009], [31.825969, 54.575719], [31.82305, 54.575383], [31.821748, 54.574046], [31.819516, 54.57375], [31.819237, 54.573038], [31.819621, 54.571525], [31.8179, 54.570625], [31.815923, 54.568212], [31.81397, 54.567883], [31.813075, 54.568568], [31.810866, 54.568199], [31.804983, 54.565383], [31.801448, 54.564563], [31.797507, 54.564314], [31.789194, 54.565107], [31.787833, 54.564509], [31.787217, 54.563649], [31.788008, 54.562621], [31.78967, 54.562453], [31.789915, 54.561592], [31.791682, 54.56176], [31.79238, 54.561008], [31.793938, 54.561008], [31.793949, 54.560396], [31.793054, 54.559543], [31.793589, 54.558736], [31.793321, 54.55793], [31.794066, 54.557002], [31.796065, 54.55633], [31.797368, 54.557009], [31.798414, 54.556599], [31.799065, 54.553904], [31.796612, 54.553138], [31.796763, 54.552232], [31.794345, 54.551693], [31.794124, 54.551135], [31.794995, 54.550336], [31.805613, 54.550546], [31.810021, 54.549889], [31.810947, 54.549581], [31.8141606, 54.5456324], [31.8161975, 54.5445241], [31.8158051, 54.5440941], [31.8167208, 54.5429938], [31.8194214, 54.5434183], [31.8294291, 54.5385762], [31.835137, 54.537367], [31.839855, 54.5377], [31.841335, 54.534552], [31.845013, 54.529998], [31.846664, 54.529229], [31.850024, 54.529361], [31.852889, 54.526909], [31.853989, 54.525048], [31.855058, 54.524427], [31.858451, 54.524086], [31.862406, 54.522836], [31.866486, 54.524503], [31.871812, 54.524607], [31.872871, 54.524076], [31.871663, 54.523303], [31.871359, 54.522545], [31.874196, 54.522013], [31.874912, 54.522551], [31.879781, 54.522965], [31.880243, 54.521882], [31.879245, 54.520543], [31.879249, 54.519825], [31.87994, 54.518506], [31.882102, 54.516497], [31.889856, 54.513094], [31.892868, 54.511992], [31.896199, 54.51149], [31.897816, 54.510508], [31.901368, 54.511636], [31.903655, 54.513849], [31.90906, 54.513853], [31.911317, 54.513146], [31.918408, 54.514773], [31.936774, 54.513938], [31.951297, 54.51181], [31.954629, 54.511992], [31.960191, 54.510602], [31.96197, 54.511058], [31.962419, 54.511646], [31.966343, 54.513395], [31.966819, 54.514711], [31.968115, 54.515634], [31.970055, 54.516194], [31.974987, 54.515966], [31.983067, 54.518628], [31.98672, 54.520431], [31.994746, 54.521873], [31.998219, 54.521327], [32.004608, 54.521541], [32.007924, 54.519113], [32.020752, 54.514234], [32.022876, 54.514366], [32.02895, 54.51687], [32.035332, 54.516696], [32.042386, 54.513219], [32.046339, 54.508647], [32.050478, 54.507056], [32.056384, 54.506341], [32.0753, 54.505581], [32.080939, 54.500717], [32.0853379, 54.4979585], [32.08884, 54.4947133], [32.0901971, 54.4940887], [32.09234, 54.4967862], [32.0997502, 54.5034795], [32.1025289, 54.5068294], [32.1067297, 54.5058311], [32.1083184, 54.5064473], [32.1054319, 54.5110048], [32.1028932, 54.5177641], [32.0949143, 54.5211333], [32.1025014, 54.5232084], [32.1046916, 54.5243095], [32.1071301, 54.5245135], [32.1068723, 54.5285242], [32.1079563, 54.5310064], [32.1114968, 54.5302138], [32.1152462, 54.5308487], [32.1135294, 54.5400803], [32.1055783, 54.5385301], [32.1054732, 54.5413242], [32.1170041, 54.5576932], [32.1206188, 54.5584045], [32.1239481, 54.5544052], [32.1292933, 54.5518624], [32.1389922, 54.5536986], [32.14335, 54.552931], [32.152045, 54.55421], [32.156512, 54.55534], [32.157104, 54.556204], [32.16188, 54.559266], [32.164828, 54.560257], [32.167279, 54.560465], [32.166984, 54.561422], [32.163571, 54.562773], [32.162303, 54.563922], [32.164163, 54.565361], [32.181999, 54.56555], [32.186977, 54.566195], [32.1951431, 54.569209], [32.198666, 54.569587], [32.1999535, 54.5728386], [32.220656, 54.574371], [32.237533, 54.569132], [32.2411266, 54.5686368], [32.250184, 54.558784], [32.2564806, 54.560718], [32.2572788, 54.5596123], [32.2659889, 54.5615852], [32.2631809, 54.5647917], [32.2587085, 54.5667545], [32.2555897, 54.5694705], [32.2579487, 54.5728278], [32.2582863, 54.5742305], [32.2619845, 54.5740668], [32.2718832, 54.5763289], [32.2896159, 54.5764069], [32.2937974, 54.5882282], [32.2943815, 54.5910325], [32.2855859, 54.5913906], [32.2839374, 54.5925729], [32.2839768, 54.5938734], [32.2819571, 54.5969706], [32.2790149, 54.5986173], [32.2743289, 54.598766], [32.2720498, 54.6008891], [32.2703503, 54.60167], [32.2691841, 54.604132], [32.2637414, 54.6106856], [32.258556, 54.614274], [32.250439, 54.622359], [32.247998, 54.62544], [32.248207, 54.626999], [32.249556, 54.627995], [32.256229, 54.630524], [32.2770569, 54.6378253], [32.2803756, 54.6400763], [32.2795761, 54.6418013], [32.2807436, 54.6433307], [32.2777797, 54.6456117], [32.283362, 54.647234], [32.28826, 54.649735], [32.302438, 54.64329], [32.310484, 54.643317], [32.311484, 54.648281], [32.309043, 54.653054], [32.303159, 54.661572], [32.308833, 54.664519], [32.315764, 54.665957], [32.32146, 54.662901], [32.326013, 54.66219], [32.330734, 54.662567], [32.332222, 54.663536], [32.333078, 54.665186], [32.333769, 54.665549], [32.341153, 54.665221], [32.344795, 54.666157], [32.335158, 54.669888], [32.332792, 54.671329], [32.3298557, 54.6745346], [32.3286779, 54.6770787], [32.3273031, 54.678062], [32.3246988, 54.6782284], [32.3207355, 54.6766894], [32.3180678, 54.6770054], [32.3168995, 54.677824], [32.3184091, 54.6836727], [32.3227538, 54.6862007], [32.330662, 54.6893678], [32.3324801, 54.6909442], [32.3297869, 54.6989434], [32.3285964, 54.7003121], [32.3253556, 54.701703], [32.3249557, 54.702271], [32.325253, 54.7045701], [32.3248893, 54.7051152], [32.317486, 54.708137], [32.3096964, 54.7099129], [32.3076048, 54.7109022], [32.3070909, 54.7121548], [32.3099035, 54.714991], [32.3104884, 54.7163615], [32.31006, 54.7173973], [32.307578, 54.7180081], [32.302178, 54.717449], [32.3000691, 54.7185729], [32.2986354, 54.7224174], [32.2983369, 54.7258882], [32.2987902, 54.7268107], [32.3010093, 54.727482], [32.3020198, 54.7284921], [32.3011918, 54.7333683], [32.299131, 54.7337551], [32.297403, 54.7327107], [32.2939353, 54.7319819], [32.2877645, 54.7337693], [32.2810933, 54.7347831], [32.2805821, 54.7352065], [32.2806972, 54.7361476], [32.2848541, 54.7378708], [32.285246, 54.7393425], [32.283539, 54.740767], [32.2774856, 54.743499], [32.304316, 54.748481], [32.304464, 54.749127], [32.30291, 54.749865], [32.303459, 54.750488], [32.302737, 54.750897], [32.302968, 54.751932], [32.302186, 54.752242], [32.302185, 54.752726], [32.300837, 54.75286], [32.300708, 54.753311], [32.301619, 54.753577], [32.301393, 54.754079], [32.302243, 54.754353], [32.302936, 54.755615], [32.303938, 54.756061], [32.303227, 54.75673], [32.303846, 54.757767], [32.304924, 54.758312], [32.304762, 54.758715], [32.30671, 54.759257], [32.306691, 54.760334], [32.308404, 54.76012], [32.309106, 54.760833], [32.308779, 54.76182], [32.311569, 54.763093], [32.311534, 54.766058], [32.310911, 54.767042], [32.310897, 54.767896], [32.311911, 54.768566], [32.311362, 54.769785], [32.312356, 54.770725], [32.313986, 54.770824], [32.316324, 54.771816], [32.315529, 54.772405], [32.315431, 54.773563], [32.31613, 54.773612], [32.316669, 54.774827], [32.3179, 54.775544], [32.317211, 54.775864], [32.317579, 54.776562], [32.317338, 54.778461], [32.317954, 54.778823], [32.317533, 54.779761], [32.319947, 54.78135], [32.321346, 54.783627], [32.3226911, 54.7843735], [32.319068, 54.790533], [32.313388, 54.794213], [32.301395, 54.795332], [32.2772299, 54.7999688], [32.271331, 54.809823], [32.271387, 54.811036], [32.273491, 54.815115], [32.269979, 54.820146], [32.267911, 54.821167], [32.263857, 54.824834], [32.259818, 54.827033], [32.256347, 54.829649], [32.253074, 54.83076], [32.24675, 54.837244], [32.245774, 54.837377], [32.222608, 54.832231], [32.221278, 54.83419], [32.221405, 54.838524], [32.222056, 54.841489], [32.221418, 54.841467], [32.224381, 54.845483], [32.224477, 54.847542], [32.223504, 54.849593], [32.224195, 54.852788], [32.226093, 54.855853], [32.225451, 54.8598], [32.224335, 54.86068], [32.216517, 54.863858], [32.213195, 54.865723], [32.210598, 54.867871], [32.204431, 54.870185], [32.200952, 54.87363], [32.193128, 54.877237], [32.189175, 54.880996], [32.189129, 54.881849], [32.18964, 54.882436], [32.189315, 54.883129], [32.188617, 54.884195], [32.187312, 54.884957], [32.182652, 54.88497], [32.177267, 54.886201], [32.177017, 54.886963], [32.177479, 54.887999], [32.176273, 54.889832], [32.176345, 54.891629], [32.175708, 54.892299], [32.175596, 54.89334], [32.174154, 54.8955], [32.173841, 54.898251], [32.177314, 54.899155], [32.189418, 54.900341], [32.195563, 54.903293], [32.201808, 54.90204], [32.206453, 54.902098], [32.213906, 54.900403], [32.2194222, 54.9006715], [32.2216352, 54.9021075], [32.2226291, 54.9035486], [32.2273247, 54.9054717], [32.2249252, 54.9131829], [32.2195007, 54.9187647], [32.2206735, 54.9207591], [32.2164205, 54.9234086], [32.2000995, 54.9313562], [32.1986594, 54.9331259], [32.1971624, 54.9330721], [32.1954192, 54.9353092], [32.1966593, 54.9360676], [32.1944591, 54.9395146], [32.192899, 54.9403418], [32.1871579, 54.9372225], [32.183834, 54.938166], [32.1830911, 54.9392874], [32.1836184, 54.9398363], [32.1806572, 54.9420658], [32.1740949, 54.9464343], [32.166015, 54.950336], [32.165565, 54.95248], [32.166165, 54.954371], [32.169039, 54.957783], [32.174514, 54.962845], [32.174898, 54.964368], [32.16459, 54.970144], [32.163978, 54.971002], [32.163498, 54.97381], [32.163411, 54.977406], [32.162467, 54.978349], [32.145992, 54.98631], [32.137129, 54.991655], [32.135349, 54.994508], [32.134725, 54.998834], [32.139933, 55.009597], [32.140838, 55.010376], [32.156807, 55.014892], [32.16769, 55.017273], [32.181002, 55.022964], [32.184234, 55.024832], [32.1922404, 55.0317471], [32.1932219, 55.0336309], [32.1928664, 55.0356492], [32.1906672, 55.0370489], [32.1885744, 55.0371739], [32.1875163, 55.0367222], [32.187969, 55.0358995], [32.1875068, 55.0355286], [32.1860238, 55.036004], [32.1849607, 55.0357609], [32.1853021, 55.034852], [32.1849891, 55.0344771], [32.1802952, 55.0342855], [32.1796374, 55.0337071], [32.1787422, 55.0342432], [32.1767407, 55.0336553], [32.1734317, 55.0346178], [32.1722851, 55.0358398], [32.1712724, 55.0360584], [32.1692641, 55.038249], [32.1702143, 55.0388666], [32.1694991, 55.0395745], [32.1698109, 55.0401105], [32.1684871, 55.0411027], [32.1705508, 55.041269], [32.1712296, 55.0416162], [32.1710933, 55.0419853], [32.1700976, 55.0430802], [32.1680362, 55.04399], [32.1698949, 55.0441866], [32.1716867, 55.0456503], [32.1747413, 55.0449721], [32.1754483, 55.0462092], [32.1770657, 55.0464652], [32.17665, 55.048442], [32.163372, 55.049735], [32.151112, 55.049381], [32.141465, 55.047597], [32.1346, 55.049435], [32.128866, 55.052853], [32.116184, 55.055613], [32.108464, 55.056571], [32.097209, 55.056678], [32.092573, 55.057942], [32.083257, 55.0644], [32.073992, 55.073756], [32.059865, 55.081355], [32.059527, 55.084389], [32.060122, 55.085067], [32.061319, 55.084798], [32.061906, 55.086473], [32.064885, 55.08699], [32.067547, 55.091053], [32.066926, 55.094147], [32.065066, 55.096657], [32.06665, 55.100631], [32.064906, 55.101516], [32.063763, 55.103519], [32.060446, 55.105308], [32.062977, 55.107619], [32.065279, 55.106999], [32.067344, 55.108497], [32.068078, 55.111287], [32.065487, 55.111537], [32.052749, 55.10911], [32.041451, 55.108134], [32.026875, 55.116678], [32.017404, 55.116339], [32.005801, 55.117065], [31.997808, 55.12017], [31.98206, 55.11804], [31.975493, 55.121835], [31.976639, 55.126049], [31.990989, 55.129097], [32.002078, 55.134381], [32.004011, 55.138666], [32.000313, 55.147886], [31.990471, 55.152539], [31.98578, 55.156953], [31.982921, 55.166274], [31.983548, 55.169498], [31.989502, 55.178456], [31.977227, 55.183375], [31.971326, 55.17862], [31.9700506, 55.1695438], [31.9628061, 55.1639025], [31.9611599, 55.1578081], [31.9540725, 55.1575612], [31.9526032, 55.1559316], [31.9510474, 55.1551662], [31.9403299, 55.1554378], [31.9330827, 55.1643522], [31.9228594, 55.1705344], [31.9211374, 55.1713816], [31.9100239, 55.1735063], [31.9017273, 55.1705021], [31.8970651, 55.163139], [31.8963797, 55.1588204], [31.8822229, 55.1549687], [31.8779187, 55.15504], [31.8734502, 55.1519809], [31.8722258, 55.1500592], [31.8750059, 55.1484742], [31.8777918, 55.1444936], [31.8657168, 55.1361709], [31.8625225, 55.1318931], [31.8609285, 55.128834], [31.857767, 55.1286699], [31.8543861, 55.1299155], [31.8508634, 55.1305221], [31.8498338, 55.1300726], [31.847899, 55.130234], [31.84713, 55.12992], [31.8465288, 55.1288011], [31.8471691, 55.1280335], [31.8470727, 55.1274233], [31.8460605, 55.1262698], [31.840871, 55.1257505], [31.8383785, 55.1277347], [31.8387993, 55.1291359], [31.8378367, 55.1289542], [31.837766, 55.1297543], [31.836084, 55.1294604], [31.834034, 55.1301194], [31.8335892, 55.1287737], [31.83162, 55.128197], [31.8298044, 55.1284377], [31.8294808, 55.1288826], [31.8293498, 55.1280355], [31.8280071, 55.1274804], [31.8282894, 55.1268702], [31.8258618, 55.1264714], [31.8249429, 55.125848], [31.8240869, 55.1260561], [31.8221119, 55.124898], [31.8203492, 55.1245949], [31.8209276, 55.1241972], [31.8205214, 55.1237287], [31.8155751, 55.1239926], [31.8139449, 55.1234765], [31.8131523, 55.1240446], [31.8127701, 55.1235347], [31.8074011, 55.1245743], [31.806941, 55.1244727], [31.8073914, 55.1240008], [31.8053173, 55.1233048], [31.8043681, 55.1236359], [31.8032152, 55.1230789], [31.8009651, 55.1234343], [31.8011269, 55.1230012], [31.7996913, 55.1233477], [31.7999232, 55.1237889], [31.7994687, 55.1238302], [31.7987148, 55.1233637], [31.7993849, 55.1231528], [31.7993091, 55.1227591], [31.7975838, 55.1224331], [31.7971359, 55.1215533], [31.7954513, 55.120835], [31.7951446, 55.1202308], [31.7932356, 55.1201102], [31.7922769, 55.1168534], [31.7927957, 55.1151496], [31.7697199, 55.1142921], [31.7694198, 55.1217148], [31.7701732, 55.1234519], [31.772955, 55.1239795], [31.7766144, 55.1235833], [31.7842013, 55.132613], [31.7792984, 55.1430837], [31.7653984, 55.1403485], [31.7512266, 55.1421962], [31.7448922, 55.1422405], [31.7358847, 55.148953], [31.7277597, 55.1504764], [31.7244891, 55.1524138], [31.7246887, 55.1526813], [31.7232818, 55.1523102], [31.7225956, 55.1530079], [31.7209224, 55.1534839], [31.7203096, 55.1543006], [31.7177593, 55.152994], [31.7141456, 55.1539737], [31.7128701, 55.1535887], [31.7112634, 55.1546124], [31.7103189, 55.1542397], [31.7100754, 55.1536555], [31.7090238, 55.1537278], [31.7092185, 55.153177], [31.7088485, 55.1529211], [31.7062234, 55.1527018], [31.7047552, 55.1532279], [31.7042575, 55.1525092], [31.7011101, 55.1519653], [31.6989112, 55.1510331], [31.6993628, 55.1476855], [31.692478, 55.1510285], [31.6813354, 55.1483996], [31.6789244, 55.1438296], [31.6749245, 55.1406939], [31.6743073, 55.1380358], [31.67726, 55.1364235], [31.6730412, 55.1316769], [31.668921, 55.1301268], [31.6669898, 55.1255459], [31.6685033, 55.1241241], [31.6728805, 55.1215365], [31.666629, 55.1200846], [31.6659666, 55.1207153], [31.665066, 55.1253851], [31.6656787, 55.1275635], [31.6653431, 55.1294535], [31.6663179, 55.1310088], [31.669737, 55.1326168], [31.6714814, 55.1339902], [31.6709513, 55.1368156], [31.6730609, 55.1384849], [31.673079, 55.1392808], [31.6695785, 55.1418464], [31.6683842, 55.143503], [31.6693005, 55.1476882], [31.6621022, 55.1507563], [31.6610071, 55.1529845], [31.6565388, 55.1546034], [31.6561458, 55.1558988], [31.6576467, 55.1569946], [31.6590436, 55.157151], [31.6629218, 55.1560837], [31.6653512, 55.1560548], [31.6693475, 55.1581623], [31.6716515, 55.1588323], [31.6736754, 55.1603305], [31.6732543, 55.1616888], [31.6740015, 55.1628439], [31.6759986, 55.1638525], [31.6785859, 55.1642447], [31.6792545, 55.164833], [31.678864, 55.1664453], [31.6798059, 55.1681533], [31.6777462, 55.1700265], [31.674329, 55.1719357], [31.6665266, 55.1742004], [31.6655373, 55.1748853], [31.6639444, 55.1773228], [31.6584725, 55.1795839], [31.6588005, 55.1809364], [31.6580744, 55.1818275], [31.6545001, 55.1828642], [31.6536614, 55.1842832], [31.651157, 55.1857474], [31.649989, 55.1844848], [31.6522648, 55.1832748], [31.658134, 55.1784416], [31.6577708, 55.1741652], [31.6555223, 55.1703361], [31.6550976, 55.1681436], [31.6522611, 55.1655404], [31.6511057, 55.1615047], [31.598365, 55.162623], [31.593908, 55.1668605], [31.5896063, 55.1683879], [31.5867807, 55.1687497], [31.5843606, 55.1678857], [31.5808601, 55.1650964], [31.575247, 55.157037], [31.562393, 55.157863], [31.533373, 55.154028], [31.535233, 55.151685], [31.535813, 55.145206], [31.530024, 55.140819], [31.518097, 55.133151], [31.514398, 55.132297], [31.504725, 55.130592], [31.493936, 55.12974], [31.485378, 55.139328], [31.47933, 55.142367], [31.473654, 55.142736], [31.469752, 55.138537], [31.460293, 55.13698], [31.444081, 55.136771], [31.435987, 55.130535], [31.433677, 55.127055], [31.434602, 55.125064], [31.438065, 55.120688], [31.435576, 55.118608], [31.421195, 55.117982], [31.40762, 55.108861], [31.4054564, 55.104301], [31.4028488, 55.1004125], [31.398691, 55.073707], [31.395188, 55.063703], [31.398691, 55.058367], [31.40576, 55.052402], [31.403528, 55.051124], [31.384925, 55.049845], [31.371172, 55.050681], [31.360742, 55.054319]], [[31.8606097, 54.8266556], [31.856574, 54.825546], [31.8571077, 54.829079], [31.8595316, 54.8293668], [31.8657288, 54.8285978], [31.8691163, 54.8306613], [31.8724247, 54.8334376], [31.8764355, 54.8335723], [31.8905899, 54.8374906], [31.8913811, 54.8386608], [31.8899003, 54.8463786], [31.8920444, 54.8477085], [31.8935489, 54.849307], [31.8967285, 54.850378], [31.8977374, 54.8487502], [31.8983772, 54.8459228], [31.9010995, 54.8430552], [31.9037693, 54.8411914], [31.9029599, 54.8383498], [31.9035112, 54.8380056], [31.908323, 54.837808], [31.9118213, 54.836837], [31.9165749, 54.8372135], [31.917913, 54.8368878], [31.91838, 54.8374596], [31.9286768, 54.83821], [31.9296438, 54.8397365], [31.9319811, 54.8398304], [31.9329799, 54.8393469], [31.9342495, 54.8402171], [31.9397574, 54.8400771], [31.9416674, 54.8417258], [31.946069, 54.8415163], [31.9458413, 54.8403209], [31.9491193, 54.8407153], [31.9523292, 54.8397553], [31.9567539, 54.8401624], [31.9587514, 54.837877], [31.9596786, 54.8380915], [31.9602456, 54.8363901], [31.9587957, 54.8359889], [31.9594253, 54.8346428], [31.9567905, 54.8340846], [31.956197, 54.8332941], [31.9547813, 54.8328443], [31.9558055, 54.83159], [31.9608923, 54.8317002], [31.9636627, 54.828954], [31.9675605, 54.8293561], [31.9679837, 54.8272727], [31.9686278, 54.8266834], [31.9715334, 54.8287096], [31.9724886, 54.830543], [31.9732509, 54.8307574], [31.975015, 54.8296259], [31.9778943, 54.8301582], [31.978402, 54.8289917], [31.9744356, 54.8287528], [31.9741516, 54.827433], [31.9758724, 54.8250001], [31.9744459, 54.8249683], [31.972027, 54.8230517], [31.9767208, 54.8218466], [31.9827043, 54.8215876], [31.9852985, 54.8177022], [31.9861864, 54.8178079], [31.9867575, 54.8171283], [31.987313, 54.8171583], [31.9892988, 54.8152496], [31.9916238, 54.817046], [31.9911601, 54.8179927], [31.9919755, 54.8182983], [32.0002826, 54.8192467], [31.9943992, 54.8233289], [31.9970045, 54.8272449], [31.9950406, 54.8281056], [31.9960331, 54.8287634], [31.9997477, 54.8290695], [32.0022458, 54.8318645], [32.0027105, 54.8329791], [32.0081665, 54.8342521], [32.0081875, 54.837067], [32.0052405, 54.8410446], [32.0066597, 54.8417017], [32.0116595, 54.8423069], [32.0116735, 54.8418291], [32.013593, 54.841869], [32.0143052, 54.8425112], [32.0174209, 54.8422752], [32.0204538, 54.8430758], [32.0304672, 54.843304], [32.0304357, 54.8444953], [32.0331326, 54.8448519], [32.0329122, 54.8468745], [32.0339102, 54.8470597], [32.03591, 54.8456282], [32.0360019, 54.8465491], [32.0367746, 54.8470311], [32.0444679, 54.8490683], [32.0451889, 54.8480839], [32.0443558, 54.8459831], [32.0465311, 54.8455225], [32.04784, 54.8439621], [32.0479538, 54.8428028], [32.0529279, 54.8407778], [32.0564335, 54.8405544], [32.0594565, 54.8411819], [32.0657851, 54.8394893], [32.0681187, 54.839395], [32.079721, 54.840522], [32.0840926, 54.8399703], [32.0853243, 54.8366971], [32.0865347, 54.8363913], [32.0857943, 54.8356764], [32.0859521, 54.8348595], [32.0877493, 54.8327117], [32.0795478, 54.827], [32.0816729, 54.8243851], [32.0883817, 54.8211949], [32.095621, 54.815004], [32.0988106, 54.8161041], [32.1007102, 54.815096], [32.1039555, 54.8161881], [32.1025046, 54.8178594], [32.1045042, 54.8188934], [32.1069243, 54.8185649], [32.107414, 54.817924], [32.1072426, 54.817212], [32.1079732, 54.8171579], [32.1084305, 54.8162469], [32.1140839, 54.8177321], [32.1136949, 54.8184131], [32.1141546, 54.8185523], [32.1149336, 54.8177991], [32.1154511, 54.8180327], [32.1151506, 54.8182572], [32.1164487, 54.8184937], [32.1157974, 54.8189628], [32.1169304, 54.8194787], [32.1175615, 54.8189988], [32.1320444, 54.8257517], [32.1329063, 54.8236617], [32.1323874, 54.8208042], [32.1353551, 54.8175728], [32.1335878, 54.8170121], [32.1367924, 54.8150621], [32.1371833, 54.8140177], [32.1396708, 54.8119569], [32.1409145, 54.8120733], [32.1413078, 54.8116784], [32.1352732, 54.8102586], [32.1343015, 54.8094644], [32.1318488, 54.810112], [32.1314347, 54.8098196], [32.1334831, 54.8078947], [32.1382609, 54.8052901], [32.1379877, 54.80488], [32.1442086, 54.8050525], [32.1448045, 54.8046405], [32.1545, 54.8073224], [32.1549623, 54.8079279], [32.1553328, 54.8067257], [32.1563608, 54.8064941], [32.1561769, 54.8062], [32.1612999, 54.8067148], [32.163143, 54.806322], [32.1629058, 54.8058466], [32.163686, 54.805556], [32.1663656, 54.8063057], [32.1683579, 54.8076433], [32.1701572, 54.8067181], [32.1738623, 54.8093246], [32.1720923, 54.8099249], [32.1743671, 54.8142066], [32.1759455, 54.8137775], [32.1771971, 54.8144342], [32.1790103, 54.8136692], [32.1798162, 54.8174577], [32.1880234, 54.8207244], [32.1911938, 54.8185569], [32.196325, 54.8171886], [32.2028583, 54.8167229], [32.2070512, 54.8151436], [32.2095074, 54.8130006], [32.2095639, 54.8110231], [32.2085531, 54.807018], [32.1923152, 54.8086128], [32.1999297, 54.8029198], [32.1996529, 54.8023775], [32.2011861, 54.7973018], [32.2021603, 54.7978227], [32.2038542, 54.7969717], [32.2029433, 54.7963949], [32.200904, 54.7930005], [32.2013391, 54.790166], [32.1994261, 54.7898963], [32.1995075, 54.7887119], [32.1984063, 54.7876587], [32.1951546, 54.7863523], [32.1906059, 54.786975], [32.1907368, 54.787586], [32.1881933, 54.7889208], [32.1848921, 54.7878008], [32.1853909, 54.7863502], [32.1850444, 54.7846231], [32.1825446, 54.7818885], [32.1816557, 54.7800295], [32.1817296, 54.7772769], [32.1859963, 54.7769815], [32.1938604, 54.7664999], [32.1857365, 54.7638399], [32.1825905, 54.7683401], [32.1772878, 54.7732937], [32.1759254, 54.7752029], [32.1710651, 54.7786794], [32.1703762, 54.779693], [32.1675011, 54.7802529], [32.1649754, 54.7825945], [32.1613676, 54.7844603], [32.1611062, 54.7826267], [32.1582492, 54.7814937], [32.1583271, 54.7804786], [32.1504024, 54.7802997], [32.1478384, 54.7826055], [32.1424003, 54.78058], [32.141212, 54.7805562], [32.1341196, 54.7852352], [32.1334022, 54.788599], [32.1309544, 54.7883629], [32.130634, 54.7894774], [32.130944, 54.7900103], [32.1294455, 54.7892854], [32.1292947, 54.7898194], [32.1307054, 54.7923801], [32.1279209, 54.7927567], [32.1312652, 54.7936757], [32.1315351, 54.7947944], [32.1309437, 54.7951982], [32.1319657, 54.7959429], [32.1321379, 54.7971874], [32.1311625, 54.7973025], [32.1328917, 54.7987077], [32.1313328, 54.8001867], [32.1276304, 54.802143], [32.1264206, 54.8011321], [32.1254219, 54.8017077], [32.1238721, 54.8014793], [32.1241199, 54.8020023], [32.11957, 54.8008939], [32.116249, 54.8012474], [32.1140444, 54.8006517], [32.1142396, 54.8017901], [32.1131717, 54.8017769], [32.1109785, 54.7988117], [32.1127427, 54.7985278], [32.1074743, 54.7939601], [32.1043035, 54.7948794], [32.1037064, 54.7977456], [32.1021448, 54.7987451], [32.1019152, 54.7981577], [32.0982313, 54.7985034], [32.0971514, 54.7983981], [32.0965425, 54.7965119], [32.0866537, 54.796293], [32.0842654, 54.7953497], [32.0853907, 54.7944826], [32.080621, 54.7919628], [32.079011, 54.7929778], [32.0773868, 54.7919471], [32.0776467, 54.7906808], [32.0784812, 54.7903224], [32.0787169, 54.789225], [32.0802909, 54.7885511], [32.0824283, 54.7884939], [32.0832606, 54.7876814], [32.0849039, 54.7871523], [32.0871416, 54.7883207], [32.0885274, 54.7896357], [32.0903662, 54.7896725], [32.0923484, 54.7887245], [32.0937445, 54.7892717], [32.0932972, 54.7939731], [32.09746, 54.7944336], [32.0985351, 54.797242], [32.0991878, 54.7968874], [32.0984474, 54.7930854], [32.1008128, 54.7920129], [32.1087094, 54.7937805], [32.112311, 54.7926838], [32.1096967, 54.7911473], [32.1078942, 54.7912736], [32.1058806, 54.7906323], [32.1077154, 54.7887234], [32.1073906, 54.7860454], [32.1093607, 54.7852614], [32.1093582, 54.7827173], [32.111827, 54.7811413], [32.1120681, 54.7803201], [32.1152258, 54.7806087], [32.1161042, 54.7793504], [32.1174706, 54.7785425], [32.1236752, 54.7775542], [32.1239185, 54.775386], [32.1222299, 54.7739022], [32.1286601, 54.7736174], [32.128969, 54.7746741], [32.1317104, 54.7744607], [32.1311466, 54.7734892], [32.1337489, 54.773042], [32.1329101, 54.7770218], [32.1285783, 54.7790086], [32.1256101, 54.7813191], [32.1243049, 54.7840328], [32.1248876, 54.7841161], [32.1263459, 54.78207], [32.130211, 54.7794004], [32.1331502, 54.7785576], [32.1346767, 54.7744506], [32.1376808, 54.7749892], [32.1374129, 54.7754622], [32.1380641, 54.775582], [32.1384315, 54.7750787], [32.1400954, 54.7755456], [32.14071, 54.7751605], [32.1451308, 54.7763989], [32.1484428, 54.7793403], [32.1498325, 54.7789964], [32.1500643, 54.7784252], [32.1537558, 54.7775448], [32.1561528, 54.7749089], [32.1591259, 54.7734104], [32.1623097, 54.7729593], [32.1655106, 54.7706689], [32.1709728, 54.7717977], [32.1712466, 54.7714001], [32.1656997, 54.7705386], [32.1677358, 54.7690451], [32.1650126, 54.7678609], [32.1635218, 54.7695555], [32.1626895, 54.7691857], [32.1623782, 54.7679736], [32.1637382, 54.762408], [32.1686044, 54.7566099], [32.1671862, 54.7490132], [32.1578454, 54.7517206], [32.1496258, 54.7589169], [32.1472589, 54.7591205], [32.1446254, 54.7584455], [32.1423593, 54.7596718], [32.1390354, 54.7585387], [32.1380656, 54.7586336], [32.138658, 54.7603846], [32.1376006, 54.7605342], [32.1388526, 54.7613075], [32.1390402, 54.7621431], [32.1370564, 54.7625991], [32.1364129, 54.7635827], [32.1385538, 54.7664628], [32.1387431, 54.7695887], [32.1391635, 54.7701805], [32.1369248, 54.7714099], [32.1358778, 54.771671], [32.1332117, 54.7638317], [32.1359945, 54.7632118], [32.1365, 54.7618963], [32.1342254, 54.7608953], [32.1323715, 54.7582953], [32.128958, 54.756669], [32.1260699, 54.7541272], [32.1253678, 54.7544155], [32.1269919, 54.7561592], [32.1307591, 54.7582236], [32.1331549, 54.7609984], [32.132873, 54.7622522], [32.1295525, 54.7625024], [32.1282698, 54.7632901], [32.1280719, 54.7638945], [32.1299979, 54.7653034], [32.131663, 54.7641981], [32.1333211, 54.7662427], [32.1336968, 54.7721797], [32.1322138, 54.7727644], [32.1181129, 54.7731839], [32.1180269, 54.7719185], [32.116278, 54.77202], [32.1160412, 54.7702744], [32.1126771, 54.7711416], [32.1120421, 54.7706872], [32.1107562, 54.7712651], [32.1095235, 54.7702166], [32.1134766, 54.7684245], [32.1177113, 54.7674599], [32.1205455, 54.7670771], [32.1217999, 54.767681], [32.1245704, 54.7675779], [32.1250841, 54.7641079], [32.1171835, 54.7641773], [32.1143745, 54.7613087], [32.1135428, 54.7598036], [32.1150098, 54.7594036], [32.1150342, 54.7587104], [32.1169012, 54.7582471], [32.1160415, 54.7568792], [32.1191044, 54.7550596], [32.118438, 54.7520208], [32.1176747, 54.7514571], [32.1192544, 54.7510917], [32.1189349, 54.7502274], [32.1121041, 54.751109], [32.1076654, 54.7506067], [32.1041975, 54.7514761], [32.1034595, 54.7523715], [32.1012315, 54.7532279], [32.0987021, 54.7533489], [32.0970016, 54.7525143], [32.0975843, 54.7496153], [32.0984507, 54.7489157], [32.0998131, 54.7487661], [32.1003737, 54.745432], [32.0980161, 54.7439372], [32.0976932, 54.7435814], [32.0980364, 54.7432592], [32.0968803, 54.742128], [32.1002671, 54.7390726], [32.1015225, 54.7343357], [32.0973228, 54.7337042], [32.0959687, 54.7320654], [32.0963997, 54.7310321], [32.0954964, 54.7306448], [32.0958211, 54.7300306], [32.0993358, 54.7261458], [32.105333, 54.727523], [32.1063992, 54.7274307], [32.1068958, 54.726037], [32.1078612, 54.7263792], [32.1083566, 54.725801], [32.1108151, 54.7266348], [32.1142681, 54.7256776], [32.1139801, 54.7247329], [32.1081643, 54.7243798], [32.1092503, 54.7216408], [32.1059407, 54.7208321], [32.1072765, 54.7199413], [32.1081621, 54.720171], [32.109434, 54.7192532], [32.110054, 54.7194113], [32.11222, 54.7183373], [32.1114696, 54.7180495], [32.1118316, 54.7168252], [32.1088721, 54.7157809], [32.1114696, 54.7131604], [32.1054506, 54.7112487], [32.1059627, 54.7104698], [32.1046447, 54.7100775], [32.1038391, 54.7075603], [32.1006711, 54.7077373], [32.1016496, 54.7097147], [32.1013787, 54.7103337], [32.0994143, 54.7101078], [32.0968803, 54.7086121], [32.0939013, 54.7119005], [32.0875733, 54.7174188], [32.0864041, 54.7175396], [32.0835353, 54.7191315], [32.0813231, 54.7186724], [32.0776626, 54.7211481], [32.0735336, 54.7194795], [32.0713261, 54.7209622], [32.0694924, 54.7231164], [32.0585086, 54.7216768], [32.0560395, 54.7225489], [32.0535726, 54.7294567], [32.047425, 54.7302504], [32.0463426, 54.7295539], [32.045146, 54.7296139], [32.0450223, 54.7277985], [32.0425083, 54.7280276], [32.0422441, 54.7272157], [32.0397799, 54.7272752], [32.0397936, 54.7277127], [32.0392442, 54.7277181], [32.0392012, 54.7264232], [32.0319915, 54.7269126], [32.0273781, 54.7275198], [32.028469, 54.731696], [32.0141537, 54.7325338], [32.010286, 54.736929], [32.0158864, 54.741772], [32.0137385, 54.7412486], [32.008505, 54.741525], [32.0057438, 54.7412034], [32.0062431, 54.7421063], [32.0057406, 54.7501262], [32.0065911, 54.7508684], [32.0063038, 54.7513788], [32.007312, 54.7532004], [32.0130425, 54.7573277], [32.0097119, 54.7578685], [32.0094894, 54.7585932], [32.0063309, 54.7601589], [32.0065331, 54.7608251], [32.0013504, 54.7614853], [31.9984745, 54.7606755], [31.9967942, 54.7608706], [31.9954274, 54.7625077], [31.992441, 54.7638406], [31.9881384, 54.7624361], [31.9865171, 54.7639942], [31.9854039, 54.7635179], [31.9816448, 54.7642484], [31.9832247, 54.7676915], [31.9813182, 54.768142], [31.9816564, 54.768906], [31.9804676, 54.770544], [31.9805241, 54.7723747], [31.9813085, 54.7724002], [31.9781224, 54.7767996], [31.9769001, 54.782043], [31.976678, 54.785577], [31.9694486, 54.7869807], [31.9684323, 54.7879379], [31.9540685, 54.7859079], [31.9453163, 54.7852311], [31.9164394, 54.7845459], [31.9047489, 54.7816685], [31.890335, 54.779466], [31.8781093, 54.7789778], [31.8751129, 54.7788997], [31.8752107, 54.7834265], [31.8747294, 54.7844427], [31.8761416, 54.785686], [31.8611025, 54.785005], [31.8606068, 54.7841186], [31.8571771, 54.78422], [31.856955, 54.7831659], [31.8545258, 54.7829986], [31.8544005, 54.7813405], [31.8563845, 54.7803609], [31.8563581, 54.7795472], [31.842449, 54.7809646], [31.8417541, 54.7806937], [31.8419551, 54.7797224], [31.8412443, 54.7792577], [31.8372909, 54.7785763], [31.8365574, 54.7761694], [31.8292209, 54.7735762], [31.8269357, 54.7715909], [31.802106, 54.7786692], [31.8004935, 54.7808892], [31.8011454, 54.7829735], [31.793142, 54.7842523], [31.7939006, 54.7866081], [31.7883262, 54.7880056], [31.7938588, 54.7916121], [31.7989762, 54.7934728], [31.8066186, 54.7952576], [31.8221836, 54.7957796], [31.8254499, 54.7956444], [31.8282663, 54.7930011], [31.8281177, 54.7906663], [31.8232526, 54.7840472], [31.825785, 54.783842], [31.8261663, 54.7846738], [31.8280192, 54.7850078], [31.8283523, 54.7840339], [31.8339285, 54.7838368], [31.8839382, 54.7864682], [31.8833189, 54.7880968], [31.88171, 54.7891868], [31.8790832, 54.7895723], [31.8775889, 54.7919653], [31.8813225, 54.7921576], [31.8802003, 54.7948945], [31.8681379, 54.7955077], [31.8688263, 54.7989962], [31.8694979, 54.7996884], [31.8693745, 54.8005315], [31.8669316, 54.8004131], [31.8662222, 54.8008807], [31.8618012, 54.801346], [31.86173, 54.8019553], [31.8637911, 54.801899], [31.8637797, 54.8024682], [31.8623099, 54.8024583], [31.8623012, 54.8051899], [31.8564353, 54.8053047], [31.853789, 54.8067594], [31.8537497, 54.8083648], [31.854648, 54.8090279], [31.8492909, 54.8110827], [31.8485331, 54.8123965], [31.8513554, 54.819899], [31.858445, 54.8195849], [31.8606097, 54.8266556]]]}}, {"type": "Feature", "properties": {"rda_code": "SM-24", "rda_name": "TEMKINSKY AREA", "osm_name": "Тёмкинский муниципальный округ", "match_score": 1.0, "match_reason": "alias:temkinskii"}, "geometry": {"type": "Polygon", "coordinates": [[[34.6157944, 55.0998224], [34.6146563, 55.098444], [34.6130648, 55.0946981], [34.615468, 55.088304], [34.613695, 55.086034], [34.610592, 55.084111], [34.608924, 55.081432], [34.607932, 55.077768], [34.60523, 55.076218], [34.604787, 55.074584], [34.606159, 55.073178], [34.610824, 55.070835], [34.613906, 55.067988], [34.616321, 55.068433], [34.619898, 55.075575], [34.623824, 55.076131], [34.637248, 55.071635], [34.6528514, 55.0681871], [34.655422, 55.066378], [34.655485, 55.06552], [34.651094, 55.061814], [34.651137, 55.060879], [34.658638, 55.058396], [34.659897, 55.057543], [34.660855, 55.055257], [34.661629, 55.055031], [34.662273, 55.053585], [34.66302, 55.053083], [34.6664264, 55.053059], [34.6683171, 55.05364], [34.6690289, 55.0545972], [34.6694667, 55.0568155], [34.6708914, 55.0576208], [34.677858, 55.058026], [34.688711, 55.052601], [34.697804, 55.050593], [34.693456, 55.046291], [34.69308, 55.038948], [34.682544, 55.035534], [34.683231, 55.034646], [34.685073, 55.033812], [34.691071, 55.033818], [34.694772, 55.03197], [34.697319, 55.031473], [34.688264, 55.0223], [34.704369, 55.007023], [34.704474, 55.0], [34.71431, 54.989787], [34.714015, 54.98847], [34.707999, 54.980916], [34.70363, 54.977508], [34.704284, 54.971392], [34.701308, 54.968286], [34.703504, 54.965204], [34.70401, 54.964938], [34.713993, 54.966292], [34.720811, 54.966425], [34.726362, 54.968044], [34.7271547, 54.9694085], [34.7407948, 54.9695026], [34.7485018, 54.9685902], [34.7518736, 54.9677718], [34.74618, 54.965308], [34.7447937, 54.9653065], [34.7437528, 54.9644442], [34.7441412, 54.9637905], [34.7582573, 54.9554728], [34.7669631, 54.9537105], [34.7666372, 54.9571734], [34.7650372, 54.9573703], [34.7671208, 54.9603302], [34.7679471, 54.9626109], [34.7710237, 54.963401], [34.7742292, 54.9618342], [34.776119, 54.9645576], [34.7767972, 54.9648644], [34.7791012, 54.9646628], [34.7797696, 54.9640541], [34.78829, 54.962086], [34.795677, 54.963452], [34.800505, 54.963527], [34.809087, 54.961648], [34.813829, 54.962956], [34.8158411, 54.965506], [34.8176647, 54.9666757], [34.822741, 54.966296], [34.826874, 54.968129], [34.82967, 54.968258], [34.832024, 54.965808], [34.834873, 54.964527], [34.840783, 54.963488], [34.851062, 54.963379], [34.853532, 54.96263], [34.85406, 54.960974], [34.853426, 54.959741], [34.848846, 54.956067], [34.842704, 54.952997], [34.836815, 54.951039], [34.834831, 54.949323], [34.834662, 54.948441], [34.83519, 54.947027], [34.838208, 54.943425], [34.841458, 54.942313], [34.848044, 54.941527], [34.85178, 54.942023], [34.853954, 54.942905], [34.862607, 54.944779], [34.867209, 54.946978], [34.871452, 54.949975], [34.875504, 54.952115], [34.878713, 54.952731], [34.894015, 54.95284], [34.899397, 54.953988], [34.904083, 54.956284], [34.90651, 54.9562], [34.909592, 54.954604], [34.909465, 54.951051], [34.910626, 54.947776], [34.912272, 54.945443], [34.915966, 54.941902], [34.916578, 54.939195], [34.9163876, 54.9349316], [34.9187026, 54.930825], [34.9247882, 54.9262676], [34.9361568, 54.9243202], [34.9409414, 54.9223788], [34.943811, 54.9206331], [34.9441742, 54.9196526], [34.942171, 54.918135], [34.940865, 54.915096], [34.9405032, 54.9132803], [34.9409255, 54.9116284], [34.9439087, 54.9079966], [34.9533443, 54.9027879], [34.9533675, 54.8985824], [34.9527438, 54.8961313], [34.9533725, 54.8949951], [34.9554997, 54.8940197], [34.9584528, 54.893673], [34.9735088, 54.8930965], [34.9821155, 54.8936501], [34.9849559, 54.8949188], [34.9863955, 54.8970595], [34.9875318, 54.8978169], [34.9909411, 54.8978913], [34.9906108, 54.8994933], [34.9895816, 54.900837], [34.9856313, 54.9016048], [34.9848802, 54.9012689], [34.9826825, 54.9019727], [34.980763, 54.90386], [34.9796224, 54.9037961], [34.9793721, 54.9052515], [34.9784819, 54.9060352], [34.9744481, 54.9082423], [34.9728068, 54.9122242], [34.9759782, 54.9135675], [34.9762564, 54.9142391], [34.9807074, 54.9139512], [34.9832673, 54.9152027], [34.9907048, 54.9142133], [34.9934242, 54.9148454], [35.000037, 54.9152355], [35.0010964, 54.9156905], [35.0016822, 54.9161685], [35.0017769, 54.9170894], [34.9996473, 54.9200388], [34.9993525, 54.9211642], [34.9996841, 54.9220389], [35.0026415, 54.9246534], [35.0052674, 54.926167], [35.0084553, 54.926149], [35.0118488, 54.9247505], [35.018293, 54.9234619], [35.0220103, 54.9244409], [35.0234031, 54.9254245], [35.0238353, 54.9293504], [35.0230934, 54.9313987], [35.021664, 54.9331604], [35.020074, 54.9338921], [35.0148646, 54.9344151], [35.0104435, 54.9360769], [35.0085041, 54.9378389], [35.0084011, 54.9391292], [35.0072471, 54.940526], [35.0065465, 54.9426802], [35.0071235, 54.9439348], [35.0094108, 54.9452722], [35.0131611, 54.9454498], [35.0165818, 54.9446923], [35.0180449, 54.943343], [35.0230484, 54.9413913], [35.028719, 54.940739], [35.0326136, 54.9414137], [35.0341385, 54.9435916], [35.0364258, 54.9454143], [35.0406501, 54.9446923], [35.0435144, 54.9455208], [35.0444416, 54.9470594], [35.0439059, 54.950231], [35.0358076, 54.9515919], [35.0341591, 54.9524202], [35.031439, 54.954207], [35.0302644, 54.9556506], [35.0302644, 54.9577804], [35.0309239, 54.9585613], [35.0346164, 54.9600303], [35.0428343, 54.9593658], [35.0481508, 54.9594368], [35.0521896, 54.9603833], [35.0533436, 54.9621816], [35.0535291, 54.9640862], [35.0492429, 54.966251], [35.0492635, 54.9686286], [35.0510151, 54.9698351], [35.0526018, 54.9702728], [35.0550333, 54.9703438], [35.055928, 54.9708234], [35.057877, 54.9699889], [35.0626335, 54.9706981], [35.0682601, 54.9703881], [35.0714133, 54.970802], [35.0758581, 54.9671986], [35.0818007, 54.9697619], [35.0807058, 54.9706975], [35.0810555, 54.9716927], [35.0804581, 54.9719938], [35.081478, 54.9731981], [35.0830954, 54.9734573], [35.0842465, 54.9730392], [35.0853393, 54.9735995], [35.0858237, 54.9726912], [35.0894338, 54.9729472], [35.0897543, 54.9737751], [35.0915174, 54.9738922], [35.0905557, 54.9743271], [35.0904537, 54.9748707], [35.0918525, 54.9750881], [35.0929553, 54.9761213], [35.0935842, 54.9749315], [35.0950714, 54.9736727], [35.0994811, 54.971662], [35.1011296, 54.9715319], [35.106137, 54.9729039], [35.1108908, 54.9721085], [35.1161375, 54.9720468], [35.1194899, 54.9738501], [35.1213239, 54.974607], [35.1223748, 54.9743705], [35.124353, 54.9755177], [35.1246827, 54.976925], [35.1242912, 54.9774926], [35.1181917, 54.9794321], [35.1149565, 54.9815842], [35.1147711, 54.9825302], [35.1156365, 54.9842211], [35.1198402, 54.9876735], [35.1220863, 54.991965], [35.1214085, 54.9930306], [35.1190778, 54.9937737], [35.1149526, 54.9925818], [35.1098735, 54.9927861], [35.1061782, 54.9951331], [35.1051067, 54.9974026], [35.1059721, 54.9985019], [35.1093458, 54.9991327], [35.10965, 54.9999754], [35.117591, 55.0019204], [35.1194674, 55.0019673], [35.1263018, 55.0042041], [35.1267777, 55.0048573], [35.1245965, 55.006719], [35.1221618, 55.0074766], [35.1212188, 55.0086804], [35.1156291, 55.0108035], [35.1107237, 55.0110199], [35.1102441, 55.0084068], [35.1090067, 55.0076348], [35.1065764, 55.0067933], [35.10312, 55.0066139], [35.1011989, 55.0075052], [35.0999082, 55.0094793], [35.0997365, 55.0112027], [35.1002829, 55.0127703], [35.1016464, 55.0141561], [35.1042449, 55.0150244], [35.1144275, 55.0158392], [35.1174655, 55.0169778], [35.1198565, 55.0214626], [35.119187, 55.022766], [35.123578, 55.0234421], [35.1233834, 55.0259178], [35.1225551, 55.026289], [35.1222393, 55.0278447], [35.1146973, 55.0376467], [35.1183653, 55.0401972], [35.1191483, 55.0413779], [35.1207968, 55.0421808], [35.1214562, 55.043149], [35.1228575, 55.0420155], [35.1280503, 55.04015], [35.1284212, 55.0388039], [35.1326122, 55.0392144], [35.1305432, 55.0422451], [35.1339673, 55.0432887], [35.136051, 55.0426375], [35.1369252, 55.0431551], [35.139548, 55.0415605], [35.1408011, 55.0388638], [35.1498351, 55.0360499], [35.1507156, 55.0366589], [35.1553734, 55.0370593], [35.1551243, 55.0385465], [35.1536818, 55.0401412], [35.1538916, 55.0414878], [35.1546065, 55.0422531], [35.1567549, 55.042803], [35.1614302, 55.0429301], [35.162063, 55.0434067], [35.161858, 55.0440122], [35.1572954, 55.0459435], [35.1566834, 55.0465028], [35.1570039, 55.0469619], [35.1623369, 55.0484895], [35.1629489, 55.049391], [35.1654706, 55.0506019], [35.1667373, 55.0518367], [35.1686592, 55.0519468], [35.1751159, 55.0494667], [35.1772284, 55.0494161], [35.1774761, 55.0499753], [35.1789788, 55.0500974], [35.1817745, 55.0487984], [35.1835583, 55.0487165], [35.1872677, 55.0494828], [35.1875816, 55.0499905], [35.1864993, 55.0513749], [35.1844745, 55.0522675], [35.1824591, 55.054865], [35.1822408, 55.0580796], [35.1835813, 55.0593147], [35.1843681, 55.0595734], [35.1859768, 55.0588678], [35.1876611, 55.0588473], [35.1928534, 55.0570936], [35.1930213, 55.0547901], [35.1940757, 55.0538442], [35.1957272, 55.0537319], [35.1989827, 55.0544992], [35.1995061, 55.0548543], [35.1993102, 55.0552979], [35.1967825, 55.0566358], [35.1981438, 55.057163], [35.1980879, 55.0577028], [35.1945617, 55.0600617], [35.1945326, 55.0606542], [35.195436, 55.0611048], [35.1980733, 55.060796], [35.2012935, 55.0615888], [35.2054025, 55.0616889], [35.2089286, 55.0625568], [35.2087975, 55.0631576], [35.2066556, 55.0646762], [35.2067284, 55.0652352], [35.2127608, 55.0691066], [35.2129211, 55.0695905], [35.2114362, 55.0704546], [35.2122276, 55.0718998], [35.2118574, 55.0723687], [35.2107286, 55.0734896], [35.2087894, 55.0730985], [35.2085545, 55.0740394], [35.2126151, 55.0762728], [35.2139395, 55.076534], [35.2165437, 55.0750337], [35.2163105, 55.0724322], [35.2188671, 55.0706372], [35.2218528, 55.0702472], [35.2242508, 55.0719407], [35.2247173, 55.0726886], [35.222338, 55.0742111], [35.2230938, 55.07826], [35.2242135, 55.080777], [35.2240824, 55.081194], [35.2210225, 55.0815527], [35.2211974, 55.0832374], [35.2225379, 55.0837128], [35.2261223, 55.0868152], [35.2273044, 55.088687], [35.2293274, 55.0887163], [35.2316633, 55.0922021], [35.2355541, 55.0926684], [35.2375437, 55.0910635], [35.2404228, 55.0906672], [35.2419642, 55.0928044], [35.2435929, 55.0931026], [35.2493338, 55.0908513], [35.2527871, 55.0909263], [35.2537313, 55.0913394], [35.2549705, 55.0929352], [35.254231, 55.093416], [35.2478767, 55.0944701], [35.2476818, 55.0955948], [35.2457131, 55.0960042], [35.2488629, 55.0974109], [35.2476144, 55.0983636], [35.2475905, 55.099246], [35.2507259, 55.1003339], [35.2510524, 55.1017679], [35.2520319, 55.102158], [35.2525394, 55.1033405], [35.2560748, 55.1059871], [35.2548408, 55.1070089], [35.2568815, 55.1081213], [35.2546055, 55.1085663], [35.2563821, 55.1097967], [35.2547542, 55.1111673], [35.2551526, 55.1115225], [35.2617878, 55.1103203], [35.2641369, 55.11188], [35.2671968, 55.111855], [35.2679399, 55.1107882], [35.268479, 55.1108048], [35.2698778, 55.1115299], [35.2743219, 55.1114549], [35.2758519, 55.1126217], [35.2754439, 55.1134551], [35.2768281, 55.1154552], [35.275677, 55.1162135], [35.2732291, 55.1162052], [35.2732583, 55.1171885], [35.2738994, 55.1177802], [35.273302, 55.1190384], [35.2748123, 55.120871], [35.2741209, 55.1214695], [35.2752492, 55.1220571], [35.2747199, 55.1224467], [35.2756046, 55.1238308], [35.2754073, 55.1246732], [35.2729139, 55.1265937], [35.2736351, 55.1282903], [35.2748303, 55.128632], [35.2754897, 55.1284435], [35.2765532, 55.1270562], [35.2795285, 55.1350523], [35.2752012, 55.1365483], [35.2834025, 55.1454405], [35.2837166, 55.1467253], [35.2872197, 55.1476909], [35.2844585, 55.1482797], [35.2873021, 55.1595592], [35.2897337, 55.1608305], [35.2896925, 55.1623844], [35.2889919, 55.163844], [35.2861894, 55.1668808], [35.2856124, 55.1669279], [35.2838815, 55.1696114], [35.2840875, 55.1712356], [35.2831809, 55.1732362], [35.2790184, 55.1752603], [35.2788296, 55.1766089], [35.280357, 55.1787453], [35.2889506, 55.1824144], [35.295215, 55.1838968], [35.2997484, 55.1857321], [35.3039367, 55.1859102], [35.3090059, 55.1917214], [35.3123853, 55.1970849], [35.3215769, 55.2010115], [35.3266254, 55.1978244], [35.3383505, 55.1994356], [35.3399578, 55.2021051], [35.3409057, 55.202211], [35.3452124, 55.2058798], [35.3422245, 55.2063149], [35.3413178, 55.2069851], [35.3409263, 55.2083843], [35.3373614, 55.2114765], [35.3362486, 55.2120056], [35.3345177, 55.2118763], [35.3339407, 55.2126522], [35.3315297, 55.2129108], [35.3301079, 55.2138278], [35.3329104, 55.2168961], [35.3290982, 55.2198819], [35.3363671, 55.2234675], [35.3311799, 55.2266089], [35.3344438, 55.230581], [35.3389899, 55.230581], [35.3425161, 55.2337218], [35.335114, 55.2357159], [35.3271583, 55.2400194], [35.3239527, 55.2389892], [35.3234865, 55.2427441], [35.3195232, 55.2425448], [35.3111595, 55.2404846], [35.308391, 55.2391388], [35.3047191, 55.2419134], [35.3003478, 55.2437243], [35.2998524, 55.2452195], [35.2972297, 55.2466149], [35.2955977, 55.2500037], [35.2962097, 55.253143], [35.2973462, 55.2534918], [35.3145399, 55.253525], [35.3208928, 55.2540897], [35.3232533, 55.2571623], [35.3252932, 55.2575609], [35.3298102, 55.2708613], [35.3342215, 55.271752], [35.3343746, 55.27902], [35.3251253, 55.2817693], [35.3179265, 55.2831449], [35.318975, 55.286477], [35.3098869, 55.2911575], [35.3015215, 55.2915127], [35.2939244, 55.2910955], [35.290455, 55.2964109], [35.2993634, 55.304631], [35.2976739, 55.306287], [35.2954035, 55.3107693], [35.2864576, 55.3144881], [35.2796935, 55.3197689], [35.2737859, 55.3223184], [35.2671167, 55.3221336], [35.2614247, 55.3225536], [35.2616265, 55.3235429], [35.2598412, 55.3260445], [35.2622678, 55.3282267], [35.258449, 55.3300339], [35.252063, 55.328814], [35.248306, 55.328814], [35.242248, 55.329607], [35.238533, 55.328327], [35.232413, 55.32918], [35.228412, 55.327221], [35.221395, 55.325138], [35.210113, 55.324903], [35.198187, 55.320668], [35.192091, 55.31731], [35.172785, 55.304702], [35.172542, 55.304306], [35.173576, 55.302516], [35.170231, 55.301279], [35.168215, 55.301435], [35.16525, 55.303338], [35.165925, 55.304306], [35.165672, 55.304594], [35.15153, 55.302552], [35.138729, 55.303194], [35.138486, 55.302485], [35.139805, 55.296394], [35.138486, 55.290652], [35.136713, 55.287571], [35.132376, 55.284525], [35.127722, 55.282303], [35.120281, 55.279888], [35.113464, 55.279179], [35.105728, 55.279107], [35.097359, 55.27975], [35.093317, 55.281155], [35.091682, 55.282273], [35.087945, 55.286982], [35.082342, 55.286886], [35.081434, 55.286622], [35.081107, 55.285835], [35.083756, 55.282771], [35.083292, 55.282117], [35.081371, 55.281324], [35.078722, 55.281096], [35.076759, 55.28148], [35.074194, 55.280879], [35.070406, 55.28369], [35.06762, 55.283762], [35.066406, 55.282982], [35.065488, 55.2816], [35.0663, 55.280513], [35.070142, 55.277708], [35.069498, 55.275977], [35.068622, 55.275161], [35.065414, 55.274722], [35.0628414, 55.2733941], [35.0607406, 55.2733888], [35.05904, 55.271712], [35.0583822, 55.2717049], [35.0528492, 55.2730984], [35.0470245, 55.2755128], [35.0414437, 55.275118], [35.0397491, 55.2774834], [35.0377216, 55.2821093], [35.0327192, 55.2823548], [35.031474, 55.283516], [35.022873, 55.285727], [35.009005, 55.280777], [35.001217, 55.280242], [34.994822, 55.279005], [34.990558, 55.276969], [34.979962, 55.268198], [34.975952, 55.267148], [34.973239, 55.267004], [34.969441, 55.267106], [34.968016, 55.267454], [34.967414, 55.268229], [34.97, 55.270211], [34.973947, 55.272181], [34.976617, 55.274392], [34.97819, 55.276416], [34.978865, 55.278933], [34.978622, 55.280308], [34.977007, 55.282886], [34.970781, 55.287883], [34.967985, 55.288153], [34.963752, 55.287589], [34.954929, 55.284718], [34.95361, 55.282369], [34.956164, 55.274086], [34.954877, 55.27289], [34.939712, 55.275623], [34.9354471, 55.2774016], [34.932429, 55.275749], [34.9290587, 55.2747029], [34.9265115, 55.2762908], [34.9283873, 55.2787466], [34.9269025, 55.2800327], [34.9251289, 55.2826833], [34.9372294, 55.2845887], [34.9378278, 55.2887332], [34.9415071, 55.2885022], [34.9408107, 55.2923181], [34.9423487, 55.2972043], [34.939057, 55.299471], [34.939268, 55.304173], [34.940334, 55.310445], [34.927448, 55.310841], [34.926477, 55.305273], [34.894036, 55.305946], [34.892179, 55.30651], [34.881351, 55.31633], [34.878638, 55.315705], [34.875219, 55.313921], [34.874565, 55.311984], [34.87383, 55.311207], [34.871599, 55.311207], [34.868344, 55.310354], [34.866932, 55.308663], [34.864033, 55.307352], [34.858832, 55.303668], [34.856836, 55.30409], [34.847708, 55.308107], [34.840075, 55.310867], [34.834537, 55.311591], [34.828669, 55.311399], [34.822, 55.310054], [34.81507, 55.307252], [34.810644, 55.303734], [34.80842, 55.303722], [34.802497, 55.306521], [34.792787, 55.305056], [34.780038, 55.29977], [34.778434, 55.299914], [34.776661, 55.300779], [34.7746196, 55.3024385], [34.775145, 55.3044641], [34.7703298, 55.3065417], [34.7648231, 55.3061908], [34.763595, 55.3080221], [34.7579615, 55.3075367], [34.7568917, 55.3057508], [34.7534342, 55.3071477], [34.7469897, 55.3111096], [34.7444872, 55.3115056], [34.7400022, 55.309974], [34.73107, 55.311676], [34.72744, 55.307507], [34.730901, 55.300634], [34.730627, 55.299649], [34.728896, 55.298219], [34.72782, 55.296201], [34.730733, 55.294988], [34.740336, 55.297511], [34.74747, 55.294808], [34.748948, 55.290074], [34.750488, 55.288921], [34.75433, 55.288104], [34.75319, 55.28629], [34.753633, 55.281964], [34.752853, 55.280655], [34.749623, 55.278144], [34.735123, 55.270514], [34.734426, 55.269493], [34.733667, 55.26524], [34.734384, 55.263077], [34.736115, 55.262164], [34.746204, 55.260722], [34.751776, 55.259209], [34.75357, 55.257707], [34.754837, 55.255881], [34.753992, 55.253514], [34.751206, 55.250619], [34.749159, 55.249201], [34.7478327, 55.2489489], [34.745985, 55.2471671], [34.7477041, 55.2463981], [34.7468675, 55.2449978], [34.74513, 55.243821], [34.7489307, 55.2397885], [34.7460702, 55.2358568], [34.741497, 55.23154], [34.741476, 55.230891], [34.741856, 55.226734], [34.74346, 55.223778], [34.747217, 55.224451], [34.748843, 55.223646], [34.750067, 55.222276], [34.750974, 55.222072], [34.757771, 55.222276], [34.760704, 55.221255], [34.762393, 55.219441], [34.763744, 55.214131], [34.764238, 55.20983], [34.763132, 55.207511], [34.754963, 55.1964734], [34.7537568, 55.1965137], [34.7525369, 55.1954365], [34.7524708, 55.194748], [34.7547181, 55.193371], [34.755379, 55.191909], [34.755346, 55.1904187], [34.7558947, 55.1898512], [34.7519751, 55.1880322], [34.7502228, 55.1864196], [34.7386334, 55.1791302], [34.727524, 55.17536], [34.718026, 55.173594], [34.713552, 55.170927], [34.712517, 55.168668], [34.713024, 55.165857], [34.714565, 55.16444], [34.721003, 55.162205], [34.721214, 55.159441], [34.710871, 55.157723], [34.701457, 55.152389], [34.68816, 55.14864], [34.683495, 55.14667], [34.682799, 55.144279], [34.684487, 55.12949], [34.683031, 55.128336], [34.677247, 55.126606], [34.678113, 55.124564], [34.68149, 55.121344], [34.684909, 55.119373], [34.684719, 55.115877], [34.690777, 55.104535], [34.687041, 55.10218], [34.686113, 55.099309], [34.678704, 55.101087], [34.671886, 55.10182], [34.663465, 55.100582], [34.657386, 55.101183], [34.64717, 55.105436], [34.642316, 55.106013], [34.633978, 55.105352], [34.6266784, 55.1037933], [34.6261558, 55.1034762], [34.6266232, 55.1026286], [34.6263981, 55.10157], [34.6285805, 55.100955], [34.6282297, 55.0998006], [34.623688, 55.099119], [34.6219202, 55.0983939], [34.6207637, 55.0989304], [34.6181304, 55.0989599], [34.6157944, 55.0998224]]]}}, {"type": "Feature", "properties": {"rda_code": "SM-25", "rda_name": "UGRANSKY AREA", "osm_name": "Угранский муниципальный округ", "match_score": 1.0, "match_reason": "alias:ugransky"}, "geometry": {"type": "Polygon", "coordinates": [[[33.649632, 54.675925], [33.653079, 54.674352], [33.647736, 54.671757], [33.647524, 54.671076], [33.64985, 54.668216], [33.651401, 54.667354], [33.652889, 54.667346], [33.658942, 54.671706], [33.664087, 54.673502], [33.667434, 54.673429], [33.669575, 54.672618], [33.672451, 54.670493], [33.67294, 54.669138], [33.673428, 54.663237], [33.673867, 54.662786], [33.681107, 54.661468], [33.690225, 54.658438], [33.693106, 54.65824], [33.6955724, 54.6572746], [33.6971679, 54.6573034], [33.6987056, 54.658737], [33.7021534, 54.6597252], [33.7059663, 54.6595098], [33.7066348, 54.6588474], [33.7082709, 54.6587376], [33.711406, 54.6610646], [33.7104997, 54.6618647], [33.7133213, 54.6630578], [33.7157532, 54.6632117], [33.7170677, 54.66554], [33.7180993, 54.6708281], [33.722892, 54.672441], [33.7253141, 54.6718294], [33.7276841, 54.6707464], [33.7294779, 54.6687179], [33.7286369, 54.6563412], [33.7569806, 54.6566162], [33.7547628, 54.6535567], [33.7551918, 54.6501818], [33.7590885, 54.6489394], [33.7607405, 54.6473044], [33.7676394, 54.6425558], [33.7698362, 54.6431066], [33.7778806, 54.6331721], [33.7797875, 54.6321124], [33.7651388, 54.6271634], [33.7566533, 54.6258073], [33.7515063, 54.6198957], [33.743168, 54.6169966], [33.738086, 54.618552], [33.726252, 54.615596], [33.721483, 54.611977], [33.72495, 54.608489], [33.725805, 54.606094], [33.716511, 54.60296], [33.716456, 54.597193], [33.714805, 54.594822], [33.714415, 54.592848], [33.713547, 54.591865], [33.707422, 54.590176], [33.705648, 54.590456], [33.703653, 54.591579], [33.7012222, 54.5916046], [33.694361, 54.5903198], [33.6957728, 54.5870827], [33.6950208, 54.5832159], [33.6969654, 54.5815193], [33.6997202, 54.5758372], [33.6997408, 54.5694035], [33.7027721, 54.5693724], [33.7028602, 54.5627182], [33.7038295, 54.559304], [33.7050457, 54.5579852], [33.7057873, 54.553807], [33.7029537, 54.5510962], [33.7018762, 54.5488385], [33.7006788, 54.547741], [33.6988735, 54.5437937], [33.6985453, 54.5414776], [33.6991422, 54.5410435], [33.7015058, 54.5409385], [33.7027436, 54.540102], [33.7054105, 54.5370519], [33.7046577, 54.5366824], [33.7047661, 54.5362974], [33.7059082, 54.5358236], [33.7069801, 54.536253], [33.7078004, 54.5347145], [33.7108022, 54.5459331], [33.724945, 54.550788], [33.7334884, 54.5527967], [33.7362015, 54.5555418], [33.7478044, 54.5607637], [33.7606964, 54.5648768], [33.7608312, 54.570819], [33.7711833, 54.5738825], [33.7762632, 54.5678257], [33.785557, 54.5650144], [33.7925418, 54.5594249], [33.7925995, 54.5569478], [33.8081855, 54.559291], [33.8203079, 54.5587219], [33.8225015, 54.560496], [33.8258496, 54.5619352], [33.8243487, 54.5627051], [33.8240601, 54.5636422], [33.8248682, 54.5675579], [33.8422437, 54.5705028], [33.8513066, 54.5712725], [33.8586378, 54.5732468], [33.8609302, 54.5693824], [33.8636003, 54.5628529], [33.8681719, 54.5583086], [33.889752, 54.555341], [33.8947701, 54.5583938], [33.8986704, 54.5622481], [33.9049879, 54.5668665], [33.9043287, 54.5687773], [33.9152058, 54.5777572], [33.9309172, 54.5806546], [33.9503641, 54.582915], [33.9521221, 54.5844749], [33.9569563, 54.5838382], [33.9615159, 54.5821828], [33.961461, 54.5804954], [33.9627794, 54.5756557], [33.9658008, 54.575401], [33.9734368, 54.5771523], [33.9742608, 54.5788716], [33.9807981, 54.5798905], [33.9854675, 54.5799223], [33.9902804, 54.5770687], [33.9938176, 54.5761015], [34.003651, 54.568013], [34.0093642, 54.5653377], [34.0168353, 54.564414], [34.0258446, 54.5581709], [34.0287013, 54.5573745], [34.0313931, 54.5576293], [34.0355229, 54.5592428], [34.0393042, 54.562214], [34.0494329, 54.5624843], [34.0578059, 54.56424], [34.0625325, 54.566536], [34.0629378, 54.5647803], [34.065178, 54.5633948], [34.0678149, 54.5628215], [34.0695728, 54.5617066], [34.0780877, 54.5587442], [34.077813, 54.5571515], [34.0794611, 54.5505567], [34.0791445, 54.5482707], [34.0772637, 54.5461915], [34.0798456, 54.5442795], [34.0838009, 54.5460959], [34.0872618, 54.5463826], [34.0892395, 54.547944], [34.0884154, 54.5497283], [34.0954471, 54.5508434], [34.1004462, 54.5550489], [34.1054453, 54.5558772], [34.1085216, 54.5568329], [34.1119276, 54.5588398], [34.1162125, 54.5596999], [34.1185198, 54.5609103], [34.1195237, 54.5624854], [34.1270896, 54.5628215], [34.134341, 54.5646051], [34.1346706, 54.5615792], [34.1373075, 54.5604325], [34.1378907, 54.5587042], [34.1403289, 54.5550808], [34.1536781, 54.5539657], [34.1564248, 54.5468287], [34.1598308, 54.5430686], [34.1649946, 54.5410928], [34.1590617, 54.5334436], [34.167192, 54.5301285], [34.1673019, 54.5259204], [34.1692796, 54.5248365], [34.170598, 54.5215207], [34.1745533, 54.5185235], [34.1815837, 54.520074], [34.1968032, 54.5148038], [34.2000083, 54.514374], [34.2128582, 54.5090382], [34.2183016, 54.5083646], [34.2224957, 54.5042197], [34.2312408, 54.5066031], [34.2427522, 54.5081574], [34.2484632, 54.5123019], [34.2469462, 54.5149438], [34.2504264, 54.5176892], [34.2506941, 54.5203307], [34.2524788, 54.5213148], [34.2599746, 54.519502], [34.2634733, 54.5194761], [34.2702106, 54.5210299], [34.2724861, 54.5208227], [34.2794876, 54.5171211], [34.2824981, 54.5167047], [34.2853484, 54.5176322], [34.2868914, 54.5167254], [34.287182, 54.514324], [34.2923596, 54.5116499], [34.2937148, 54.5113843], [34.2944543, 54.5125748], [34.2960214, 54.5126796], [34.2964095, 54.5119334], [34.297351, 54.5116767], [34.2987474, 54.5127296], [34.2985393, 54.5147097], [34.3019792, 54.5156373], [34.3327113, 54.5154164], [34.3524868, 54.5146137], [34.3832782, 54.5146142], [34.4158672, 54.5137402], [34.4184535, 54.5232753], [34.4111155, 54.5238851], [34.4112151, 54.5264774], [34.4129147, 54.5310434], [34.4123743, 54.5321114], [34.4143546, 54.5364017], [34.4210254, 54.5349891], [34.4246974, 54.5349346], [34.4277933, 54.5302776], [34.439596, 54.5315333], [34.4350758, 54.5451376], [34.4428747, 54.5454847], [34.4458127, 54.5481423], [34.4470465, 54.5523553], [34.4526583, 54.5534083], [34.4582925, 54.5588799], [34.4628335, 54.5613302], [34.4660089, 54.5624316], [34.4652457, 54.5640252], [34.4672552, 54.5655202], [34.458531, 54.576104], [34.4583127, 54.5778148], [34.4893502, 54.5784942], [34.489236, 54.5872434], [34.4881923, 54.597902], [34.5206895, 54.598645], [34.5189737, 54.637374], [34.5131484, 54.6372123], [34.5124709, 54.646878], [34.5124677, 54.6485165], [34.5185561, 54.648688], [34.5184628, 54.6519142], [34.5178703, 54.660966], [34.5047289, 54.6609252], [34.50093, 54.6584883], [34.4959764, 54.6578505], [34.4867614, 54.6580006], [34.4812436, 54.6585954], [34.4770729, 54.6596976], [34.4767565, 54.6614366], [34.4801757, 54.6634467], [34.4831271, 54.6644656], [34.479893, 54.6704472], [34.478689, 54.6702755], [34.4776826, 54.6691883], [34.4734139, 54.6678573], [34.4690617, 54.6715714], [34.4704185, 54.6756844], [34.4643261, 54.6828304], [34.4596589, 54.6814112], [34.4486725, 54.6793643], [34.4413689, 54.6792263], [34.4409978, 54.6784439], [34.4196172, 54.6790644], [34.4028966, 54.6806781], [34.4027195, 54.682732], [34.4056525, 54.6831049], [34.4057202, 54.6836805], [34.4050913, 54.68366], [34.4061221, 54.6887055], [34.4205756, 54.6912372], [34.4347981, 54.6888726], [34.4420637, 54.6851734], [34.4412747, 54.6797377], [34.447369, 54.6798544], [34.4589561, 54.6815229], [34.4641084, 54.6831167], [34.4752522, 54.6883832], [34.475936, 54.6913125], [34.4991664, 54.6913353], [34.5093296, 54.6858272], [34.5116304, 54.6776706], [34.5129419, 54.6768818], [34.5144611, 54.676601], [34.5178978, 54.6772062], [34.5184485, 54.676609], [34.5217298, 54.6764214], [34.521937, 54.6754348], [34.5232245, 54.6749336], [34.5256049, 54.6748131], [34.5264675, 54.6752695], [34.5276663, 54.6744407], [34.5296837, 54.6745345], [34.5308137, 54.6741716], [34.5310726, 54.6735294], [34.5303958, 54.6730988], [34.5328884, 54.6727909], [34.5341205, 54.6717615], [34.542704, 54.6811387], [34.5682642, 54.6773201], [34.5682264, 54.675419], [34.569456, 54.676076], [34.571504, 54.675792], [34.5723448, 54.676398], [34.5727352, 54.6757791], [34.575505, 54.6761004], [34.5779433, 54.6779217], [34.5806499, 54.6787559], [34.5827102, 54.6787114], [34.5846869, 54.6805193], [34.5842497, 54.6812068], [34.5856687, 54.6820838], [34.5861502, 54.6834848], [34.5870513, 54.6835307], [34.5877583, 54.6828145], [34.5884975, 54.6829787], [34.5919191, 54.6812358], [34.5930794, 54.6799125], [34.5940375, 54.6801694], [34.5960013, 54.6795483], [34.5951069, 54.6789275], [34.5965263, 54.6788002], [34.5968097, 54.6777997], [34.5975051, 54.6772924], [34.5997551, 54.6774328], [34.600478, 54.6754507], [34.6014407, 54.6748902], [34.6022077, 54.6750335], [34.601418, 54.6743998], [34.6015446, 54.6740454], [34.6024866, 54.6737809], [34.6031627, 54.6741659], [34.6042705, 54.6730503], [34.605067, 54.6731386], [34.6040974, 54.6718287], [34.6045859, 54.6709922], [34.6056663, 54.6707025], [34.6054826, 54.6697426], [34.6066922, 54.6691255], [34.6085549, 54.6661002], [34.6080925, 54.6648413], [34.6115834, 54.6643999], [34.6123898, 54.6634177], [34.614727, 54.662719], [34.6166249, 54.6627325], [34.6212904, 54.661283], [34.6256306, 54.6610907], [34.6258575, 54.6606499], [34.6318882, 54.6622901], [34.6327683, 54.6635135], [34.6331803, 54.6662575], [34.6357119, 54.6690833], [34.636341, 54.6678113], [34.641951, 54.6697785], [34.6479838, 54.6731928], [34.6635024, 54.6769057], [34.6696301, 54.679804], [34.6748956, 54.6775585], [34.6764066, 54.6764749], [34.6776868, 54.6745394], [34.6846161, 54.6745759], [34.6910232, 54.6789301], [34.693347, 54.6797086], [34.6961124, 54.682403], [34.7023865, 54.6824684], [34.7021822, 54.6910118], [34.7031477, 54.6917128], [34.7035556, 54.6937343], [34.7027501, 54.6944706], [34.7056857, 54.6976726], [34.7042601, 54.6995813], [34.7046384, 54.7002394], [34.7043659, 54.700688], [34.7048631, 54.7011189], [34.7043106, 54.7016093], [34.7048168, 54.703532], [34.7034242, 54.7066213], [34.704001, 54.7073406], [34.7042897, 54.709037], [34.7056017, 54.7112511], [34.7063374, 54.7115526], [34.7086692, 54.7117155], [34.7105846, 54.7107106], [34.7113211, 54.7111955], [34.7153085, 54.7113785], [34.7156477, 54.7117582], [34.7172901, 54.7112997], [34.7161638, 54.7108277], [34.7165621, 54.7105141], [34.7183931, 54.7107189], [34.7190015, 54.7099999], [34.7250933, 54.7095053], [34.7341209, 54.7111591], [34.7390207, 54.7101755], [34.7401615, 54.7082679], [34.7411724, 54.7077372], [34.7437276, 54.7073542], [34.7451459, 54.7076774], [34.7502586, 54.7059257], [34.7587886, 54.7050383], [34.7661712, 54.7070227], [34.77147, 54.7054872], [34.7730608, 54.7070969], [34.7715416, 54.7076472], [34.7722329, 54.70865], [34.7715708, 54.7092444], [34.7734561, 54.7099098], [34.7776119, 54.70932], [34.7809953, 54.70765], [34.7837763, 54.7071573], [34.7899361, 54.7075208], [34.7949126, 54.7047298], [34.7991762, 54.7042581], [34.7992514, 54.702712], [34.8019778, 54.7015683], [34.8046128, 54.700614], [34.8110628, 54.6995957], [34.8114366, 54.6992261], [34.8111806, 54.6966819], [34.8125628, 54.6947516], [34.8144093, 54.6935513], [34.8141592, 54.6944296], [34.8154009, 54.6952061], [34.8186906, 54.695501], [34.8173981, 54.6966669], [34.8201136, 54.6964667], [34.8240643, 54.6969645], [34.8246276, 54.6976814], [34.8234305, 54.6988896], [34.8239182, 54.69959], [34.824889, 54.6998837], [34.8247316, 54.7003394], [34.8254255, 54.7003324], [34.826719, 54.7015023], [34.8265779, 54.7020294], [34.8276422, 54.7028381], [34.8268089, 54.7026265], [34.8266945, 54.703108], [34.8286208, 54.7034685], [34.8285818, 54.7039039], [34.8298103, 54.7045921], [34.8300106, 54.7055396], [34.8315877, 54.7060424], [34.8319786, 54.706722], [34.8335385, 54.7069935], [34.8329283, 54.7078642], [34.8339861, 54.708861], [34.8333401, 54.7097058], [34.8307557, 54.710126], [34.8310165, 54.7110185], [34.8300262, 54.7111174], [34.8299845, 54.711629], [34.8292561, 54.7119387], [34.8300537, 54.7126141], [34.8297693, 54.7130266], [34.8301743, 54.7134491], [34.8315458, 54.7138834], [34.8319253, 54.7145993], [34.8340506, 54.7152276], [34.8341078, 54.716005], [34.8333586, 54.7165807], [34.8340161, 54.7177355], [34.832656, 54.7178825], [34.8318491, 54.7195251], [34.8326011, 54.7220105], [34.8338798, 54.7230127], [34.8354189, 54.7234736], [34.836757, 54.7250541], [34.839472, 54.7255173], [34.8409625, 54.7263208], [34.8420218, 54.7278877], [34.8506657, 54.7290852], [34.8591735, 54.7321156], [34.8673824, 54.7364349], [34.8658851, 54.7377423], [34.8652385, 54.7395664], [34.8666765, 54.743363], [34.8664588, 54.745452], [34.8710399, 54.7503376], [34.8713134, 54.7518228], [34.870956, 54.7528136], [34.8714304, 54.7538794], [34.8746462, 54.7536413], [34.8823791, 54.7557603], [34.8829707, 54.7563427], [34.8937356, 54.7575312], [34.8991569, 54.7615278], [34.9067194, 54.7677402], [34.9075295, 54.7719268], [34.90348, 54.7780069], [34.9118507, 54.7797936], [34.9204939, 54.7804689], [34.9284617, 54.7837103], [34.9242748, 54.7896862], [34.905368, 54.7875251], [34.9034771, 54.7910364], [34.9084738, 54.7931972], [34.9045574, 54.7938724], [34.9002354, 54.8018403], [34.8926726, 54.8015701], [34.8883507, 54.8091666], [34.8957311, 54.8146791], [34.8979731, 54.8152507], [34.8994499, 54.8170398], [34.8972985, 54.8188634], [34.8953636, 54.8222082], [34.8890776, 54.8203567], [34.8850194, 54.8174517], [34.8826378, 54.8200657], [34.8798558, 54.8255394], [34.8807499, 54.8273715], [34.8828315, 54.8292173], [34.8850467, 54.830299], [34.8828392, 54.8327356], [34.8842891, 54.832883], [34.8789484, 54.8411471], [34.8878012, 54.8473453], [34.8760715, 54.8519295], [34.8778695, 54.8533972], [34.876073, 54.8559605], [34.8744539, 54.8612605], [34.8748608, 54.8626575], [34.8724336, 54.8647407], [34.8715889, 54.8680093], [34.8768863, 54.8729258], [34.8780604, 54.8732405], [34.8783283, 54.8740168], [34.8796874, 54.8747018], [34.8805803, 54.8759062], [34.8801239, 54.8769735], [34.8769691, 54.8781893], [34.8765128, 54.8803067], [34.874993, 54.8819893], [34.874551, 54.8834017], [34.8766802, 54.8855813], [34.8759573, 54.8868245], [34.8668012, 54.8888825], [34.8629677, 54.8906216], [34.8645375, 54.8914769], [34.8689974, 54.8909807], [34.8702711, 54.8931874], [34.8678752, 54.8937291], [34.8720391, 54.8991452], [34.8728157, 54.9013019], [34.8686678, 54.9023178], [34.8689392, 54.9026622], [34.8768031, 54.9024441], [34.884045, 54.9005716], [34.8937989, 54.9011366], [34.8995561, 54.9048414], [34.9060939, 54.9030906], [34.9078694, 54.9012497], [34.9235743, 54.9126943], [34.917957, 54.9183923], [34.9097945, 54.9214003], [34.9107817, 54.9237052], [34.908369, 54.9245554], [34.9046367, 54.9269135], [34.9061715, 54.9300706], [34.9098177, 54.9330755], [34.9163876, 54.9349316], [34.916663, 54.93552], [34.916515, 54.94021], [34.915966, 54.941902], [34.912272, 54.945443], [34.910626, 54.947776], [34.909465, 54.951051], [34.909592, 54.954604], [34.90651, 54.9562], [34.904083, 54.956284], [34.899397, 54.953988], [34.894015, 54.95284], [34.878713, 54.952731], [34.875504, 54.952115], [34.871452, 54.949975], [34.867209, 54.946978], [34.862607, 54.944779], [34.853954, 54.942905], [34.85178, 54.942023], [34.848044, 54.941527], [34.841458, 54.942313], [34.838208, 54.943425], [34.83519, 54.947027], [34.834662, 54.948441], [34.834831, 54.949323], [34.836815, 54.951039], [34.842704, 54.952997], [34.848846, 54.956067], [34.853426, 54.959741], [34.85406, 54.960974], [34.853532, 54.96263], [34.851062, 54.963379], [34.840783, 54.963488], [34.834873, 54.964527], [34.832024, 54.965808], [34.82967, 54.968258], [34.826874, 54.968129], [34.822741, 54.966296], [34.8176647, 54.9666757], [34.8158411, 54.965506], [34.813829, 54.962956], [34.809087, 54.961648], [34.800505, 54.963527], [34.795677, 54.963452], [34.78829, 54.962086], [34.7797696, 54.9640541], [34.7791012, 54.9646628], [34.7767972, 54.9648644], [34.776119, 54.9645576], [34.7742292, 54.9618342], [34.7710237, 54.963401], [34.7679471, 54.9626109], [34.7671208, 54.9603302], [34.7650372, 54.9573703], [34.7666372, 54.9571734], [34.7669631, 54.9537105], [34.7582573, 54.9554728], [34.7441412, 54.9637905], [34.7437528, 54.9644442], [34.7447937, 54.9653065], [34.74618, 54.965308], [34.7518736, 54.9677718], [34.7485018, 54.9685902], [34.7407948, 54.9695026], [34.7271547, 54.9694085], [34.726362, 54.968044], [34.720811, 54.966425], [34.713993, 54.966292], [34.70401, 54.964938], [34.703504, 54.965204], [34.701308, 54.968286], [34.704284, 54.971392], [34.70363, 54.977508], [34.707999, 54.980916], [34.714015, 54.98847], [34.71431, 54.989787], [34.704474, 55.0], [34.704369, 55.007023], [34.688264, 55.0223], [34.697319, 55.031473], [34.694772, 55.03197], [34.691071, 55.033818], [34.685073, 55.033812], [34.683231, 55.034646], [34.682544, 55.035534], [34.69308, 55.038948], [34.693456, 55.046291], [34.697804, 55.050593], [34.688711, 55.052601], [34.677858, 55.058026], [34.6708914, 55.0576208], [34.6694667, 55.0568155], [34.6690289, 55.0545972], [34.6683171, 55.05364], [34.6664264, 55.053059], [34.66302, 55.053083], [34.662273, 55.053585], [34.661629, 55.055031], [34.660855, 55.055257], [34.659897, 55.057543], [34.658638, 55.058396], [34.651137, 55.060879], [34.651094, 55.061814], [34.655485, 55.06552], [34.655422, 55.066378], [34.6528514, 55.0681871], [34.637248, 55.071635], [34.623824, 55.076131], [34.620954, 55.07601], [34.619518, 55.074971], [34.616057, 55.068118], [34.617861, 55.064875], [34.615904, 55.049359], [34.614693, 55.04617], [34.610874, 55.04467], [34.603421, 55.043008], [34.597758, 55.038449], [34.590285, 55.033898], [34.5819, 55.031111], [34.581248, 55.030628], [34.579757, 55.02677], [34.578639, 55.026127], [34.572723, 55.025457], [34.567134, 55.026958], [34.562371, 55.029169], [34.55779, 55.030423], [34.554185, 55.030763], [34.546574, 55.028347], [34.538535, 55.026706], [34.535087, 55.022991], [34.528556, 55.019267], [34.5230041, 55.0179162], [34.503598, 55.023849], [34.499592, 55.027038], [34.499141, 55.028384], [34.514358, 55.037944], [34.514358, 55.039337], [34.512681, 55.040864], [34.502816, 55.044662], [34.487499, 55.048875], [34.482398, 55.049737], [34.477664, 55.04992], [34.467218, 55.049306], [34.451149, 55.044085], [34.440943, 55.039158], [34.44187, 55.0363551], [34.4399658, 55.0353581], [34.4386456, 55.0339844], [34.4335133, 55.0313273], [34.432341, 55.0294975], [34.4267578, 55.0292454], [34.4233844, 55.0347495], [34.4205358, 55.0335067], [34.4168777, 55.0310517], [34.4160803, 55.0279436], [34.4120444, 55.0277031], [34.4063648, 55.0288947], [34.4022049, 55.0243013], [34.3981413, 55.0224568], [34.3962138, 55.0205921], [34.399364, 55.0181016], [34.397533, 55.014818], [34.399722, 55.009165], [34.399256, 55.004287], [34.401539, 54.998875], [34.401772, 54.995793], [34.397626, 54.991532], [34.392968, 54.988585], [34.386078, 54.986467], [34.363072, 54.984347], [34.351837, 54.982529], [34.347598, 54.984136], [34.346666, 54.989362], [34.344617, 54.994882], [34.342754, 54.99598], [34.338561, 54.995632], [34.338049, 54.99523], [34.337676, 54.990112], [34.337164, 54.989683], [34.333484, 54.989871], [34.332599, 54.989442], [34.330549, 54.98687], [34.319277, 54.984914], [34.318066, 54.984994], [34.314759, 54.987432], [34.313641, 54.987379], [34.305908, 54.983761], [34.2925761, 54.9799671], [34.2894429, 54.9780352], [34.2853612, 54.9769036], [34.274653, 54.9775137], [34.2740725, 54.9747968], [34.2693342, 54.9702177], [34.2692759, 54.9670124], [34.2728546, 54.9652256], [34.275439, 54.9646814], [34.2765096, 54.9626031], [34.281935, 54.9610897], [34.289372, 54.952543], [34.290816, 54.949703], [34.290071, 54.947023], [34.287509, 54.943647], [34.280988, 54.93735], [34.279777, 54.934027], [34.281174, 54.931133], [34.281826, 54.930544], [34.287602, 54.928668], [34.293704, 54.927891], [34.300738, 54.929096], [34.315458, 54.932768], [34.319697, 54.93266], [34.324355, 54.931723], [34.326171, 54.930678], [34.327758, 54.929164], [34.327982, 54.926026], [34.326866, 54.920064], [34.323015, 54.905382], [34.318748, 54.898367], [34.311848, 54.890886], [34.308563, 54.886329], [34.304977, 54.877138], [34.300912, 54.874096], [34.289884, 54.869045], [34.280336, 54.865401], [34.268914, 54.868703], [34.26529, 54.868509], [34.261565, 54.866812], [34.258946, 54.86675], [34.252713, 54.868322], [34.248008, 54.867545], [34.244841, 54.864329], [34.243211, 54.859184], [34.242176, 54.852719], [34.241525, 54.85181], [34.231063, 54.852374], [34.226618, 54.853156], [34.221504, 54.852485], [34.22006, 54.852807], [34.21278, 54.856942], [34.206377, 54.85892], [34.177764, 54.861408], [34.164768, 54.86382], [34.163324, 54.86382], [34.157595, 54.861864], [34.154008, 54.861516], [34.15303, 54.861784], [34.15126, 54.863954], [34.149164, 54.865133], [34.143807, 54.866661], [34.141571, 54.866848], [34.132657, 54.865684], [34.123434, 54.865573], [34.113482, 54.866821], [34.109477, 54.868509], [34.108778, 54.871001], [34.10904, 54.874033], [34.108529, 54.875259], [34.10591, 54.876343], [34.100646, 54.876975], [34.083299, 54.873788], [34.074122, 54.874967], [34.071933, 54.873252], [34.071793, 54.872662], [34.073517, 54.869126], [34.069045, 54.859854], [34.068067, 54.859399], [34.052648, 54.85964], [34.045614, 54.857094], [34.036997, 54.856076], [34.023815, 54.855165], [34.018877, 54.855915], [34.013614, 54.858407], [34.008749, 54.864801], [34.0064, 54.866787], [34.001127, 54.867109], [33.997729, 54.865401], [33.994654, 54.864758], [33.983987, 54.866875], [33.979273, 54.869632], [33.974566, 54.874683], [33.969121, 54.883404], [33.961116, 54.88858], [33.950489, 54.893541], [33.932325, 54.898632], [33.929628, 54.900049], [33.927858, 54.903452], [33.9320752, 54.9165503], [33.9374137, 54.9164326], [33.9375583, 54.9174206], [33.9444358, 54.9173268], [33.9410833, 54.9206151], [33.937154, 54.9202828], [33.9190719, 54.9205507], [33.9121612, 54.9196064], [33.902098, 54.921593], [33.896788, 54.920628], [33.892373, 54.918372], [33.889564, 54.913335], [33.884929, 54.911743], [33.872522, 54.91124], [33.866072, 54.91293], [33.863763, 54.913072], [33.852257, 54.90991], [33.846752, 54.904801], [33.85883, 54.896523], [33.863203, 54.890724], [33.863297, 54.889652], [33.859953, 54.887056], [33.845295, 54.884338], [33.835301, 54.87695], [33.831119, 54.875435], [33.82353, 54.883769], [33.818951, 54.891153], [33.819184, 54.892841], [33.824308, 54.896458], [33.824495, 54.898147], [33.822259, 54.899004], [33.815644, 54.898388], [33.813595, 54.899862], [33.812477, 54.903372], [33.812849, 54.908088], [33.812104, 54.910125], [33.809682, 54.910285], [33.807539, 54.909079], [33.800832, 54.900156], [33.796919, 54.897369], [33.792602, 54.896578], [33.781733, 54.896646], [33.780289, 54.890536], [33.77885, 54.888277], [33.77647, 54.887267], [33.771346, 54.887321], [33.762216, 54.890081], [33.761098, 54.889947], [33.756271, 54.8825], [33.757789, 54.87879], [33.759396, 54.877289], [33.759439, 54.87453], [33.767327, 54.870671], [33.769752, 54.866335], [33.773199, 54.864148], [33.781221, 54.862614], [33.781999, 54.8613858], [33.7848416, 54.8594144], [33.7979917, 54.8572552], [33.8011385, 54.8344472], [33.796801, 54.837308], [33.796242, 54.8372], [33.791662, 54.830332], [33.795389, 54.821217], [33.801505, 54.821112], [33.801878, 54.820871], [33.8013, 54.818052], [33.810195, 54.816331], [33.813337, 54.812854], [33.815095, 54.812435], [33.818593, 54.813148], [33.824004, 54.810628], [33.827585, 54.810913], [33.833552, 54.806093], [33.834521, 54.804838], [33.834589, 54.802852], [33.831766, 54.80015], [33.831348, 54.797996], [33.8391025, 54.7942663], [33.842649, 54.791828], [33.843754, 54.789928], [33.843801, 54.788856], [33.842543, 54.787059], [33.8404, 54.786335], [33.832354, 54.787137], [33.832389, 54.769335], [33.811055, 54.765313], [33.804193, 54.767887], [33.794127, 54.764046], [33.787205, 54.767941], [33.779146, 54.769335], [33.778494, 54.769094], [33.776864, 54.765795], [33.769471, 54.764797], [33.748285, 54.765927], [33.745515, 54.769147], [33.744723, 54.769415], [33.730589, 54.769404], [33.729773, 54.768106], [33.719057, 54.764482], [33.705124, 54.770381], [33.699963, 54.769333], [33.696929, 54.766422], [33.705129, 54.76239], [33.707796, 54.759693], [33.692925, 54.749171], [33.686636, 54.748822], [33.686031, 54.748367], [33.685565, 54.738097], [33.684727, 54.737614], [33.679603, 54.737078], [33.677693, 54.734612], [33.676901, 54.734263], [33.671095, 54.73376], [33.660365, 54.730938], [33.660086, 54.730402], [33.661115, 54.727176], [33.664744, 54.72528], [33.665489, 54.725253], [33.667352, 54.726514], [33.668144, 54.726406], [33.672137, 54.722624], [33.686869, 54.717075], [33.687335, 54.716512], [33.687309, 54.715819], [33.681757, 54.707675], [33.676282, 54.70493], [33.664371, 54.702355], [33.664045, 54.701845], [33.664371, 54.697286], [33.665535, 54.696965], [33.688313, 54.696696], [33.688779, 54.696187], [33.688733, 54.694605], [33.688174, 54.694256], [33.678764, 54.692969], [33.688826, 54.689082], [33.688634, 54.686849], [33.68723, 54.685437], [33.682957, 54.684175], [33.664091, 54.680582], [33.649632, 54.675925]]]}}, {"type": "Feature", "properties": {"rda_code": "SM-26", "rda_name": "HISLAVICHSKY AREA", "osm_name": "Хиславичский муниципальный округ", "match_score": 1.0, "match_reason": "alias:khislavichskii"}, "geometry": {"type": "Polygon", "coordinates": [[[31.7534403, 54.0831026], [31.7533635, 54.078444], [31.77555, 54.07814], [31.77924, 54.08037], [31.78165, 54.08037], [31.78405, 54.07951], [31.78637, 54.07797], [31.7857862, 54.0761145], [31.7952211, 54.0822002], [31.7989475, 54.0810534], [31.8030404, 54.0856761], [31.8136697, 54.0874677], [31.8150747, 54.0895817], [31.8199618, 54.0918747], [31.823476, 54.0968415], [31.8277811, 54.0954931], [31.8206338, 54.0892234], [31.8288806, 54.0873243], [31.8352949, 54.0827377], [31.8383153, 54.0816665], [31.8422895, 54.0831856], [31.8480012, 54.0876647], [31.852766, 54.0881485], [31.8564313, 54.0866794], [31.8582945, 54.0833648], [31.8649384, 54.0787301], [31.878376, 54.0877222], [31.8893301, 54.0828134], [31.8920123, 54.0847266], [31.8980205, 54.0832162], [31.8816483, 54.0695756], [31.8826109, 54.0675877], [31.8838799, 54.0664024], [31.8867016, 54.0659932], [31.8908429, 54.063525], [31.8917513, 54.0606821], [31.8918139, 54.0603419], [31.8847874, 54.0571033], [31.8989784, 54.0524146], [31.8928776, 54.0507341], [31.8931347, 54.0493978], [31.8958001, 54.0478415], [31.8959995, 54.0470168], [31.8926821, 54.0435173], [31.8922109, 54.0396571], [31.8910152, 54.0375717], [31.8911232, 54.0358702], [31.8901225, 54.0350312], [31.8875581, 54.0345205], [31.8872713, 54.0322224], [31.8854517, 54.0307219], [31.8834455, 54.0304964], [31.8806342, 54.0311069], [31.8794582, 54.0307431], [31.8791403, 54.0291324], [31.8794276, 54.0270102], [31.8805861, 54.0269702], [31.8813645, 54.0281343], [31.8822556, 54.0284454], [31.8851801, 54.0284579], [31.8856716, 54.0278041], [31.8831868, 54.0263279], [31.8812692, 54.0260954], [31.8804236, 54.0252155], [31.8784963, 54.0246038], [31.8790994, 54.0231896], [31.8783078, 54.0211453], [31.8773831, 54.0210708], [31.8768993, 54.0219126], [31.8761646, 54.0220198], [31.8749727, 54.0206024], [31.8722972, 54.0201904], [31.8708419, 54.0180674], [31.8716466, 54.0156398], [31.8724311, 54.0147188], [31.872241, 54.0140897], [31.8713566, 54.0141498], [31.8700532, 54.016247], [31.8685222, 54.016376], [31.865513, 54.0140136], [31.864357, 54.011325], [31.8636623, 54.0112005], [31.8617176, 54.0120664], [31.8596243, 54.0111451], [31.8602381, 54.0095104], [31.8598899, 54.0082017], [31.8586795, 54.0073753], [31.8549876, 54.0070096], [31.8540768, 54.0062785], [31.854161, 54.0041054], [31.855364, 54.0024835], [31.8607279, 54.002766], [31.8614244, 54.0017281], [31.8661186, 54.0005887], [31.8654156, 53.998802], [31.8663382, 53.99691], [31.8680978, 53.9953459], [31.8743784, 53.9968535], [31.8758011, 53.9941602], [31.8812942, 53.9946774], [31.8839121, 53.9917382], [31.8898705, 53.9924148], [31.8918768, 53.9661886], [31.8898737, 53.9657306], [31.8901639, 53.9661595], [31.8889322, 53.966122], [31.8876298, 53.9652059], [31.8863415, 53.9655349], [31.8838783, 53.9648062], [31.8831917, 53.9652143], [31.8811814, 53.9649727], [31.8787464, 53.9655724], [31.874071, 53.9649118], [31.8736251, 53.9643663], [31.8729172, 53.9643705], [31.8731862, 53.9640124], [31.8727474, 53.9636876], [31.8714591, 53.9636251], [31.8715016, 53.9622342], [31.8699585, 53.96238], [31.8692152, 53.9616346], [31.8681039, 53.9616346], [31.8669785, 53.9604019], [31.8667661, 53.9593316], [31.8651573, 53.9584859], [31.8609802, 53.958161], [31.8572591, 53.9584603], [31.8558882, 53.9581873], [31.8552698, 53.9575553], [31.8585902, 53.9548567], [31.8547, 53.9530586], [31.855891, 53.9527241], [31.8552312, 53.9520006], [31.8544458, 53.9490752], [31.8571904, 53.9486667], [31.8576994, 53.9476137], [31.8554112, 53.9467897], [31.8543741, 53.9449678], [31.8566932, 53.9438303], [31.862245, 53.9329026], [31.8658244, 53.9298744], [31.872309, 53.928041], [31.875028, 53.927761], [31.879425, 53.928962], [31.8748612, 53.9345535], [31.8735012, 53.9345011], [31.869368, 53.939287], [31.8742026, 53.9410589], [31.8795479, 53.9420235], [31.8795226, 53.9439572], [31.888304, 53.9431181], [31.8895517, 53.944036], [31.8891831, 53.9449205], [31.8944511, 53.9488416], [31.8941108, 53.9494266], [31.8903371, 53.9488429], [31.8877511, 53.9497184], [31.886494, 53.951067], [31.882562, 53.953388], [31.880917, 53.953397], [31.878532, 53.952575], [31.872796, 53.953552], [31.872376, 53.955464], [31.873308, 53.956497], [31.878206, 53.957909], [31.881387, 53.958055], [31.884329, 53.957112], [31.889511, 53.953881], [31.892979, 53.953388], [31.9074787, 53.9540528], [31.9101187, 53.9525681], [31.9065468, 53.949578], [31.9091188, 53.9472791], [31.9137545, 53.9446241], [31.9194696, 53.9440005], [31.9241582, 53.9443946], [31.9271124, 53.9478573], [31.926886, 53.950653], [31.922929, 53.953771], [31.923301, 53.954538], [31.9346234, 53.9600561], [31.9360182, 53.9600196], [31.937867, 53.956106], [31.937549, 53.951251], [31.936927, 53.950536], [31.937718, 53.949008], [31.939764, 53.947584], [31.945446, 53.947341], [31.951431, 53.945578], [31.958739, 53.944134], [31.963969, 53.941742], [31.968536, 53.941189], [31.974086, 53.94512], [31.976133, 53.945065], [31.986085, 53.940739], [31.99463, 53.938364], [32.00044, 53.938026], [32.004966, 53.938522], [32.009935, 53.94027], [32.025812, 53.951649], [32.036063, 53.955604], [32.041924, 53.956451], [32.068841, 53.957929], [32.070168, 53.959028], [32.0687677, 53.9609927], [32.0690743, 53.9654775], [32.0783607, 53.9660413], [32.083068, 53.964265], [32.0922438, 53.9659195], [32.101612, 53.97064], [32.111802, 53.978057], [32.1192226, 53.9868079], [32.121232, 53.987393], [32.144763, 53.988598], [32.1456, 53.989036], [32.145786, 53.989693], [32.147562, 53.989825], [32.158602, 53.988995], [32.1659022, 53.9920982], [32.1706871, 53.9935884], [32.1718812, 53.9934952], [32.1745801, 53.9913904], [32.181291, 53.9904027], [32.1856029, 53.9917013], [32.1906632, 53.9850048], [32.2103019, 53.98674], [32.2249789, 53.9890234], [32.2274687, 53.9967186], [32.2294624, 53.9980974], [32.2296252, 54.0008883], [32.2383315, 54.0011139], [32.242798, 54.012746], [32.245496, 54.016251], [32.249309, 54.019536], [32.257587, 54.034704], [32.2694, 54.040728], [32.270423, 54.041823], [32.27033, 54.045163], [32.26754, 54.058196], [32.2686705, 54.0599531], [32.275539, 54.062029], [32.286049, 54.061687], [32.301297, 54.058605], [32.304264, 54.061066], [32.318187, 54.06235], [32.33479, 54.059388], [32.341484, 54.057265], [32.34041, 54.05551], [32.338279, 54.054124], [32.338508, 54.053267], [32.335434, 54.049634], [32.334526, 54.049135], [32.332921, 54.046395], [32.332276, 54.041165], [32.333206, 54.040946], [32.347411, 54.043348], [32.356563, 54.045787], [32.371843, 54.046964], [32.386739, 54.0438702], [32.391376, 54.040263], [32.3965071, 54.0373369], [32.399321, 54.0344294], [32.406328, 54.0374508], [32.407151, 54.039358], [32.4073162, 54.0438363], [32.4102769, 54.046312], [32.4124226, 54.0512033], [32.4159566, 54.0549377], [32.4152517, 54.0573654], [32.4159718, 54.0584946], [32.4181258, 54.0593375], [32.4178535, 54.0597917], [32.4188576, 54.06122], [32.4182977, 54.0623568], [32.4183264, 54.0646526], [32.415894, 54.068052], [32.41701, 54.072269], [32.419266, 54.075189], [32.424866, 54.080031], [32.430028, 54.085512], [32.431521, 54.087788], [32.431451, 54.089017], [32.430103, 54.09108], [32.422727, 54.092679], [32.420403, 54.092721], [32.410384, 54.089071], [32.406305, 54.088843], [32.404081, 54.089452], [32.402507, 54.090523], [32.402112, 54.091428], [32.40324, 54.093761], [32.405222, 54.095614], [32.402756, 54.10188], [32.399129, 54.109516], [32.395319, 54.113981], [32.390107, 54.116575], [32.389595, 54.116982], [32.389688, 54.117715], [32.391963, 54.118618], [32.398525, 54.118666], [32.403257, 54.122376], [32.403734, 54.123232], [32.402896, 54.125833], [32.404742, 54.127612], [32.409487, 54.128435], [32.412017, 54.128052], [32.414941, 54.126485], [32.415778, 54.126539], [32.433172, 54.135825], [32.433783, 54.139351], [32.438113, 54.142785], [32.4510483, 54.1460925], [32.4637509, 54.1548784], [32.4608598, 54.1676715], [32.463401, 54.169791], [32.462517, 54.172071], [32.465215, 54.176633], [32.465122, 54.17742], [32.464774, 54.177963], [32.462703, 54.178506], [32.452611, 54.179212], [32.449356, 54.180108], [32.447589, 54.18095], [32.443543, 54.184534], [32.437404, 54.192706], [32.4271, 54.210007], [32.42694, 54.211712], [32.4292763, 54.2165222], [32.4217925, 54.2219889], [32.4315551, 54.22915], [32.4259998, 54.2323725], [32.425126, 54.238265], [32.426103, 54.251135], [32.4276403, 54.2560233], [32.4270376, 54.2587696], [32.4320159, 54.2638761], [32.4422884, 54.2728667], [32.440802, 54.2770263], [32.4433784, 54.2791976], [32.4407805, 54.2818432], [32.4393506, 54.28456], [32.428653, 54.2838198], [32.4145662, 54.2791474], [32.4107492, 54.2762674], [32.408477, 54.27815], [32.407826, 54.27815], [32.4061007, 54.280016], [32.4079875, 54.2837261], [32.4071823, 54.2866391], [32.4078461, 54.2967042], [32.4030182, 54.2971653], [32.3974435, 54.2918292], [32.3877535, 54.2869169], [32.3837353, 54.2888533], [32.3786826, 54.2857787], [32.378862, 54.2840954], [32.3771793, 54.280909], [32.3716702, 54.2804851], [32.3702051, 54.2811125], [32.3635595, 54.2870476], [32.3510959, 54.284531], [32.3453016, 54.2987278], [32.3465839, 54.3065205], [32.3335613, 54.303497], [32.333426, 54.3020071], [32.3311405, 54.2992016], [32.3282859, 54.2971481], [32.3259723, 54.2969692], [32.3134508, 54.3002506], [32.3079729, 54.3007352], [32.3082011, 54.2975228], [32.3032031, 54.2964235], [32.298911, 54.2934934], [32.2988925, 54.2879129], [32.2923953, 54.2858556], [32.291374, 54.28415], [32.287027, 54.281079], [32.2776123, 54.2766766], [32.2689423, 54.2825522], [32.241165, 54.2780074], [32.2340123, 54.2781887], [32.2266958, 54.2796446], [32.2216635, 54.2794515], [32.2117888, 54.2755532], [32.219188, 54.2701396], [32.2104676, 54.2666464], [32.2035118, 54.2707941], [32.2014243, 54.2756185], [32.1898099, 54.2826088], [32.174457, 54.28244], [32.1712646, 54.2815744], [32.170125, 54.282577], [32.16882, 54.28105], [32.159607, 54.281849], [32.153762, 54.283308], [32.149483, 54.283091], [32.144527, 54.281967], [32.142051, 54.279219], [32.139754, 54.278924], [32.13408, 54.292494], [32.129222, 54.29201], [32.118957, 54.292286], [32.104187, 54.293493], [32.10344, 54.29254], [32.103586, 54.290771], [32.106819, 54.286851], [32.107049, 54.285433], [32.105922, 54.283601], [32.099397, 54.280951], [32.083882, 54.283175], [32.074271, 54.285168], [32.074237, 54.289703], [32.074748, 54.291202], [32.076516, 54.292511], [32.065008, 54.291439], [32.053634, 54.292293], [32.052766, 54.292898], [32.052513, 54.295861], [32.05024, 54.297256], [32.047662, 54.299767], [32.043124, 54.300027], [32.042891, 54.301345], [32.044008, 54.303199], [32.043635, 54.304126], [32.041589, 54.304508], [32.038985, 54.306471], [32.036807, 54.307416], [32.030126, 54.306689], [32.029126, 54.306853], [32.027043, 54.309063], [32.021824, 54.309506], [32.019731, 54.309088], [32.014848, 54.306116], [32.008037, 54.304614], [32.007191, 54.304032], [32.006673, 54.301916], [32.004386, 54.299939], [31.995641, 54.28684], [31.996431, 54.284113], [31.994664, 54.27866], [31.994804, 54.276861], [31.996189, 54.274454], [31.995888, 54.273562], [31.994658, 54.273022], [31.992386, 54.269417], [31.985038, 54.267829], [31.97941, 54.263555], [31.979457, 54.263146], [31.987804, 54.26018], [31.988084, 54.259382], [31.983668, 54.252382], [31.979231, 54.251231], [31.979976, 54.249036], [31.978753, 54.248235], [31.979585, 54.246211], [31.979504, 54.244549], [31.98056, 54.24401], [31.984552, 54.243873], [31.986603, 54.242165], [31.986759, 54.241552], [31.984387, 54.241252], [31.980787, 54.242259], [31.978992, 54.242151], [31.973199, 54.239617], [31.968518, 54.238463], [31.963831, 54.238743], [31.962436, 54.234599], [31.955712, 54.230527], [31.953789, 54.216827], [31.95741, 54.210012], [31.958284, 54.206938], [31.957953, 54.204878], [31.954064, 54.200245], [31.942817, 54.196839], [31.937709, 54.191673], [31.934742, 54.190281], [31.918015, 54.186673], [31.912583, 54.186418], [31.909511, 54.188438], [31.908168, 54.190601], [31.907633, 54.192303], [31.908535, 54.193373], [31.90807, 54.194518], [31.90128, 54.195309], [31.896955, 54.194028], [31.891095, 54.189692], [31.878771, 54.186557], [31.868168, 54.180395], [31.868307, 54.179877], [31.873934, 54.176523], [31.866307, 54.174669], [31.869176, 54.164275], [31.867942, 54.160679], [31.868028, 54.159128], [31.8686625, 54.1582339], [31.874564, 54.157533], [31.877326, 54.156194], [31.878244, 54.155061], [31.878336, 54.148845], [31.869694, 54.142439], [31.86424, 54.139889], [31.858447, 54.138532], [31.856089, 54.139138], [31.8531, 54.141814], [31.838019, 54.147312], [31.836544, 54.148658], [31.833844, 54.155888], [31.828777, 54.157901], [31.816964, 54.158528], [31.812081, 54.15801], [31.8037637, 54.1537278], [31.8028827, 54.1491455], [31.8070186, 54.1484082], [31.8091781, 54.1410967], [31.8049735, 54.1353281], [31.8082575, 54.1299308], [31.8003568, 54.1286108], [31.805862, 54.1222509], [31.7993903, 54.1221669], [31.7970347, 54.1214841], [31.7918696, 54.1219687], [31.7882941, 54.1200894], [31.7927458, 54.1186426], [31.7974821, 54.1135792], [31.7975041, 54.1089963], [31.7892442, 54.1030362], [31.786921, 54.106205], [31.778624, 54.1140325], [31.7742933, 54.1127549], [31.7725476, 54.1075891], [31.7700841, 54.0959185], [31.768, 54.09016], [31.76414, 54.08552], [31.7545584, 54.084275], [31.7534403, 54.0831026]]]}}, {"type": "Feature", "properties": {"rda_code": "SM-27", "rda_name": "HOLM-ZHIRKOVSKIY AREA", "osm_name": "Холм-Жирковский муниципальный округ", "match_score": 1.0, "match_reason": "alias:холм жирковскии"}, "geometry": {"type": "Polygon", "coordinates": [[[32.661765, 55.549075], [32.669561, 55.539548], [32.685198, 55.53192], [32.723873, 55.517344], [32.740237, 55.513275], [32.762316, 55.503531], [32.786985, 55.495085], [32.8018393, 55.4947672], [32.8100456, 55.4961189], [32.8124814, 55.4973245], [32.817408, 55.4949979], [32.817408, 55.4912722], [32.8181895, 55.4879014], [32.8220217, 55.4890834], [32.8261297, 55.48784], [32.8296187, 55.4852095], [32.8328826, 55.486995], [32.8354993, 55.4873777], [32.837223, 55.486191], [32.84375, 55.475726], [32.863686, 55.477448], [32.866535, 55.472214], [32.869841, 55.457424], [32.864724, 55.457242], [32.864828, 55.456419], [32.868652, 55.45356], [32.87089, 55.450715], [32.873912, 55.449578], [32.877136, 55.449581], [32.896857, 55.452481], [32.897893, 55.452246], [32.898491, 55.447876], [32.899806, 55.446745], [32.902336, 55.446011], [32.904958, 55.446776], [32.9127812, 55.4454928], [32.914267, 55.445957], [32.914741, 55.445778], [32.915521, 55.443317], [32.916758, 55.443223], [32.917795, 55.443804], [32.92085, 55.449411], [32.919266, 55.450802], [32.919107, 55.451296], [32.919832, 55.452329], [32.92157, 55.452869], [32.925996, 55.452234], [32.929041, 55.453819], [32.930274, 55.455282], [32.930272, 55.456135], [32.927006, 55.461522], [32.924632, 55.463407], [32.925737, 55.463812], [32.928471, 55.462387], [32.929929, 55.462817], [32.929927, 55.463985], [32.928518, 55.464838], [32.926541, 55.465106], [32.926303, 55.465824], [32.931062, 55.471117], [32.931004, 55.471746], [32.925517, 55.474115], [32.925179, 55.475129], [32.926812, 55.47629], [32.925109, 55.478632], [32.925595, 55.479538], [32.94205, 55.476407], [32.9576637, 55.4727966], [32.9662775, 55.4665903], [32.9735184, 55.4664049], [32.9687437, 55.459954], [32.9675009, 55.4598134], [32.965554, 55.4567199], [32.9692457, 55.4549244], [32.9643794, 55.4488253], [32.9676306, 55.4477651], [32.967362, 55.447078], [32.9801981, 55.4437485], [32.9899497, 55.4439671], [32.9904634, 55.4429626], [32.9979321, 55.4440193], [32.997842, 55.4409715], [32.9942123, 55.4358206], [32.9935865, 55.4254019], [32.9893007, 55.427019], [32.986536, 55.429261], [32.980868, 55.431139], [32.971115, 55.436328], [32.957527, 55.436899], [32.945366, 55.43837], [32.944693, 55.437959], [32.944843, 55.435421], [32.950186, 55.430022], [32.95615, 55.424898], [32.963557, 55.414442], [32.972899, 55.414025], [33.014537, 55.416048], [33.016576, 55.413589], [33.015751, 55.411665], [33.013103, 55.410209], [33.003568, 55.408209], [32.988072, 55.403918], [32.987087, 55.403359], [32.986724, 55.402565], [32.986215, 55.398659], [33.005438, 55.390908], [33.008656, 55.386758], [33.013089, 55.383793], [33.01902, 55.381349], [33.051697, 55.383936], [33.053815, 55.38689], [33.050843, 55.394724], [33.050642, 55.398362], [33.051355, 55.400122], [33.052762, 55.401541], [33.105657, 55.40227], [33.133594, 55.401452], [33.142892, 55.397579], [33.174393, 55.389823], [33.178292, 55.390104], [33.181523, 55.392776], [33.183023, 55.393052], [33.213245, 55.390237], [33.221055, 55.390169], [33.2271749, 55.3895192], [33.2242939, 55.3844077], [33.260415, 55.378792], [33.263146, 55.381517], [33.269688, 55.396898], [33.273102, 55.39769], [33.303912, 55.391524], [33.3186901, 55.3893514], [33.347461, 55.383839], [33.350056, 55.382862], [33.351337, 55.381493], [33.352263, 55.371777], [33.353729, 55.369669], [33.355291, 55.368504], [33.361445, 55.366563], [33.36545, 55.366341], [33.3684497, 55.3662902], [33.3706115, 55.3683408], [33.3750539, 55.3679343], [33.3767762, 55.3668919], [33.377191, 55.3639431], [33.3801881, 55.3649375], [33.3914807, 55.3638261], [33.3929626, 55.3758045], [33.3980232, 55.3773439], [33.403157, 55.377722], [33.405498, 55.377268], [33.4124154, 55.3782734], [33.418489, 55.376381], [33.452758, 55.373928], [33.471455, 55.371702], [33.471822, 55.374218], [33.47316, 55.374534], [33.477968, 55.374246], [33.480104, 55.37483], [33.482293, 55.374507], [33.484755, 55.37589], [33.486328, 55.376132], [33.500442, 55.373746], [33.507177, 55.37146], [33.512876, 55.370646], [33.5352173, 55.3737242], [33.5383743, 55.3779096], [33.5462067, 55.3772754], [33.543834, 55.383016], [33.55401, 55.383033], [33.561062, 55.37965], [33.56396, 55.379296], [33.566362, 55.379626], [33.5772133, 55.3841888], [33.5772494, 55.3856567], [33.5805175, 55.3864121], [33.580213, 55.3882229], [33.5896641, 55.3884282], [33.596363, 55.39023], [33.6193044, 55.3988806], [33.6289817, 55.4035506], [33.628579, 55.405223], [33.6216394, 55.4111578], [33.6345894, 55.4152288], [33.6437725, 55.4134518], [33.6483736, 55.4139827], [33.6573238, 55.4174957], [33.6594218, 55.4141681], [33.6691218, 55.4155642], [33.6761262, 55.4156488], [33.6791564, 55.4142672], [33.7016596, 55.4301676], [33.7034372, 55.4302961], [33.7054479, 55.4284873], [33.711987, 55.425915], [33.714211, 55.426629], [33.715152, 55.426274], [33.718229, 55.426956], [33.719398, 55.427812], [33.720901, 55.427956], [33.721258, 55.427291], [33.720761, 55.424624], [33.723122, 55.424179], [33.718812, 55.421653], [33.718901, 55.419926], [33.719669, 55.419277], [33.722027, 55.418602], [33.725594, 55.418568], [33.729328, 55.416417], [33.732401, 55.416066], [33.735882, 55.416432], [33.736266, 55.416699], [33.735494, 55.418047], [33.737167, 55.418491], [33.737778, 55.418096], [33.738162, 55.416786], [33.739434, 55.416392], [33.745117, 55.416313], [33.745356, 55.415593], [33.743614, 55.415316], [33.74337, 55.414826], [33.745452, 55.411469], [33.740408, 55.408536], [33.741201, 55.407866], [33.744747, 55.408402], [33.745782, 55.408009], [33.742394, 55.404003], [33.739644, 55.402288], [33.73863, 55.400354], [33.741479, 55.397436], [33.743847, 55.396479], [33.744556, 55.396546], [33.745649, 55.397581], [33.748177, 55.39691], [33.748492, 55.398534], [33.749129, 55.398844], [33.750856, 55.39754], [33.750709, 55.395565], [33.752301, 55.394666], [33.754169, 55.395804], [33.7541, 55.396299], [33.752519, 55.397], [33.753234, 55.398092], [33.756628, 55.398942], [33.757387, 55.398703], [33.757668, 55.397691], [33.756934, 55.396739], [33.756616, 55.39499], [33.758924, 55.392703], [33.762075, 55.393249], [33.764839, 55.391732], [33.765791, 55.390387], [33.765091, 55.388443], [33.768114, 55.384004], [33.763226, 55.380091], [33.763085, 55.376859], [33.763805, 55.375731], [33.764515, 55.374927], [33.770502, 55.372959], [33.773503, 55.373146], [33.774358, 55.374946], [33.775633, 55.374803], [33.776095, 55.374226], [33.775995, 55.372942], [33.774622, 55.370678], [33.77264, 55.368553], [33.774844, 55.368341], [33.775571, 55.367573], [33.776818, 55.368427], [33.779184, 55.368475], [33.779892, 55.36839], [33.779897, 55.367806], [33.782582, 55.368031], [33.783308, 55.367272], [33.786594, 55.367547], [33.787245, 55.366959], [33.786774, 55.366244], [33.788031, 55.365257], [33.790393, 55.365035], [33.791336, 55.364094], [33.793397, 55.363874], [33.796002, 55.36401], [33.79718, 55.364551], [33.801965, 55.3685], [33.808192, 55.367817], [33.806695, 55.364039], [33.806794, 55.363008], [33.808136, 55.36358], [33.813731, 55.363408], [33.819474, 55.365391], [33.822096, 55.364484], [33.826725, 55.364902], [33.840282, 55.379514], [33.832622, 55.382109], [33.831984, 55.382517], [33.832066, 55.38346], [33.831588, 55.383957], [33.82535, 55.387494], [33.824165, 55.389693], [33.822106, 55.390857], [33.821161, 55.393244], [33.820148, 55.393826], [33.818833, 55.398713], [33.820909, 55.403576], [33.824235, 55.409006], [33.833577, 55.418518], [33.8400739, 55.4223881], [33.839886, 55.424125], [33.8386092, 55.4239655], [33.834595, 55.425598], [33.833605, 55.441585], [33.8471322, 55.4430541], [33.8557121, 55.447253], [33.8453021, 55.4571527], [33.8448856, 55.4626945], [33.8452514, 55.4670113], [33.8661269, 55.4708527], [33.8672598, 55.4759781], [33.8726387, 55.4805772], [33.8794809, 55.4807726], [33.8909423, 55.4866691], [33.8978032, 55.4888574], [33.8999863, 55.4908146], [33.8991931, 55.4927291], [33.9059, 55.4971842], [33.9024327, 55.5050847], [33.899169, 55.509104], [33.899511, 55.509519], [33.898804, 55.51125], [33.897634, 55.512686], [33.875729, 55.519267], [33.875422, 55.518273], [33.873196, 55.517103], [33.871687, 55.51688], [33.872656, 55.515624], [33.871457, 55.512929], [33.871376, 55.511403], [33.860927, 55.51176], [33.848998, 55.513096], [33.8290228, 55.5164418], [33.8232971, 55.525139], [33.8178639, 55.5273604], [33.8169016, 55.5302313], [33.8056609, 55.5302205], [33.783858, 55.547765], [33.768088, 55.55838], [33.767937, 55.55942], [33.768962, 55.560138], [33.768523, 55.561934], [33.766276, 55.562707], [33.756973, 55.563848], [33.756362, 55.564392], [33.756313, 55.565221], [33.761734, 55.574446], [33.761636, 55.5758], [33.760497, 55.577245], [33.757476, 55.579258], [33.757339, 55.579943], [33.757868, 55.580702], [33.764137, 55.583402], [33.760806, 55.585608], [33.761022, 55.587167], [33.763157, 55.587666], [33.767364, 55.585466], [33.77023, 55.585206], [33.771016, 55.585704], [33.769738, 55.589251], [33.769988, 55.58996], [33.770818, 55.590318], [33.772347, 55.59289], [33.775271, 55.595584], [33.769128, 55.598632], [33.762398, 55.600048], [33.746642, 55.601998], [33.725397, 55.603513], [33.70508, 55.604064], [33.684519, 55.6031], [33.664763, 55.6004762], [33.6463034, 55.5906302], [33.6399764, 55.5841337], [33.6342555, 55.5864703], [33.6331983, 55.5874753], [33.6314922, 55.5875986], [33.6300024, 55.5899546], [33.630641, 55.591033], [33.633188, 55.592495], [33.636753, 55.593541], [33.637768, 55.594284], [33.638587, 55.595878], [33.632156, 55.598436], [33.629818, 55.599822], [33.622221, 55.606193], [33.623139, 55.612063], [33.613134, 55.616631], [33.611185, 55.619892], [33.611514, 55.621714], [33.617808, 55.62824], [33.6385, 55.632553], [33.639588, 55.635969], [33.621138, 55.638085], [33.61953, 55.638776], [33.614199, 55.650273], [33.60463, 55.651928], [33.602082, 55.65565], [33.586595, 55.658219], [33.584957, 55.658886], [33.58416, 55.659806], [33.584379, 55.660658], [33.587718, 55.663013], [33.587099, 55.665091], [33.588982, 55.668792], [33.58977, 55.674224], [33.58962, 55.675292], [33.588143, 55.677463], [33.58533, 55.678564], [33.579078, 55.679339], [33.57175, 55.677163], [33.568535, 55.667029], [33.56595, 55.664077], [33.566638, 55.663328], [33.569825, 55.662846], [33.568525, 55.661553], [33.566198, 55.660366], [33.566181, 55.659652], [33.5668861, 55.6588403], [33.5606706, 55.6588553], [33.5594186, 55.6582804], [33.5480195, 55.6573472], [33.54357, 55.657577], [33.5380765, 55.6559644], [33.5355905, 55.65602], [33.5339712, 55.6577055], [33.5346698, 55.6591046], [33.524617, 55.6629974], [33.5114475, 55.6661462], [33.5116188, 55.6667645], [33.5095182, 55.6692751], [33.508996, 55.67117], [33.510215, 55.673276], [33.510038, 55.67431], [33.511602, 55.676163], [33.5130624, 55.6774887], [33.5174662, 55.6791386], [33.5207221, 55.6821486], [33.5278868, 55.6863967], [33.5344257, 55.6896794], [33.5346735, 55.6904408], [33.5341639, 55.691606], [33.5305099, 55.6933537], [33.5347681, 55.6936885], [33.5396888, 55.6952946], [33.5402022, 55.6967466], [33.5387289, 55.6970837], [33.5382128, 55.697808], [33.5370199, 55.698238], [33.535269, 55.6981317], [33.5344517, 55.6985292], [33.5335083, 55.6994904], [33.534302, 55.700631], [33.5312363, 55.7014149], [33.532566, 55.702795], [33.5350684, 55.7038799], [33.5358673, 55.706135], [33.5343241, 55.7065209], [33.5337239, 55.7079396], [33.530463, 55.707277], [33.528558, 55.707509], [33.527133, 55.709435], [33.525375, 55.710646], [33.5187102, 55.6983956], [33.5114175, 55.6994297], [33.5126974, 55.7011329], [33.5005444, 55.7037965], [33.4998875, 55.6997086], [33.4942099, 55.6996266], [33.4947922, 55.7045486], [33.4915312, 55.7046634], [33.4895276, 55.7042139], [33.4857663, 55.7077476], [33.4699412, 55.7090044], [33.4690367, 55.7100794], [33.469714, 55.7106112], [33.4693944, 55.7112784], [33.47087, 55.712557], [33.473024, 55.713073], [33.4732818, 55.714041], [33.4745278, 55.7147418], [33.4740798, 55.7156761], [33.4758148, 55.7156753], [33.475669, 55.717085], [33.476389, 55.718155], [33.479582, 55.719584], [33.4821822, 55.7247653], [33.4507457, 55.7253785], [33.4529847, 55.7534073], [33.4512868, 55.7528096], [33.4488088, 55.7559253], [33.4417028, 55.7546774], [33.4333794, 55.7561595], [33.41878, 55.7510987], [33.4060367, 55.7524464], [33.3975822, 55.7488928], [33.3915782, 55.7477899], [33.3959896, 55.7435014], [33.3959896, 55.7421536], [33.3925588, 55.7406831], [33.3904986, 55.7337335], [33.4059152, 55.7312771], [33.410638, 55.7321912], [33.4210766, 55.7272718], [33.3865554, 55.7287056], [33.3453031, 55.7294683], [33.3451412, 55.7266457], [33.3316069, 55.7271579], [33.3305545, 55.7268851], [33.3282615, 55.7247836], [33.3271587, 55.7247836], [33.3214587, 55.7269068], [33.3192107, 55.726845], [33.3159416, 55.7255145], [33.3145069, 55.7233389], [33.3225026, 55.7231906], [33.3266687, 55.7214753], [33.3278635, 55.7185345], [33.3239428, 55.7144909], [33.3163459, 55.713143], [33.3098517, 55.7144907], [33.3039704, 55.7110597], [33.3091169, 55.7071388], [33.3097298, 55.7022375], [33.3048287, 55.6979489], [33.2773511, 55.6992963], [33.2692639, 55.7008891], [33.2600742, 55.6997861], [33.2579911, 55.7007663], [33.2658328, 55.7053001], [33.2665679, 55.7086085], [33.2723269, 55.7071382], [33.2707341, 55.7055453], [33.272082, 55.7039524], [33.2771058, 55.7030947], [33.2831097, 55.7051779], [33.2862954, 55.7079962], [33.2807815, 55.7072609], [33.2791885, 55.7097115], [33.2762477, 55.710079], [33.2746241, 55.7127747], [33.2660467, 55.7159604], [33.2639638, 55.7149801], [33.2649442, 55.7119168], [33.2623711, 55.7110591], [33.2612681, 55.7136322], [33.2590626, 55.7137547], [33.2590627, 55.7105689], [33.2567347, 55.7099562], [33.2552643, 55.7109364], [33.2504702, 55.7099173], [33.2466845, 55.713592], [33.2360887, 55.7111805], [33.2328481, 55.7085374], [33.2294913, 55.7092377], [33.2283397, 55.7106062], [33.2246275, 55.7115271], [33.2227077, 55.7096026], [33.2198498, 55.7078368], [33.2210735, 55.7061303], [33.2150596, 55.7075982], [33.2104398, 55.7098296], [33.2103812, 55.7093013], [33.2098234, 55.7092456], [33.208015, 55.7096967], [33.2070668, 55.7083734], [33.2028023, 55.7082366], [33.2022535, 55.7076536], [33.2032881, 55.7070453], [33.203122, 55.7066779], [33.2005801, 55.7055905], [33.1983848, 55.7034715], [33.1960366, 55.7027922], [33.1971252, 55.700308], [33.1968325, 55.6967506], [33.1977768, 55.6954954], [33.1953002, 55.6897309], [33.1957166, 55.6866048], [33.1837382, 55.6824467], [33.1854538, 55.679506], [33.184106, 55.6782806], [33.1777343, 55.6790157], [33.1721899, 55.6761974], [33.1728027, 55.6739919], [33.1680241, 55.6711736], [33.168164, 55.6674361], [33.1664601, 55.6666572], [33.1658069, 55.6658315], [33.1653311, 55.6623796], [33.1703432, 55.6603671], [33.170343, 55.6593087], [33.1578549, 55.6537739], [33.1540564, 55.6558569], [33.1518509, 55.6547541], [33.1530977, 55.6509235], [33.1441623, 55.646757], [33.1433701, 55.6443126], [33.1416005, 55.6447648], [33.1405016, 55.6431401], [33.1365677, 55.641044], [33.1341765, 55.6390698], [33.1281724, 55.6415203], [33.1236081, 55.6417653], [33.1204225, 55.636864], [33.1172367, 55.6364963], [33.1102522, 55.64152], [33.1055961, 55.6406622], [33.096988, 55.6464211], [33.0940468, 55.6541405], [33.0849073, 55.6552551], [33.0792206, 55.6541403], [33.0745644, 55.6548754], [33.0721132, 55.6663933], [33.0702444, 55.6689664], [33.0522324, 55.6688436], [33.0526003, 55.662717], [33.0377434, 55.6618591], [33.0377435, 55.6598986], [33.0430124, 55.6590409], [33.0465519, 55.6573411], [33.0461331, 55.6561564], [33.044775, 55.6550655], [33.0391217, 55.6550904], [33.0340679, 55.6542621], [33.0316173, 55.6529142], [33.0275738, 55.6538944], [33.0247557, 55.6511986], [33.0061005, 55.6475224], [32.9971556, 55.6510756], [32.9966654, 55.652301], [33.0016891, 55.6526686], [33.0029142, 55.6568347], [32.990179, 55.6641734], [32.9880166, 55.666816], [32.9747899, 55.6689033], [32.9724968, 55.6644164], [32.9603075, 55.660029], [32.9585128, 55.6589321], [32.9538261, 55.6657123], [32.9465224, 55.6650142], [32.9473199, 55.6685041], [32.9425339, 55.6684043], [32.9431322, 55.6671081], [32.9410385, 55.6632194], [32.9416369, 55.659231], [32.923365, 55.6624214], [32.9211715, 55.6610254], [32.9212713, 55.6581338], [32.9190777, 55.6578347], [32.9161863, 55.654943], [32.9167847, 55.6520515], [32.91499, 55.6501569], [32.9114159, 55.6487739], [32.9113847, 55.6468992], [32.9102429, 55.6454838], [32.9117143, 55.6440826], [32.9112435, 55.6429133], [32.9115435, 55.6423245], [32.9108903, 55.6416112], [32.9120911, 55.6407608], [32.9125968, 55.6393391], [32.9105779, 55.6370814], [32.908231, 55.6363261], [32.9081938, 55.6351529], [32.9092401, 55.6341443], [32.9086234, 55.6320349], [32.9002741, 55.6356208], [32.8971513, 55.6394322], [32.8977578, 55.639938], [32.8831508, 55.6475523], [32.8915922, 55.6493167], [32.8933977, 55.6569542], [32.8914187, 55.6589149], [32.8927982, 55.6604839], [32.8919365, 55.66097], [32.8843316, 55.6595143], [32.8848591, 55.6583762], [32.8809482, 55.6567092], [32.8648678, 55.6541344], [32.8614216, 55.6539613], [32.8615971, 55.6518533], [32.8428001, 55.6534213], [32.836917, 55.658307], [32.830037, 55.6584066], [32.8287407, 55.660301], [32.8223343, 55.6606749], [32.8247271, 55.6656604], [32.8246272, 55.6692499], [32.8227327, 55.6693496], [32.8222341, 55.6707456], [32.8161516, 55.6751327], [32.8074769, 55.6738363], [32.7965838, 55.6698478], [32.7896039, 55.6748331], [32.7721299, 55.6724398], [32.7650502, 55.6786217], [32.7388776, 55.679727], [32.725874, 55.67112], [32.720757, 55.66651], [32.716881, 55.659738], [32.712679, 55.655626], [32.710106, 55.652132], [32.703522, 55.64891], [32.701454, 55.647154], [32.700563, 55.64525], [32.699711, 55.644509], [32.694874, 55.643697], [32.692564, 55.642479], [32.684391, 55.633916], [32.680024, 55.626172], [32.672544, 55.602949], [32.665582, 55.57905], [32.666079, 55.571131], [32.659475, 55.570579], [32.65864, 55.569617], [32.65817, 55.567155], [32.659513, 55.562129], [32.661503, 55.557508], [32.662397, 55.551134], [32.661765, 55.549075]]]}}, {"type": "Feature", "properties": {"rda_code": "SM-28", "rda_name": "SHUMYACHSKY AREA", "osm_name": "Шумячский муниципальный округ", "match_score": 1.0, "match_reason": "alias:shumyachskii"}, "geometry": {"type": "Polygon", "coordinates": [[[31.7610099, 53.7983646], [31.760674, 53.7971284], [31.7612195, 53.7961618], [31.766442, 53.7930661], [31.7700557, 53.7919579], [31.7722195, 53.7927961], [31.7714417, 53.7932207], [31.7697536, 53.7931376], [31.7680353, 53.7940699], [31.7688676, 53.7955243], [31.7726541, 53.7961296], [31.7766613, 53.7955719], [31.7778575, 53.7949699], [31.7794051, 53.7963199], [31.7792775, 53.7969605], [31.7760819, 53.79753], [31.7775919, 53.7981505], [31.7768642, 53.7994806], [31.7789993, 53.7993888], [31.7797902, 53.7998], [31.7796251, 53.8005543], [31.7776394, 53.8003242], [31.77701, 53.8006635], [31.7786622, 53.801671], [31.7789465, 53.8026689], [31.7779165, 53.803312], [31.7755236, 53.8032529], [31.7758942, 53.8037112], [31.7787188, 53.8041888], [31.7792891, 53.8052601], [31.7799121, 53.8051336], [31.7794261, 53.8041121], [31.780779, 53.8033629], [31.7833855, 53.8030343], [31.7854496, 53.8033363], [31.7853856, 53.8020189], [31.7858174, 53.8017548], [31.7885068, 53.8025321], [31.7876602, 53.8048189], [31.7895387, 53.80677], [31.7923699, 53.8062949], [31.7947615, 53.8066697], [31.7973832, 53.8063056], [31.8001767, 53.8073319], [31.8023048, 53.8073935], [31.805417, 53.8068984], [31.8068629, 53.80584], [31.8114071, 53.8065308], [31.8122122, 53.8059752], [31.8112174, 53.803335], [31.8102693, 53.8022252], [31.808792, 53.8019166], [31.8068312, 53.8025212], [31.806322, 53.8021208], [31.8077912, 53.8014013], [31.8084347, 53.8002706], [31.8128556, 53.8001988], [31.8141454, 53.8012432], [31.8145384, 53.8010392], [31.8146063, 53.799912], [31.8160499, 53.7996441], [31.8201354, 53.8005799], [31.8201871, 53.801026], [31.8187409, 53.8014059], [31.8187127, 53.8021598], [31.8213351, 53.8021862], [31.8235375, 53.8016355], [31.8310735, 53.796925], [31.8327179, 53.7953091], [31.8356956, 53.7944061], [31.8367106, 53.7945326], [31.8374617, 53.7952195], [31.8380692, 53.7946815], [31.8395113, 53.7949342], [31.8399354, 53.7945037], [31.8390012, 53.7940129], [31.8391192, 53.793433], [31.8432959, 53.7933213], [31.8444088, 53.7907583], [31.8452157, 53.7903403], [31.8473371, 53.7902977], [31.8469869, 53.7914876], [31.8477485, 53.7928258], [31.8494114, 53.7928984], [31.8507318, 53.792313], [31.8527183, 53.7907584], [31.855399, 53.7864012], [31.8562585, 53.7862338], [31.8574347, 53.7868386], [31.8604139, 53.7872118], [31.8608267, 53.7840105], [31.8618234, 53.7834309], [31.8647482, 53.7835354], [31.8680932, 53.7824203], [31.8691695, 53.7834456], [31.8687558, 53.7845646], [31.8710748, 53.7848168], [31.872666, 53.7865304], [31.8733921, 53.7866352], [31.8738523, 53.7851218], [31.8752355, 53.7837911], [31.8767398, 53.7836471], [31.8784542, 53.7842088], [31.8809369, 53.7835158], [31.8841594, 53.7836148], [31.8875994, 53.7816593], [31.8878151, 53.7810172], [31.886968, 53.7794243], [31.8877922, 53.7781878], [31.8938176, 53.7775607], [31.8952253, 53.776081], [31.8981702, 53.774532], [31.8993634, 53.7750727], [31.9023043, 53.7799378], [31.9006515, 53.7814275], [31.903069, 53.7825591], [31.9037913, 53.7849139], [31.9060991, 53.7869407], [31.9079492, 53.786665], [31.9087972, 53.7856548], [31.9098069, 53.785545], [31.9118361, 53.7867306], [31.9133525, 53.7866946], [31.9149911, 53.7857992], [31.916914, 53.7859668], [31.9177189, 53.7863564], [31.918669, 53.7886303], [31.9206318, 53.7889763], [31.9238877, 53.7885402], [31.9239306, 53.7872567], [31.9247836, 53.7865468], [31.9255239, 53.7869017], [31.9248624, 53.7882273], [31.9264215, 53.7892023], [31.9275263, 53.7892953], [31.9326005, 53.7873038], [31.9356906, 53.7873433], [31.9375802, 53.7865855], [31.9394458, 53.7864931], [31.939891, 53.7849521], [31.9412656, 53.7842642], [31.9426006, 53.7845747], [31.9440244, 53.7860698], [31.9457627, 53.7859858], [31.9462496, 53.7857583], [31.9460845, 53.7851335], [31.9441306, 53.7840491], [31.9447442, 53.7832552], [31.9489142, 53.7839804], [31.9500433, 53.7832928], [31.9520502, 53.7862291], [31.952303, 53.7877669], [31.9513053, 53.7885687], [31.9519102, 53.7896127], [31.9539894, 53.7887278], [31.9564418, 53.7898475], [31.9583556, 53.788824], [31.9638557, 53.7903511], [31.9659992, 53.7885938], [31.9721514, 53.7888254], [31.9730771, 53.7900218], [31.9725011, 53.7905167], [31.9687772, 53.7899507], [31.9687356, 53.7924794], [31.9773648, 53.7927453], [31.9777244, 53.7966834], [31.9795676, 53.797144], [31.980319, 53.7991789], [31.9822614, 53.8003805], [31.9836083, 53.8025575], [31.9852317, 53.8019672], [31.9896938, 53.804133], [31.9930574, 53.8033578], [32.0016184, 53.8046628], [32.0023689, 53.8037782], [32.0102518, 53.8036107], [32.0111403, 53.80099], [32.0207392, 53.8009567], [32.0243545, 53.8026188], [32.0340766, 53.8001085], [32.0483288, 53.7984979], [32.0496362, 53.7988804], [32.048907, 53.801149], [32.0428261, 53.8056755], [32.0493155, 53.8065279], [32.06411, 53.80417], [32.06909, 53.80494], [32.07493, 53.80443], [32.0830474, 53.802843], [32.0881955, 53.80657], [32.0898952, 53.8088511], [32.0953542, 53.8059406], [32.1001084, 53.8145905], [32.1043741, 53.8147799], [32.1131215, 53.8206645], [32.1185282, 53.8210624], [32.1265321, 53.818147], [32.13284, 53.8143637], [32.1316285, 53.8131598], [32.1418916, 53.8126529], [32.1407221, 53.8051846], [32.1470392, 53.8056814], [32.1522678, 53.805206], [32.148861, 53.8011445], [32.1750171, 53.7995665], [32.1774221, 53.7927188], [32.1861266, 53.7983199], [32.1895695, 53.7977467], [32.1891131, 53.7969752], [32.1905513, 53.7956239], [32.1939682, 53.7962748], [32.1970442, 53.7952849], [32.197547, 53.79438], [32.1997458, 53.7943775], [32.2018107, 53.7969555], [32.2035318, 53.7974227], [32.2053129, 53.7987668], [32.2080495, 53.7995665], [32.2204674, 53.7850868], [32.2235143, 53.783885], [32.224226, 53.7816761], [32.2190741, 53.7818002], [32.2162487, 53.77959], [32.2194875, 53.7710494], [32.229368, 53.7661262], [32.2512315, 53.7655741], [32.2569248, 53.7659826], [32.2614218, 53.7725819], [32.2848442, 53.7759304], [32.2906956, 53.7699687], [32.2684226, 53.7627298], [32.2723561, 53.7584989], [32.2835937, 53.7625452], [32.2869102, 53.7612024], [32.288174, 53.7617459], [32.2952846, 53.7597318], [32.3055418, 53.7608385], [32.3100327, 53.7597061], [32.309115, 53.7570725], [32.3153395, 53.7585001], [32.3315046, 53.7594658], [32.3339389, 53.7517317], [32.3380474, 53.7504294], [32.3414009, 53.7512853], [32.3481907, 53.7459277], [32.3470613, 53.7452887], [32.3506264, 53.7415073], [32.3558739, 53.7402414], [32.3545473, 53.7293713], [32.3583613, 53.7207306], [32.367613, 53.7178468], [32.3691746, 53.7173989], [32.3724093, 53.7181831], [32.3951153, 53.729842], [32.4130706, 53.7315123], [32.41421, 53.72829], [32.42297, 53.7289], [32.433594, 53.7325817], [32.4396518, 53.7331902], [32.4461669, 53.7365707], [32.4606829, 53.7376525], [32.4601316, 53.7294586], [32.45876, 53.72692], [32.46254, 53.721], [32.48116, 53.71902], [32.4916401, 53.7123301], [32.495535, 53.713507], [32.498248, 53.717158], [32.502313, 53.717947], [32.502845, 53.719073], [32.501418, 53.720349], [32.502279, 53.721057], [32.504788, 53.721309], [32.505953, 53.722605], [32.50729, 53.72317], [32.509743, 53.722963], [32.511719, 53.723514], [32.513325, 53.723213], [32.513987, 53.724043], [32.514919, 53.724252], [32.515463, 53.725564], [32.517403, 53.725646], [32.517702, 53.726007], [32.517174, 53.727083], [32.522207, 53.727339], [32.523764, 53.729149], [32.523499, 53.730513], [32.528093, 53.731556], [32.528404, 53.732616], [32.530595, 53.732814], [32.530427, 53.733951], [32.531055, 53.734749], [32.530706, 53.735994], [32.525834, 53.738017], [32.525638, 53.739668], [32.526625, 53.740914], [32.529148, 53.7407], [32.530264, 53.742001], [32.5303, 53.742912], [32.53241, 53.743999], [32.532266, 53.744672], [32.535345, 53.745843], [32.535484, 53.747012], [32.537379, 53.748097], [32.536228, 53.749377], [32.536449, 53.750195], [32.537517, 53.751009], [32.539036, 53.750691], [32.541747, 53.750971], [32.542716, 53.752026], [32.546727, 53.752191], [32.548103, 53.751965], [32.549556, 53.750767], [32.552271, 53.752017], [32.555366, 53.751971], [32.555979, 53.752606], [32.555785, 53.753394], [32.557924, 53.754089], [32.55907, 53.75419], [32.559447, 53.75347], [32.560946, 53.754062], [32.564411, 53.754358], [32.565038, 53.754732], [32.565039, 53.756504], [32.564344, 53.757381], [32.565318, 53.75925], [32.567378, 53.758694], [32.572085, 53.759862], [32.575305, 53.758968], [32.575697, 53.7592], [32.575026, 53.759656], [32.57527, 53.759869], [32.578677, 53.758645], [32.583025, 53.760358], [32.583734, 53.76011], [32.583781, 53.759099], [32.587803, 53.760124], [32.590319, 53.758631], [32.593129, 53.758596], [32.59428, 53.759092], [32.593129, 53.759883], [32.599925, 53.760937], [32.6018819, 53.7617473], [32.6028561, 53.7617124], [32.6026097, 53.7609875], [32.6037204, 53.7605106], [32.605174, 53.7608938], [32.6049217, 53.7618983], [32.6071519, 53.7615059], [32.6077712, 53.7620271], [32.610801, 53.761369], [32.6116059, 53.7616773], [32.6115267, 53.7624035], [32.6124486, 53.7628256], [32.615684, 53.76247], [32.617569, 53.763205], [32.619021, 53.765642], [32.618521, 53.768621], [32.616609, 53.771962], [32.617821, 53.773798], [32.621195, 53.774593], [32.622718, 53.775577], [32.625378, 53.775107], [32.630298, 53.777988], [32.635763, 53.78009], [32.637183, 53.781675], [32.637005, 53.782932], [32.637972, 53.78426], [32.640947, 53.786844], [32.640507, 53.787335], [32.645704, 53.789977], [32.645706, 53.790973], [32.646836, 53.791965], [32.646088, 53.793445], [32.646439, 53.795827], [32.64999, 53.79767], [32.651471, 53.799039], [32.659761, 53.801678], [32.663704, 53.802085], [32.66422, 53.804009], [32.6658, 53.80572], [32.670329, 53.807096], [32.677699, 53.811925], [32.679374, 53.814577], [32.683596, 53.817044], [32.684026, 53.820361], [32.689325, 53.82661], [32.689443, 53.827626], [32.684419, 53.82879], [32.67638, 53.829451], [32.652913, 53.834315], [32.644518, 53.834547], [32.641475, 53.835165], [32.638848, 53.83681], [32.637123, 53.838938], [32.636682, 53.841399], [32.637467, 53.843751], [32.638984, 53.84657], [32.642289, 53.85019], [32.644425, 53.854202], [32.651308, 53.860015], [32.648759, 53.861403], [32.64675, 53.864268], [32.642366, 53.866119], [32.641977, 53.867107], [32.642186, 53.869398], [32.643783, 53.87111], [32.643658, 53.872147], [32.638798, 53.873706], [32.638444, 53.874913], [32.639061, 53.875678], [32.638904, 53.876172], [32.636316, 53.87832], [32.63327, 53.878949], [32.631613, 53.878302], [32.628915, 53.8793], [32.636938, 53.883636], [32.631966, 53.888918], [32.629892, 53.889818], [32.627334, 53.890051], [32.613016, 53.887124], [32.609662, 53.887342], [32.60722, 53.889025], [32.603563, 53.892852], [32.601942, 53.896343], [32.600849, 53.896972], [32.595803, 53.897314], [32.592766, 53.898827], [32.588897, 53.898914], [32.5889992, 53.8996824], [32.5895521, 53.8999874], [32.5923957, 53.9000118], [32.5927635, 53.9014632], [32.5946118, 53.9024492], [32.5953805, 53.9034591], [32.5953363, 53.9045759], [32.5945966, 53.9059702], [32.5938016, 53.906441], [32.5920674, 53.9056932], [32.5906615, 53.9057327], [32.5906009, 53.9063474], [32.5921429, 53.9076967], [32.5924848, 53.9094435], [32.5913384, 53.9108001], [32.5882699, 53.9112357], [32.5886865, 53.9132767], [32.5901412, 53.9146828], [32.5877066, 53.9157779], [32.5855475, 53.915369], [32.5853517, 53.9159574], [32.5862905, 53.9170141], [32.5914818, 53.9166782], [32.588873, 53.918542], [32.5886214, 53.9196478], [32.5900898, 53.9207214], [32.5916565, 53.9230624], [32.5915125, 53.9242839], [32.5892987, 53.9282069], [32.5894415, 53.9297062], [32.5914087, 53.932796], [32.5917596, 53.9354421], [32.5910388, 53.9388948], [32.5891816, 53.940936], [32.5865323, 53.9483864], [32.5875692, 53.9495184], [32.5872631, 53.9507355], [32.5876754, 53.9513067], [32.5906086, 53.9503236], [32.5919237, 53.9511049], [32.5905665, 53.9522277], [32.590387, 53.9534176], [32.595221, 53.958508], [32.5967096, 53.9614769], [32.5950715, 53.963256], [32.589339, 53.962406], [32.5864844, 53.9627534], [32.5864556, 53.9639453], [32.5821574, 53.9645743], [32.5826737, 53.965249], [32.5880117, 53.9661509], [32.5887217, 53.9668857], [32.5880746, 53.9674076], [32.585479, 53.96666], [32.5846127, 53.9670199], [32.5844616, 53.9680893], [32.5819531, 53.9708104], [32.5823446, 53.9715492], [32.584397, 53.9726012], [32.5843716, 53.9730241], [32.5831087, 53.9733881], [32.5793448, 53.9725811], [32.5790921, 53.9730616], [32.580805, 53.9733929], [32.5820399, 53.9755686], [32.5844235, 53.9765179], [32.587109, 53.9794609], [32.5856035, 53.9806551], [32.5846282, 53.9821803], [32.5826121, 53.9803002], [32.5816809, 53.9807024], [32.5815094, 53.9814744], [32.5775078, 53.9823671], [32.5761702, 53.9843614], [32.5769661, 53.9854953], [32.5767343, 53.985796], [32.5757901, 53.9859114], [32.574167, 53.9850665], [32.5729043, 53.9850365], [32.5728458, 53.9853801], [32.5748384, 53.9886071], [32.5746561, 53.9902131], [32.5756918, 53.9915262], [32.5752577, 53.9923726], [32.5757617, 53.9931752], [32.5754452, 53.9942691], [32.5765296, 53.9947044], [32.5785728, 53.9975219], [32.578092, 53.9979289], [32.5768763, 53.9970189], [32.5762478, 53.9970607], [32.5728844, 53.999686], [32.5740703, 54.0001651], [32.5783512, 54.0001523], [32.5776226, 54.0017776], [32.5784989, 54.0030227], [32.577867, 54.0033724], [32.5764593, 54.0030926], [32.5754024, 54.0023311], [32.5726337, 54.0016372], [32.5719137, 54.0033716], [32.5734324, 54.0040301], [32.5737858, 54.0046955], [32.5722208, 54.0050521], [32.5676995, 54.0077542], [32.5678191, 54.0088477], [32.566082, 54.0122292], [32.5608313, 54.0196973], [32.5615634, 54.0203756], [32.5624661, 54.0204559], [32.5688071, 54.0190536], [32.5707902, 54.0199892], [32.5706697, 54.020336], [32.5685759, 54.0200297], [32.565535, 54.0217814], [32.565915, 54.0220641], [32.5704518, 54.0210419], [32.5718656, 54.0213966], [32.576946, 54.0238701], [32.5813677, 54.02535], [32.5827065, 54.0263683], [32.5826196, 54.0284805], [32.5812505, 54.0296278], [32.5810281, 54.030482], [32.5817672, 54.0317684], [32.5799879, 54.0328248], [32.5796711, 54.0339308], [32.5819687, 54.0385917], [32.5806362, 54.0386355], [32.5802725, 54.0390437], [32.5806957, 54.0401566], [32.5804464, 54.0428407], [32.5794801, 54.0438696], [32.579437, 54.0448289], [32.5801219, 54.0456901], [32.5793506, 54.0465372], [32.5806036, 54.0474453], [32.5803434, 54.0484014], [32.5778659, 54.0491609], [32.5737701, 54.05239], [32.5684658, 54.0521386], [32.560808, 54.050392], [32.553399, 54.051063], [32.543321, 54.057047], [32.539973, 54.057047], [32.526765, 54.052901], [32.51951, 54.053556], [32.516768, 54.055252], [32.515418, 54.057484], [32.514512, 54.061388], [32.516348, 54.065121], [32.517464, 54.068722], [32.511325, 54.083124], [32.509465, 54.086507], [32.506802, 54.086953], [32.48584, 54.084652], [32.468947, 54.083567], [32.466307, 54.081815], [32.465048, 54.079057], [32.4713559, 54.075861], [32.4687044, 54.0723293], [32.4600863, 54.0749106], [32.4589589, 54.0745546], [32.4460231, 54.0837566], [32.430028, 54.085512], [32.424866, 54.080031], [32.419266, 54.075189], [32.41701, 54.072269], [32.415894, 54.068052], [32.4183264, 54.0646526], [32.4182977, 54.0623568], [32.4188576, 54.06122], [32.4178535, 54.0597917], [32.4181258, 54.0593375], [32.4159718, 54.0584946], [32.4152517, 54.0573654], [32.4159566, 54.0549377], [32.4124226, 54.0512033], [32.4102769, 54.046312], [32.4073162, 54.0438363], [32.407151, 54.039358], [32.406328, 54.0374508], [32.399321, 54.0344294], [32.3965071, 54.0373369], [32.391376, 54.040263], [32.386739, 54.0438702], [32.371843, 54.046964], [32.356563, 54.045787], [32.347411, 54.043348], [32.333206, 54.040946], [32.332276, 54.041165], [32.332921, 54.046395], [32.334526, 54.049135], [32.335434, 54.049634], [32.338508, 54.053267], [32.338279, 54.054124], [32.34041, 54.05551], [32.341484, 54.057265], [32.33479, 54.059388], [32.318187, 54.06235], [32.304264, 54.061066], [32.301297, 54.058605], [32.286049, 54.061687], [32.275539, 54.062029], [32.2686705, 54.0599531], [32.26754, 54.058196], [32.27033, 54.045163], [32.270423, 54.041823], [32.2694, 54.040728], [32.257587, 54.034704], [32.249309, 54.019536], [32.245496, 54.016251], [32.242798, 54.012746], [32.2383315, 54.0011139], [32.2296252, 54.0008883], [32.2294624, 53.9980974], [32.2274687, 53.9967186], [32.2249789, 53.9890234], [32.2103019, 53.98674], [32.1906632, 53.9850048], [32.1856029, 53.9917013], [32.181291, 53.9904027], [32.1745801, 53.9913904], [32.1718812, 53.9934952], [32.1706871, 53.9935884], [32.1659022, 53.9920982], [32.158602, 53.988995], [32.147562, 53.989825], [32.145786, 53.989693], [32.1456, 53.989036], [32.144763, 53.988598], [32.121232, 53.987393], [32.1192226, 53.9868079], [32.111802, 53.978057], [32.101612, 53.97064], [32.0922438, 53.9659195], [32.083068, 53.964265], [32.0783607, 53.9660413], [32.0690743, 53.9654775], [32.0687677, 53.9609927], [32.070168, 53.959028], [32.068841, 53.957929], [32.041924, 53.956451], [32.036063, 53.955604], [32.025812, 53.951649], [32.009935, 53.94027], [32.004966, 53.938522], [32.00044, 53.938026], [31.99463, 53.938364], [31.986085, 53.940739], [31.976133, 53.945065], [31.974086, 53.94512], [31.968536, 53.941189], [31.963969, 53.941742], [31.958739, 53.944134], [31.951431, 53.945578], [31.945446, 53.947341], [31.939764, 53.947584], [31.937718, 53.949008], [31.936927, 53.950536], [31.937549, 53.951251], [31.937867, 53.956106], [31.9360182, 53.9600196], [31.9346234, 53.9600561], [31.923301, 53.954538], [31.922929, 53.953771], [31.926886, 53.950653], [31.9271124, 53.9478573], [31.9241582, 53.9443946], [31.9194696, 53.9440005], [31.9137545, 53.9446241], [31.9091188, 53.9472791], [31.9065468, 53.949578], [31.9101187, 53.9525681], [31.9074787, 53.9540528], [31.892979, 53.953388], [31.889511, 53.953881], [31.884329, 53.957112], [31.881387, 53.958055], [31.878206, 53.957909], [31.873308, 53.956497], [31.872376, 53.955464], [31.872796, 53.953552], [31.878532, 53.952575], [31.880917, 53.953397], [31.882562, 53.953388], [31.886494, 53.951067], [31.8877511, 53.9497184], [31.8903371, 53.9488429], [31.8941108, 53.9494266], [31.8944511, 53.9488416], [31.8891831, 53.9449205], [31.8895517, 53.944036], [31.888304, 53.9431181], [31.8795226, 53.9439572], [31.8795479, 53.9420235], [31.8742026, 53.9410589], [31.869368, 53.939287], [31.8735012, 53.9345011], [31.8748612, 53.9345535], [31.879425, 53.928962], [31.875028, 53.927761], [31.872309, 53.928041], [31.8658244, 53.9298744], [31.862245, 53.9329026], [31.8566932, 53.9438303], [31.8543741, 53.9449678], [31.8554112, 53.9467897], [31.8576994, 53.9476137], [31.8571904, 53.9486667], [31.8544458, 53.9490752], [31.8552312, 53.9520006], [31.855891, 53.9527241], [31.8547, 53.9530586], [31.8516361, 53.9509128], [31.8475109, 53.951427], [31.8450462, 53.950488], [31.8444399, 53.9494182], [31.8450477, 53.9486795], [31.8460777, 53.948493], [31.8484693, 53.9499103], [31.8513303, 53.9489385], [31.8508266, 53.9462839], [31.8510438, 53.9439475], [31.8486829, 53.9420101], [31.8485977, 53.9414414], [31.849625, 53.9406378], [31.8519644, 53.9408909], [31.8544614, 53.9392817], [31.8540007, 53.9386683], [31.8505208, 53.9378769], [31.8494319, 53.9370413], [31.8550849, 53.934207], [31.8550578, 53.9333942], [31.8537755, 53.9319882], [31.8505914, 53.9311605], [31.8527807, 53.9274802], [31.8554833, 53.9242084], [31.8518597, 53.9208209], [31.8528713, 53.9195672], [31.8573027, 53.9178554], [31.8561401, 53.9175042], [31.8567441, 53.9169306], [31.8556721, 53.9168017], [31.8551927, 53.9160889], [31.8544415, 53.9164593], [31.854517, 53.915908], [31.8536564, 53.9156679], [31.8545019, 53.9152811], [31.8543056, 53.9138849], [31.8511651, 53.9137159], [31.8502894, 53.9132179], [31.8458957, 53.9149876], [31.8464956, 53.9163269], [31.8448164, 53.9177161], [31.841653, 53.9176376], [31.8403833, 53.9163146], [31.8412255, 53.9149846], [31.8411498, 53.9139942], [31.8379092, 53.9120823], [31.8377863, 53.9114238], [31.8387518, 53.9109849], [31.8420901, 53.9112486], [31.8420718, 53.9106415], [31.8437433, 53.910077], [31.8461895, 53.9066009], [31.8418014, 53.9042023], [31.8308787, 53.9055302], [31.8313899, 53.9037428], [31.8307829, 53.9017616], [31.82786, 53.9004777], [31.826058, 53.8980985], [31.8270346, 53.8959128], [31.8266137, 53.8941944], [31.8269855, 53.892017], [31.8298567, 53.8899595], [31.8296409, 53.886241], [31.8312084, 53.8839407], [31.8300488, 53.8825979], [31.8139984, 53.8789226], [31.8098417, 53.8773354], [31.8015225, 53.8776056], [31.8004615, 53.877328], [31.7985775, 53.8755401], [31.7993914, 53.875011], [31.8029417, 53.8748647], [31.8045602, 53.8734241], [31.8082513, 53.8720761], [31.8103564, 53.8700727], [31.8128702, 53.8705779], [31.8144453, 53.8725309], [31.8170419, 53.8732119], [31.8180576, 53.8729331], [31.8184978, 53.8724782], [31.8181885, 53.8715946], [31.8148325, 53.8690344], [31.8144779, 53.8683001], [31.815688, 53.8672901], [31.8184679, 53.8671607], [31.8188188, 53.8662073], [31.8181376, 53.8655435], [31.8264806, 53.8644479], [31.8380785, 53.8664598], [31.8387973, 53.8655867], [31.8375957, 53.8649857], [31.833111, 53.8586206], [31.8318665, 53.8581397], [31.8255794, 53.8578106], [31.8215346, 53.8603986], [31.8187344, 53.8611832], [31.8142068, 53.8589749], [31.8137187, 53.8565356], [31.8116641, 53.8535518], [31.7894151, 53.8557304], [31.7869076, 53.8525301], [31.7867525, 53.8513417], [31.7877563, 53.8501475], [31.7878432, 53.8490641], [31.7854362, 53.8465672], [31.7816638, 53.8451092], [31.7813989, 53.8446152], [31.7819238, 53.8405987], [31.7828894, 53.8404278], [31.785799, 53.8421307], [31.7884094, 53.8425863], [31.7889784, 53.841974], [31.7890805, 53.8409057], [31.7898963, 53.8403426], [31.7936036, 53.8400502], [31.7942191, 53.8396225], [31.7943318, 53.8378438], [31.7929749, 53.8366061], [31.7901799, 53.8353773], [31.7898904, 53.83382], [31.7852799, 53.8348099], [31.7842888, 53.8342072], [31.7846649, 53.8331075], [31.7842222, 53.832345], [31.7801531, 53.8319793], [31.7787709, 53.8327486], [31.7783612, 53.8349206], [31.7775444, 53.8357642], [31.7714999, 53.8360892], [31.7690776, 53.8357469], [31.7650299, 53.8330835], [31.7634282, 53.8325188], [31.7576795, 53.8329218], [31.7565747, 53.8326015], [31.7562923, 53.8312257], [31.7603444, 53.8283577], [31.7643463, 53.8265524], [31.7644115, 53.8253102], [31.7613967, 53.8246599], [31.7608841, 53.8241399], [31.7626955, 53.8219427], [31.7658841, 53.8217186], [31.7679368, 53.8233731], [31.7692002, 53.8235728], [31.7713787, 53.8228636], [31.7727207, 53.819623], [31.7727021, 53.8188731], [31.7708655, 53.8171268], [31.7716738, 53.8153952], [31.7717228, 53.8133651], [31.7740965, 53.811121], [31.7720832, 53.8091135], [31.7722157, 53.8070633], [31.7711427, 53.8056444], [31.76975, 53.8057765], [31.7702327, 53.8074349], [31.7695316, 53.8083065], [31.7678349, 53.8082887], [31.7669223, 53.8070978], [31.7673683, 53.8053881], [31.7684073, 53.8052274], [31.7697907, 53.8037942], [31.7702121, 53.8022593], [31.7695367, 53.8014006], [31.7680552, 53.8009307], [31.7656658, 53.8020332], [31.7635703, 53.8017295], [31.763494, 53.8000075], [31.7655677, 53.800293], [31.7665247, 53.7999843], [31.7671587, 53.7993253], [31.7669668, 53.7977917], [31.7658154, 53.7974379], [31.7610099, 53.7983646]]]}}, {"type": "Feature", "properties": {"rda_code": "SM-29", "rda_name": "YARTSEVSKY AREA / incl. YaRTsEVO/", "osm_name": "Ярцевский муниципальный округ", "match_score": 1.0, "match_reason": "alias:yartsevskii"}, "geometry": {"type": "Polygon", "coordinates": [[[32.4154925, 55.0639136], [32.4149037, 55.062545], [32.4195297, 55.0602773], [32.4201864, 55.0531746], [32.4178958, 55.0510102], [32.421306, 55.0452262], [32.4263, 55.0428282], [32.4312508, 55.0443328], [32.4335456, 55.0442848], [32.4377642, 55.0428538], [32.4388472, 55.0417025], [32.4445022, 55.0429747], [32.4463927, 55.0417548], [32.4636675, 55.0435242], [32.4705722, 55.0435242], [32.4731936, 55.0439514], [32.477654, 55.0435683], [32.4846532, 55.0363759], [32.4875329, 55.0320101], [32.4907085, 55.0304489], [32.4974005, 55.0326774], [32.5016629, 55.0363192], [32.5001438, 55.0373693], [32.5019341, 55.0395833], [32.5116925, 55.0374873], [32.5111745, 55.0359648], [32.5156228, 55.0359346], [32.5163809, 55.0346578], [32.5173197, 55.0341519], [32.5155752, 55.0258478], [32.5137845, 55.0232638], [32.4978344, 55.0102805], [32.500454, 55.004282], [32.507709, 54.998472], [32.519645, 54.995294], [32.520811, 54.994481], [32.550029, 54.993675], [32.551052, 54.994368], [32.551046, 54.995701], [32.5537589, 54.9973141], [32.5696922, 54.9973491], [32.5738907, 54.9964282], [32.5725546, 54.9904925], [32.5769368, 54.9888982], [32.580689, 54.985533], [32.5686892, 54.9818168], [32.5710627, 54.9800467], [32.571887, 54.976193], [32.5712823, 54.9718105], [32.5697797, 54.9685933], [32.5705543, 54.9661977], [32.5711052, 54.9663819], [32.573833, 54.9652478], [32.5841324, 54.964996], [32.586736, 54.9635158], [32.5901772, 54.9633056], [32.5963071, 54.965353], [32.5997169, 54.9654566], [32.6031266, 54.9663202], [32.6026808, 54.9653792], [32.6049317, 54.9632756], [32.6078209, 54.9613285], [32.6116171, 54.9601735], [32.6133808, 54.9636105], [32.6138863, 54.9661744], [32.6188442, 54.9723984], [32.6207178, 54.9729663], [32.6229145, 54.9720911], [32.624912, 54.969883], [32.624762, 54.969164], [32.626246, 54.969115], [32.625865, 54.96808], [32.626959, 54.967949], [32.626326, 54.967184], [32.627741, 54.966697], [32.626952, 54.96538], [32.62773, 54.96399], [32.627333, 54.961285], [32.627876, 54.960029], [32.629694, 54.959089], [32.629586, 54.957375], [32.630524, 54.953857], [32.633478, 54.951701], [32.634105, 54.949681], [32.636367, 54.948098], [32.637228, 54.94657], [32.639964, 54.945441], [32.640724, 54.944275], [32.669862, 54.945679], [32.695592, 54.95242], [32.709152, 54.957115], [32.722149, 54.96037], [32.723032, 54.960264], [32.725776, 54.958342], [32.726567, 54.958368], [32.729256, 54.959641], [32.737496, 54.961759], [32.738147, 54.961438], [32.739309, 54.958876], [32.7421561, 54.9550276], [32.724404, 54.950153], [32.721045, 54.948358], [32.720644, 54.947683], [32.720947, 54.946831], [32.724213, 54.943901], [32.724295, 54.943272], [32.722735, 54.943134], [32.723208, 54.942551], [32.73293, 54.935296], [32.737215, 54.93385], [32.736963, 54.931775], [32.73564, 54.931278], [32.734312, 54.931652], [32.731127, 54.934259], [32.729647, 54.93404], [32.730082, 54.929586], [32.731415, 54.928538], [32.735242, 54.927774], [32.737867, 54.927938], [32.746347, 54.93042], [32.759353, 54.931408], [32.763632, 54.929406], [32.769284, 54.929415], [32.77298, 54.928712], [32.777219, 54.927517], [32.782458, 54.924966], [32.785862, 54.925082], [32.7896819, 54.9107012], [32.7911855, 54.8994442], [32.7999151, 54.8996751], [32.8114397, 54.9007551], [32.8290655, 54.9009383], [32.8374834, 54.8994674], [32.8396229, 54.9006161], [32.8421109, 54.9031454], [32.8633, 54.906435], [32.883926, 54.901067], [32.8938712, 54.9003086], [32.8939133, 54.8976361], [32.8954134, 54.8966266], [32.8965672, 54.8938608], [32.9093036, 54.8954503], [32.925741, 54.8962457], [32.9267211, 54.8971448], [32.926834, 54.8982766], [32.9219177, 54.9011956], [32.9153994, 54.9027602], [32.9112193, 54.9018], [32.9079957, 54.9024776], [32.9066577, 54.9143245], [32.889781, 54.914421], [32.8878115, 54.9293469], [32.9037936, 54.9320881], [32.9059789, 54.9371416], [32.9163534, 54.9373156], [32.926247, 54.9437188], [32.9291865, 54.9502055], [32.934519, 54.952415], [32.947754, 54.953203], [32.953917, 54.954732], [32.955491, 54.957563], [32.95538, 54.959099], [32.953451, 54.961438], [32.952285, 54.962116], [32.9421889, 54.9654445], [32.9151089, 54.9709606], [32.9156465, 54.9726503], [32.9168743, 54.9732488], [32.9240425, 54.9743953], [32.9247475, 54.9748682], [32.92438, 54.9756915], [32.9227481, 54.976489], [32.9161617, 54.9775373], [32.9159738, 54.979068], [32.9185569, 54.9806006], [32.9206585, 54.9809858], [32.92258, 54.9793555], [32.9231833, 54.9781802], [32.9242341, 54.977619], [32.9301009, 54.9779122], [32.9318813, 54.9790922], [32.9326156, 54.9807809], [32.932722, 54.9869081], [32.9347652, 54.9947199], [32.9346922, 54.9981104], [32.9354968, 54.9992494], [32.9373269, 54.9989534], [32.9376477, 54.996843], [32.9381433, 54.9964056], [32.9418606, 54.9965254], [32.9482332, 54.9994981], [32.9510515, 55.0019163], [32.9568488, 55.0043102], [32.9622633, 55.005415], [32.963781, 55.006411], [32.9674903, 55.0060023], [32.9706111, 55.0078003], [32.9756169, 55.0080932], [32.9772223, 55.006411], [32.9792217, 55.0060511], [32.984928, 55.0079091], [32.9882237, 55.0068215], [32.9922642, 55.0069151], [32.9939618, 55.007566], [32.994312, 55.0081267], [32.993692, 55.0089677], [32.9916255, 55.0099559], [32.9901585, 55.011627], [32.9912256, 55.0125241], [32.9909573, 55.0143525], [32.9913288, 55.014814], [32.9925568, 55.0153051], [32.9955186, 55.0153584], [33.0003585, 55.0171511], [33.0016588, 55.0165772], [32.9995329, 55.0155418], [32.9985835, 55.0141336], [33.0005902, 55.0140298], [33.0049404, 55.015672], [33.0090044, 55.0159041], [33.007891, 55.025229], [33.008126, 55.026846], [33.008795, 55.027585], [33.008361, 55.028553], [33.006484, 55.029236], [33.0065, 55.030628], [33.007365, 55.031313], [33.0056536, 55.0337631], [33.0033402, 55.0338305], [33.002769, 55.0348254], [33.0012454, 55.0352873], [33.0014197, 55.0359583], [33.0006136, 55.0364139], [33.000779, 55.0369005], [33.0003839, 55.0371316], [33.0008695, 55.037424], [33.0002523, 55.0388247], [33.0011576, 55.0391784], [33.002662, 55.04182], [33.002669, 55.042485], [33.001324, 55.044282], [33.001011, 55.046034], [33.002748, 55.048369], [32.999562, 55.053335], [32.999697, 55.055367], [32.999134, 55.05694], [32.999384, 55.057936], [33.001262, 55.059732], [33.001184, 55.06072], [33.000464, 55.061439], [32.999071, 55.067502], [32.997725, 55.068194], [32.997424, 55.070135], [32.999295, 55.072212], [33.000096, 55.074992], [32.999455, 55.077649], [33.000043, 55.079848], [32.997865, 55.081381], [32.996536, 55.0845013], [32.9928514, 55.0849401], [32.9786901, 55.0845309], [32.977102, 55.0861811], [32.9774349, 55.0890848], [32.9795881, 55.0951863], [32.9860342, 55.1032514], [32.9806886, 55.1189288], [32.9729363, 55.1200649], [32.9724526, 55.1230632], [32.9662523, 55.1276533], [32.9496153, 55.1342024], [32.9330939, 55.1327837], [32.9287394, 55.1315737], [32.928063, 55.133886], [32.9212132, 55.1367772], [32.921422, 55.1375305], [32.923081, 55.138951], [32.924579, 55.142583], [32.923405, 55.1452113], [32.9273812, 55.1460926], [32.9262282, 55.1467018], [32.9285515, 55.1477585], [32.9287813, 55.148366], [32.9366534, 55.1483709], [32.9377375, 55.1495758], [32.9403093, 55.1497389], [32.9421273, 55.1503924], [32.9444161, 55.1500351], [32.9444105, 55.1507587], [32.9461127, 55.150644], [32.947065, 55.1514047], [32.9470729, 55.1510302], [32.950019, 55.1516128], [32.9501073, 55.1523537], [32.9553195, 55.1526607], [32.9563688, 55.1535124], [32.958248, 55.156782], [32.9606, 55.159332], [32.960814, 55.16164], [32.959424, 55.165588], [32.959531, 55.167835], [32.960493, 55.169353], [32.967773, 55.174814], [32.96992, 55.178946], [32.970434, 55.18484], [32.972679, 55.187452], [32.974817, 55.18897], [32.973868, 55.189655], [32.97167, 55.189708], [32.968724, 55.191885], [32.963914, 55.194132], [32.954828, 55.197169], [32.953545, 55.199294], [32.953545, 55.202574], [32.955362, 55.2047], [32.95889, 55.206339], [32.966693, 55.207554], [32.968831, 55.208465], [32.969472, 55.210045], [32.969365, 55.21217], [32.964678, 55.213806], [32.963686, 55.215791], [32.958201, 55.217873], [32.958009, 55.220936], [32.947084, 55.248059], [32.942749, 55.253954], [32.941316, 55.257057], [32.948407, 55.258713], [32.951301, 55.26191], [32.953225, 55.262153], [32.964795, 55.259312], [32.973572, 55.258137], [32.994427, 55.253361], [33.00174, 55.259775], [33.01434, 55.263088], [33.023451, 55.26933], [33.016374, 55.275664], [33.013589, 55.27702], [32.992694, 55.272395], [32.987691, 55.272053], [32.965838, 55.278429], [32.960493, 55.281102], [32.958857, 55.282961], [32.958676, 55.285413], [32.962952, 55.288996], [32.9653175, 55.2899955], [32.975993, 55.290454], [32.981688, 55.291598], [32.986147, 55.29343], [32.999616, 55.300753], [33.003426, 55.30069], [33.012967, 55.298641], [33.01528, 55.296135], [33.021198, 55.292882], [33.021022, 55.288535], [33.02472, 55.286279], [33.031705, 55.283224], [33.0349, 55.283061], [33.037242, 55.28517], [33.036619, 55.287255], [33.029335, 55.291102], [33.033224, 55.293391], [33.0486611, 55.2928228], [33.0499786, 55.2917472], [33.0534138, 55.292304], [33.0523964, 55.2973641], [33.0524436, 55.3044904], [33.054879, 55.306366], [33.0580072, 55.3097312], [33.061483, 55.3152366], [33.0655128, 55.3192883], [33.0623462, 55.3230204], [33.052948, 55.328748], [33.050817, 55.335092], [33.048722, 55.338541], [33.034765, 55.344923], [33.032149, 55.345211], [33.02351, 55.342833], [33.013939, 55.338007], [33.012336, 55.338129], [33.002768, 55.346275], [33.005133, 55.347308], [33.021195, 55.346588], [33.029724, 55.349478], [33.024842, 55.356895], [33.022811, 55.357624], [33.012844, 55.355868], [33.000783, 55.361958], [32.995554, 55.365458], [32.987786, 55.372664], [32.982834, 55.374082], [32.983796, 55.378334], [32.984758, 55.379184], [32.996729, 55.37527], [33.002181, 55.375358], [33.006272, 55.375782], [33.01902, 55.381349], [33.013089, 55.383793], [33.008656, 55.386758], [33.005438, 55.390908], [32.986215, 55.398659], [32.986724, 55.402565], [32.987087, 55.403359], [32.988072, 55.403918], [33.003568, 55.408209], [33.013103, 55.410209], [33.015751, 55.411665], [33.016576, 55.413589], [33.014537, 55.416048], [32.972899, 55.414025], [32.963557, 55.414442], [32.95615, 55.424898], [32.950186, 55.430022], [32.944843, 55.435421], [32.944693, 55.437959], [32.945366, 55.43837], [32.957527, 55.436899], [32.971115, 55.436328], [32.980868, 55.431139], [32.986536, 55.429261], [32.9893007, 55.427019], [32.9935865, 55.4254019], [32.9942123, 55.4358206], [32.997842, 55.4409715], [32.9979321, 55.4440193], [32.9904634, 55.4429626], [32.9899497, 55.4439671], [32.9801981, 55.4437485], [32.967362, 55.447078], [32.9676306, 55.4477651], [32.9643794, 55.4488253], [32.9692457, 55.4549244], [32.965554, 55.4567199], [32.9675009, 55.4598134], [32.9687437, 55.459954], [32.9735184, 55.4664049], [32.9662775, 55.4665903], [32.9576637, 55.4727966], [32.94205, 55.476407], [32.925595, 55.479538], [32.925109, 55.478632], [32.926812, 55.47629], [32.925179, 55.475129], [32.925517, 55.474115], [32.931004, 55.471746], [32.931062, 55.471117], [32.926303, 55.465824], [32.926541, 55.465106], [32.928518, 55.464838], [32.929927, 55.463985], [32.929929, 55.462817], [32.928471, 55.462387], [32.925737, 55.463812], [32.924632, 55.463407], [32.927006, 55.461522], [32.930272, 55.456135], [32.930274, 55.455282], [32.929041, 55.453819], [32.925996, 55.452234], [32.92157, 55.452869], [32.919832, 55.452329], [32.919107, 55.451296], [32.919266, 55.450802], [32.92085, 55.449411], [32.917795, 55.443804], [32.916758, 55.443223], [32.915521, 55.443317], [32.914741, 55.445778], [32.914267, 55.445957], [32.9127812, 55.4454928], [32.904958, 55.446776], [32.902336, 55.446011], [32.899806, 55.446745], [32.898491, 55.447876], [32.897893, 55.452246], [32.896857, 55.452481], [32.877136, 55.449581], [32.873912, 55.449578], [32.87089, 55.450715], [32.868652, 55.45356], [32.864828, 55.456419], [32.864724, 55.457242], [32.869841, 55.457424], [32.866535, 55.472214], [32.863686, 55.477448], [32.84375, 55.475726], [32.837223, 55.486191], [32.8354993, 55.4873777], [32.8328826, 55.486995], [32.8296187, 55.4852095], [32.8261297, 55.48784], [32.8220217, 55.4890834], [32.8181895, 55.4879014], [32.817408, 55.4912722], [32.817408, 55.4949979], [32.8124814, 55.4973245], [32.8100456, 55.4961189], [32.8018393, 55.4947672], [32.786985, 55.495085], [32.762316, 55.503531], [32.740237, 55.513275], [32.723873, 55.517344], [32.685198, 55.53192], [32.669561, 55.539548], [32.661765, 55.549075], [32.647141, 55.540294], [32.645946, 55.539267], [32.644364, 55.535571], [32.633944, 55.533522], [32.6226343, 55.5292435], [32.6157063, 55.5290327], [32.609481, 55.5244236], [32.6051744, 55.5224562], [32.5962499, 55.5202751], [32.602192, 55.516264], [32.607992, 55.510804], [32.589298, 55.499741], [32.582639, 55.496959], [32.587201, 55.487463], [32.595604, 55.477898], [32.596779, 55.460413], [32.59911, 55.460014], [32.601767, 55.46113], [32.603188, 55.459706], [32.603668, 55.460002], [32.603374, 55.461141], [32.604418, 55.460953], [32.604749, 55.461528], [32.605399, 55.461501], [32.606181, 55.460776], [32.606351, 55.458961], [32.607357, 55.458463], [32.606418, 55.45793], [32.606674, 55.457328], [32.611264, 55.45666], [32.61016, 55.454869], [32.611978, 55.454821], [32.611429, 55.454326], [32.61158, 55.453428], [32.610086, 55.452758], [32.610396, 55.451726], [32.612222, 55.450638], [32.617829, 55.44963], [32.618941, 55.44896], [32.618947, 55.446714], [32.619571, 55.445899], [32.617842, 55.445004], [32.617132, 55.443206], [32.615216, 55.443764], [32.614066, 55.441678], [32.61083, 55.439781], [32.609444, 55.43958], [32.609807, 55.438231], [32.608386, 55.437672], [32.610612, 55.435842], [32.612428, 55.435789], [32.611399, 55.434897], [32.612434, 55.434092], [32.609585, 55.432969], [32.608598, 55.433795], [32.607897, 55.433797], [32.607381, 55.432288], [32.605473, 55.433233], [32.605956, 55.431645], [32.604493, 55.430851], [32.603999, 55.431003], [32.604303, 55.431973], [32.603436, 55.43188], [32.603191, 55.432643], [32.602637, 55.432731], [32.602094, 55.431786], [32.600822, 55.431027], [32.603619, 55.427818], [32.603768, 55.427121], [32.608037, 55.426587], [32.614015, 55.427495], [32.61718, 55.430146], [32.619067, 55.431005], [32.619314, 55.431544], [32.618754, 55.432306], [32.620014, 55.43275], [32.620018, 55.433918], [32.62293, 55.434748], [32.625066, 55.436395], [32.627189, 55.435727], [32.628382, 55.436575], [32.628685, 55.437924], [32.627745, 55.438738], [32.627494, 55.44022], [32.628201, 55.440662], [32.631773, 55.441051], [32.633821, 55.439457], [32.636113, 55.439419], [32.636501, 55.438432], [32.63615, 55.437252], [32.637776, 55.437214], [32.636988, 55.435326], [32.639209, 55.434299], [32.639817, 55.433448], [32.638803, 55.432062], [32.638719, 55.430804], [32.636117, 55.428694], [32.636996, 55.427529], [32.636367, 55.425506], [32.636448, 55.423575], [32.63457, 55.421728], [32.629494, 55.419336], [32.63016, 55.417107], [32.629825, 55.415774], [32.627881, 55.41428], [32.62337, 55.413781], [32.622175, 55.41306], [32.621989, 55.412364], [32.62282, 55.40987], [32.622511, 55.407805], [32.623149, 55.405427], [32.621731, 55.403536], [32.62604, 55.4005], [32.626401, 55.399689], [32.625163, 55.398188], [32.623555, 55.397578], [32.621739, 55.396], [32.618682, 55.390655], [32.617899, 55.388317], [32.616804, 55.387371], [32.617345, 55.385262], [32.616617, 55.38419], [32.61688, 55.38279], [32.616415, 55.381935], [32.61728, 55.380658], [32.616732, 55.378532], [32.614612, 55.375839], [32.613818, 55.373187], [32.610687, 55.370946], [32.609443, 55.368107], [32.6105883, 55.3633912], [32.6098626, 55.3630315], [32.6026317, 55.365142], [32.5806368, 55.3580432], [32.5822156, 55.3562962], [32.5856833, 55.3505262], [32.5912837, 55.3543199], [32.600577, 55.3505167], [32.6057457, 55.3492791], [32.6074727, 55.3471539], [32.6018549, 55.3412722], [32.6005145, 55.3383201], [32.597027, 55.3353961], [32.594689, 55.331136], [32.592822, 55.325746], [32.591244, 55.324438], [32.588741, 55.324268], [32.570675, 55.334105], [32.568373, 55.334276], [32.566227, 55.33341], [32.563902, 55.331136], [32.5654849, 55.32733], [32.5644339, 55.3246626], [32.5644339, 55.3226907], [32.556275, 55.32045], [32.5565292, 55.3211988], [32.5434579, 55.3230451], [32.533169, 55.3271686], [32.5268686, 55.3196762], [32.5232472, 55.3138674], [32.536851, 55.307788], [32.548399, 55.305972], [32.561484, 55.30564], [32.567447, 55.305017], [32.571157, 55.304053], [32.573483, 55.302889], [32.580273, 55.297917], [32.58976, 55.289559], [32.595683, 55.283035], [32.595434, 55.282101], [32.596645, 55.27967], [32.598304, 55.279091], [32.597957, 55.278035], [32.598666, 55.277439], [32.598928, 55.276164], [32.600074, 55.275181], [32.608256, 55.273581], [32.611588, 55.270664], [32.617501, 55.26876], [32.619171, 55.267445], [32.6202398, 55.2655308], [32.6228874, 55.2647801], [32.6224593, 55.2641566], [32.6230539, 55.2635024], [32.622524, 55.262402], [32.621476, 55.261604], [32.621036, 55.259896], [32.619695, 55.258715], [32.619396, 55.257053], [32.617899, 55.255746], [32.617362, 55.254307], [32.617757, 55.251182], [32.615828, 55.248724], [32.616942, 55.247335], [32.615289, 55.245893], [32.614818, 55.244184], [32.611841, 55.243097], [32.61078, 55.241619], [32.607783, 55.240075], [32.607238, 55.237962], [32.607708, 55.236616], [32.614572, 55.235453], [32.618919, 55.233698], [32.620719, 55.23372], [32.622143, 55.2328], [32.636017, 55.234971], [32.638911, 55.234737], [32.642222, 55.233713], [32.649288, 55.229685], [32.649614, 55.227909], [32.646451, 55.22575], [32.646288, 55.224942], [32.646937, 55.223074], [32.648256, 55.221362], [32.648572, 55.219423], [32.647718, 55.216465], [32.64614, 55.213676], [32.64366, 55.211746], [32.637057, 55.208359], [32.63794, 55.207525], [32.637475, 55.206051], [32.637794, 55.205468], [32.63967, 55.206462], [32.641168, 55.205828], [32.636316, 55.202176], [32.636166, 55.201457], [32.636824, 55.200054], [32.635549, 55.200242], [32.63508, 55.201418], [32.633969, 55.201235], [32.634521, 55.199251], [32.633754, 55.197318], [32.635289, 55.196729], [32.635721, 55.19691], [32.6361, 55.198304], [32.636806, 55.198441], [32.638312, 55.196053], [32.63908, 55.195603], [32.642794, 55.196123], [32.643649, 55.197158], [32.645151, 55.195941], [32.645615, 55.196751], [32.644428, 55.198067], [32.644516, 55.198499], [32.647421, 55.198517], [32.646962, 55.199281], [32.648462, 55.198971], [32.649376, 55.199457], [32.6507385, 55.198847], [32.6510011, 55.1992102], [32.6501419, 55.199385], [32.6501616, 55.1998181], [32.6523472, 55.1992268], [32.6526313, 55.1994199], [32.6520094, 55.2002963], [32.6538867, 55.2005116], [32.6554313, 55.2004075], [32.656525, 55.1992015], [32.6563327, 55.198789], [32.6546323, 55.1984873], [32.6563934, 55.1981044], [32.6590904, 55.1985281], [32.6600906, 55.19821], [32.6600945, 55.1970016], [32.6528438, 55.192862], [32.648807, 55.189143], [32.638546, 55.186643], [32.63599, 55.182827], [32.6344, 55.18169], [32.628238, 55.179237], [32.622789, 55.176103], [32.620188, 55.175592], [32.610711, 55.175365], [32.6001583, 55.1771237], [32.5835075, 55.1779201], [32.5639927, 55.1760326], [32.5559017, 55.1733626], [32.5554578, 55.1712729], [32.5593319, 55.1703115], [32.5581647, 55.1633579], [32.556589, 55.159101], [32.5632775, 55.1530604], [32.5655531, 55.1502587], [32.5706001, 55.1468036], [32.5801843, 55.148169], [32.5837982, 55.1436833], [32.5834938, 55.1402154], [32.5844199, 55.1381674], [32.5843917, 55.1367537], [32.555743, 55.13188], [32.552857, 55.130657], [32.548868, 55.127094], [32.549214, 55.125604], [32.544217, 55.123879], [32.533056, 55.115842], [32.5153226, 55.1010232], [32.505958, 55.086784], [32.49948, 55.085684], [32.488039, 55.085684], [32.485435, 55.084303], [32.483482, 55.08425], [32.480679, 55.081252], [32.482067, 55.080199], [32.47982, 55.077162], [32.478136, 55.075439], [32.472479, 55.07228], [32.469494, 55.071899], [32.466435, 55.072316], [32.461135, 55.075338], [32.448251, 55.076385], [32.44187, 55.075601], [32.437705, 55.07481], [32.431266, 55.069691], [32.4301783, 55.0677039], [32.4219728, 55.0624865], [32.4154925, 55.0639136]]]}}, {"type": "Feature", "properties": {"rda_code": "SM-11", "rda_name": "DUKHOVSHCHINSKY AREA / incl. DUHOVShchINA/", "osm_name": "Духовщинский муниципальный округ", "match_score": 1.0, "match_reason": "alias:dukhovshchinskii"}, "geometry": {"type": "Polygon", "coordinates": [[[31.955925, 55.275109], [31.950336, 55.273426], [31.948667, 55.273484], [31.947785, 55.274025], [31.946948, 55.276604], [31.946157, 55.277013], [31.941893, 55.277351], [31.939778, 55.276982], [31.938716, 55.274871], [31.939115, 55.2735], [31.938713, 55.271484], [31.940364, 55.270358], [31.940281, 55.269908], [31.938019, 55.268975], [31.937065, 55.267796], [31.938577, 55.265617], [31.938396, 55.262705], [31.937376, 55.261447], [31.933368, 55.259748], [31.920579, 55.258164], [31.912394, 55.255275], [31.909278, 55.252836], [31.906463, 55.249577], [31.905883, 55.246291], [31.906534, 55.241971], [31.907371, 55.240009], [31.920439, 55.225194], [31.923741, 55.210908], [31.926067, 55.209742], [31.932764, 55.208152], [31.93495, 55.206747], [31.941647, 55.200652], [31.955392, 55.192272], [31.96621, 55.190487], [31.967178, 55.188858], [31.967364, 55.186181], [31.968532, 55.185099], [31.977227, 55.183375], [31.989502, 55.178456], [31.983548, 55.169498], [31.982921, 55.166274], [31.98578, 55.156953], [31.990471, 55.152539], [32.000313, 55.147886], [32.004011, 55.138666], [32.002078, 55.134381], [31.990989, 55.129097], [31.976639, 55.126049], [31.975493, 55.121835], [31.98206, 55.11804], [31.997808, 55.12017], [32.005801, 55.117065], [32.017404, 55.116339], [32.026875, 55.116678], [32.041451, 55.108134], [32.052749, 55.10911], [32.065487, 55.111537], [32.068078, 55.111287], [32.067344, 55.108497], [32.065279, 55.106999], [32.062977, 55.107619], [32.060446, 55.105308], [32.063763, 55.103519], [32.064906, 55.101516], [32.06665, 55.100631], [32.065066, 55.096657], [32.066926, 55.094147], [32.067547, 55.091053], [32.064885, 55.08699], [32.061906, 55.086473], [32.061319, 55.084798], [32.060122, 55.085067], [32.059527, 55.084389], [32.059865, 55.081355], [32.073992, 55.073756], [32.083257, 55.0644], [32.092573, 55.057942], [32.097209, 55.056678], [32.108464, 55.056571], [32.116184, 55.055613], [32.128866, 55.052853], [32.1346, 55.049435], [32.141465, 55.047597], [32.151112, 55.049381], [32.163372, 55.049735], [32.17665, 55.048442], [32.1770657, 55.0464652], [32.1754483, 55.0462092], [32.1747413, 55.0449721], [32.1716867, 55.0456503], [32.1698949, 55.0441866], [32.1680362, 55.04399], [32.1700976, 55.0430802], [32.1712296, 55.0416162], [32.1684871, 55.0411027], [32.1698109, 55.0401105], [32.1694991, 55.0395745], [32.1701227, 55.0385371], [32.1692641, 55.038249], [32.1697693, 55.0373772], [32.1734317, 55.0346178], [32.1767407, 55.0336553], [32.1787422, 55.0342432], [32.1796374, 55.0337071], [32.1802952, 55.0342855], [32.1849891, 55.0344771], [32.1853021, 55.034852], [32.1849607, 55.0357609], [32.1860238, 55.036004], [32.1875068, 55.0355286], [32.187969, 55.0358995], [32.1876863, 55.0368923], [32.1902324, 55.0371776], [32.1923468, 55.0362016], [32.1932621, 55.0350373], [32.1926942, 55.0323522], [32.191331, 55.031122], [32.197374, 55.0300385], [32.1978433, 55.0293211], [32.1994829, 55.0301867], [32.2021967, 55.0300226], [32.2071893, 55.0319017], [32.2119122, 55.0327587], [32.2218908, 55.0358142], [32.223506, 55.03974], [32.2258571, 55.0410062], [32.230365, 55.041796], [32.233859, 55.043165], [32.238192, 55.046435], [32.238566, 55.04818], [32.239892, 55.048377], [32.241217, 55.047802], [32.245427, 55.048573], [32.25459, 55.048037], [32.256497, 55.047285], [32.257551, 55.045867], [32.25863, 55.045322], [32.261504, 55.045334], [32.2648108, 55.0497718], [32.2660772, 55.0507448], [32.270201, 55.052423], [32.266248, 55.062496], [32.266573, 55.063162], [32.269995, 55.06642], [32.275549, 55.069372], [32.284385, 55.072996], [32.290742, 55.073953], [32.292818, 55.073462], [32.295129, 55.071264], [32.296487, 55.06866], [32.296803, 55.065401], [32.297221, 55.065187], [32.306569, 55.071104], [32.324159, 55.06976], [32.32946, 55.070112], [32.332687, 55.070956], [32.334461, 55.072511], [32.336622, 55.077221], [32.337682, 55.078379], [32.340559, 55.079623], [32.343495, 55.079072], [32.350657, 55.07585], [32.362609, 55.077633], [32.367751, 55.074072], [32.371878, 55.073437], [32.389203, 55.073813], [32.394279, 55.072649], [32.4154925, 55.0639136], [32.4219728, 55.0624865], [32.4301783, 55.0677039], [32.431266, 55.069691], [32.437705, 55.07481], [32.448251, 55.076385], [32.452939, 55.076081], [32.461135, 55.075338], [32.466435, 55.072316], [32.469494, 55.071899], [32.472479, 55.07228], [32.478136, 55.075439], [32.47982, 55.077162], [32.482067, 55.080199], [32.480679, 55.081252], [32.483482, 55.08425], [32.485435, 55.084303], [32.488039, 55.085684], [32.49948, 55.085684], [32.505958, 55.086784], [32.5153226, 55.1010232], [32.533056, 55.115842], [32.544217, 55.123879], [32.549214, 55.125604], [32.548868, 55.127094], [32.552857, 55.130657], [32.555743, 55.13188], [32.5843917, 55.1367537], [32.5844199, 55.1381674], [32.5834938, 55.1402154], [32.5837982, 55.1436833], [32.5801843, 55.148169], [32.5706001, 55.1468036], [32.5655531, 55.1502587], [32.5632775, 55.1530604], [32.556589, 55.159101], [32.5581647, 55.1633579], [32.5593319, 55.1703115], [32.5554578, 55.1712729], [32.5559017, 55.1733626], [32.5639927, 55.1760326], [32.5835075, 55.1779201], [32.6001583, 55.1771237], [32.610711, 55.175365], [32.620188, 55.175592], [32.622789, 55.176103], [32.628238, 55.179237], [32.6344, 55.18169], [32.63599, 55.182827], [32.638546, 55.186643], [32.648807, 55.189143], [32.6528438, 55.192862], [32.6600945, 55.1970016], [32.6600906, 55.19821], [32.6590904, 55.1985281], [32.6563934, 55.1981044], [32.6546323, 55.1984873], [32.6563327, 55.198789], [32.656525, 55.1992015], [32.6554313, 55.2004075], [32.6538867, 55.2005116], [32.6520094, 55.2002963], [32.6526313, 55.1994199], [32.6523472, 55.1992268], [32.6501616, 55.1998181], [32.6501419, 55.199385], [32.6510011, 55.1992102], [32.6507385, 55.198847], [32.649376, 55.199457], [32.648462, 55.198971], [32.646962, 55.199281], [32.647421, 55.198517], [32.644516, 55.198499], [32.644428, 55.198067], [32.645615, 55.196751], [32.645151, 55.195941], [32.643649, 55.197158], [32.642794, 55.196123], [32.63908, 55.195603], [32.638312, 55.196053], [32.636806, 55.198441], [32.6361, 55.198304], [32.635721, 55.19691], [32.635289, 55.196729], [32.633754, 55.197318], [32.634521, 55.199251], [32.633969, 55.201235], [32.63508, 55.201418], [32.635549, 55.200242], [32.636824, 55.200054], [32.636166, 55.201457], [32.636316, 55.202176], [32.641168, 55.205828], [32.63967, 55.206462], [32.637794, 55.205468], [32.637475, 55.206051], [32.63794, 55.207525], [32.637057, 55.208359], [32.64366, 55.211746], [32.64614, 55.213676], [32.647718, 55.216465], [32.648572, 55.219423], [32.648256, 55.221362], [32.646937, 55.223074], [32.646288, 55.224942], [32.646451, 55.22575], [32.649614, 55.227909], [32.649288, 55.229685], [32.642222, 55.233713], [32.638911, 55.234737], [32.636017, 55.234971], [32.622143, 55.2328], [32.620719, 55.23372], [32.618919, 55.233698], [32.614572, 55.235453], [32.607708, 55.236616], [32.607238, 55.237962], [32.607783, 55.240075], [32.61078, 55.241619], [32.611841, 55.243097], [32.614818, 55.244184], [32.615289, 55.245893], [32.616942, 55.247335], [32.615828, 55.248724], [32.617757, 55.251182], [32.617362, 55.254307], [32.617899, 55.255746], [32.619396, 55.257053], [32.619695, 55.258715], [32.621036, 55.259896], [32.621476, 55.261604], [32.622524, 55.262402], [32.6230539, 55.2635024], [32.6224593, 55.2641566], [32.6228874, 55.2647801], [32.6202398, 55.2655308], [32.619171, 55.267445], [32.617501, 55.26876], [32.611588, 55.270664], [32.608256, 55.273581], [32.600074, 55.275181], [32.598928, 55.276164], [32.598666, 55.277439], [32.597957, 55.278035], [32.598304, 55.279091], [32.596645, 55.27967], [32.595434, 55.282101], [32.595683, 55.283035], [32.58976, 55.289559], [32.580273, 55.297917], [32.573483, 55.302889], [32.571157, 55.304053], [32.567447, 55.305017], [32.561484, 55.30564], [32.548399, 55.305972], [32.536851, 55.307788], [32.5232472, 55.3138674], [32.5268686, 55.3196762], [32.533169, 55.3271686], [32.5434579, 55.3230451], [32.5565292, 55.3211988], [32.556275, 55.32045], [32.5644339, 55.3226907], [32.5644339, 55.3246626], [32.5654849, 55.32733], [32.563902, 55.331136], [32.566227, 55.33341], [32.568373, 55.334276], [32.570675, 55.334105], [32.588741, 55.324268], [32.591244, 55.324438], [32.592822, 55.325746], [32.594689, 55.331136], [32.597027, 55.3353961], [32.6005145, 55.3383201], [32.6018549, 55.3412722], [32.6074727, 55.3471539], [32.6057457, 55.3492791], [32.600577, 55.3505167], [32.5912837, 55.3543199], [32.5856833, 55.3505262], [32.5822156, 55.3562962], [32.5806368, 55.3580432], [32.6026317, 55.365142], [32.6098626, 55.3630315], [32.6105883, 55.3633912], [32.609443, 55.368107], [32.610687, 55.370946], [32.613818, 55.373187], [32.614612, 55.375839], [32.616732, 55.378532], [32.61728, 55.380658], [32.616415, 55.381935], [32.61688, 55.38279], [32.616617, 55.38419], [32.617345, 55.385262], [32.616804, 55.387371], [32.617899, 55.388317], [32.618682, 55.390655], [32.621739, 55.396], [32.623555, 55.397578], [32.625163, 55.398188], [32.626401, 55.399689], [32.62604, 55.4005], [32.621731, 55.403536], [32.623149, 55.405427], [32.622511, 55.407805], [32.62282, 55.40987], [32.621989, 55.412364], [32.622175, 55.41306], [32.62337, 55.413781], [32.627881, 55.41428], [32.629825, 55.415774], [32.63016, 55.417107], [32.629494, 55.419336], [32.63457, 55.421728], [32.636448, 55.423575], [32.636367, 55.425506], [32.636996, 55.427529], [32.636117, 55.428694], [32.638719, 55.430804], [32.638803, 55.432062], [32.639817, 55.433448], [32.639209, 55.434299], [32.636988, 55.435326], [32.637776, 55.437214], [32.63615, 55.437252], [32.636501, 55.438432], [32.636113, 55.439419], [32.633821, 55.439457], [32.631773, 55.441051], [32.628201, 55.440662], [32.627494, 55.44022], [32.627745, 55.438738], [32.628685, 55.437924], [32.628382, 55.436575], [32.627189, 55.435727], [32.625066, 55.436395], [32.62293, 55.434748], [32.620018, 55.433918], [32.620014, 55.43275], [32.618754, 55.432306], [32.619314, 55.431544], [32.619067, 55.431005], [32.61718, 55.430146], [32.614015, 55.427495], [32.608037, 55.426587], [32.603768, 55.427121], [32.603619, 55.427818], [32.600822, 55.431027], [32.602094, 55.431786], [32.602637, 55.432731], [32.603191, 55.432643], [32.603436, 55.43188], [32.604303, 55.431973], [32.603999, 55.431003], [32.604493, 55.430851], [32.605956, 55.431645], [32.605473, 55.433233], [32.607381, 55.432288], [32.607897, 55.433797], [32.608598, 55.433795], [32.609585, 55.432969], [32.612434, 55.434092], [32.611399, 55.434897], [32.612428, 55.435789], [32.610612, 55.435842], [32.608386, 55.437672], [32.609807, 55.438231], [32.609444, 55.43958], [32.61083, 55.439781], [32.614066, 55.441678], [32.615216, 55.443764], [32.617132, 55.443206], [32.617842, 55.445004], [32.619571, 55.445899], [32.618947, 55.446714], [32.618941, 55.44896], [32.617829, 55.44963], [32.612222, 55.450638], [32.610396, 55.451726], [32.610086, 55.452758], [32.61158, 55.453428], [32.611429, 55.454326], [32.611978, 55.454821], [32.61016, 55.454869], [32.611264, 55.45666], [32.606674, 55.457328], [32.606418, 55.45793], [32.607357, 55.458463], [32.606351, 55.458961], [32.606181, 55.460776], [32.605399, 55.461501], [32.604749, 55.461528], [32.604418, 55.460953], [32.603374, 55.461141], [32.603668, 55.460002], [32.603188, 55.459706], [32.601767, 55.46113], [32.59911, 55.460014], [32.596779, 55.460413], [32.595604, 55.477898], [32.587201, 55.487463], [32.582639, 55.496959], [32.589298, 55.499741], [32.607992, 55.510804], [32.602192, 55.516264], [32.5962499, 55.5202751], [32.6051744, 55.5224562], [32.609481, 55.5244236], [32.6157063, 55.5290327], [32.6226343, 55.5292435], [32.633944, 55.533522], [32.644364, 55.535571], [32.645946, 55.539267], [32.647141, 55.540294], [32.661765, 55.549075], [32.662397, 55.551134], [32.661503, 55.557508], [32.659513, 55.562129], [32.65817, 55.567155], [32.65864, 55.569617], [32.659475, 55.570579], [32.666079, 55.571131], [32.665582, 55.57905], [32.672544, 55.602949], [32.680024, 55.626172], [32.684391, 55.633916], [32.692564, 55.642479], [32.694874, 55.643697], [32.699711, 55.644509], [32.700563, 55.64525], [32.701454, 55.647154], [32.703522, 55.64891], [32.710106, 55.652132], [32.712679, 55.655626], [32.716881, 55.659738], [32.720757, 55.66651], [32.725874, 55.67112], [32.7388776, 55.679727], [32.7217262, 55.6820112], [32.7150206, 55.6847032], [32.7143226, 55.6863983], [32.7090376, 55.692979], [32.7047502, 55.6911842], [32.6971472, 55.6933777], [32.6795738, 55.6868963], [32.6426561, 55.6900864], [32.6400638, 55.6876933], [32.6318628, 55.6848016], [32.6192994, 55.6852002], [32.6087051, 55.6886899], [32.5847498, 55.6886895], [32.5837526, 55.6910825], [32.5774707, 55.69537], [32.5722613, 55.6870192], [32.5620911, 55.6837286], [32.5541145, 55.6792415], [32.554015, 55.6761505], [32.5603968, 55.667775], [32.5599981, 55.6650828], [32.5618927, 55.6633877], [32.5630893, 55.6603965], [32.5479088, 55.6564078], [32.5478093, 55.6509238], [32.5441201, 55.6499266], [32.5381372, 55.6559091], [32.5343485, 55.6507241], [32.5300613, 55.6461374], [32.5279675, 55.6426475], [32.5226829, 55.6430463], [32.522283, 55.6649575], [32.5352445, 55.6796151], [32.5437194, 55.6875422], [32.5424221, 55.7077584], [32.5331242, 55.7073594], [32.5225545, 55.7173053], [32.5129824, 55.7164077], [32.5034094, 55.7340562], [32.497858, 55.740422], [32.4911635, 55.7389165], [32.490129, 55.735143], [32.485747, 55.7326628], [32.481974, 55.7239745], [32.4857476, 55.7202619], [32.4829938, 55.7158949], [32.4855502, 55.7138865], [32.4851851, 55.7119997], [32.4812139, 55.7090782], [32.4779273, 55.7096868], [32.4734842, 55.7117561], [32.4583142, 55.7096865], [32.4583496, 55.6978956], [32.4610686, 55.6883305], [32.4640677, 55.6846661], [32.4568152, 55.6837642], [32.4566115, 55.6812481], [32.4548441, 55.6752772], [32.4527581, 55.6748486], [32.4534033, 55.674076], [32.4521081, 55.6726666], [32.4486845, 55.6726054], [32.4415716, 55.6748372], [32.4375919, 55.6788437], [32.4306533, 55.6832258], [32.4308358, 55.6856603], [32.4408781, 55.6874711], [32.4415475, 55.6893579], [32.4408169, 55.6931314], [32.4338174, 55.6992176], [32.4371036, 55.7067647], [32.440816, 55.71066], [32.4336796, 55.7161984], [32.4163823, 55.7151533], [32.4131081, 55.7131549], [32.4110845, 55.70999], [32.407981, 55.7002519], [32.4043142, 55.6959305], [32.4048621, 55.6937395], [32.4034015, 55.6927048], [32.3988367, 55.6925221], [32.3808664, 55.7033402], [32.3811705, 55.7071138], [32.3830571, 55.7109482], [32.3867696, 55.7125915], [32.3827979, 55.7216601], [32.3700016, 55.7182059], [32.3699408, 55.7166234], [32.3600811, 55.7148582], [32.3572814, 55.7155886], [32.355136, 55.7146147], [32.3570229, 55.7123019], [32.3542841, 55.7107803], [32.3509366, 55.7113889], [32.3413052, 55.7087716], [32.3282043, 55.7122406], [32.3286302, 55.7140665], [32.3240046, 55.7147359], [32.3156059, 55.70763], [32.3195013, 55.7034305], [32.3249795, 55.6940729], [32.3121832, 55.6896906], [32.3088966, 55.6896296], [32.2988996, 55.6951072], [32.2881115, 55.6983327], [32.2726981, 55.6947416], [32.2726374, 55.6919419], [32.26751, 55.6870727], [32.2673883, 55.6851251], [32.2638584, 55.6825079], [32.2643455, 55.6798908], [32.2635546, 55.6736828], [32.2590509, 55.6700918], [32.2563119, 55.6724045], [32.2542882, 55.6723436], [32.2548361, 55.6697874], [32.2486281, 55.6696047], [32.2349186, 55.6721607], [32.2335186, 55.6753256], [32.2227304, 55.6797684], [32.2142705, 55.6784902], [32.2095689, 55.6785509], [32.2079863, 55.6808029], [32.2048062, 55.681594], [32.2037106, 55.6830547], [32.1966504, 55.6839676], [32.1961634, 55.6862803], [32.1970154, 55.688228], [32.2013365, 55.6910886], [32.1996929, 55.6966271], [32.1953107, 55.6990007], [32.1924958, 55.6976617], [32.1828795, 55.697479], [32.1816622, 55.6989396], [32.1795168, 55.698757], [32.1748303, 55.6993656], [32.172761, 55.6982091], [32.1672225, 55.6974178], [32.1590669, 55.6972351], [32.1611363, 55.6954093], [32.1694139, 55.6917119], [32.16984, 55.6901295], [32.1625457, 55.6822735], [32.1552376, 55.6796215], [32.1536173, 55.6781668], [32.1498615, 55.6730441], [32.1474494, 55.6721622], [32.15004, 55.6664926], [32.1533338, 55.6648712], [32.1564936, 55.6625375], [32.1532164, 55.660747], [32.1537915, 55.6589689], [32.152233, 55.6585865], [32.1506789, 55.6590009], [32.1437969, 55.658957], [32.1436876, 55.6599328], [32.141735, 55.6599784], [32.1403928, 55.6662405], [32.1340547, 55.6662416], [32.1287107, 55.6683175], [32.1256466, 55.6658553], [32.1239213, 55.661946], [32.1201048, 55.6614001], [32.1183285, 55.6603695], [32.1175294, 55.6592647], [32.1148484, 55.658239], [32.1120692, 55.6595876], [32.1100013, 55.6583901], [32.1097048, 55.6598397], [32.1072558, 55.6617352], [32.1064433, 55.6631622], [32.1059862, 55.6635325], [32.1050473, 55.6632784], [32.1054302, 55.6613783], [32.102412, 55.6604873], [32.1025531, 55.6600531], [32.1068936, 55.6584631], [32.1073404, 55.6577641], [32.1056117, 55.6560276], [32.1073492, 55.6545991], [32.1072634, 55.6537397], [32.1047493, 55.6527393], [32.1024844, 55.6511656], [32.094495, 55.6481221], [32.0932882, 55.6473061], [32.092783, 55.6458194], [32.0874453, 55.6458659], [32.082601, 55.6450846], [32.0813462, 55.6453236], [32.0820147, 55.6464959], [32.0791076, 55.647588], [32.0785425, 55.6449938], [32.0767314, 55.6435901], [32.0751162, 55.6430443], [32.0737937, 55.6436454], [32.0727586, 55.6434176], [32.0727061, 55.6429317], [32.0738613, 55.6428339], [32.0762694, 55.6416028], [32.0752214, 55.6403743], [32.0752948, 55.6398527], [32.0769567, 55.6402842], [32.0768085, 55.6411765], [32.0794132, 55.6416824], [32.076188, 55.598498], [32.078455, 55.583642], [32.078793, 55.572468], [32.077631, 55.565356], [32.075045, 55.560055], [32.071405, 55.557126], [32.063539, 55.553418], [32.0373403, 55.5485208], [32.037589, 55.547173], [32.039356, 55.545913], [32.052583, 55.543104], [32.057624, 55.540996], [32.062894, 55.537866], [32.065378, 55.534651], [32.066236, 55.531639], [32.064841, 55.529592], [32.061339, 55.526671], [32.057881, 55.524929], [32.057307, 55.523609], [32.059632, 55.516629], [32.060247, 55.508042], [32.062516, 55.505556], [32.066134, 55.503389], [32.072186, 55.51054], [32.074421, 55.511172], [32.0777, 55.510303], [32.078328, 55.509177], [32.077956, 55.506711], [32.076096, 55.501988], [32.075959, 55.497463], [32.077565, 55.493047], [32.079816, 55.490389], [32.082257, 55.488609], [32.097954, 55.485142], [32.102046, 55.48362], [32.105674, 55.480891], [32.10865, 55.47727], [32.110416, 55.474561], [32.1095638, 55.4730092], [32.104279, 55.472232], [32.092095, 55.471499], [32.084008, 55.471771], [32.075547, 55.469758], [32.06633, 55.469608], [32.062459, 55.47026], [32.056842, 55.474541], [32.047169, 55.474803], [32.032318, 55.477409], [32.025883, 55.479281], [32.02373, 55.478634], [32.013033, 55.465095], [32.013219, 55.462943], [32.014893, 55.460004], [32.019, 55.456446], [32.022619, 55.455235], [32.032752, 55.456068], [32.037713, 55.455265], [32.04103, 55.447987], [32.042682, 55.447202], [32.054144, 55.454284], [32.05833, 55.455334], [32.06112, 55.454651], [32.061864, 55.452815], [32.060987, 55.450326], [32.057679, 55.446465], [32.052965, 55.442135], [32.053704, 55.440326], [32.057121, 55.43917], [32.063533, 55.438264], [32.066701, 55.436651], [32.068747, 55.434132], [32.069491, 55.430143], [32.0716832, 55.4310539], [32.0732335, 55.4308345], [32.0733455, 55.4300119], [32.072012, 55.4282716], [32.0639569, 55.4242039], [32.0622785, 55.4181706], [32.0655842, 55.4173011], [32.0654481, 55.412555], [32.0628407, 55.4113776], [32.060313, 55.4079991], [32.0529792, 55.4055722], [32.048336, 55.4027291], [32.0452395, 55.4022194], [32.0331499, 55.4041691], [32.0265714, 55.397065], [32.0291969, 55.3920005], [32.0304557, 55.3920846], [32.0324936, 55.3911976], [32.0361605, 55.3919355], [32.0384234, 55.3902693], [32.039513, 55.3903765], [32.0409169, 55.3916975], [32.0478524, 55.391266], [32.0641029, 55.3937085], [32.0736126, 55.3969974], [32.0788637, 55.3975641], [32.0859172, 55.397412], [32.0853035, 55.3964154], [32.0857318, 55.3956047], [32.0882214, 55.394322], [32.0866434, 55.3936095], [32.086704, 55.3926866], [32.0934451, 55.392505], [32.0946682, 55.3895764], [32.0946608, 55.3862563], [32.0927421, 55.385987], [32.0905048, 55.3832011], [32.0818636, 55.3786602], [32.0781755, 55.3787711], [32.0758717, 55.3782584], [32.0751053, 55.37854], [32.0732079, 55.3815098], [32.0747296, 55.3834498], [32.0747549, 55.3843159], [32.0688776, 55.3812312], [32.0626739, 55.3813559], [32.0596965, 55.3821156], [32.0602876, 55.3839229], [32.0590233, 55.3852159], [32.0573136, 55.3853741], [32.0564765, 55.3850122], [32.0557015, 55.3837652], [32.0544178, 55.3833011], [32.0497556, 55.3844497], [32.0460154, 55.3836879], [32.0495251, 55.3825035], [32.0490762, 55.3807031], [32.0449708, 55.3786553], [32.031432, 55.3742617], [32.0325069, 55.369591], [32.028754, 55.370501], [32.025659, 55.369793], [32.027022, 55.368065], [32.0228161, 55.366351], [32.0204763, 55.3667667], [32.0179291, 55.365255], [32.0136098, 55.364931], [32.0137409, 55.364249], [32.0193961, 55.364143], [32.0220382, 55.362412], [32.0224349, 55.361083], [32.01975, 55.359181], [32.0164402, 55.358686], [32.0128852, 55.357272], [32.0101819, 55.357925], [32.0090339, 55.356716], [32.0062432, 55.355522], [32.0062709, 55.354789], [32.0049472, 55.353921], [32.0007846, 55.3529175], [31.9978284, 55.3528105], [31.9963884, 55.3512428], [31.9958576, 55.3491111], [31.9936973, 55.3491908], [31.9919415, 55.3505085], [31.9909286, 55.3506083], [31.9890688, 55.3483443], [31.9903828, 55.3472212], [31.9901817, 55.346738], [31.9861742, 55.347639], [31.9872089, 55.35036], [31.9866871, 55.3513024], [31.9831089, 55.350461], [31.9800457, 55.3512972], [31.9780162, 55.3502401], [31.9775858, 55.349235], [31.9800758, 55.3471365], [31.9802864, 55.346611], [31.9798415, 55.3461484], [31.9812869, 55.344835], [31.980456, 55.343647], [31.9839278, 55.341015], [31.9835351, 55.340146], [31.997119, 55.325901], [31.995517, 55.325295], [31.9724449, 55.325916], [31.964201, 55.321406], [31.961132, 55.318101], [31.960109, 55.315642], [31.959628, 55.312815], [31.958953, 55.312126], [31.953087, 55.311253], [31.952482, 55.310433], [31.952157, 55.306229], [31.93974, 55.29137], [31.938577, 55.288435], [31.939461, 55.28714], [31.941613, 55.285478], [31.945227, 55.283834], [31.950704, 55.282736], [31.953366, 55.283491], [31.954249, 55.284178], [31.954854, 55.286267], [31.954161, 55.293141], [31.95721, 55.296311], [31.962574, 55.296975], [31.969364, 55.295997], [31.9783, 55.293498], [31.979363, 55.292375], [31.9802, 55.28907], [31.981269, 55.288091], [31.984878, 55.286797], [31.987129, 55.285157], [31.98792, 55.28394], [31.987827, 55.27897], [31.985657, 55.276015], [31.984286, 55.275474], [31.975503, 55.274924], [31.955925, 55.275109]]]}}, {"type": "Feature", "properties": {"rda_code": "SM-05", "rda_name": "VELIZHSKY AREA / incl. VELIZh/", "osm_name": "Велижский муниципальный округ", "match_score": 1.0, "match_reason": "alias:velizhskii"}, "geometry": {"type": "Polygon", "coordinates": [[[30.8930326, 55.4763676], [30.89613, 55.47383], [30.90111, 55.47332], [30.89965, 55.46396], [30.9018, 55.4619], [30.90695, 55.45984], [30.91192, 55.45975], [30.9123508, 55.4587296], [30.9125913, 55.4562317], [30.9105176, 55.4543881], [30.9103691, 55.4532531], [30.90454, 55.44465], [30.90549, 55.44053], [30.9078, 55.43658], [30.91304, 55.42851], [30.91802, 55.42551], [30.92016, 55.42362], [30.92145, 55.41864], [30.9236, 55.41298], [30.926, 55.40929], [30.93209, 55.40225], [30.942681, 55.393342], [30.996923, 55.384349], [31.004515, 55.383532], [31.006877, 55.384254], [31.01131, 55.388692], [31.012577, 55.388605], [31.015104, 55.387927], [31.016614, 55.385822], [31.022221, 55.383532], [31.023005, 55.382368], [31.025056, 55.38206], [31.027127, 55.380386], [31.029792, 55.381382], [31.033989, 55.380443], [31.036674, 55.377207], [31.041108, 55.375598], [31.042525, 55.374381], [31.045231, 55.373661], [31.04837, 55.373585], [31.050829, 55.372922], [31.054056, 55.373137], [31.05579, 55.372508], [31.064597, 55.373183], [31.063351, 55.383631], [31.069526, 55.385918], [31.072875, 55.38579], [31.081749, 55.384036], [31.08611, 55.383816], [31.10264, 55.384621], [31.112056, 55.382318], [31.124794, 55.3824], [31.126726, 55.382605], [31.130717, 55.386713], [31.129456, 55.400763], [31.129994, 55.402671], [31.125895, 55.402855], [31.114213, 55.411744], [31.111036, 55.413569], [31.111361, 55.415209], [31.112444, 55.416696], [31.121851, 55.424487], [31.122393, 55.429809], [31.121562, 55.430947], [31.118294, 55.432977], [31.105077, 55.43685], [31.10013, 55.43896], [31.09943, 55.440197], [31.100173, 55.441179], [31.103399, 55.44211], [31.108924, 55.441252], [31.11019, 55.44022], [31.110331, 55.441903], [31.107775, 55.447442], [31.107923, 55.44996], [31.108851, 55.45239], [31.113149, 55.456118], [31.120227, 55.459939], [31.127939, 55.461542], [31.1387389, 55.4622452], [31.14219, 55.46176], [31.145199, 55.460323], [31.145523, 55.458064], [31.143717, 55.456917], [31.127683, 55.456303], [31.12057, 55.45537], [31.118222, 55.454489], [31.116236, 55.453065], [31.114809, 55.451283], [31.114231, 55.448343], [31.114033, 55.445885], [31.114683, 55.442422], [31.116908, 55.440854], [31.116117, 55.43856], [31.118798, 55.437667], [31.119982, 55.436041], [31.121725, 55.435078], [31.12513, 55.435779], [31.12232, 55.44106], [31.119738, 55.447831], [31.119902, 55.449004], [31.120594, 55.449409], [31.122302, 55.448927], [31.126545, 55.442351], [31.128495, 55.44246], [31.133172, 55.443979], [31.135124, 55.443307], [31.134707, 55.441757], [31.132017, 55.439495], [31.131224, 55.437543], [31.131437, 55.435722], [31.132433, 55.434372], [31.134007, 55.433489], [31.136452, 55.433238], [31.140873, 55.433647], [31.162226, 55.439953], [31.186705, 55.444756], [31.191293, 55.443971], [31.191348, 55.442945], [31.190623, 55.441679], [31.189083, 55.440461], [31.185429, 55.439158], [31.176502, 55.437768], [31.164311, 55.437244], [31.160324, 55.436331], [31.152357, 55.43268], [31.134847, 55.428084], [31.134075, 55.427446], [31.133899, 55.425393], [31.135318, 55.410375], [31.146031, 55.413611], [31.151553, 55.414237], [31.167116, 55.41763], [31.184726, 55.420399], [31.188676, 55.421575], [31.195176, 55.425551], [31.19792, 55.425878], [31.212335, 55.425306], [31.234803, 55.431553], [31.243276, 55.431453], [31.24777, 55.43094], [31.255843, 55.428666], [31.27166, 55.422148], [31.275415, 55.419894], [31.277683, 55.419183], [31.282967, 55.416427], [31.287693, 55.415836], [31.2896, 55.41679], [31.292677, 55.416902], [31.296071, 55.417721], [31.300102, 55.417538], [31.30999, 55.420092], [31.310602, 55.41833], [31.313048, 55.415049], [31.315011, 55.413827], [31.317142, 55.41347], [31.317385, 55.414453], [31.32117, 55.416068], [31.320857, 55.417474], [31.319065, 55.41877], [31.319823, 55.420064], [31.324391, 55.420946], [31.327834, 55.423167], [31.329591, 55.426056], [31.333297, 55.429224], [31.333302, 55.430222], [31.339116, 55.431979], [31.344705, 55.435605], [31.34511, 55.438569], [31.34289, 55.440458], [31.342583, 55.441361], [31.344004, 55.44253], [31.34646, 55.443507], [31.35137, 55.444759], [31.35249, 55.445565], [31.352015, 55.447094], [31.355645, 55.447988], [31.356129, 55.448884], [31.354714, 55.450598], [31.355502, 55.452172], [31.360338, 55.45221], [31.366348, 55.454806], [31.368385, 55.45484], [31.375905, 55.456536], [31.377587, 55.457884], [31.377284, 55.459497], [31.379272, 55.461922], [31.379045, 55.462826], [31.380701, 55.463315], [31.380475, 55.464579], [31.385204, 55.467749], [31.388643, 55.46784], [31.389354, 55.469412], [31.392359, 55.470171], [31.394005, 55.471295], [31.3956198, 55.4710821], [31.3968422, 55.471832], [31.3994979, 55.4715665], [31.4016682, 55.4706524], [31.404453, 55.471048], [31.411174, 55.470264], [31.413867, 55.470936], [31.415532, 55.472009], [31.417817, 55.471823], [31.420688, 55.472399], [31.422199, 55.47338], [31.425198, 55.473508], [31.4303262, 55.4746956], [31.4314203, 55.4753438], [31.434886, 55.4754228], [31.4382669, 55.4761472], [31.4395309, 55.4772737], [31.4392119, 55.4775738], [31.4401896, 55.4780307], [31.4397358, 55.4797268], [31.4419213, 55.4808778], [31.4426803, 55.4819622], [31.4417903, 55.4867929], [31.442136, 55.4874312], [31.4415844, 55.4880223], [31.4420965, 55.4888184], [31.444531, 55.4899702], [31.4443311, 55.4926351], [31.4463457, 55.493453], [31.4530866, 55.4926334], [31.4600439, 55.5011167], [31.46761, 55.4997805], [31.4729891, 55.5013677], [31.4759032, 55.5006694], [31.479201, 55.5005752], [31.4831363, 55.4991114], [31.4949697, 55.4965723], [31.5041713, 55.4967175], [31.5049308, 55.4978497], [31.5056019, 55.5014917], [31.5065798, 55.5030052], [31.5151739, 55.5042118], [31.5281748, 55.5051575], [31.5312832, 55.5026567], [31.5330541, 55.502841], [31.5364502, 55.5064672], [31.5363857, 55.5071739], [31.5376476, 55.5091255], [31.5382675, 55.5129711], [31.5375022, 55.5164108], [31.5342303, 55.5187962], [31.5362608, 55.5193989], [31.5377762, 55.5192715], [31.5385252, 55.5202938], [31.5401947, 55.5207995], [31.5436263, 55.5231961], [31.5473559, 55.5221768], [31.5487566, 55.5240662], [31.5498057, 55.5243188], [31.5523456, 55.522389], [31.5550193, 55.5223088], [31.560132, 55.5207488], [31.5853879, 55.519213], [31.580319, 55.526307], [31.5739066, 55.5307245], [31.5757789, 55.5325954], [31.5774171, 55.5329796], [31.5782121, 55.5343509], [31.5812961, 55.5355253], [31.5858359, 55.5361735], [31.5911047, 55.5358535], [31.5949851, 55.5362709], [31.6006107, 55.5350554], [31.605693, 55.5347391], [31.6083682, 55.5354466], [31.6088334, 55.5367062], [31.6088399, 55.5392393], [31.6115232, 55.5401748], [31.6105406, 55.5413959], [31.6078544, 55.5418161], [31.6059878, 55.5427721], [31.6058617, 55.543464], [31.6064052, 55.5439518], [31.6045975, 55.5460114], [31.6052662, 55.5467193], [31.6055547, 55.5494072], [31.6048109, 55.5504328], [31.6039984, 55.5506981], [31.6037682, 55.5520713], [31.602478, 55.5534523], [31.6027293, 55.5543857], [31.6036968, 55.5544225], [31.603563, 55.5560366], [31.6061212, 55.5559444], [31.6058816, 55.555687], [31.6065086, 55.5550856], [31.6075228, 55.5550818], [31.6094192, 55.5541595], [31.6097647, 55.5549836], [31.6108429, 55.554923], [31.6103646, 55.5553996], [31.6121583, 55.5552402], [31.6128584, 55.5556678], [31.612676, 55.5560174], [31.6142982, 55.5559407], [31.6140695, 55.556926], [31.6157334, 55.5569201], [31.6160719, 55.5575224], [31.6180135, 55.5576885], [31.6195461, 55.559185], [31.6229447, 55.5582611], [31.6241037, 55.5605418], [31.6242265, 55.5645375], [31.624738, 55.564936], [31.6265668, 55.5697748], [31.6301614, 55.5702184], [31.6365219, 55.5735858], [31.6388742, 55.5737386], [31.6429636, 55.572672], [31.6544789, 55.5732959], [31.6540007, 55.5750105], [31.6559055, 55.5763025], [31.660034, 55.5824991], [31.6800577, 55.5844642], [31.7066997, 55.5979166], [31.6945349, 55.5993389], [31.6925094, 55.604633], [31.6869945, 55.6043039], [31.6956278, 55.6100749], [31.6953413, 55.6127243], [31.6903944, 55.6147466], [31.6843639, 55.6189314], [31.6902914, 55.6248181], [31.6922983, 55.6281106], [31.6956389, 55.6300842], [31.704418, 55.6326855], [31.7067487, 55.6320441], [31.7064585, 55.6332848], [31.7078857, 55.6344075], [31.7089472, 55.6345035], [31.7094233, 55.6352003], [31.7128635, 55.6365563], [31.7137969, 55.6354159], [31.7124736, 55.6345246], [31.7133967, 55.6333109], [31.7199814, 55.6322369], [31.7201131, 55.633595], [31.7189299, 55.6334631], [31.7166208, 55.6363253], [31.7159219, 55.6363284], [31.7152532, 55.6370918], [31.7174904, 55.6377984], [31.7269874, 55.6380171], [31.7275248, 55.6399361], [31.7322489, 55.639836], [31.7344056, 55.6431684], [31.7346763, 55.6447071], [31.7361373, 55.6468362], [31.736331, 55.6478985], [31.7379601, 55.64987], [31.7546161, 55.6592597], [31.7548609, 55.6600229], [31.752815, 55.6601054], [31.7516849, 55.6614563], [31.7575126, 55.676533], [31.7631869, 55.6768418], [31.766239, 55.6817633], [31.7708778, 55.6833876], [31.7753441, 55.692249], [31.7767892, 55.6989429], [31.7596963, 55.6974], [31.7475596, 55.6947072], [31.7446222, 55.6961758], [31.740461, 55.6960942], [31.7357287, 55.6942175], [31.7280587, 55.7017239], [31.7268346, 55.7051303], [31.7285238, 55.707447], [31.7285169, 55.7179194], [31.7067172, 55.7208309], [31.6925249, 55.7217743], [31.6805571, 55.7252197], [31.6763529, 55.7281576], [31.6598565, 55.7262311], [31.655491, 55.7325952], [31.6530023, 55.7347982], [31.6437212, 55.7342677], [31.6391929, 55.7328806], [31.6374388, 55.7307183], [31.6374389, 55.72978], [31.6339306, 55.7263531], [31.6325027, 55.7260675], [31.6299325, 55.7278625], [31.6277905, 55.7310445], [31.6164084, 55.7310444], [31.6148988, 55.7337777], [31.6070458, 55.7291268], [31.5968468, 55.7291674], [31.5931749, 55.7324718], [31.5913797, 55.7361231], [31.5995795, 55.7417939], [31.6007216, 55.7446497], [31.6027206, 55.7447721], [31.6030469, 55.7462407], [31.6057393, 55.7481582], [31.6043523, 55.7487293], [31.5891355, 55.7444455], [31.5850662, 55.7425382], [31.5805788, 55.7389073], [31.575561, 55.7373569], [31.5752755, 55.734542], [31.5737254, 55.7327877], [31.5635265, 55.7303398], [31.5625473, 55.7308701], [31.5648726, 55.7336443], [31.5727052, 55.7382136], [31.5741328, 55.7442515], [31.5717257, 55.7462096], [31.5724194, 55.7430275], [31.5701758, 55.739315], [31.5675241, 55.7373976], [31.5637301, 55.7376423], [31.5623839, 55.7352557], [31.5598546, 55.7345213], [31.5585493, 55.7315024], [31.5544698, 55.7297889], [31.5467592, 55.7308494], [31.5437402, 55.7336235], [31.5400687, 55.7297886], [31.530033, 55.7268511], [31.5274221, 55.7270143], [31.5258719, 55.725464], [31.5235057, 55.7257087], [31.5199156, 55.7275853], [31.5037195, 55.7288089], [31.4962946, 55.7275033], [31.4884619, 55.7248922], [31.4834413, 55.7176168], [31.4834223, 55.7144172], [31.4840714, 55.712651], [31.4866416, 55.7093786], [31.4891424, 55.7071385], [31.4864946, 55.7063808], [31.4782761, 55.7058414], [31.4727111, 55.7047938], [31.4563635, 55.7051872], [31.4557852, 55.7024383], [31.4517584, 55.7046211], [31.4476787, 55.7043922], [31.4372012, 55.7053153], [31.4221827, 55.7160375], [31.4248126, 55.7162226], [31.4276485, 55.7181039], [31.4301872, 55.7184496], [31.4343484, 55.7175895], [31.4386874, 55.7190927], [31.4446421, 55.7228824], [31.4518471, 55.724387], [31.4670719, 55.7293446], [31.4564254, 55.7401502], [31.4500692, 55.7366643], [31.4483159, 55.736444], [31.448103, 55.7381289], [31.4446159, 55.7385835], [31.4437338, 55.7402231], [31.4402906, 55.7410312], [31.4362579, 55.7408632], [31.4348208, 55.7358742], [31.4290874, 55.7363195], [31.4275701, 55.7346163], [31.4302776, 55.7339986], [31.4294717, 55.7332257], [31.4262991, 55.7333514], [31.4263297, 55.7302803], [31.423699, 55.7299514], [31.4192543, 55.7279922], [31.4210995, 55.7272577], [31.4243383, 55.7283407], [31.4291126, 55.7289836], [31.4250471, 55.7272246], [31.42413, 55.7259879], [31.4188245, 55.7244885], [31.4165585, 55.7249829], [31.4157684, 55.7265164], [31.4105068, 55.7269869], [31.4092757, 55.7254414], [31.4063504, 55.7247681], [31.40664, 55.7283295], [31.4027112, 55.7289274], [31.4014903, 55.7313488], [31.3975442, 55.7321663], [31.3961247, 55.7338357], [31.3883443, 55.7352525], [31.384994, 55.7322136], [31.3824703, 55.7333111], [31.374285, 55.7308984], [31.3719739, 55.7315463], [31.3693734, 55.7385667], [31.3702578, 55.7402251], [31.366619, 55.7414919], [31.3497414, 55.7364618], [31.3426, 55.7365528], [31.3377241, 55.7383986], [31.3340292, 55.7379183], [31.331267, 55.7417354], [31.3234971, 55.7407629], [31.311021, 55.7422128], [31.3088103, 55.735341], [31.3128069, 55.7302888], [31.3097575, 55.7274119], [31.3053339, 55.7255125], [31.2935909, 55.7297742], [31.285538, 55.7340849], [31.2848586, 55.7354593], [31.2816605, 55.7368421], [31.2787599, 55.7394962], [31.2731252, 55.7391543], [31.262042, 55.7410528], [31.259517, 55.7439733], [31.2519612, 55.7428509], [31.2441632, 55.7396587], [31.2398178, 55.7415191], [31.2169178, 55.7308958], [31.2208418, 55.7292], [31.2171157, 55.7260216], [31.2156431, 55.7203048], [31.2128086, 55.7208682], [31.2127147, 55.7266195], [31.2031261, 55.7277089], [31.1897678, 55.7363448], [31.1884971, 55.7401639], [31.1812489, 55.7458119], [31.1760655, 55.7465632], [31.1702427, 55.7460829], [31.1704937, 55.744655], [31.1738289, 55.7436218], [31.173211, 55.7420335], [31.1747847, 55.7405867], [31.1769876, 55.7372088], [31.1732377, 55.7356332], [31.1685871, 55.7368836], [31.167467, 55.7367113], [31.1655782, 55.7405458], [31.1604204, 55.7404988], [31.1593932, 55.741992], [31.1557448, 55.7426777], [31.1557416, 55.7450398], [31.1537396, 55.7457399], [31.1524156, 55.747341], [31.1471015, 55.7468497], [31.1457016, 55.7486354], [31.1420391, 55.7487421], [31.1391379, 55.7501891], [31.1369478, 55.7523379], [31.1401348, 55.758001], [31.1264026, 55.7582705], [31.1207486, 55.7579168], [31.0743022, 55.7593896], [31.0719411, 55.7564837], [31.0726306, 55.7541573], [31.0770043, 55.753048], [31.0815916, 55.7501078], [31.0815917, 55.74916], [31.0802685, 55.7491015], [31.0799547, 55.7477777], [31.0777833, 55.7476794], [31.0779728, 55.7505386], [31.0743808, 55.7523137], [31.0702995, 55.7533354], [31.0693217, 55.7542687], [31.0687532, 55.7557082], [31.0698772, 55.7597135], [31.0456053, 55.7608871], [31.0380608, 55.7608408], [31.0377079, 55.7588904], [31.0310189, 55.7578831], [31.031062, 55.7567453], [31.031698, 55.7559861], [31.0274193, 55.7513967], [31.0284303, 55.7489287], [31.0326973, 55.747682], [31.0322564, 55.7455294], [31.0361444, 55.7404603], [31.0362551, 55.7395858], [31.0354704, 55.7380018], [31.0330609, 55.7377225], [31.032312, 55.7369186], [31.0325962, 55.7336572], [31.0356976, 55.7280499], [31.030153, 55.725016], [31.0493776, 55.7116454], [31.0536591, 55.7080089], [31.0600324, 55.7045641], [31.0605595, 55.6987671], [31.0530882, 55.6996657], [31.0478777, 55.7016471], [31.0417522, 55.7016029], [30.9646677, 55.6707363], [30.9640786, 55.6750817], [30.9614227, 55.6770031], [30.9599695, 55.6763532], [30.9625753, 55.6728211], [30.9626755, 55.671945], [30.9587167, 55.6734993], [30.9550085, 55.6715494], [30.9566371, 55.6710125], [30.9588466, 55.6720247], [30.9613913, 55.6706118], [30.9536278, 55.6664445], [30.9544072, 55.6637491], [30.9531544, 55.6632403], [30.9497253, 55.6590751], [30.9510655, 55.655342], [30.9485686, 55.654075], [30.9517007, 55.6493312], [30.9378707, 55.6439869], [30.9280065, 55.6418131], [30.9326221, 55.6247424], [30.9251324, 55.6226252], [30.9269645, 55.6168594], [30.932373, 55.6170855], [30.934683, 55.6162255], [30.935373, 55.6145955], [30.93355, 55.61271], [30.93553, 55.60198], [30.93767, 55.5964], [30.93596, 55.59185], [30.93527, 55.58687], [30.93879, 55.57949], [30.94308, 55.57323], [30.94866, 55.56816], [30.95046, 55.55666], [30.9496, 55.55228], [30.95192, 55.54808], [30.95321, 55.54455], [30.95501, 55.54241], [30.95261, 55.54112], [30.94462, 55.54215], [30.94068, 55.54104], [30.93699, 55.53906], [30.929, 55.53623], [30.92797, 55.53451], [30.92797, 55.53177], [30.92617, 55.53074], [30.92119, 55.53177], [30.91364, 55.53194], [30.91321, 55.52756], [30.9139, 55.52207], [30.91536, 55.51992], [30.91905, 55.52061], [30.92171, 55.52215], [30.92403, 55.52215], [30.92815, 55.52104], [30.93184, 55.51846], [30.92943, 55.51632], [30.92797, 55.51297], [30.93029, 55.51117], [30.93638, 55.51031], [30.93853, 55.51194], [30.94265, 55.51297], [30.94608, 55.51323], [30.94651, 55.51082], [30.94093, 55.50679], [30.94351, 55.50533], [30.94892, 55.50679], [30.95192, 55.50465], [30.95733, 55.50362], [30.95904, 55.50104], [30.95862, 55.49709], [30.9569, 55.49426], [30.95218, 55.49443], [30.94308, 55.49126], [30.9284, 55.48439], [30.9274645, 55.4843408], [30.9209, 55.4769745], [30.8930326, 55.4763676]]]}}, {"type": "Feature", "properties": {"rda_code": "SM-20", "rda_name": "RUDNYANSKY AREA / incl. RUDNYa/", "osm_name": "Руднянский муниципальный округ", "match_score": 1.0, "match_reason": "alias:руднянскии"}, "geometry": {"type": "Polygon", "coordinates": [[[30.75451, 54.80504], [30.76035, 54.80341], [30.77159, 54.80204], [30.8321, 54.78873], [30.84249, 54.78393], [30.84661, 54.77972], [30.85467, 54.77431], [30.85527, 54.77345], [30.87407, 54.7641], [30.8960462, 54.7543959], [30.914257, 54.755842], [30.9198502, 54.748607], [30.922292, 54.747541], [30.930647, 54.7514236], [30.9320777, 54.7500152], [30.9353135, 54.7500982], [30.9396816, 54.7454845], [30.9533836, 54.7432297], [30.951095, 54.7397575], [30.9580384, 54.7363303], [30.959552, 54.7340373], [30.9615357, 54.7350237], [30.9647457, 54.7335279], [30.9900389, 54.732663], [30.994298, 54.73482], [30.996623, 54.73753], [30.998065, 54.743832], [30.998158, 54.746433], [30.996344, 54.747828], [30.990345, 54.750536], [30.990205, 54.750992], [30.991321, 54.752548], [30.993833, 54.75279], [31.003506, 54.750993], [31.013644, 54.747104], [31.018481, 54.746889], [31.036339, 54.748042], [31.039595, 54.742517], [31.040386, 54.742115], [31.050059, 54.739621], [31.06601, 54.733721], [31.070056, 54.732541], [31.07666, 54.731602], [31.07959, 54.730449], [31.082427, 54.728357], [31.085496, 54.722806], [31.088659, 54.720607], [31.090147, 54.7205], [31.097542, 54.721277], [31.103487, 54.720848], [31.104703, 54.722645], [31.102611, 54.728598], [31.102704, 54.731012], [31.10368, 54.731441], [31.106703, 54.730824], [31.111912, 54.722886], [31.113028, 54.72235], [31.117353, 54.722403], [31.123771, 54.723744], [31.136886, 54.727955], [31.137862, 54.740426], [31.136746, 54.752763], [31.137444, 54.753782], [31.140281, 54.754506], [31.160929, 54.754533], [31.162278, 54.748874], [31.163627, 54.738146], [31.164045, 54.737797], [31.175579, 54.738548], [31.176137, 54.738843], [31.177625, 54.742464], [31.179765, 54.744717], [31.1849957, 54.7465722], [31.1887253, 54.7459087], [31.1894173, 54.7443572], [31.20539, 54.745414], [31.210148, 54.745228], [31.216737, 54.742545], [31.218132, 54.742572], [31.229562, 54.749484], [31.233712, 54.750644], [31.273144, 54.75571], [31.291798, 54.756732], [31.299835, 54.751954], [31.307796, 54.753004], [31.308634, 54.752092], [31.309936, 54.752065], [31.31285, 54.749764], [31.314793, 54.749351], [31.31781, 54.74738], [31.332259, 54.740989], [31.332853, 54.740364], [31.33305, 54.738442], [31.33477, 54.737315], [31.335654, 54.73753], [31.339281, 54.740212], [31.337189, 54.742572], [31.337835, 54.744979], [31.34063, 54.745951], [31.341049, 54.747184], [31.341886, 54.747506], [31.343002, 54.749062], [31.344118, 54.764133], [31.345513, 54.764965], [31.34728, 54.764911], [31.349838, 54.763329], [31.349838, 54.748338], [31.353224, 54.749223], [31.355698, 54.752039], [31.357392, 54.755218], [31.364022, 54.757456], [31.364813, 54.758046], [31.365557, 54.759869], [31.369929, 54.761988], [31.371045, 54.761961], [31.383787, 54.752548], [31.393507, 54.76357], [31.396623, 54.769229], [31.390298, 54.777758], [31.388531, 54.781459], [31.389647, 54.784811], [31.391182, 54.786501], [31.385555, 54.791167], [31.3956, 54.796799], [31.396344, 54.796826], [31.42741, 54.776953], [31.426108, 54.772957], [31.428108, 54.768264], [31.431224, 54.766253], [31.435193, 54.766327], [31.442664, 54.767594], [31.448524, 54.771053], [31.458244, 54.77521], [31.463918, 54.775934], [31.465918, 54.775827], [31.469127, 54.773762], [31.481612, 54.769469], [31.482706, 54.774675], [31.484584, 54.777277], [31.490443, 54.777701], [31.493339, 54.779668], [31.500376, 54.782711], [31.503169, 54.782281], [31.50978, 54.779746], [31.513354, 54.779789], [31.519325, 54.781408], [31.523205, 54.783288], [31.52453, 54.784894], [31.524053, 54.786892], [31.513516, 54.788066], [31.501309, 54.795456], [31.499833, 54.797789], [31.500611, 54.80071], [31.51221, 54.810088], [31.519911, 54.814095], [31.52326, 54.815059], [31.528096, 54.813667], [31.531259, 54.81356], [31.533677, 54.814952], [31.533677, 54.816773], [31.532561, 54.820415], [31.54056, 54.831342], [31.553047, 54.846096], [31.548047, 54.847261], [31.548094, 54.851598], [31.546885, 54.851056], [31.542314, 54.851385], [31.541137, 54.852503], [31.539112, 54.852101], [31.538566, 54.852552], [31.536541, 54.852151], [31.531817, 54.852572], [31.531166, 54.852306], [31.529584, 54.84871], [31.528515, 54.848683], [31.4985245, 54.8524622], [31.477265, 54.85124], [31.467528, 54.853024], [31.457259, 54.8524], [31.4482315, 54.8535977], [31.4494203, 54.8577299], [31.4487345, 54.8584405], [31.4491059, 54.8635087], [31.4507202, 54.8667385], [31.4528789, 54.874925], [31.4556585, 54.8829743], [31.4552379, 54.8853941], [31.4514203, 54.8843986], [31.4482074, 54.8909635], [31.4543448, 54.8963802], [31.4476298, 54.9021409], [31.4491896, 54.904295], [31.4544538, 54.9034674], [31.4589218, 54.9051037], [31.4541613, 54.9110996], [31.4485772, 54.9128882], [31.4472233, 54.916633], [31.4410261, 54.9203116], [31.4329453, 54.9211006], [31.4151336, 54.9172773], [31.4175873, 54.9112138], [31.4095747, 54.9118083], [31.4076239, 54.9126002], [31.405754, 54.9147643], [31.4027978, 54.9167728], [31.3997237, 54.9213865], [31.3981678, 54.9253519], [31.3979881, 54.9290335], [31.3997872, 54.9298481], [31.399507, 54.93152], [31.3952087, 54.9339941], [31.3851979, 54.9360253], [31.3820422, 54.9358891], [31.3698128, 54.9376398], [31.3688861, 54.9391415], [31.367544, 54.9398564], [31.3648341, 54.9399301], [31.3637707, 54.9440766], [31.3616275, 54.9455521], [31.3609035, 54.9469814], [31.3640702, 54.948038], [31.366487, 54.953947], [31.368673, 54.955891], [31.375184, 54.957595], [31.379834, 54.960499], [31.365231, 54.965906], [31.361185, 54.969022], [31.35993, 54.972272], [31.360628, 54.975175], [31.355886, 54.976795], [31.35514, 54.983486], [31.352582, 54.984231], [31.346071, 54.984285], [31.345513, 54.984658], [31.345094, 54.987108], [31.341327, 54.988733], [31.340862, 54.991689], [31.335188, 54.994912], [31.327019, 54.997128], [31.317562, 55.000879], [31.3124, 55.0053], [31.312819, 55.007191], [31.322864, 55.018378], [31.332351, 55.028766], [31.341234, 55.03665], [31.343653, 55.039926], [31.344723, 55.041843], [31.343792, 55.052818], [31.345792, 55.056813], [31.34754, 55.058266], [31.356522, 55.059508], [31.349534, 55.079415], [31.348324, 55.07992], [31.345999, 55.079708], [31.33521, 55.076253], [31.3198343, 55.080715], [31.310794, 55.0872265], [31.305725, 55.095227], [31.28675, 55.080452], [31.283727, 55.07915], [31.276937, 55.079867], [31.257969, 55.084926], [31.257719, 55.086], [31.262846, 55.108781], [31.262521, 55.109259], [31.241888, 55.1115345], [31.2332348, 55.1131665], [31.2308266, 55.1153282], [31.2269109, 55.1163117], [31.2302986, 55.1180971], [31.2322739, 55.1199491], [31.236012, 55.121589], [31.253192, 55.126229], [31.255027, 55.127289], [31.25587, 55.129801], [31.254847, 55.136126], [31.256149, 55.137614], [31.260009, 55.138677], [31.26759, 55.138756], [31.282146, 55.134318], [31.284797, 55.132378], [31.288077, 55.128036], [31.291308, 55.127914], [31.295447, 55.128817], [31.301493, 55.126771], [31.303865, 55.127303], [31.30633, 55.128711], [31.307586, 55.131183], [31.30833, 55.140989], [31.309074, 55.142636], [31.311864, 55.143247], [31.320468, 55.142503], [31.322095, 55.143141], [31.312863, 55.165686], [31.301748, 55.190889], [31.302562, 55.191985], [31.315421, 55.198242], [31.308631, 55.206322], [31.309818, 55.206437], [31.311435, 55.207942], [31.315241, 55.209701], [31.318235, 55.209834], [31.32256, 55.207471], [31.334582, 55.204315], [31.340511, 55.204051], [31.343999, 55.204857], [31.349487, 55.207233], [31.355765, 55.211009], [31.360464, 55.216022], [31.359846, 55.216526], [31.350208, 55.218415], [31.341163, 55.221003], [31.334349, 55.226746], [31.331578, 55.2334], [31.330782, 55.23816], [31.332042, 55.241474], [31.334279, 55.242905], [31.338372, 55.244239], [31.352859, 55.245928], [31.352729, 55.248825], [31.351158, 55.250673], [31.346532, 55.252254], [31.298344, 55.26178], [31.291757, 55.262415], [31.28303, 55.262101], [31.279705, 55.261547], [31.276729, 55.260543], [31.272682, 55.258379], [31.270008, 55.25616], [31.269799, 55.254549], [31.271589, 55.251447], [31.272031, 55.249519], [31.271334, 55.24845], [31.266474, 55.24519], [31.270334, 55.241202], [31.2722362, 55.2403021], [31.2723169, 55.2377164], [31.25587, 55.238747], [31.251592, 55.239526], [31.251406, 55.240199], [31.253894, 55.243447], [31.253313, 55.245107], [31.250964, 55.246787], [31.243081, 55.249348], [31.24064, 55.249203], [31.235477, 55.246391], [31.231315, 55.245202], [31.22799, 55.245123], [31.22278, 55.245691], [31.216433, 55.247949], [31.21234, 55.250365], [31.211294, 55.25282], [31.211433, 55.255395], [31.213707, 55.262861], [31.213861, 55.268541], [31.212922, 55.271933], [31.212061, 55.273138], [31.208579, 55.276118], [31.203944, 55.277344], [31.20162, 55.277297], [31.195086, 55.274877], [31.194534, 55.275588], [31.191886, 55.276034], [31.191645, 55.277878], [31.187245, 55.278409], [31.187787, 55.278956], [31.187546, 55.279761], [31.1878879, 55.28035], [31.1913517, 55.2814926], [31.1919307, 55.2822827], [31.1922129, 55.2842674], [31.1917442, 55.2861198], [31.1921029, 55.2865144], [31.1937358, 55.2859745], [31.1962661, 55.2838348], [31.1977199, 55.2838276], [31.1987583, 55.2845401], [31.1995496, 55.2867483], [31.2051977, 55.289434], [31.2059647, 55.290171], [31.2060582, 55.2909921], [31.2113268, 55.2907212], [31.2166039, 55.2913251], [31.2258541, 55.2948058], [31.2278505, 55.2970281], [31.2281097, 55.2990641], [31.2292098, 55.3003925], [31.216701, 55.3034204], [31.2159207, 55.3041926], [31.2102701, 55.3059445], [31.2067185, 55.3080222], [31.2101851, 55.3102569], [31.2054624, 55.3135264], [31.1914581, 55.3210783], [31.1896852, 55.322686], [31.1986862, 55.3275296], [31.1954831, 55.3295565], [31.193807, 55.330066], [31.186878, 55.3354], [31.181879, 55.34208], [31.188506, 55.34513], [31.195523, 55.3462205], [31.1989092, 55.3474617], [31.203208, 55.347378], [31.212765, 55.346146], [31.21427, 55.346793], [31.216314, 55.346818], [31.216948, 55.347088], [31.217665, 55.349169], [31.223263, 55.350773], [31.224212, 55.351757], [31.228731, 55.351895], [31.238942, 55.348338], [31.258212, 55.342661], [31.270311, 55.340297], [31.276073, 55.339366], [31.281804, 55.340596], [31.284049, 55.341544], [31.28666, 55.343512], [31.28709, 55.345225], [31.284076, 55.349724], [31.284355, 55.351203], [31.28707, 55.352996], [31.293995, 55.354018], [31.300405, 55.360818], [31.312027, 55.377607], [31.3154286, 55.3852839], [31.3195336, 55.3884039], [31.330327, 55.398361], [31.338036, 55.409308], [31.338962, 55.413579], [31.338014, 55.414707], [31.334936, 55.415383], [31.320509, 55.413408], [31.315011, 55.413827], [31.313048, 55.415049], [31.310602, 55.41833], [31.30999, 55.420092], [31.300102, 55.417538], [31.296071, 55.417721], [31.292677, 55.416902], [31.2896, 55.41679], [31.287693, 55.415836], [31.282967, 55.416427], [31.277683, 55.419183], [31.275415, 55.419894], [31.27166, 55.422148], [31.255843, 55.428666], [31.24777, 55.43094], [31.243276, 55.431453], [31.234803, 55.431553], [31.212335, 55.425306], [31.19792, 55.425878], [31.195176, 55.425551], [31.188676, 55.421575], [31.184726, 55.420399], [31.167116, 55.41763], [31.151553, 55.414237], [31.146031, 55.413611], [31.135318, 55.410375], [31.133899, 55.425393], [31.134075, 55.427446], [31.134847, 55.428084], [31.152357, 55.43268], [31.160324, 55.436331], [31.164311, 55.437244], [31.176502, 55.437768], [31.185429, 55.439158], [31.189083, 55.440461], [31.190623, 55.441679], [31.191348, 55.442945], [31.191293, 55.443971], [31.186705, 55.444756], [31.162226, 55.439953], [31.140873, 55.433647], [31.136452, 55.433238], [31.134007, 55.433489], [31.132433, 55.434372], [31.131437, 55.435722], [31.131224, 55.437543], [31.132017, 55.439495], [31.134707, 55.441757], [31.135124, 55.443307], [31.133172, 55.443979], [31.128495, 55.44246], [31.126545, 55.442351], [31.122302, 55.448927], [31.120594, 55.449409], [31.119902, 55.449004], [31.119738, 55.447831], [31.12232, 55.44106], [31.12513, 55.435779], [31.121725, 55.435078], [31.119982, 55.436041], [31.118798, 55.437667], [31.116117, 55.43856], [31.116908, 55.440854], [31.114683, 55.442422], [31.114033, 55.445885], [31.114231, 55.448343], [31.114809, 55.451283], [31.116236, 55.453065], [31.118222, 55.454489], [31.12057, 55.45537], [31.127683, 55.456303], [31.143717, 55.456917], [31.145523, 55.458064], [31.145199, 55.460323], [31.143826, 55.461272], [31.1387389, 55.4622452], [31.124424, 55.460977], [31.120227, 55.459939], [31.113763, 55.456508], [31.108851, 55.45239], [31.107923, 55.44996], [31.107775, 55.447442], [31.110331, 55.441903], [31.11019, 55.44022], [31.108924, 55.441252], [31.103399, 55.44211], [31.100173, 55.441179], [31.09943, 55.440197], [31.10013, 55.43896], [31.105077, 55.43685], [31.118294, 55.432977], [31.121562, 55.430947], [31.122393, 55.429809], [31.121851, 55.424487], [31.112444, 55.416696], [31.111361, 55.415209], [31.111036, 55.413569], [31.114213, 55.411744], [31.125895, 55.402855], [31.129994, 55.402671], [31.129456, 55.400763], [31.130753, 55.386893], [31.126726, 55.382605], [31.112056, 55.382318], [31.10264, 55.384621], [31.08611, 55.383816], [31.081749, 55.384036], [31.072875, 55.38579], [31.069679, 55.385939], [31.063351, 55.383631], [31.064597, 55.373183], [31.057934, 55.372535], [31.05579, 55.372508], [31.053104, 55.373217], [31.050829, 55.372922], [31.042525, 55.374381], [31.041108, 55.375598], [31.036674, 55.377207], [31.033989, 55.380443], [31.029792, 55.381382], [31.027127, 55.380386], [31.025056, 55.38206], [31.023005, 55.382368], [31.022221, 55.383532], [31.016614, 55.385822], [31.015104, 55.387927], [31.012577, 55.388605], [31.01131, 55.388692], [31.006877, 55.384254], [31.004515, 55.383532], [30.996923, 55.384349], [30.942681, 55.393342], [30.93467, 55.39985], [30.93355, 55.39581], [30.9266, 55.38749], [30.92471, 55.37933], [30.92214, 55.3765], [30.9175658, 55.3750221], [30.9001569, 55.3748739], [30.89699, 55.37144], [30.8977091, 55.3690174], [30.89493, 55.36809], [30.89424, 55.36689], [30.88815, 55.36311], [30.87673, 55.35856], [30.873654, 55.3514574], [30.8661738, 55.3486067], [30.8635829, 55.3448824], [30.8573994, 55.3447197], [30.8542054, 55.3439115], [30.8517215, 55.3425482], [30.8466731, 55.3412241], [30.8426197, 55.3387228], [30.8302472, 55.3344571], [30.8280391, 55.332491], [30.826776, 55.3267687], [30.8269633, 55.3232471], [30.8201209, 55.3190906], [30.8190045, 55.3168954], [30.8194652, 55.3129681], [30.82326, 55.30869], [30.82111, 55.29728], [30.81983, 55.28535], [30.81983, 55.282], [30.82111, 55.27977], [30.82309, 55.279], [30.83193, 55.27925], [30.83991, 55.28063], [30.8436, 55.2808], [30.84729, 55.27985], [30.87562, 55.28054], [30.88034, 55.27728], [30.88188, 55.27522], [30.88137, 55.26939], [30.8783366, 55.2596364], [30.9026471, 55.2555952], [30.9085597, 55.2518106], [30.9056489, 55.2489589], [30.9049212, 55.2453293], [30.905285, 55.2403509], [30.908044, 55.2368961], [30.9100767, 55.2369901], [30.9142641, 55.2312356], [30.9186341, 55.2287394], [30.9213608, 55.2177476], [30.9175457, 55.2130711], [30.9204565, 55.205182], [30.9235233, 55.2006601], [30.9297279, 55.2015173], [30.9423263, 55.2013764], [30.9469971, 55.1945821], [30.94727, 55.1928687], [30.9504537, 55.1925571], [30.9587313, 55.1941667], [30.9609144, 55.1934917], [30.9644619, 55.1887665], [30.9670998, 55.1810285], [30.9684643, 55.1808207], [30.9680095, 55.1791067], [30.9694649, 55.1776004], [30.9654625, 55.1731331], [30.9646158, 55.1712043], [30.9686916, 55.1699813], [30.9751272, 55.1717735], [30.981656, 55.1723734], [30.9834465, 55.1716473], [30.9853324, 55.1717824], [30.9870943, 55.1678852], [30.9863497, 55.1656978], [30.9885304, 55.1655155], [30.9924662, 55.1629635], [30.9903919, 55.1597124], [30.9849669, 55.1597427], [30.9830521, 55.1581019], [30.9820416, 55.1569168], [30.9827862, 55.1537564], [30.9824139, 55.1516291], [30.972416, 55.1457795], [30.972789, 55.1446332], [30.9962407, 55.1442775], [31.0037551, 55.140982], [30.9970872, 55.136096], [30.9934069, 55.1290177], [30.9899301, 55.1199919], [31.0023973, 55.1160309], [30.9983955, 55.1125097], [30.9856095, 55.1057698], [30.9842353, 55.0941943], [30.990084, 55.0874119], [30.9903018, 55.0768499], [30.9955953, 55.074942], [30.9992378, 55.0729368], [30.9983271, 55.0704101], [31.0005687, 55.0690063], [31.0046315, 55.0685651], [31.0066629, 55.0637918], [31.012547, 55.0629093], [31.0278876, 55.0623076], [31.0160553, 55.0468105], [31.0163296, 55.040559], [31.0115663, 55.0406392], [31.0107958, 55.0395957], [31.0163996, 55.0294795], [30.9885552, 55.0254612], [30.9859986, 55.0323701], [30.9815155, 55.0311255], [30.9692413, 55.036008], [30.9668165, 55.0356037], [30.9669721, 55.0351103], [30.9660012, 55.0345047], [30.9655264, 55.0348613], [30.9640083, 55.0346154], [30.959419, 55.0327431], [30.9579626, 55.0326186], [30.9574825, 55.0331351], [30.9551758, 55.0334518], [30.9555459, 55.0342173], [30.9543429, 55.0339783], [30.9539151, 55.0346703], [30.9526369, 55.0345045], [30.9516426, 55.0365243], [30.9495205, 55.0364781], [30.948635, 55.0373838], [30.9464972, 55.0368298], [30.9428704, 55.0370806], [30.9375746, 55.0366256], [30.9360724, 55.0358527], [30.9335972, 55.0356807], [30.9322257, 55.0345712], [30.9305543, 55.0345291], [30.9288478, 55.0337449], [30.9279426, 55.032637], [30.9207452, 55.0293894], [30.9208686, 55.0260871], [30.9225155, 55.0247556], [30.9216304, 55.0236916], [30.9222526, 55.0230243], [30.9202624, 55.0226215], [30.9201391, 55.0213822], [30.9187443, 55.0214406], [30.9179128, 55.0205888], [30.9165234, 55.0204319], [30.9161104, 55.019823], [30.9138037, 55.0205765], [30.9130151, 55.021539], [30.9120656, 55.0215452], [30.911041, 55.0210347], [30.9112878, 55.0193986], [30.90926, 55.0189896], [30.9084178, 55.0182853], [30.908391, 55.017787], [30.9112572, 55.0173821], [30.9131241, 55.0162625], [30.9171796, 55.0155736], [30.9212544, 55.0117915], [30.9317551, 55.0104282], [30.9473449, 55.0009055], [30.9481006, 55.0012599], [30.9526786, 54.997555], [30.952189, 54.9941284], [30.9532327, 54.9891422], [30.9528369, 54.9886716], [30.9627193, 54.9854866], [30.9613123, 54.981029], [30.9637748, 54.9793012], [30.9427562, 54.9783356], [30.9412457, 54.9793108], [30.9367959, 54.9772025], [30.9371167, 54.9768483], [30.935583, 54.9756548], [30.9367471, 54.9672107], [30.9437553, 54.9584662], [30.9147331, 54.9618432], [30.9020749, 54.9587935], [30.9084149, 54.9490092], [30.885036, 54.948554], [30.863242, 54.9509435], [30.8587503, 54.9504387], [30.8474529, 54.94721], [30.8446097, 54.9473456], [30.8389332, 54.9487672], [30.8346049, 54.9485129], [30.8256932, 54.9426838], [30.81871, 54.94022], [30.81682, 54.93696], [30.81828, 54.93293], [30.82026, 54.93061], [30.81811, 54.92838], [30.82094, 54.92666], [30.8285, 54.92554], [30.83124, 54.91799], [30.8315, 54.91456], [30.83279, 54.9125], [30.83476, 54.90752], [30.82995, 54.90323], [30.82541, 54.90005], [30.8194, 54.89611], [30.81416, 54.89387], [30.81373, 54.89173], [30.81459, 54.88727], [30.81983, 54.88418], [30.8224, 54.88151], [30.8218025, 54.8797989], [30.81502, 54.8786], [30.80343, 54.87903], [30.79648, 54.87765], [30.79193, 54.87456], [30.78652, 54.86572], [30.78112, 54.86049], [30.78223, 54.85577], [30.7794, 54.85087], [30.77331, 54.84615], [30.7703, 54.84092], [30.76859, 54.83525], [30.76292, 54.8277], [30.75837, 54.82323], [30.75734, 54.81877], [30.75477, 54.81568], [30.75391, 54.81251], [30.7515697, 54.8095246], [30.75451, 54.80504]]]}}, {"type": "Feature", "properties": {"rda_code": "SM-15", "rda_name": "KRASNINSKY AREA", "osm_name": "Краснинский муниципальный округ", "match_score": 1.0, "match_reason": "alias:krasninskii"}, "geometry": {"type": "Polygon", "coordinates": [[[30.959552, 54.7340373], [30.9568707, 54.7311656], [30.9695608, 54.7254171], [30.970267, 54.718251], [30.9749376, 54.7144323], [30.9778071, 54.7129081], [30.9840434, 54.7153967], [30.9827966, 54.7164254], [30.9896117, 54.7213872], [30.9967437, 54.7217563], [31.0027787, 54.7199843], [31.0048676, 54.7201921], [31.0079903, 54.7193671], [31.0121343, 54.7170675], [31.013703, 54.7153571], [31.0134541, 54.7137563], [31.0220468, 54.7085264], [31.0254414, 54.7058194], [31.0232205, 54.7025649], [31.0033116, 54.6985819], [31.0023615, 54.6975127], [31.0033845, 54.6944867], [30.9993285, 54.6924209], [30.9991983, 54.6913782], [30.9839853, 54.691167], [30.9839023, 54.6894792], [30.9831916, 54.6886453], [30.9867708, 54.6853314], [30.991273, 54.6722278], [30.9982088, 54.6724737], [31.0132417, 54.6747159], [31.0218591, 54.6728344], [31.0311893, 54.6726984], [31.0342511, 54.6701853], [31.0386743, 54.6686989], [31.0441607, 54.6680735], [31.0529034, 54.6682118], [31.0645228, 54.6647438], [31.0670941, 54.664543], [31.0707525, 54.665737], [31.0710546, 54.6675199], [31.0655123, 54.6716864], [31.065185, 54.6724967], [31.0678059, 54.6736887], [31.0703465, 54.6737277], [31.0732709, 54.6715057], [31.0736789, 54.6705168], [31.0735343, 54.6688543], [31.0742806, 54.6673463], [31.0768128, 54.6659641], [31.0824337, 54.6660201], [31.0856075, 54.6655211], [31.0871448, 54.6649237], [31.0899627, 54.6627124], [31.0937002, 54.6613293], [31.0957485, 54.6615474], [31.1018911, 54.6663173], [31.1075565, 54.6688673], [31.1097966, 54.669418], [31.1270544, 54.6665932], [31.1330112, 54.6651837], [31.1356818, 54.6650584], [31.1412063, 54.6668598], [31.1485474, 54.667632], [31.1522528, 54.6674822], [31.1586204, 54.6661611], [31.161328, 54.6660505], [31.1647008, 54.6671106], [31.1704541, 54.670305], [31.1747057, 54.6707556], [31.1771757, 54.6702664], [31.1836619, 54.6668829], [31.1862097, 54.6661751], [31.1978287, 54.6590404], [31.1982126, 54.6583014], [31.1975793, 54.6566708], [31.1977404, 54.6559062], [31.2011522, 54.653303], [31.2020371, 54.6512517], [31.2017532, 54.6496685], [31.2005343, 54.6476512], [31.1978496, 54.6464346], [31.1984646, 54.644889], [31.1976812, 54.6441665], [31.1978069, 54.643468], [31.2002753, 54.643848], [31.2011989, 54.6424589], [31.2027418, 54.642439], [31.2019332, 54.6415429], [31.2026219, 54.6394457], [31.2045282, 54.6384793], [31.2076702, 54.6392778], [31.209329, 54.6383846], [31.209833, 54.637789], [31.2102197, 54.6355336], [31.208676, 54.6360471], [31.2082456, 54.6356098], [31.2107558, 54.6341942], [31.2097214, 54.6334305], [31.2098531, 54.6329598], [31.2107939, 54.6327101], [31.2105651, 54.6322183], [31.2094729, 54.6314171], [31.2080575, 54.631455], [31.2072737, 54.630962], [31.2079875, 54.6300363], [31.2093866, 54.6293465], [31.2083215, 54.6283505], [31.2087257, 54.627717], [31.2084187, 54.6265408], [31.2052901, 54.6278133], [31.2038163, 54.6276147], [31.2024863, 54.6266669], [31.2011167, 54.626452], [31.2015816, 54.6258203], [31.2011167, 54.6250851], [31.202023, 54.6245791], [31.201961, 54.6240942], [31.1993061, 54.6234893], [31.2002362, 54.6225164], [31.2025295, 54.6220524], [31.2037427, 54.6210862], [31.2033348, 54.6206409], [31.2043531, 54.6199067], [31.2021663, 54.6193639], [31.2014971, 54.6196762], [31.2009333, 54.6190379], [31.1982345, 54.6191998], [31.1972029, 54.6186615], [31.1975504, 54.6176906], [31.1957308, 54.6180733], [31.1964029, 54.6171948], [31.1951798, 54.6165736], [31.1966249, 54.6159707], [31.1956948, 54.6152519], [31.1969316, 54.6141147], [31.194889, 54.6140592], [31.1944119, 54.6137672], [31.1949652, 54.6129857], [31.1931744, 54.611892], [31.188764, 54.6109136], [31.1894334, 54.6100262], [31.1908288, 54.6096118], [31.1885068, 54.6090389], [31.1901537, 54.6082684], [31.1887107, 54.6073643], [31.1906419, 54.6071189], [31.1909959, 54.605699], [31.1904166, 54.6055778], [31.1903683, 54.6041982], [31.1894885, 54.6040491], [31.1882976, 54.6046208], [31.1876593, 54.6036389], [31.1845694, 54.603611], [31.1827401, 54.6029864], [31.1802832, 54.6043412], [31.1795053, 54.6034214], [31.17766, 54.6033468], [31.1785129, 54.6027875], [31.1786953, 54.601585], [31.1761579, 54.6020915], [31.1752889, 54.601787], [31.1764423, 54.6010008], [31.1765635, 54.5994684], [31.1715692, 54.593256], [31.1723797, 54.5901043], [31.1713444, 54.5892277], [31.1702447, 54.58915], [31.1695044, 54.5898339], [31.1680238, 54.5883792], [31.1665164, 54.5885719], [31.1659693, 54.5876207], [31.1645906, 54.5881989], [31.1634104, 54.5872601], [31.1617582, 54.5876642], [31.1610394, 54.5870892], [31.1586844, 54.5866198], [31.1581855, 54.5858799], [31.156206, 54.5855411], [31.1553745, 54.5847826], [31.1538725, 54.5849878], [31.1521183, 54.5837163], [31.1483525, 54.5834303], [31.1498385, 54.5828583], [31.1464213, 54.5820375], [31.1463569, 54.5816085], [31.1474942, 54.5809183], [31.146652, 54.5801722], [31.1467164, 54.5787638], [31.1454396, 54.5786083], [31.1437016, 54.5791244], [31.1441039, 54.5783907], [31.1433636, 54.5776911], [31.1441146, 54.5772962], [31.1440127, 54.5758038], [31.1458795, 54.5757323], [31.1442487, 54.5747808], [31.1448227, 54.5732665], [31.1443185, 54.5726383], [31.1445867, 54.5705144], [31.1432349, 54.5705828], [31.1428915, 54.5695504], [31.1426716, 54.5701879], [31.1406277, 54.5700231], [31.141014, 54.5687169], [31.1418401, 54.5683997], [31.1415451, 54.5679488], [31.1396353, 54.5683002], [31.1389755, 54.5675041], [31.1359232, 54.5674543], [31.1361431, 54.5660734], [31.1348395, 54.5663285], [31.1351721, 54.5655914], [31.1330639, 54.5654514], [31.1313902, 54.5642602], [31.1315029, 54.5632183], [31.1325811, 54.5635417], [31.1330639, 54.5630503], [31.131873, 54.5619648], [31.1336111, 54.5614827], [31.1324953, 54.5606211], [31.1357819, 54.5604711], [31.1348514, 54.5600388], [31.1358251, 54.5591669], [31.1354553, 54.5583951], [31.1371499, 54.5575411], [31.1353048, 54.5573349], [31.1349079, 54.5566458], [31.13674, 54.5567957], [31.1374803, 54.5556074], [31.1369761, 54.5546585], [31.1385103, 54.5550101], [31.1394799, 54.5544509], [31.1381181, 54.553754], [31.1384817, 54.5531679], [31.1373232, 54.5523102], [31.1376313, 54.5513096], [31.1360723, 54.5518993], [31.1348522, 54.5512631], [31.1338724, 54.5498443], [31.1352219, 54.5495798], [31.1334904, 54.5486362], [31.1343038, 54.5483289], [31.1344981, 54.5473807], [31.1342299, 54.5471225], [31.1333823, 54.5476296], [31.1335379, 54.5470073], [31.1324221, 54.5465064], [31.133672, 54.5462419], [31.1332107, 54.5457845], [31.1339349, 54.5447483], [31.1351043, 54.5448541], [31.1364579, 54.543845], [31.1353395, 54.5439477], [31.135028, 54.5444199], [31.1341432, 54.5440134], [31.1333788, 54.5442556], [31.1326072, 54.5427815], [31.1315101, 54.5434878], [31.1300378, 54.5429663], [31.1311632, 54.5429417], [31.1311986, 54.5424407], [31.1294503, 54.5422436], [31.1276453, 54.54334], [31.1255642, 54.5427939], [31.1253519, 54.5417591], [31.1238229, 54.5412828], [31.121933, 54.5415743], [31.1213101, 54.5411103], [31.1199298, 54.5419767], [31.1198236, 54.5407777], [31.1169569, 54.5411185], [31.1156615, 54.5398496], [31.1140477, 54.5398291], [31.1128797, 54.5404697], [31.1122568, 54.5400509], [31.1125329, 54.5384329], [31.111641, 54.5381947], [31.1128514, 54.5367615], [31.1118675, 54.5365479], [31.1114641, 54.5352871], [31.1103881, 54.5355253], [31.1098006, 54.5348518], [31.1087318, 54.5349956], [31.1080806, 54.5344083], [31.1061907, 54.5340468], [31.1044423, 54.5348641], [31.103515, 54.5343959], [31.1032744, 54.5350284], [31.1024816, 54.5352954], [31.1023896, 54.5344534], [31.1017525, 54.5350777], [31.1003368, 54.5342809], [31.0994945, 54.5346711], [31.0991972, 54.5329051], [31.0952262, 54.5326094], [31.0949137, 54.5306067], [31.0932376, 54.5292622], [31.0954128, 54.5283718], [31.0944885, 54.5279427], [31.0953204, 54.5277818], [31.0963618, 54.5265338], [31.0971444, 54.5263442], [31.0971074, 54.5268842], [31.0977852, 54.5270845], [31.097662, 54.5264873], [31.0993935, 54.5266196], [31.1000837, 54.5262441], [31.1001084, 54.5254967], [31.0992025, 54.5250247], [31.1007835, 54.5241006], [31.0985892, 54.5238253], [31.0994244, 54.5226956], [31.0982352, 54.5234802], [31.0976336, 54.5233241], [31.0984122, 54.5221903], [31.0973646, 54.5221492], [31.0970319, 54.5213275], [31.0987944, 54.5205018], [31.1003375, 54.5205963], [31.0998774, 54.5200827], [31.1005782, 54.5197623], [31.0996509, 54.5190597], [31.1010808, 54.5192035], [31.1012223, 54.5187721], [31.0988652, 54.518505], [31.0996509, 54.5179833], [31.0982528, 54.5171801], [31.0994934, 54.5168951], [31.0983387, 54.5164577], [31.0989449, 54.5160295], [31.0976413, 54.5150066], [31.0982743, 54.5144367], [31.0972953, 54.5139696], [31.0977942, 54.5131007], [31.0960159, 54.5126554], [31.0955384, 54.5133125], [31.09453, 54.5128734], [31.0935054, 54.5131195], [31.0931406, 54.5136893], [31.0913113, 54.5138917], [31.090968, 54.5134853], [31.091263, 54.5129202], [31.0907695, 54.5127084], [31.0886773, 54.5134744], [31.0887283, 54.5127496], [31.0869232, 54.5123907], [31.0861829, 54.5113817], [31.0876635, 54.5112307], [31.0880014, 54.5096439], [31.0860274, 54.5091643], [31.0856586, 54.508504], [31.0867891, 54.5086022], [31.0863868, 54.5080587], [31.0870251, 54.5075681], [31.0879586, 54.5078811], [31.0881409, 54.5073423], [31.0903189, 54.5070807], [31.090453, 54.5062818], [31.091735, 54.5064609], [31.092014, 54.5056729], [31.0948196, 54.5057554], [31.0939586, 54.5048163], [31.0940337, 54.5040968], [31.0930359, 54.5041154], [31.0929769, 54.503561], [31.0918611, 54.5027543], [31.0937119, 54.5029599], [31.0937816, 54.5021251], [31.0947096, 54.5018229], [31.0944038, 54.5012249], [31.094774, 54.5007483], [31.0966033, 54.5000006], [31.0975152, 54.5002311], [31.0978907, 54.499348], [31.1001116, 54.4995333], [31.1009538, 54.4982686], [31.1019784, 54.4982717], [31.1026007, 54.4975396], [31.1038237, 54.4975956], [31.104607, 54.4969197], [31.1047733, 54.4956641], [31.1038506, 54.4955675], [31.1045802, 54.4951126], [31.104548, 54.4944304], [31.1068386, 54.4942527], [31.1058623, 54.4941656], [31.1063183, 54.493558], [31.1057872, 54.4929255], [31.1074824, 54.492857], [31.1075681, 54.492346], [31.1082602, 54.4921217], [31.11869, 54.49142], [31.13766, 54.48901], [31.14435, 54.48635], [31.15088, 54.48283], [31.16186, 54.47571], [31.1671, 54.47382], [31.17362, 54.47365], [31.17989, 54.47536], [31.1897192, 54.4789761], [31.1943467, 54.4799344], [31.2019781, 54.4798271], [31.2034287, 54.4754713], [31.20495, 54.46678], [31.2127792, 54.4671746], [31.2154135, 54.468412], [31.2210334, 54.4693083], [31.2212909, 54.4705989], [31.2236244, 54.4712598], [31.2238459, 54.4709404], [31.2231749, 54.4706932], [31.2233216, 54.4700296], [31.2255672, 54.4684391], [31.2262179, 54.4658587], [31.2284315, 54.4664037], [31.2305367, 54.4676828], [31.234505, 54.466238], [31.2356208, 54.4650844], [31.235829, 54.4638883], [31.2345393, 54.4609075], [31.2352524, 54.4601049], [31.2354193, 54.4583057], [31.2372552, 54.4538338], [31.2365117, 54.4532075], [31.2368, 54.4523871], [31.23628, 54.44996], [31.2377984, 54.4402062], [31.2358913, 54.4364502], [31.23542, 54.43434], [31.23842, 54.43279], [31.24452, 54.43228], [31.24838, 54.42979], [31.2504045, 54.4269463], [31.2500667, 54.4253329], [31.25138, 54.42369], [31.2507371, 54.42017], [31.2512357, 54.4192736], [31.2527575, 54.4184079], [31.2543982, 54.4134987], [31.2558819, 54.4115938], [31.2589548, 54.4106208], [31.257398, 54.4075948], [31.2608634, 54.4068517], [31.2622367, 54.4052593], [31.263846, 54.4046473], [31.2644039, 54.4049846], [31.2671612, 54.4025365], [31.2703155, 54.4007879], [31.2703799, 54.4001196], [31.2680457, 54.3975612], [31.2633502, 54.394885], [31.2634364, 54.394067], [31.2639541, 54.3937872], [31.2583041, 54.3897068], [31.2579585, 54.388766], [31.2583788, 54.3885375], [31.2570619, 54.3872975], [31.2575943, 54.3869712], [31.2565202, 54.3862424], [31.2560999, 54.3848065], [31.2551565, 54.3847902], [31.255306, 54.3842626], [31.2544467, 54.3838329], [31.2532138, 54.3838112], [31.2525227, 54.3826309], [31.2529149, 54.382038], [31.2522051, 54.3812112], [31.2532045, 54.3805149], [31.2525413, 54.3801831], [31.2543346, 54.3792475], [31.254867, 54.3787144], [31.2546989, 54.3782465], [31.2557543, 54.3785348], [31.2565389, 54.378154], [31.2581827, 54.3791604], [31.2600454, 54.3789498], [31.2615741, 54.3793855], [31.2623546, 54.3785331], [31.2647207, 54.3776617], [31.2676885, 54.3774533], [31.2678186, 54.3768945], [31.2705831, 54.3767098], [31.2712661, 54.3770697], [31.2730468, 54.3763025], [31.2739737, 54.3764162], [31.2752991, 54.3751597], [31.2766563, 54.3746035], [31.2778472, 54.3747785], [31.2786035, 54.374188], [31.2811785, 54.375091], [31.2823908, 54.3750222], [31.2848906, 54.3739567], [31.284601, 54.3737817], [31.2850945, 54.3733786], [31.2861888, 54.3733786], [31.285824, 54.3728881], [31.2875192, 54.3713662], [31.2879323, 54.3696819], [31.2928246, 54.3684412], [31.2943588, 54.3683818], [31.2950133, 54.3688787], [31.2976901, 54.3681381], [31.2991707, 54.3683162], [31.2992887, 54.3677224], [31.3016974, 54.3670036], [31.3023733, 54.3658941], [31.3031887, 54.366066], [31.3039182, 54.3647377], [31.3048785, 54.3648096], [31.3052647, 54.3639407], [31.3080274, 54.362703], [31.3081937, 54.3615997], [31.3087677, 54.3614997], [31.3091217, 54.3607401], [31.3089554, 54.3598555], [31.3112287, 54.3591806], [31.3121728, 54.3580115], [31.3144064, 54.3571414], [31.3154338, 54.3560801], [31.3150789, 54.3554868], [31.3154712, 54.3549099], [31.3147053, 54.3547792], [31.3152937, 54.3544908], [31.3140328, 54.3531899], [31.3143784, 54.3522427], [31.3121742, 54.351546], [31.3123188, 54.3508951], [31.3109385, 54.3501278], [31.3113844, 54.3497647], [31.3107545, 54.3494924], [31.3106341, 54.3479536], [31.3119224, 54.347149], [31.3127789, 54.347343], [31.3133098, 54.3460309], [31.3158766, 54.3460452], [31.3159197, 54.3455711], [31.3176636, 54.3443247], [31.3163264, 54.3427298], [31.3177313, 54.3421659], [31.3178669, 54.341469], [31.3227195, 54.3405871], [31.326214, 54.337168], [31.335606, 54.332302], [31.338235, 54.329754], [31.336002, 54.326294], [31.342174, 54.321521], [31.358774, 54.321523], [31.380991, 54.323674], [31.386264, 54.320124], [31.393298, 54.318401], [31.414133, 54.326402], [31.41913, 54.330011], [31.432481, 54.332647], [31.418825, 54.342766], [31.413947, 54.345001], [31.411901, 54.347271], [31.41351, 54.348986], [31.431247, 54.357652], [31.435003, 54.358539], [31.46343, 54.347704], [31.496457, 54.331683], [31.5176825, 54.3411522], [31.5183654, 54.3443018], [31.5258387, 54.3490377], [31.5261363, 54.3633965], [31.5250605, 54.3681865], [31.522095, 54.371676], [31.528027, 54.371479], [31.53137, 54.369651], [31.533611, 54.369391], [31.536611, 54.370263], [31.539397, 54.36938], [31.540296, 54.370056], [31.540418, 54.372249], [31.539399, 54.373648], [31.534437, 54.376849], [31.513648, 54.384421], [31.51014, 54.390325], [31.504913, 54.3942], [31.504355, 54.396471], [31.505843, 54.398525], [31.5075823, 54.3998664], [31.521655, 54.399066], [31.52705, 54.396903], [31.527794, 54.39593], [31.53008, 54.394568], [31.531342, 54.398033], [31.534241, 54.400063], [31.533976, 54.401902], [31.533272, 54.40307], [31.538397, 54.403932], [31.552535, 54.402851], [31.565371, 54.404581], [31.592717, 54.404364], [31.601088, 54.406203], [31.60425, 54.4075], [31.605366, 54.409122], [31.605168, 54.410094], [31.602384, 54.41044], [31.599216, 54.411643], [31.596242, 54.413468], [31.593376, 54.416193], [31.592001, 54.420364], [31.590573, 54.422467], [31.588245, 54.4243], [31.592121, 54.428101], [31.590526, 54.435494], [31.5870674, 54.4391971], [31.590383, 54.4403931], [31.5996345, 54.4422514], [31.6029814, 54.4419531], [31.603692, 54.439831], [31.614856, 54.433395], [31.616381, 54.433412], [31.630988, 54.437685], [31.645362, 54.446283], [31.648847, 54.445307], [31.651868, 54.442978], [31.66007, 54.440589], [31.663557, 54.43858], [31.666569, 54.43756], [31.682319, 54.4390653], [31.6839696, 54.4416674], [31.6914047, 54.4484383], [31.6922869, 54.4504735], [31.691839, 54.4540351], [31.7060874, 54.4562795], [31.7036949, 54.4593239], [31.7062395, 54.4641409], [31.7130675, 54.4726629], [31.7074692, 54.4761537], [31.712948, 54.4811848], [31.7167875, 54.4831233], [31.71165, 54.4859378], [31.7041339, 54.4868277], [31.7072938, 54.4897721], [31.7093645, 54.4921708], [31.7089925, 54.4924408], [31.7033465, 54.4939698], [31.6911499, 54.4954192], [31.6935248, 54.5005426], [31.7005861, 54.5055151], [31.7042368, 54.5099089], [31.7100575, 54.5099084], [31.7156419, 54.5114567], [31.7189348, 54.5090886], [31.7378726, 54.515544], [31.7438132, 54.5270863], [31.753916, 54.527672], [31.7738023, 54.5340194], [31.7822435, 54.5407743], [31.779377, 54.542028], [31.779125, 54.543202], [31.780296, 54.544364], [31.779532, 54.545457], [31.781337, 54.546756], [31.78323, 54.54656], [31.785819, 54.548831], [31.787284, 54.549466], [31.791891, 54.550518], [31.79484, 54.550193], [31.794856, 54.550712], [31.794124, 54.551135], [31.794345, 54.551693], [31.796763, 54.552232], [31.796612, 54.553138], [31.799065, 54.553904], [31.798333, 54.556747], [31.797368, 54.557009], [31.796612, 54.556344], [31.795391, 54.556465], [31.793414, 54.557782], [31.793589, 54.558736], [31.793054, 54.559543], [31.793949, 54.560396], [31.793938, 54.561008], [31.79238, 54.561008], [31.791682, 54.56176], [31.789915, 54.561592], [31.78967, 54.562453], [31.788217, 54.562513], [31.78745, 54.563185], [31.78731, 54.564207], [31.789194, 54.565107], [31.797507, 54.564314], [31.801448, 54.564563], [31.804983, 54.565383], [31.810866, 54.568199], [31.813075, 54.568568], [31.81397, 54.567883], [31.815923, 54.568212], [31.8179, 54.570625], [31.819621, 54.571525], [31.819237, 54.573038], [31.819516, 54.57375], [31.821748, 54.574046], [31.82305, 54.575383], [31.825969, 54.575719], [31.827666, 54.577009], [31.828585, 54.576996], [31.830241, 54.575981], [31.831096, 54.576949], [31.833723, 54.576437], [31.836154, 54.576922], [31.83613, 54.577473], [31.838723, 54.577849], [31.83963, 54.577655], [31.840002, 54.576882], [31.845583, 54.575101], [31.847571, 54.575161], [31.848195, 54.575983], [31.850448, 54.575627], [31.852233, 54.576398], [31.854581, 54.575786], [31.857547, 54.577211], [31.859686, 54.576754], [31.861802, 54.577695], [31.863755, 54.577043], [31.865569, 54.577917], [31.867067, 54.578048], [31.868359, 54.578763], [31.869475, 54.580289], [31.871231, 54.5808], [31.872649, 54.582292], [31.874765, 54.582708], [31.875091, 54.58319], [31.870196, 54.58619], [31.866045, 54.597541], [31.863406, 54.599141], [31.860127, 54.600323], [31.850233, 54.600646], [31.844408, 54.602065], [31.841943, 54.604343], [31.841153, 54.609934], [31.8392, 54.611924], [31.835398, 54.612723], [31.828759, 54.611904], [31.821876, 54.612965], [31.818458, 54.612925], [31.805994, 54.609014], [31.801297, 54.60646], [31.798681, 54.605727], [31.795786, 54.605371], [31.783869, 54.606285], [31.783706, 54.607992], [31.785811, 54.610593], [31.784485, 54.612636], [31.785787, 54.616991], [31.784656, 54.618386], [31.784482, 54.620586], [31.781579, 54.621413], [31.77987, 54.622966], [31.77972, 54.623988], [31.782532, 54.626501], [31.785501, 54.626921], [31.789833, 54.628853], [31.788566, 54.633369], [31.785474, 54.634344], [31.784613, 54.636272], [31.780997, 54.638517], [31.776719, 54.638544], [31.771087, 54.635589], [31.766871, 54.632623], [31.76422, 54.632274], [31.760162, 54.633154], [31.758651, 54.635392], [31.757361, 54.636084], [31.740328, 54.639666], [31.737793, 54.640695], [31.735154, 54.644068], [31.73105, 54.651199], [31.722492, 54.654438], [31.720864, 54.664055], [31.726818, 54.670252], [31.732015, 54.674486], [31.733038, 54.677698], [31.730248, 54.682987], [31.734061, 54.687497], [31.744955, 54.690145], [31.751605, 54.688767], [31.760256, 54.685811], [31.76372, 54.685892], [31.765435, 54.6875], [31.766679, 54.694672], [31.765604, 54.69575], [31.763889, 54.696236], [31.761686, 54.696263], [31.755936, 54.697771], [31.754372, 54.697469], [31.75468, 54.698144], [31.75382, 54.698201], [31.753896, 54.69898], [31.750338, 54.699715], [31.749315, 54.700403], [31.746635, 54.700527], [31.7461, 54.701363], [31.740653, 54.702737], [31.74038, 54.703778], [31.738334, 54.704926], [31.737194, 54.704674], [31.736305, 54.705242], [31.733276, 54.705581], [31.733514, 54.706219], [31.732933, 54.707555], [31.73334, 54.708025], [31.730578, 54.709002], [31.724614, 54.709432], [31.723196, 54.710187], [31.723614, 54.712585], [31.723225, 54.713461], [31.721661, 54.715187], [31.720161, 54.715493], [31.720615, 54.715852], [31.71958, 54.716574], [31.720144, 54.717098], [31.718929, 54.717266], [31.718516, 54.718081], [31.717138, 54.718222], [31.717382, 54.71882], [31.715679, 54.720526], [31.716074, 54.721399], [31.715807, 54.721929], [31.711401, 54.720734], [31.707913, 54.722439], [31.703076, 54.730191], [31.697356, 54.741701], [31.695798, 54.743848], [31.694019, 54.743969], [31.693007, 54.743419], [31.691601, 54.744003], [31.691182, 54.743218], [31.690043, 54.743916], [31.68938, 54.743634], [31.689706, 54.743083], [31.687473, 54.742137], [31.683102, 54.741896], [31.679777, 54.741037], [31.679312, 54.740514], [31.677916, 54.740366], [31.677335, 54.739776], [31.677893, 54.738998], [31.677172, 54.738448], [31.674914, 54.738233], [31.671312, 54.738998], [31.668871, 54.738784], [31.6660952, 54.7340184], [31.6591398, 54.7269844], [31.6554607, 54.7253259], [31.6461924, 54.7229607], [31.6371264, 54.7194039], [31.6307051, 54.7179731], [31.6223146, 54.7126763], [31.6158971, 54.7108778], [31.6033691, 54.7020854], [31.6012899, 54.7014428], [31.5938637, 54.7012516], [31.5882091, 54.7003676], [31.5791334, 54.700416], [31.574868, 54.6994009], [31.5658868, 54.6945368], [31.5588071, 54.6891562], [31.5563318, 54.6866444], [31.553342, 54.6823391], [31.5519035, 54.6812334], [31.5386689, 54.6785254], [31.5263146, 54.6774848], [31.5216422, 54.6765233], [31.5078339, 54.6674119], [31.504862, 54.6668256], [31.500508, 54.6677878], [31.4985688, 54.6675686], [31.496744, 54.6668288], [31.4947772, 54.6651851], [31.4909686, 54.6641184], [31.4901848, 54.6633355], [31.4896196, 54.6611578], [31.4868645, 54.6594962], [31.4835711, 54.6592698], [31.4767836, 54.660846], [31.4729093, 54.6598183], [31.4697434, 54.6583215], [31.4659181, 54.6580703], [31.462825, 54.659805], [31.4621724, 54.6612201], [31.4621786, 54.663628], [31.46108, 54.664321], [31.4584117, 54.6648837], [31.4518205, 54.6650199], [31.4476066, 54.6667254], [31.4390742, 54.6689409], [31.4324489, 54.668385], [31.4293855, 54.6686431], [31.4234585, 54.6707293], [31.4205167, 54.6728753], [31.4187067, 54.6752484], [31.4170042, 54.6795308], [31.4163118, 54.6827833], [31.4150614, 54.6847096], [31.4091901, 54.6871707], [31.4030338, 54.68804], [31.4023757, 54.6895658], [31.4025203, 54.6917362], [31.4020108, 54.6943278], [31.39679, 54.69871], [31.3925133, 54.7035051], [31.395879, 54.707383], [31.394833, 54.708832], [31.396808, 54.709072], [31.399321, 54.708121], [31.401377, 54.708117], [31.401367, 54.70906], [31.403553, 54.70855], [31.4048, 54.710228], [31.413644, 54.710254], [31.416124, 54.711113], [31.417597, 54.710737], [31.417995, 54.711291], [31.420434, 54.711206], [31.42086, 54.711427], [31.420806, 54.712091], [31.421318, 54.712212], [31.425527, 54.712091], [31.4288846, 54.7127295], [31.4080259, 54.7289179], [31.4275083, 54.7328786], [31.4454851, 54.7352625], [31.4747197, 54.7416781], [31.474521, 54.746], [31.470452, 54.753364], [31.47008, 54.755511], [31.472056, 54.760219], [31.473731, 54.761882], [31.480753, 54.765973], [31.481612, 54.769469], [31.469127, 54.773762], [31.465918, 54.775827], [31.463918, 54.775934], [31.458244, 54.77521], [31.448524, 54.771053], [31.442664, 54.767594], [31.435193, 54.766327], [31.431224, 54.766253], [31.428108, 54.768264], [31.426108, 54.772957], [31.42741, 54.776953], [31.396344, 54.796826], [31.3956, 54.796799], [31.385555, 54.791167], [31.391182, 54.786501], [31.389647, 54.784811], [31.388531, 54.781459], [31.390298, 54.777758], [31.396623, 54.769229], [31.393507, 54.76357], [31.383787, 54.752548], [31.371045, 54.761961], [31.369929, 54.761988], [31.365557, 54.759869], [31.364813, 54.758046], [31.364022, 54.757456], [31.357392, 54.755218], [31.355698, 54.752039], [31.353224, 54.749223], [31.349838, 54.748338], [31.349838, 54.763329], [31.34728, 54.764911], [31.345513, 54.764965], [31.344118, 54.764133], [31.343002, 54.749062], [31.341886, 54.747506], [31.341049, 54.747184], [31.34063, 54.745951], [31.337835, 54.744979], [31.337189, 54.742572], [31.339002, 54.740668], [31.339049, 54.739836], [31.33477, 54.737315], [31.33305, 54.738442], [31.332853, 54.740364], [31.332259, 54.740989], [31.31781, 54.74738], [31.314793, 54.749351], [31.31285, 54.749764], [31.309936, 54.752065], [31.308634, 54.752092], [31.307318, 54.753164], [31.299835, 54.751954], [31.291798, 54.756732], [31.273144, 54.75571], [31.233712, 54.750644], [31.229562, 54.749484], [31.218132, 54.742572], [31.216737, 54.742545], [31.210148, 54.745228], [31.20539, 54.745414], [31.1894173, 54.7443572], [31.1887253, 54.7459087], [31.1849957, 54.7465722], [31.179765, 54.744717], [31.177625, 54.742464], [31.176137, 54.738843], [31.175579, 54.738548], [31.164045, 54.737797], [31.163627, 54.738146], [31.162278, 54.748874], [31.160929, 54.754533], [31.139118, 54.754372], [31.137444, 54.753782], [31.136746, 54.752763], [31.137862, 54.740426], [31.136886, 54.727955], [31.123771, 54.723744], [31.117353, 54.722403], [31.113028, 54.72235], [31.111912, 54.722886], [31.106703, 54.730824], [31.10368, 54.731441], [31.102704, 54.731012], [31.102611, 54.728598], [31.104703, 54.722645], [31.103487, 54.720848], [31.102564, 54.720687], [31.097542, 54.721277], [31.091961, 54.720526], [31.088659, 54.720607], [31.085496, 54.722806], [31.082427, 54.728357], [31.07959, 54.730449], [31.07666, 54.731602], [31.070056, 54.732541], [31.06601, 54.733721], [31.050059, 54.739621], [31.040386, 54.742115], [31.039595, 54.742517], [31.036339, 54.748042], [31.018481, 54.746889], [31.013644, 54.747104], [31.003506, 54.750993], [30.993833, 54.75279], [30.991321, 54.752548], [30.990205, 54.750992], [30.990345, 54.750536], [30.996344, 54.747828], [30.998158, 54.746433], [30.998065, 54.743832], [30.996623, 54.73753], [30.994298, 54.73482], [30.9900389, 54.732663], [30.9647457, 54.7335279], [30.9615357, 54.7350237], [30.959552, 54.7340373]]]}}, {"type": "Feature", "properties": {"rda_code": "SM-16", "rda_name": "MONASTYRSHCHINSKY AREA", "osm_name": "Монастырщинский муниципальный округ", "match_score": 1.0, "match_reason": "alias:monastyrshchinsky"}, "geometry": {"type": "Polygon", "coordinates": [[[31.31782, 54.24414], [31.32451, 54.24362], [31.32794, 54.24491], [31.33249, 54.24808], [31.33644, 54.24877], [31.33919, 54.24705], [31.34168, 54.24457], [31.34614, 54.24251], [31.35223, 54.24182], [31.35738, 54.23847], [31.36108, 54.23813], [31.38288, 54.23246], [31.3827, 54.22671], [31.38485, 54.22328], [31.39326, 54.22517], [31.39627, 54.22457], [31.39669, 54.22216], [31.40124, 54.22182], [31.40588, 54.22414], [31.4106, 54.22233], [31.4106, 54.21839], [31.40648, 54.21676], [31.40236, 54.2171], [31.39541, 54.21993], [31.38914, 54.22156], [31.38416, 54.21933], [31.37901, 54.21306], [31.38047, 54.21006], [31.38416, 54.2092], [31.39043, 54.21152], [31.40039, 54.21135], [31.41232, 54.21058], [31.43223, 54.20826], [31.43721, 54.20654], [31.44219, 54.20302], [31.4448504, 54.1981791], [31.4476464, 54.1980673], [31.4493803, 54.1987998], [31.4503713, 54.1987294], [31.4509447, 54.1984975], [31.4508172, 54.1976942], [31.4512986, 54.1973712], [31.4546679, 54.1970358], [31.4551917, 54.1966093], [31.4570392, 54.1967625], [31.4590424, 54.1960949], [31.4608082, 54.194549], [31.4616914, 54.1944029], [31.4579642, 54.1930043], [31.4642108, 54.1869649], [31.4725464, 54.1867055], [31.4744102, 54.1858636], [31.4754208, 54.1845907], [31.4760062, 54.1845366], [31.476, 54.1837361], [31.4765361, 54.1835161], [31.4763821, 54.1829969], [31.4777254, 54.180523], [31.4789825, 54.1797188], [31.4821621, 54.1808548], [31.4824641, 54.1811145], [31.4820697, 54.1814462], [31.4840107, 54.1818754], [31.4847933, 54.1828129], [31.4867898, 54.1832817], [31.4884598, 54.1842626], [31.4881085, 54.1846232], [31.4889642, 54.1852801], [31.4905922, 54.1855452], [31.4930395, 54.1830493], [31.49514, 54.18191], [31.49943, 54.17831], [31.49815, 54.17504], [31.49514, 54.17126], [31.49446, 54.16698], [31.49274, 54.16492], [31.49248, 54.16148], [31.49514, 54.1589], [31.5033, 54.15719], [31.51368, 54.15745], [31.52063, 54.15616], [31.52493, 54.15272], [31.5293, 54.15144], [31.539, 54.15393], [31.5427425, 54.1529589], [31.5546748, 54.1520464], [31.5561098, 54.1504072], [31.5560351, 54.1486008], [31.55677, 54.14801], [31.5572, 54.14432], [31.558188, 54.1411801], [31.5595526, 54.1396549], [31.5641981, 54.1367077], [31.57059, 54.13599], [31.576, 54.13814], [31.58338, 54.13805], [31.58853, 54.13633], [31.59419, 54.1329], [31.61144, 54.13582], [31.61754, 54.13608], [31.63024, 54.13376], [31.6410302, 54.1354941], [31.6523684, 54.1424314], [31.6552733, 54.1421322], [31.6558476, 54.14158], [31.6553755, 54.1408883], [31.6528159, 54.140319], [31.6544133, 54.1386318], [31.6543526, 54.1381495], [31.6505545, 54.1388237], [31.6495488, 54.1383419], [31.6495459, 54.1379192], [31.6505535, 54.1366064], [31.6489453, 54.1368773], [31.6484876, 54.1365161], [31.6534924, 54.1333563], [31.6562111, 54.133518], [31.6573596, 54.1327108], [31.6577251, 54.1342844], [31.659324, 54.1340844], [31.6595862, 54.1331739], [31.6580558, 54.1321957], [31.6585651, 54.13135], [31.6629773, 54.1305923], [31.662754, 54.1298458], [31.6632195, 54.1292678], [31.6645577, 54.1288519], [31.6663417, 54.1271668], [31.6650024, 54.1260793], [31.6689625, 54.1249487], [31.6665967, 54.1240093], [31.6676129, 54.1225231], [31.6711011, 54.1216001], [31.6723475, 54.1202553], [31.6750058, 54.1202256], [31.674751, 54.1193807], [31.6764052, 54.1176361], [31.6758014, 54.1169194], [31.675825, 54.1146482], [31.6755468, 54.1138837], [31.6741163, 54.1137288], [31.6742585, 54.111479], [31.6732944, 54.1090962], [31.6716925, 54.1089467], [31.6713622, 54.1068911], [31.671903, 54.1056491], [31.67573, 54.10329], [31.6865259, 54.1060161], [31.6936522, 54.1066619], [31.6964771, 54.1085245], [31.7048844, 54.1109553], [31.7120826, 54.1117374], [31.7276211, 54.1150943], [31.7271235, 54.1057626], [31.7362015, 54.1045081], [31.7435136, 54.1070167], [31.74225, 54.10835], [31.74491, 54.1105], [31.7478738, 54.1118459], [31.7548294, 54.1104083], [31.75873, 54.11384], [31.76345, 54.11342], [31.76929, 54.11384], [31.7742933, 54.1127549], [31.778624, 54.1140325], [31.786921, 54.106205], [31.7892442, 54.1030362], [31.7975041, 54.1089963], [31.7974821, 54.1135792], [31.7927458, 54.1186426], [31.7882941, 54.1200894], [31.7918696, 54.1219687], [31.7970347, 54.1214841], [31.7993903, 54.1221669], [31.805862, 54.1222509], [31.8003568, 54.1286108], [31.8082575, 54.1299308], [31.8049735, 54.1353281], [31.8091781, 54.1410967], [31.8070186, 54.1484082], [31.8028827, 54.1491455], [31.8037637, 54.1537278], [31.812081, 54.15801], [31.816964, 54.158528], [31.828777, 54.157901], [31.833844, 54.155888], [31.836544, 54.148658], [31.838019, 54.147312], [31.8531, 54.141814], [31.856089, 54.139138], [31.858447, 54.138532], [31.86424, 54.139889], [31.869694, 54.142439], [31.878336, 54.148845], [31.878244, 54.155061], [31.877326, 54.156194], [31.874564, 54.157533], [31.8686625, 54.1582339], [31.868028, 54.159128], [31.867942, 54.160679], [31.869176, 54.164275], [31.866307, 54.174669], [31.873934, 54.176523], [31.868307, 54.179877], [31.868168, 54.180395], [31.878771, 54.186557], [31.891095, 54.189692], [31.896955, 54.194028], [31.90128, 54.195309], [31.90807, 54.194518], [31.908535, 54.193373], [31.907633, 54.192303], [31.908168, 54.190601], [31.909511, 54.188438], [31.912583, 54.186418], [31.918015, 54.186673], [31.934742, 54.190281], [31.937709, 54.191673], [31.942817, 54.196839], [31.954064, 54.200245], [31.957953, 54.204878], [31.958284, 54.206938], [31.95741, 54.210012], [31.953789, 54.216827], [31.955712, 54.230527], [31.962436, 54.234599], [31.963831, 54.238743], [31.968518, 54.238463], [31.973199, 54.239617], [31.978992, 54.242151], [31.980787, 54.242259], [31.984387, 54.241252], [31.986759, 54.241552], [31.986603, 54.242165], [31.984552, 54.243873], [31.98056, 54.24401], [31.979504, 54.244549], [31.979585, 54.246211], [31.978753, 54.248235], [31.979976, 54.249036], [31.979231, 54.251231], [31.983668, 54.252382], [31.988084, 54.259382], [31.987804, 54.26018], [31.979457, 54.263146], [31.97941, 54.263555], [31.985038, 54.267829], [31.992386, 54.269417], [31.994658, 54.273022], [31.995888, 54.273562], [31.996189, 54.274454], [31.994804, 54.276861], [31.994664, 54.27866], [31.996431, 54.284113], [31.995641, 54.28684], [31.995966, 54.287712], [31.998005, 54.290075], [32.004386, 54.299939], [32.006673, 54.301916], [32.007191, 54.304032], [32.008037, 54.304614], [32.014848, 54.306116], [32.019731, 54.309088], [32.021824, 54.309506], [32.027043, 54.309063], [32.029126, 54.306853], [32.030126, 54.306689], [32.036807, 54.307416], [32.038985, 54.306471], [32.041589, 54.304508], [32.044054, 54.303826], [32.042891, 54.301345], [32.043124, 54.300027], [32.047662, 54.299767], [32.05024, 54.297256], [32.052513, 54.295861], [32.052766, 54.292898], [32.053634, 54.292293], [32.065008, 54.291439], [32.076516, 54.292511], [32.074748, 54.291202], [32.074237, 54.289703], [32.074271, 54.285168], [32.083882, 54.283175], [32.099397, 54.280951], [32.105922, 54.283601], [32.107049, 54.285433], [32.106819, 54.286851], [32.103586, 54.290771], [32.10344, 54.29254], [32.104187, 54.293493], [32.118957, 54.292286], [32.129222, 54.29201], [32.13408, 54.292494], [32.126026, 54.309497], [32.120494, 54.315279], [32.123046, 54.318828], [32.121695, 54.32526], [32.122233, 54.334679], [32.120811, 54.34368], [32.122324, 54.355308], [32.121558, 54.367772], [32.117567, 54.366602], [32.116404, 54.365614], [32.114946, 54.365433], [32.113953, 54.366548], [32.113478, 54.368575], [32.115171, 54.372873], [32.11395, 54.373098], [32.113953, 54.377779], [32.112955, 54.380008], [32.111789, 54.381266], [32.1154136, 54.3832635], [32.1124758, 54.3845067], [32.1085885, 54.3853169], [32.1062561, 54.3879617], [32.1061076, 54.3907764], [32.1099453, 54.3946261], [32.1158821, 54.3965758], [32.112847, 54.407831], [32.102446, 54.408796], [32.100745, 54.41289], [32.1012115, 54.4203761], [32.1016256, 54.4214501], [32.1104552, 54.4198571], [32.1113564, 54.4206283], [32.1082729, 54.4344001], [32.1046668, 54.4345766], [32.0981432, 54.4307479], [32.0928019, 54.4356671], [32.0922327, 54.4373513], [32.0910041, 54.4389884], [32.0878208, 54.441403], [32.1034335, 54.448297], [32.106512, 54.448542], [32.1139408, 54.4542602], [32.1045028, 54.4548847], [32.107341, 54.4601901], [32.1090781, 54.4606981], [32.111574, 54.4653339], [32.111574, 54.4665322], [32.1087287, 54.4689466], [32.1002806, 54.4674425], [32.0979787, 54.4766379], [32.0920412, 54.4900966], [32.0906848, 54.490853], [32.0901971, 54.4940887], [32.08884, 54.4947133], [32.0853379, 54.4979585], [32.080939, 54.500717], [32.0753, 54.505581], [32.056384, 54.506341], [32.0484785, 54.507581], [32.046339, 54.508647], [32.042386, 54.513219], [32.035332, 54.516696], [32.02895, 54.51687], [32.022876, 54.514366], [32.020752, 54.514234], [32.007924, 54.519113], [32.004608, 54.521541], [31.998219, 54.521327], [31.994746, 54.521873], [31.98672, 54.520431], [31.983067, 54.518628], [31.974987, 54.515966], [31.970055, 54.516194], [31.968115, 54.515634], [31.966819, 54.514711], [31.966343, 54.513395], [31.962419, 54.511646], [31.96197, 54.511058], [31.960191, 54.510602], [31.954629, 54.511992], [31.951297, 54.51181], [31.936774, 54.513938], [31.918408, 54.514773], [31.911317, 54.513146], [31.90906, 54.513853], [31.903655, 54.513849], [31.901368, 54.511636], [31.897816, 54.510508], [31.896199, 54.51149], [31.892868, 54.511992], [31.889856, 54.513094], [31.882102, 54.516497], [31.87994, 54.518506], [31.879249, 54.519825], [31.879245, 54.520543], [31.880243, 54.521882], [31.879781, 54.522965], [31.874912, 54.522551], [31.874196, 54.522013], [31.871359, 54.522545], [31.871663, 54.523303], [31.872871, 54.524076], [31.871812, 54.524607], [31.866486, 54.524503], [31.862406, 54.522836], [31.858451, 54.524086], [31.854454, 54.524629], [31.852889, 54.526909], [31.850024, 54.529361], [31.846664, 54.529229], [31.845013, 54.529998], [31.841335, 54.534552], [31.839855, 54.5377], [31.835137, 54.537367], [31.8294291, 54.5385762], [31.8194214, 54.5434183], [31.8167208, 54.5429938], [31.8158051, 54.5440941], [31.8161975, 54.5445241], [31.8141606, 54.5456324], [31.810947, 54.549581], [31.805613, 54.550546], [31.78998, 54.550283], [31.785819, 54.548831], [31.78323, 54.54656], [31.781337, 54.546756], [31.779532, 54.545457], [31.780296, 54.544364], [31.779125, 54.543202], [31.779377, 54.542028], [31.7822435, 54.5407743], [31.7738023, 54.5340194], [31.753916, 54.527672], [31.7438132, 54.5270863], [31.7378726, 54.515544], [31.7189348, 54.5090886], [31.7156419, 54.5114567], [31.7100575, 54.5099084], [31.7042368, 54.5099089], [31.7005861, 54.5055151], [31.6935248, 54.5005426], [31.6911499, 54.4954192], [31.7033465, 54.4939698], [31.7089925, 54.4924408], [31.7093645, 54.4921708], [31.7072938, 54.4897721], [31.7041339, 54.4868277], [31.71165, 54.4859378], [31.7167875, 54.4831233], [31.712948, 54.4811848], [31.7074692, 54.4761537], [31.7130675, 54.4726629], [31.7062395, 54.4641409], [31.7036949, 54.4593239], [31.7060874, 54.4562795], [31.691839, 54.4540351], [31.6922869, 54.4504735], [31.6914047, 54.4484383], [31.6839696, 54.4416674], [31.682319, 54.4390653], [31.666569, 54.43756], [31.663557, 54.43858], [31.66007, 54.440589], [31.651868, 54.442978], [31.648847, 54.445307], [31.645362, 54.446283], [31.630988, 54.437685], [31.616381, 54.433412], [31.614856, 54.433395], [31.603692, 54.439831], [31.6029814, 54.4419531], [31.5996345, 54.4422514], [31.590383, 54.4403931], [31.5870674, 54.4391971], [31.590526, 54.435494], [31.592121, 54.428101], [31.588245, 54.4243], [31.590573, 54.422467], [31.592001, 54.420364], [31.593376, 54.416193], [31.596242, 54.413468], [31.599216, 54.411643], [31.602384, 54.41044], [31.605168, 54.410094], [31.605366, 54.409122], [31.60425, 54.4075], [31.601088, 54.406203], [31.592717, 54.404364], [31.565371, 54.404581], [31.552535, 54.402851], [31.538397, 54.403932], [31.533272, 54.40307], [31.533976, 54.401902], [31.534241, 54.400063], [31.531342, 54.398033], [31.53008, 54.394568], [31.527794, 54.39593], [31.52705, 54.396903], [31.521655, 54.399066], [31.5075823, 54.3998664], [31.505843, 54.398525], [31.504355, 54.396471], [31.504913, 54.3942], [31.51014, 54.390325], [31.513648, 54.384421], [31.534437, 54.376849], [31.539399, 54.373648], [31.540418, 54.372249], [31.540296, 54.370056], [31.539397, 54.36938], [31.536611, 54.370263], [31.533611, 54.369391], [31.53137, 54.369651], [31.528027, 54.371479], [31.522095, 54.371676], [31.5250605, 54.3681865], [31.5261363, 54.3633965], [31.5258387, 54.3490377], [31.5183654, 54.3443018], [31.5176825, 54.3411522], [31.496457, 54.331683], [31.46343, 54.347704], [31.435003, 54.358539], [31.431247, 54.357652], [31.41351, 54.348986], [31.411901, 54.347271], [31.413947, 54.345001], [31.418825, 54.342766], [31.432481, 54.332647], [31.41913, 54.330011], [31.414133, 54.326402], [31.393298, 54.318401], [31.386264, 54.320124], [31.380991, 54.323674], [31.358774, 54.321523], [31.342174, 54.321521], [31.336002, 54.326294], [31.338235, 54.329754], [31.335606, 54.332302], [31.326214, 54.337168], [31.3227195, 54.3405871], [31.29953, 54.32859], [31.29095, 54.32327], [31.2858, 54.31967], [31.2858, 54.31658], [31.28906, 54.31477], [31.29962, 54.31392], [31.30657, 54.31469], [31.31258, 54.31623], [31.31756, 54.31529], [31.32022, 54.31194], [31.31756, 54.30928], [31.31112, 54.30568], [31.31155, 54.30336], [31.32039, 54.29589], [31.31936, 54.29366], [31.31044, 54.2825], [31.30941, 54.27718], [31.30898, 54.26988], [31.31155, 54.25881], [31.31198, 54.25246], [31.31352, 54.24851], [31.31782, 54.24414]]]}}]}