{"type": "FeatureCollection", "name": "tl_tula", "features": [{"type": "Feature", "properties": {"rda_code": "TL-14", "rda_name": "ALEKSINSKY AREA /incl. ALEKSIN, NOVOGUROVSKY /", "osm_name": "городской округ Алексин", "match_score": 1.0, "match_reason": "alias:алексин"}, "geometry": {"type": "Polygon", "coordinates": [[[36.8753519, 54.4919194], [36.8782996, 54.4870644], [36.8818187, 54.4851877], [36.8797716, 54.4844805], [36.878441, 54.4850298], [36.8750388, 54.4838966], [36.8721481, 54.4837999], [36.8647727, 54.4818633], [36.8630868, 54.4820506], [36.8571006, 54.4794633], [36.8601564, 54.4765339], [36.8612986, 54.473645], [36.8664722, 54.4698714], [36.8726953, 54.4714796], [36.8774148, 54.4699253], [36.8804534, 54.4636125], [36.8905212, 54.4605557], [36.8881394, 54.4555263], [36.8850962, 54.4565712], [36.8818459, 54.4535883], [36.8801303, 54.4534318], [36.8804349, 54.4519568], [36.8813017, 54.4512694], [36.8787181, 54.4495852], [36.8798874, 54.4482258], [36.8762924, 54.4472359], [36.8769783, 54.4433551], [36.8784139, 54.4433799], [36.8781623, 54.4410919], [36.8813504, 54.434093], [36.8900379, 54.4282791], [36.8918841, 54.4276549], [36.8932264, 54.4282683], [36.9020111, 54.4337063], [36.9104893, 54.4401043], [36.9132583, 54.441254], [36.9413547, 54.4468379], [36.9417279, 54.4450894], [36.9429531, 54.4439236], [36.941946, 54.4418825], [36.9415385, 54.4392793], [36.9428351, 54.435136], [36.9503464, 54.4350712], [36.9673177, 54.4322979], [36.9720748, 54.4293659], [36.969271, 54.4256455], [36.9651125, 54.4220715], [36.9585281, 54.4190104], [36.9612465, 54.4160073], [36.9627429, 54.415164], [36.9651215, 54.4113049], [36.9719188, 54.4060815], [36.9696315, 54.4058993], [36.9688665, 54.4044966], [36.9676013, 54.40447], [36.9685934, 54.4026237], [36.9695287, 54.4026174], [36.9780749, 54.3954072], [36.9793642, 54.3952992], [36.9819796, 54.3939639], [36.9827195, 54.3906753], [36.984222, 54.3884198], [36.9801912, 54.3854984], [36.9796264, 54.3847249], [36.9802228, 54.3836238], [36.97372, 54.3778537], [36.9621644, 54.3662637], [36.962116, 54.3657239], [36.9593022, 54.3649594], [36.959641, 54.3635877], [36.9521845, 54.3624358], [36.9543642, 54.359108], [36.9526616, 54.3582442], [36.950238, 54.356062], [36.9478328, 54.3526584], [36.9441321, 54.3510435], [36.9430377, 54.3500344], [36.9421305, 54.3500234], [36.9417292, 54.3509222], [36.9399596, 54.3511548], [36.9386462, 54.3505597], [36.9373849, 54.3506399], [36.9371884, 54.3502925], [36.9393947, 54.3493169], [36.9384157, 54.3491202], [36.9385392, 54.3486835], [36.94009, 54.3472584], [36.9311418, 54.3429833], [36.9324372, 54.3421434], [36.9343811, 54.3418026], [36.9457323, 54.3421902], [36.9405926, 54.3398471], [36.9436388, 54.3370784], [36.9495085, 54.3337212], [36.9550445, 54.3340379], [36.9584732, 54.3332663], [36.9625971, 54.3314585], [36.9674342, 54.3328164], [36.9684914, 54.3313947], [36.9677615, 54.3307517], [36.9663347, 54.3276645], [36.96821, 54.3259897], [36.9676765, 54.3228281], [36.9643544, 54.3197538], [36.9652272, 54.3159397], [36.9689313, 54.3094257], [36.9637637, 54.3073027], [36.9651851, 54.3049757], [36.9671208, 54.3053926], [36.9695248, 54.3051071], [36.9720289, 54.3061464], [36.9713229, 54.3024116], [36.9714901, 54.3010029], [36.974841, 54.2996281], [36.9668461, 54.2916582], [36.971292, 54.2903604], [36.9780323, 54.2904211], [36.9804346, 54.2884341], [36.9855821, 54.2866209], [36.9937545, 54.2865023], [37.0100806, 54.2887143], [37.0134626, 54.284097], [37.0198395, 54.2861546], [37.0238825, 54.2846542], [37.0307941, 54.2831228], [37.0297871, 54.2803794], [37.0453394, 54.2758267], [37.0479732, 54.2745483], [37.050269, 54.2719036], [37.0539713, 54.2730032], [37.0584795, 54.2755892], [37.0577638, 54.2794144], [37.0612616, 54.2843438], [37.0642328, 54.2864337], [37.0654451, 54.2896867], [37.0739668, 54.2976256], [37.0775269, 54.2979649], [37.0879398, 54.2946652], [37.1040664, 54.2885311], [37.1119973, 54.2876025], [37.1118436, 54.2852483], [37.1131112, 54.2839702], [37.1175531, 54.2829425], [37.1200444, 54.2816748], [37.1207976, 54.2743659], [37.1253547, 54.2744351], [37.1371844, 54.2786199], [37.1536712, 54.2774887], [37.1569023, 54.2781006], [37.1621182, 54.2774484], [37.1637038, 54.2777195], [37.1708892, 54.2752607], [37.1778309, 54.2736983], [37.1802986, 54.2745417], [37.1792847, 54.277495], [37.1829709, 54.2804619], [37.1952287, 54.2804255], [37.2048074, 54.2830978], [37.204642, 54.2857953], [37.203191, 54.2882774], [37.2031735, 54.2913271], [37.209253, 54.2922021], [37.2120941, 54.2917429], [37.2188554, 54.2917071], [37.2197609, 54.2924241], [37.2205423, 54.2945843], [37.2235153, 54.2967539], [37.2249875, 54.2994186], [37.227028, 54.3013238], [37.2300685, 54.3011952], [37.2307677, 54.3001337], [37.2325689, 54.2992407], [37.2368215, 54.3011132], [37.2390591, 54.3011602], [37.2422978, 54.3028547], [37.2425004, 54.3033386], [37.2408637, 54.3051465], [37.2403349, 54.3080318], [37.2417634, 54.3125924], [37.2436506, 54.3132374], [37.2447323, 54.314337], [37.2449775, 54.316809], [37.2443007, 54.3182357], [37.2451911, 54.3196489], [37.2516692, 54.3189481], [37.2532444, 54.3199047], [37.2535019, 54.3211426], [37.255192, 54.3215116], [37.2559432, 54.3211062], [37.256453, 54.3194039], [37.2574784, 54.3181794], [37.2598567, 54.3177358], [37.2611998, 54.3185076], [37.2618262, 54.321339], [37.2645753, 54.3237232], [37.2677093, 54.322454], [37.2700882, 54.3233254], [37.2704315, 54.3242639], [37.2699594, 54.3247394], [37.2670519, 54.3257343], [37.2655821, 54.3253526], [37.2653568, 54.326166], [37.2629213, 54.3266853], [37.2614944, 54.3279304], [37.259413, 54.3285185], [37.2595417, 54.3291441], [37.2582972, 54.3295883], [37.2591448, 54.3297447], [37.2593272, 54.3304454], [37.2570097, 54.3305205], [37.2568381, 54.3309021], [37.2583508, 54.3317404], [37.2580933, 54.3323347], [37.2591555, 54.3323972], [37.2589409, 54.3342051], [37.2593701, 54.334862], [37.2583079, 54.3359379], [37.2584152, 54.3374016], [37.2567522, 54.3377769], [37.2566664, 54.3384399], [37.2586083, 54.3387652], [37.2589624, 54.341586], [37.2608936, 54.3425867], [37.2649276, 54.3428931], [37.2653782, 54.34203], [37.2680282, 54.3418362], [37.2714829, 54.3426492], [37.2721481, 54.3433747], [37.2734141, 54.3434122], [37.280066, 54.3581318], [37.2780919, 54.3596697], [37.2770405, 54.3614326], [37.2784352, 54.3627579], [37.2779202, 54.3641081], [37.2791219, 54.3653833], [37.2877049, 54.3686211], [37.2999143, 54.3752583], [37.3056435, 54.3734335], [37.3053217, 54.3731085], [37.3075318, 54.3729086], [37.3082399, 54.3741335], [37.3143768, 54.3725211], [37.3136687, 54.3709711], [37.3188829, 54.3656208], [37.3245585, 54.3700399], [37.3238182, 54.3711836], [37.3252773, 54.3727023], [37.3307705, 54.3741085], [37.3416066, 54.3803824], [37.340641, 54.3836315], [37.3376798, 54.3833816], [37.3371649, 54.3867804], [37.3340106, 54.3917406], [37.343173, 54.3958508], [37.3395037, 54.3991986], [37.340405, 54.399311], [37.3420572, 54.4005476], [37.347207, 54.4015219], [37.3533225, 54.4016468], [37.3565517, 54.4032748], [37.3580646, 54.4028458], [37.3589444, 54.4031706], [37.3629355, 54.4070173], [37.376132, 54.4035453], [37.3769259, 54.4023962], [37.3762607, 54.4011846], [37.3792648, 54.4004851], [37.3837924, 54.4019465], [37.3833632, 54.4027834], [37.3848009, 54.4031956], [37.3854232, 54.4024961], [37.3907447, 54.403945], [37.394886, 54.4039949], [37.3981046, 54.4015593], [37.3974824, 54.3997856], [37.4025893, 54.398574], [37.4045419, 54.3969001], [37.404263, 54.3960257], [37.4062371, 54.3952012], [37.409327, 54.3959632], [37.4116444, 54.3949638], [37.417202, 54.3943517], [37.4274373, 54.3973123], [37.4258923, 54.3996857], [37.4264717, 54.4002228], [37.4280166, 54.406805], [37.425034, 54.4091029], [37.4231672, 54.4124871], [37.4205065, 54.4155963], [37.410475, 54.4150594], [37.4102712, 54.4138544], [37.4076748, 54.4130865], [37.406162, 54.413255], [37.404027, 54.4141229], [37.4071383, 54.4164578], [37.4055075, 54.4198164], [37.3996496, 54.4190423], [37.3992204, 54.4207528], [37.3948645, 54.4204157], [37.3892212, 54.422151], [37.3877835, 54.4234868], [37.3889637, 54.4248226], [37.3866892, 54.4277436], [37.3830628, 54.4255217], [37.3678708, 54.4294786], [37.3692655, 54.4311013], [37.3684072, 54.4318502], [37.3696089, 54.4339719], [37.3719692, 54.4333229], [37.3760032, 54.4335351], [37.379179, 54.4327613], [37.379415, 54.4337473], [37.3812389, 54.4356443], [37.3822045, 54.437666], [37.3857879, 54.4383025], [37.4015593, 54.4376161], [37.4019563, 54.438471], [37.405529, 54.438733], [37.405647, 54.441104], [37.4134898, 54.4478231], [37.4178779, 54.4477857], [37.4251091, 54.4448224], [37.4298513, 54.444342], [37.4279094, 54.4422333], [37.4609327, 54.4244793], [37.4640548, 54.4232621], [37.4660933, 54.4213271], [37.4724233, 54.4198539], [37.4751592, 54.4231123], [37.480545, 54.4244606], [37.4816608, 54.4238364], [37.4851799, 54.4234119], [37.4860382, 54.4222322], [37.4842036, 54.4197602], [37.4834418, 54.4194044], [37.4844305, 54.4181599], [37.4888974, 54.4190299], [37.4981189, 54.4300903], [37.4964881, 54.4314383], [37.496413, 54.4328861], [37.4958551, 54.4338783], [37.495147, 54.434078], [37.4948358, 54.4350265], [37.4933767, 54.4346646], [37.4914455, 54.4354009], [37.4906516, 54.4363057], [37.4896431, 54.4364493], [37.4899006, 54.4371232], [37.4886024, 54.4379219], [37.4877226, 54.4407047], [37.4888277, 54.4412101], [37.4877763, 54.4421397], [37.4887955, 54.4434998], [37.488141, 54.4437556], [37.4884522, 54.4444606], [37.4871004, 54.445072], [37.4867356, 54.4471681], [37.4879265, 54.4474738], [37.4880016, 54.4487464], [37.4868536, 54.4491019], [37.4859524, 54.4504431], [37.4842787, 54.4505803], [37.484107, 54.4511667], [37.4832487, 54.4515347], [37.4838173, 54.4521397], [37.4827337, 54.4523269], [37.4831629, 54.4532126], [37.4814248, 54.4537178], [37.4814999, 54.4547158], [37.4839461, 54.4553083], [37.4826264, 54.4558135], [37.4836457, 54.4568862], [37.4819827, 54.4580213], [37.4838281, 54.4587385], [37.4829161, 54.4593996], [37.4838495, 54.460042], [37.4838281, 54.4609088], [37.4834418, 54.4613142], [37.4818754, 54.4609836], [37.4812531, 54.4613142], [37.4816394, 54.462499], [37.479676, 54.4645257], [37.4793327, 54.4671757], [37.4781418, 54.4674251], [37.4784315, 54.4683417], [37.476511, 54.4687096], [37.4764681, 54.4698319], [37.4752021, 54.4705863], [37.4769509, 54.4721948], [37.4763179, 54.4725439], [37.4761248, 54.4733232], [37.4768436, 54.4737534], [37.4761677, 54.4744205], [37.4769616, 54.4746636], [37.4767363, 54.4751187], [37.4775517, 54.475792], [37.4772191, 54.4762346], [37.4738288, 54.4761972], [37.4728632, 54.4768455], [37.4731314, 54.4774938], [37.4724233, 54.4785286], [37.4723053, 54.4820441], [37.4731234, 54.482454], [37.4737108, 54.4842194], [37.4749446, 54.4844313], [37.475245, 54.485522], [37.476865, 54.4859832], [37.4752021, 54.4869679], [37.4758351, 54.4884512], [37.4765003, 54.4887005], [37.4759638, 54.4890245], [37.4765003, 54.4903955], [37.4750519, 54.4905575], [37.4759102, 54.4914362], [37.4737912, 54.4909377], [37.4728417, 54.4902335], [37.4695426, 54.4906697], [37.4672088, 54.4897539], [37.4658784, 54.4901652], [37.4652346, 54.491262], [37.4637776, 54.491729], [37.4578532, 54.4916732], [37.4570399, 54.4930695], [37.4545487, 54.4925955], [37.4497387, 54.4901075], [37.4501178, 54.4877884], [37.448326, 54.4859648], [37.4455365, 54.4858152], [37.4442335, 54.4840812], [37.4416312, 54.4847183], [37.4410304, 54.4853914], [37.4376891, 54.486702], [37.4359235, 54.4866628], [37.4357518, 54.488333], [37.4340781, 54.4882831], [37.4330911, 54.4899782], [37.4360093, 54.48938], [37.438838, 54.4879676], [37.4401292, 54.4906762], [37.4428757, 54.493767], [37.4419745, 54.4971567], [37.4423034, 54.4996078], [37.4430903, 54.5002719], [37.4426182, 54.5023403], [37.4327906, 54.5053305], [37.4273404, 54.5052807], [37.427704, 54.5061751], [37.4196585, 54.5060282], [37.4143707, 54.5066677], [37.4138221, 54.5037607], [37.4147588, 54.4998696], [37.4143924, 54.4930203], [37.4088921, 54.4913307], [37.3931062, 54.4987773], [37.3889283, 54.4999143], [37.3783157, 54.4981758], [37.377344, 54.4989012], [37.3752489, 54.4991275], [37.373976, 54.4929515], [37.3760085, 54.4911517], [37.3596698, 54.4908956], [37.3570791, 54.4868189], [37.3542556, 54.4868124], [37.3523029, 54.4853416], [37.3511656, 54.48589], [37.3481956, 54.48528], [37.348272, 54.4847225], [37.3495508, 54.4837637], [37.3451637, 54.4808422], [37.3486398, 54.475882], [37.3549793, 54.4709607], [37.3511366, 54.4647083], [37.3496631, 54.4606343], [37.3526991, 54.4563834], [37.3580741, 54.4550257], [37.3593965, 54.4526591], [37.3471203, 54.4424762], [37.3426415, 54.4419379], [37.3380181, 54.4449744], [37.3302483, 54.4448673], [37.3331422, 54.4542074], [37.3311522, 54.4587283], [37.3282947, 54.4594024], [37.3278722, 54.4610223], [37.3266249, 54.4613186], [37.3258923, 54.4625717], [37.3200549, 54.4613949], [37.3210922, 54.4588923], [37.3167504, 54.4580485], [37.3137216, 54.4555568], [37.3116936, 54.4555084], [37.3099737, 54.4619553], [37.3139292, 54.4645894], [37.3240328, 54.4673316], [37.3249769, 54.4682918], [37.3240971, 54.4703618], [37.3150819, 54.4754188], [37.3103347, 54.4813141], [37.310148, 54.4858423], [37.3075837, 54.4884296], [37.3168816, 54.491421], [37.3220573, 54.4950699], [37.3223593, 54.4976972], [37.3198732, 54.4983781], [37.3260153, 54.4984633], [37.3385877, 54.5026818], [37.337068, 54.5040846], [37.3332377, 54.5043484], [37.328121, 54.5035437], [37.3236998, 54.504284], [37.3236859, 54.5062798], [37.3216596, 54.5072795], [37.3184642, 54.5072492], [37.3153304, 54.5064017], [37.3170479, 54.5087441], [37.3171673, 54.5107466], [37.3193225, 54.5130792], [37.3214261, 54.5143517], [37.3222308, 54.5165908], [37.3128055, 54.5155775], [37.2988933, 54.515893], [37.2964657, 54.5163712], [37.2911969, 54.5154006], [37.2894319, 54.5155954], [37.2883828, 54.5172111], [37.2856105, 54.5193573], [37.2824582, 54.5183231], [37.2700665, 54.5170359], [37.2678834, 54.5177137], [37.2666528, 54.5208757], [37.2643915, 54.5227625], [37.2643044, 54.5233811], [37.2691544, 54.524301], [37.2712747, 54.5255874], [37.2776087, 54.5271403], [37.2769316, 54.5280474], [37.2837958, 54.5326013], [37.2848185, 54.5339884], [37.2867926, 54.5351338], [37.2871824, 54.5361855], [37.2899015, 54.5394201], [37.2941685, 54.5410527], [37.3029495, 54.5418514], [37.3029711, 54.544873], [37.3110127, 54.5464531], [37.31619, 54.5489374], [37.3188825, 54.5464827], [37.319065, 54.544744], [37.3220791, 54.5449166], [37.3228415, 54.5461878], [37.3268756, 54.5485774], [37.328163, 54.5481294], [37.3299449, 54.5490689], [37.3285493, 54.5519376], [37.3254798, 54.5556568], [37.3253495, 54.5600731], [37.3323045, 54.5640483], [37.334195, 54.5631015], [37.3341283, 54.5620415], [37.3359307, 54.5595282], [37.3405022, 54.557823], [37.3427542, 54.5595779], [37.3441111, 54.5611027], [37.3409947, 54.5628626], [37.3399551, 54.5644115], [37.338291, 54.5650273], [37.3370465, 54.5671422], [37.339321, 54.569854], [37.3442563, 54.5694311], [37.3451725, 54.570336], [37.3442957, 54.5716706], [37.3409624, 54.5730213], [37.3399388, 54.575486], [37.3367461, 54.5750036], [37.3141147, 54.5830133], [37.3063559, 54.5828177], [37.3050746, 54.5866187], [37.305509, 54.5884358], [37.3082217, 54.5882225], [37.309409, 54.5888567], [37.3125418, 54.5884589], [37.3133143, 54.5927358], [37.3159322, 54.5942276], [37.3216399, 54.5938547], [37.3216298, 54.5977942], [37.3256739, 54.5982305], [37.3272189, 54.5990757], [37.327648, 54.6004431], [37.3294505, 54.601686], [37.3294201, 54.6026833], [37.3340422, 54.6034532], [37.3396643, 54.6054396], [37.3424967, 54.6047187], [37.3456566, 54.6050845], [37.3473144, 54.6066894], [37.3442957, 54.611419], [37.3394498, 54.6104603], [37.3324447, 54.6210089], [37.3118942, 54.6166202], [37.3062367, 54.6228436], [37.3038461, 54.6216328], [37.3032119, 54.6201817], [37.3011854, 54.619471], [37.2990825, 54.616688], [37.2963788, 54.6168868], [37.2941902, 54.617334], [37.2938898, 54.6185517], [37.2928169, 54.618825], [37.2918776, 54.6202678], [37.2842767, 54.6220303], [37.2812563, 54.6222717], [37.2788182, 54.6246929], [37.2741391, 54.6263915], [37.2695568, 54.6233472], [37.2673193, 54.6242039], [37.2635057, 54.6221794], [37.2621324, 54.6223036], [37.2610595, 54.6229745], [37.2606733, 54.6224279], [37.2596433, 54.6226018], [37.2583988, 54.6213595], [37.2556093, 54.6221297], [37.2550943, 54.621111], [37.2532554, 54.6214125], [37.2535493, 54.6237447], [37.2521916, 54.6254695], [37.2545364, 54.627136], [37.2521331, 54.6291234], [37.2569182, 54.6304152], [37.2616603, 54.6310486], [37.2611239, 54.6326012], [37.2587324, 54.6329523], [37.2579417, 54.6338583], [37.2572615, 54.6339549], [37.255502, 54.6336072], [37.2531416, 54.6318187], [37.2514894, 54.6316821], [37.2516564, 54.6322103], [37.2496011, 54.6318063], [37.2452667, 54.6330855], [37.2442906, 54.6338588], [37.2448804, 54.635942], [37.2476305, 54.6385033], [37.2480587, 54.6382616], [37.2539853, 54.6411591], [37.2564744, 54.6438412], [37.2584056, 54.6442385], [37.2587918, 54.6450084], [37.2618834, 54.6459791], [37.2589681, 54.6487359], [37.2537546, 54.6511273], [37.2543287, 54.6518616], [37.2532129, 54.6527057], [37.2540282, 54.6531775], [37.2528334, 54.6552754], [37.2524833, 54.6578944], [37.2514787, 54.6605982], [37.2495056, 54.6617256], [37.2483634, 54.6605754], [37.2460031, 54.6609229], [37.2457027, 54.6624867], [37.2362189, 54.665537], [37.2327851, 54.6648696], [37.2258639, 54.6679035], [37.2269827, 54.6699341], [37.2093839, 54.6738395], [37.2076076, 54.6719927], [37.2040867, 54.6644396], [37.2009998, 54.6493458], [37.1984876, 54.6413995], [37.1926511, 54.6350785], [37.1765504, 54.628128], [37.1584248, 54.6187438], [37.1512123, 54.6128803], [37.1478232, 54.6077324], [37.1476387, 54.6063948], [37.1491436, 54.5887799], [37.1448928, 54.5775246], [37.1431109, 54.5707973], [37.1411214, 54.5675608], [37.1373879, 54.5642978], [37.1300857, 54.5565999], [37.1223653, 54.5512924], [37.1144651, 54.5495049], [37.099654, 54.5481688], [37.0785841, 54.5450798], [37.0766092, 54.5455278], [37.0770355, 54.5475474], [37.0748293, 54.5503602], [37.0725547, 54.5511739], [37.0730489, 54.5526653], [37.0701406, 54.5537059], [37.0680192, 54.5535995], [37.0661239, 54.5524186], [37.0628577, 54.55596], [37.0617916, 54.55602], [37.0620978, 54.5568315], [37.0634769, 54.5574308], [37.0627632, 54.5577298], [37.0629569, 54.5585881], [37.0617483, 54.5587429], [37.0612564, 54.5595335], [37.0576725, 54.5605032], [37.0568292, 54.5622064], [37.0596823, 54.5641377], [37.0615656, 54.5673726], [37.0589655, 54.5677962], [37.0595417, 54.5683096], [37.0587687, 54.5686681], [37.0575038, 54.5682933], [37.0559719, 54.5689614], [37.0539762, 54.5710227], [37.0513199, 54.5713241], [37.0518118, 54.5720574], [37.051081, 54.5723914], [37.0510248, 54.5733935], [37.0499988, 54.5745095], [37.0513058, 54.5767172], [37.053681, 54.5790795], [37.0557892, 54.580342], [37.0552832, 54.58079], [37.057546, 54.5823458], [37.0548897, 54.584838], [37.0542573, 54.5866787], [37.050322, 54.5901805], [37.0406609, 54.5859226], [37.0394943, 54.5865823], [37.0315878, 54.5857557], [37.0293052, 54.5869345], [37.0259462, 54.5902399], [37.0270944, 54.5937993], [37.0166244, 54.5930152], [37.0161871, 54.5923358], [37.0131604, 54.5909496], [37.0099521, 54.5913476], [37.0086028, 54.5909567], [37.0045202, 54.591671], [37.0038384, 54.593139], [37.002469, 54.5931727], [37.0017162, 54.5942627], [37.0020755, 54.5948951], [37.0014897, 54.595466], [37.0013108, 54.5979647], [36.999882, 54.5988596], [37.00029, 54.5992414], [36.9935891, 54.597696], [36.9912509, 54.5994323], [36.9909998, 54.6027867], [36.9858839, 54.6023776], [36.985727, 54.6046046], [36.9824157, 54.60535], [36.9711012, 54.6045864], [36.9662207, 54.6016049], [36.9634587, 54.6009868], [36.9515948, 54.6005141], [36.9504336, 54.5999141], [36.9509985, 54.5985414], [36.9478599, 54.5970868], [36.9434973, 54.596205], [36.9435287, 54.5919863], [36.9382716, 54.5917681], [36.9370789, 54.5924682], [36.9329987, 54.5925137], [36.9316335, 54.5923318], [36.9335323, 54.5898496], [36.9306291, 54.5894313], [36.923018, 54.5897495], [36.9202443, 54.5891889], [36.9202855, 54.5886724], [36.9191952, 54.5877387], [36.9186261, 54.5862209], [36.9189141, 54.5856527], [36.9159516, 54.5833752], [36.916315, 54.5819168], [36.9151082, 54.5808677], [36.9147825, 54.5794688], [36.9107026, 54.5803173], [36.9083232, 54.5800669], [36.907507, 54.5754739], [36.9045125, 54.5729876], [36.9055285, 54.5727756], [36.9057225, 54.5718846], [36.907531, 54.5708643], [36.8988666, 54.568121], [36.8972471, 54.5653718], [36.8949683, 54.563494], [36.9024674, 54.5592302], [36.9057935, 54.5612439], [36.910868, 54.55804], [36.9132697, 54.5558706], [36.913831, 54.5543607], [36.9185993, 54.5538068], [36.922823, 54.5517597], [36.9243425, 54.5515335], [36.9262813, 54.5500632], [36.9276053, 54.5499529], [36.9274452, 54.5495012], [36.9292854, 54.5495856], [36.9295531, 54.5492241], [36.9273495, 54.5475003], [36.9267096, 54.548339], [36.9258984, 54.5484031], [36.9245627, 54.5494827], [36.9234829, 54.5492978], [36.9220827, 54.5500731], [36.9179155, 54.5492661], [36.9142389, 54.5473878], [36.9136528, 54.5455689], [36.916211, 54.5439776], [36.9192323, 54.5449099], [36.922713, 54.5437903], [36.9342613, 54.5371924], [36.9289418, 54.5352046], [36.9277427, 54.533611], [36.934304, 54.5299289], [36.942882, 54.5280158], [36.9433645, 54.5288763], [36.9479422, 54.5293477], [36.9489241, 54.5301715], [36.9513221, 54.5290968], [36.9527009, 54.5295818], [36.9557909, 54.5274131], [36.9603177, 54.5280353], [36.9614845, 54.5262288], [36.9629645, 54.5254697], [36.9618758, 54.5220839], [36.957813, 54.524861], [36.9570728, 54.5241653], [36.954883, 54.5241447], [36.9508708, 54.5213826], [36.9494118, 54.521268], [36.9461861, 54.5224736], [36.9495249, 54.5245952], [36.9506929, 54.524822], [36.9498091, 54.5256748], [36.9505879, 54.5261506], [36.9479533, 54.5273661], [36.9453515, 54.5276778], [36.9416861, 54.5268246], [36.9432804, 54.525592], [36.94164, 54.524633], [36.9405858, 54.5252327], [36.9374119, 54.5238717], [36.9388113, 54.521935], [36.9403399, 54.521068], [36.9445396, 54.5207447], [36.9425901, 54.5188432], [36.9385321, 54.5177152], [36.9375228, 54.5165681], [36.9419259, 54.5097501], [36.9366965, 54.5084948], [36.9335269, 54.5064682], [36.9317857, 54.5064569], [36.9249772, 54.5080126], [36.9248233, 54.5087727], [36.9234246, 54.5097108], [36.9189988, 54.5096254], [36.9171531, 54.5064412], [36.91576, 54.5063031], [36.9121045, 54.5070473], [36.907195, 54.5090559], [36.9051399, 54.5109617], [36.9038034, 54.5113206], [36.8969227, 54.5096437], [36.8971604, 54.5078697], [36.8927466, 54.5063649], [36.882131, 54.5046039], [36.879528, 54.5050836], [36.8782391, 54.5039362], [36.8748313, 54.504847], [36.8742881, 54.5039402], [36.8772193, 54.5028822], [36.8757027, 54.5017519], [36.8746502, 54.4989916], [36.8713795, 54.4949233], [36.870825, 54.4934575], [36.8742654, 54.492511], [36.8753519, 54.4919194]]]}}, {"type": "Feature", "properties": {"rda_code": "TL-34", "rda_name": "CHERNENSKY AREA", "osm_name": "Чернский район", "match_score": 1.0, "match_reason": "alias:chernskii"}, "geometry": {"type": "Polygon", "coordinates": [[[36.384866, 53.4495218], [36.3878308, 53.450958], [36.390371, 53.4510481], [36.3919088, 53.450234], [36.3905826, 53.4492331], [36.3905826, 53.4487407], [36.3975145, 53.4466457], [36.4019324, 53.4442213], [36.4028603, 53.440781], [36.4045524, 53.4408383], [36.4046701, 53.4421829], [36.4056999, 53.4427632], [36.4088095, 53.4417724], [36.4090979, 53.440796], [36.4081373, 53.4386517], [36.411387, 53.435671], [36.4211768, 53.433564], [36.4255295, 53.4330896], [36.42706, 53.4322276], [36.4272338, 53.4315535], [36.4258949, 53.429952], [36.4277713, 53.4282669], [36.424576, 53.4259741], [36.4241001, 53.4234706], [36.4253741, 53.422213], [36.4299208, 53.4205984], [36.4334548, 53.42027], [36.4368917, 53.4206742], [36.4382523, 53.4213223], [36.4387319, 53.4224839], [36.4372756, 53.4249533], [36.4387576, 53.4266304], [36.4425107, 53.4285176], [36.4501079, 53.4302864], [36.4523546, 53.4314993], [36.4620764, 53.4306811], [36.4682959, 53.4291908], [36.4693371, 53.428032], [36.4703081, 53.4241066], [36.4686437, 53.4228548], [36.4768186, 53.4186139], [36.487625, 53.4073032], [36.4877669, 53.4048302], [36.486024, 53.3983852], [36.4901519, 53.3934031], [36.4904211, 53.3918523], [36.4889712, 53.3903133], [36.4933203, 53.3890124], [36.5036487, 53.3900185], [36.5125366, 53.3902374], [36.5176092, 53.3879263], [36.5241685, 53.3860098], [36.5294852, 53.3826948], [36.5391165, 53.3781106], [36.5415691, 53.3794788], [36.5475178, 53.3760021], [36.5585409, 53.3759547], [36.5732737, 53.3770575], [36.5793001, 53.3847876], [36.5989342, 53.3894855], [36.6075285, 53.3966234], [36.6177829, 53.3972667], [36.6228508, 53.3991251], [36.6261695, 53.4044525], [36.6259006, 53.4100321], [36.6269988, 53.4145663], [36.6313068, 53.4178617], [36.6356262, 53.420219], [36.6476947, 53.4150134], [36.6498179, 53.4110762], [36.6525568, 53.4090677], [36.6587528, 53.4082006], [36.6624384, 53.4083662], [36.6681949, 53.4077604], [36.6751633, 53.4042258], [36.6996033, 53.3950361], [36.696271, 53.3866539], [36.7001087, 53.3845332], [36.7017389, 53.3828533], [36.6994019, 53.3801906], [36.699705, 53.3778678], [36.6962715, 53.3734242], [36.6958677, 53.3704955], [36.6908182, 53.3696875], [36.6894044, 53.3682736], [36.67567, 53.3636278], [36.67668, 53.362315], [36.6791037, 53.3619111], [36.6809217, 53.3591843], [36.6833455, 53.3581745], [36.6928385, 53.3584776], [36.6945556, 53.3525192], [36.6928388, 53.3512063], [36.6968785, 53.3486816], [36.7097041, 53.3515095], [36.7145518, 53.347571], [36.7177836, 53.3457532], [36.7174807, 53.3431275], [36.7227322, 53.3425216], [36.7241459, 53.3452484], [36.7312153, 53.3437336], [36.7329326, 53.3317663], [36.7345486, 53.3282317], [36.7390933, 53.325606], [36.752525, 53.3235864], [36.7535349, 53.3245963], [36.7615415, 53.3246458], [36.7593527, 53.318108], [36.755619, 53.317121], [36.7444791, 53.3099693], [36.7459878, 53.3091002], [36.7491622, 53.3107811], [36.7497373, 53.3107648], [36.7501036, 53.3098013], [36.7531598, 53.3100259], [36.7576805, 53.3089769], [36.7599988, 53.3113667], [36.7747158, 53.3157639], [36.7774702, 53.3071254], [36.7816111, 53.2993492], [36.784136, 53.2958146], [36.7876706, 53.2965216], [36.792821, 53.2988445], [36.7990826, 53.294603], [36.8134231, 53.2958151], [36.8158469, 53.2930884], [36.8189777, 53.2909676], [36.8232194, 53.2889479], [36.8292667, 53.2894629], [36.8324672, 53.292938], [36.8355433, 53.2928999], [36.8335019, 53.2898073], [36.8320086, 53.2861982], [36.8372538, 53.2870036], [36.8422055, 53.2893521], [36.8506886, 53.2904632], [36.8696746, 53.2917763], [36.8709875, 53.2907664], [36.8711896, 53.2888476], [36.8891657, 53.2897568], [36.9012844, 53.2922817], [36.9038091, 53.2948065], [36.9107774, 53.2943017], [36.9035064, 53.2874343], [36.899063, 53.2844045], [36.8973464, 53.279052], [36.8966397, 53.2740025], [36.8987605, 53.2729926], [36.9042138, 53.2755174], [36.9149186, 53.2794562], [36.920473, 53.2806682], [36.930471, 53.2810723], [36.9350154, 53.2826882], [36.9421857, 53.2822843], [36.9587479, 53.2856173], [36.9666251, 53.2862233], [36.9723814, 53.2888492], [36.9869239, 53.2906672], [36.9961902, 53.2902035], [36.9959119, 53.2924852], [36.9967196, 53.2992515], [37.0006582, 53.2986456], [37.0041929, 53.2965249], [37.0124741, 53.296323], [37.0120704, 53.2893547], [37.0139894, 53.2854161], [37.0133836, 53.2820834], [37.0118688, 53.2815785], [37.0090412, 53.2781448], [37.0077671, 53.2670314], [37.0159088, 53.2712775], [37.0183327, 53.2691568], [37.0205544, 53.2693588], [37.0215642, 53.2711766], [37.0229607, 53.2721856], [37.0297751, 53.2738518], [37.0715258, 53.2791154], [37.0785052, 53.2760552], [37.0855199, 53.2765353], [37.0864868, 53.2807665], [37.095798, 53.2861524], [37.1149796, 53.2791563], [37.1098294, 53.2722889], [37.1106605, 53.2708662], [37.1203008, 53.2716223], [37.1257908, 53.2656371], [37.1270451, 53.2629071], [37.1390042, 53.2672779], [37.1581253, 53.2580451], [37.1625342, 53.260895], [37.170336, 53.2599619], [37.1750246, 53.26057], [37.2063764, 53.2559299], [37.2218304, 53.2559631], [37.2426316, 53.2588592], [37.2619207, 53.2595664], [37.267576, 53.2615863], [37.2732313, 53.265424], [37.28232, 53.2745133], [37.2925287, 53.2783734], [37.3167031, 53.2813663], [37.3383953, 53.286416], [37.3531349, 53.2892294], [37.3668825, 53.2909686], [37.3632175, 53.3007016], [37.3660354, 53.3016866], [37.3882507, 53.2984561], [37.402598, 53.2984497], [37.4261313, 53.2957965], [37.4353881, 53.295445], [37.4666262, 53.2878287], [37.4671144, 53.290762], [37.4656841, 53.2968372], [37.468204, 53.3004937], [37.4648726, 53.3118959], [37.4583591, 53.3180665], [37.4584599, 53.3207457], [37.4592071, 53.3226586], [37.4590465, 53.3264765], [37.4603033, 53.3313486], [37.4844381, 53.3285564], [37.4894458, 53.3413389], [37.4927129, 53.3456774], [37.496835, 53.3475147], [37.4975653, 53.353161], [37.5001568, 53.356873], [37.486206, 53.3609472], [37.4785675, 53.3617814], [37.4650715, 53.3554776], [37.4603887, 53.3527404], [37.4544299, 53.3509464], [37.4386581, 53.3497169], [37.4292117, 53.3529998], [37.4261271, 53.3576715], [37.4124609, 53.3664193], [37.406275, 53.3714272], [37.3872669, 53.3667944], [37.3773589, 53.3756924], [37.3658281, 53.3907768], [37.3670103, 53.392714], [37.363495, 53.3967324], [37.3553426, 53.4023488], [37.340833, 53.4003244], [37.3305494, 53.3952198], [37.3301163, 53.3924596], [37.3257925, 53.3882678], [37.3186605, 53.38579], [37.3156976, 53.3877642], [37.3111199, 53.3954079], [37.310349, 53.3980512], [37.307506, 53.4007806], [37.3074578, 53.4020447], [37.3060122, 53.4037396], [37.2933392, 53.4036822], [37.2937729, 53.41431], [37.2899662, 53.4151429], [37.2900143, 53.4167798], [37.2928573, 53.4189337], [37.2927311, 53.4216262], [37.2791992, 53.437863], [37.2737542, 53.445842], [37.2682609, 53.4428285], [37.2650806, 53.4416805], [37.2601175, 53.4463012], [37.2561662, 53.4514666], [37.2645024, 53.4544795], [37.2641169, 53.4560863], [37.2605993, 53.4602177], [37.2575636, 53.4626849], [37.2493237, 53.4632013], [37.2363616, 53.4595579], [37.2321212, 53.4594144], [37.2234959, 53.4612505], [37.2148705, 53.4621972], [37.2047032, 53.4611358], [37.1982945, 53.4618243], [37.1958096, 53.4612849], [37.194894, 53.4647273], [37.189979, 53.4665632], [37.1906536, 53.4681121], [37.1953277, 53.4744795], [37.1933521, 53.4764296], [37.1910873, 53.4776341], [37.1867987, 53.4780642], [37.1743802, 53.4780508], [37.1696926, 53.4743074], [37.1613838, 53.4781447], [37.158348, 53.479091], [37.1618656, 53.4880085], [37.1586371, 53.4893559], [37.1545413, 53.4892126], [37.1515538, 53.490216], [37.1481807, 53.489958], [37.1432175, 53.4908754], [37.1410973, 53.4928248], [37.1405191, 53.4956054], [37.1412901, 53.5003349], [37.1396036, 53.5023986], [37.1347849, 53.5017394], [37.1281834, 53.5017394], [37.1260632, 53.5024559], [37.1262078, 53.5032297], [37.1247622, 53.5033443], [37.1242803, 53.5046054], [37.1322311, 53.5106807], [37.1412901, 53.5111105], [37.1419789, 53.5122274], [37.1403023, 53.5159955], [37.1336935, 53.5252985], [37.1329825, 53.5286467], [37.1333608, 53.52968], [37.1422871, 53.5315166], [37.132245, 53.5377656], [37.1335324, 53.5398824], [37.1320733, 53.5411575], [37.1322879, 53.5433252], [37.134734, 53.5451102], [37.1329745, 53.548833], [37.1215161, 53.5534988], [37.1590502, 53.5794957], [37.1437983, 53.5919825], [37.1433405, 53.5936396], [37.1411874, 53.593028], [37.135334, 53.5969079], [37.1154642, 53.5903907], [37.1127176, 53.5920718], [37.1156466, 53.5948863], [37.1146622, 53.5973902], [37.1037269, 53.5965737], [37.1035552, 53.597586], [37.1025306, 53.5980349], [37.0989096, 53.5976593], [37.0994139, 53.6001519], [37.1092039, 53.6001391], [37.0390319, 53.6154737], [36.953845, 53.6472581], [36.9374943, 53.6399185], [36.9350052, 53.6411906], [36.92168, 53.6309108], [36.9169497, 53.6266248], [36.9129334, 53.6244241], [36.9088737, 53.6250913], [36.9056944, 53.6249172], [36.903689, 53.6259035], [36.8984157, 53.6242319], [36.8917637, 53.618778], [36.8927908, 53.6173563], [36.8931332, 53.6138165], [36.8834975, 53.6131202], [36.8779705, 53.6134103], [36.8681392, 53.6151222], [36.8665251, 53.6159346], [36.8657425, 53.6176465], [36.8529276, 53.61901], [36.8513624, 53.6235067], [36.8520961, 53.6278578], [36.8468136, 53.6271037], [36.8274408, 53.6221845], [36.8257325, 53.6195613], [36.8253902, 53.6141357], [36.823238, 53.6117564], [36.8206563, 53.6101492], [36.8198631, 53.6076648], [36.819912, 53.6055462], [36.8212815, 53.6037759], [36.8173415, 53.5984357], [36.8151669, 53.598396], [36.8128987, 53.6001673], [36.8102623, 53.600637], [36.8068498, 53.5992797], [36.7994964, 53.5983677], [36.7939234, 53.5967113], [36.7967887, 53.5918439], [36.7978199, 53.5887554], [36.7910788, 53.5844878], [36.7859292, 53.5830978], [36.7654277, 53.5840113], [36.7489758, 53.5824079], [36.7271143, 53.5843251], [36.7238306, 53.5823704], [36.7233567, 53.5785474], [36.7256361, 53.5772054], [36.7251164, 53.5759429], [36.7232814, 53.5746706], [36.7255519, 53.572901], [36.7265044, 53.5713654], [36.729126, 53.5711562], [36.7326998, 53.5694113], [36.7341282, 53.5671078], [36.7338458, 53.5642538], [36.7312801, 53.5634283], [36.7198847, 53.5650242], [36.7181605, 53.5647324], [36.7161411, 53.5618452], [36.7162387, 53.5600344], [36.7134205, 53.5558371], [36.713234, 53.5513419], [36.697066, 53.5526746], [36.6927782, 53.551556], [36.6884483, 53.5512134], [36.6858842, 53.5503869], [36.6837971, 53.5487927], [36.6729095, 53.5490992], [36.6695624, 53.5467033], [36.6714277, 53.5444089], [36.6706443, 53.5428399], [36.669384, 53.5420384], [36.6659096, 53.5419706], [36.6575294, 53.5441374], [36.6497261, 53.5437252], [36.6445862, 53.5423292], [36.6400393, 53.5380961], [36.6339599, 53.5379759], [36.6243051, 53.5395971], [36.6198754, 53.5410628], [36.6149529, 53.5435544], [36.6097997, 53.5424156], [36.6077304, 53.5405614], [36.6055737, 53.5402592], [36.6013774, 53.5375854], [36.5939661, 53.5379544], [36.591, 53.5365998], [36.5903373, 53.5329608], [36.587401, 53.5310888], [36.5814112, 53.5294139], [36.5753628, 53.5287734], [36.5684019, 53.5288909], [36.5655569, 53.5283499], [36.565107, 53.5257162], [36.5700257, 53.5157164], [36.5693774, 53.5111334], [36.5657136, 53.5063334], [36.5425048, 53.510751], [36.5327322, 53.5113693], [36.514787, 53.5017736], [36.5001759, 53.4930398], [36.4939827, 53.4917799], [36.490942, 53.4931543], [36.4799518, 53.4900908], [36.4804403, 53.487033], [36.4826433, 53.4806226], [36.4797438, 53.4781118], [36.4773519, 53.4809905], [36.4752914, 53.4765387], [36.4705639, 53.4722246], [36.4679221, 53.4719729], [36.4651321, 53.4687389], [36.4647894, 53.4669615], [36.4664537, 53.4666119], [36.46658, 53.4655728], [36.46523, 53.4654755], [36.4596445, 53.4626504], [36.4594178, 53.4616403], [36.4565662, 53.4618275], [36.4371898, 53.4684875], [36.4255568, 53.4659864], [36.4108865, 53.4738687], [36.4057984, 53.4720992], [36.3998433, 53.4691063], [36.3968454, 53.46933], [36.3963089, 53.4685574], [36.3968404, 53.4678543], [36.3991354, 53.4666605], [36.3969383, 53.4638623], [36.3951762, 53.462959], [36.395421, 53.4616476], [36.384866, 53.4495218]]]}}, {"type": "Feature", "properties": {"rda_code": "TL-35", "rda_name": "SHCHEKINSKY AREA / incl. ShchEKINO, SOVETSK/", "osm_name": "Щёкинский район", "match_score": 1.0, "match_reason": "alias:shchekinsky"}, "geometry": {"type": "Polygon", "coordinates": [[[36.9774534, 54.0046323], [36.9906052, 54.0028719], [37.0004564, 54.0035213], [37.0034588, 53.9924129], [37.0016823, 53.9757593], [36.9904542, 53.9718197], [36.9879407, 53.972748], [36.9865767, 53.9669033], [36.99576, 53.964146], [36.9896032, 53.9553103], [36.986988, 53.9489779], [36.9911667, 53.9440721], [36.9955378, 53.9409626], [37.0006115, 53.9397622], [37.00297, 53.9396853], [37.0118524, 53.9411759], [37.0258972, 53.9411167], [37.0293839, 53.9406114], [37.0359212, 53.9385871], [37.0444629, 53.9366646], [37.0487556, 53.9362533], [37.051767, 53.9324625], [37.0508534, 53.9241746], [37.0458613, 53.9246248], [37.0436897, 53.9205462], [37.039367, 53.9175414], [37.0397594, 53.9049703], [37.0405629, 53.9035082], [37.0489423, 53.9066712], [37.0573575, 53.908491], [37.0733049, 53.910182], [37.0757582, 53.9078438], [37.0802984, 53.905713], [37.0912959, 53.9022434], [37.0947347, 53.8898361], [37.1016535, 53.8904311], [37.1024043, 53.8886644], [37.1102761, 53.8825051], [37.1121702, 53.8778887], [37.1108518, 53.876853], [37.1086104, 53.8690469], [37.1070775, 53.8684347], [37.1056682, 53.8687262], [37.1071764, 53.8675454], [37.1067561, 53.8663936], [37.1044567, 53.864265], [37.1024293, 53.8611886], [37.1011636, 53.8604857], [37.1009706, 53.859643], [37.0977565, 53.859016], [37.0937264, 53.86027], [37.0912788, 53.8602991], [37.0865564, 53.8596867], [37.0820207, 53.858036], [37.0802952, 53.8564622], [37.0798331, 53.8531999], [37.0750216, 53.8509474], [37.0739175, 53.8477942], [37.0763454, 53.8455987], [37.0745835, 53.8443557], [37.0747981, 53.8437527], [37.0729384, 53.8427999], [37.0712028, 53.8394574], [37.0687798, 53.8380423], [37.0617581, 53.8383778], [37.0687284, 53.8328805], [37.0923211, 53.817442], [37.0977562, 53.8243916], [37.1134055, 53.822349], [37.1193044, 53.8237795], [37.1251812, 53.8214328], [37.1257189, 53.8200043], [37.1372036, 53.8189046], [37.1438486, 53.8196869], [37.1430227, 53.8170452], [37.149034, 53.8171472], [37.1485922, 53.8126231], [37.149322, 53.8123623], [37.1645325, 53.8134055], [37.1649742, 53.8090738], [37.1708433, 53.8101646], [37.1836577, 53.8105079], [37.1841493, 53.8123976], [37.189532, 53.8114947], [37.1928008, 53.8116518], [37.2067112, 53.8158074], [37.2172838, 53.8179658], [37.2230952, 53.8200023], [37.2247351, 53.8194492], [37.2273867, 53.8173169], [37.2296534, 53.8170834], [37.2314959, 53.8176526], [37.2325259, 53.8189446], [37.2320967, 53.8197237], [37.2290158, 53.8194761], [37.2283523, 53.8199517], [37.230423, 53.8224723], [37.230542, 53.8233615], [37.2297098, 53.8244384], [37.2303575, 53.8259713], [37.232262, 53.8261033], [37.2369721, 53.824915], [37.2381983, 53.8240018], [37.2391758, 53.8238936], [37.2440531, 53.8276047], [37.2478287, 53.8291045], [37.2528039, 53.8321379], [37.2569934, 53.8330325], [37.2648744, 53.8324038], [37.2698907, 53.8194209], [37.273967, 53.8228925], [37.29677, 53.8126621], [37.3097858, 53.8084759], [37.3231243, 53.8068667], [37.3351719, 53.8066974], [37.3393312, 53.8072902], [37.3437093, 53.8010044], [37.3448142, 53.7983549], [37.3503826, 53.7966554], [37.3502315, 53.7911108], [37.3443511, 53.7910261], [37.3426894, 53.7888508], [37.3399605, 53.7820029], [37.334617, 53.7780795], [37.3327479, 53.7747965], [37.3279064, 53.7731075], [37.3195674, 53.772936], [37.3196696, 53.7686266], [37.3221366, 53.7674487], [37.3293122, 53.7671765], [37.3314929, 53.7664314], [37.3363653, 53.7657869], [37.3405562, 53.7636721], [37.3499944, 53.757428], [37.3426006, 53.7399998], [37.3401133, 53.7356466], [37.3391933, 53.7329861], [37.3393978, 53.729499], [37.3414421, 53.7294386], [37.3454471, 53.7371947], [37.3491862, 53.7340116], [37.3614316, 53.7362809], [37.3708804, 53.7372984], [37.3743171, 53.7388256], [37.3774492, 53.7353152], [37.374569, 53.7323151], [37.3741959, 53.7290532], [37.377792, 53.7264373], [37.3793689, 53.7243861], [37.3838256, 53.7253347], [37.3903125, 53.7254223], [37.3957337, 53.7272717], [37.3987166, 53.7276078], [37.4032528, 53.7264841], [37.4146185, 53.7295963], [37.4191434, 53.728768], [37.4242781, 53.7249868], [37.4298224, 53.7235794], [37.4382941, 53.7239865], [37.4412442, 53.7252093], [37.4463546, 53.722019], [37.4514097, 53.7203081], [37.4489914, 53.7182042], [37.4430591, 53.7166466], [37.4387119, 53.7127408], [37.4432454, 53.7116156], [37.4507282, 53.7117129], [37.4837914, 53.7082881], [37.4833886, 53.7056182], [37.4785507, 53.7014116], [37.4766737, 53.6981308], [37.4787862, 53.6949008], [37.4886265, 53.6928144], [37.5020837, 53.6927007], [37.5114101, 53.6919972], [37.5510871, 53.6956954], [37.5569747, 53.6970291], [37.5566675, 53.7015755], [37.5619407, 53.7049395], [37.5542613, 53.7094245], [37.5543637, 53.7195441], [37.5608656, 53.7273897], [37.5789378, 53.7311454], [37.5836478, 53.7301762], [37.5895354, 53.7302368], [37.592044, 53.7325082], [37.5994163, 53.7357184], [37.6081708, 53.7417745], [37.6152871, 53.7460133], [37.6217378, 53.7488591], [37.6238368, 53.7481326], [37.6220449, 53.746195], [37.626755, 53.7428646], [37.6330521, 53.7428646], [37.6373014, 53.7447115], [37.6379669, 53.7414112], [37.6413459, 53.7391705], [37.663198, 53.7415288], [37.669082, 53.737768], [37.6732411, 53.7390494], [37.6753401, 53.7424407], [37.6792822, 53.7457409], [37.6814836, 53.7495857], [37.6828147, 53.7507361], [37.684965, 53.7510691], [37.6905965, 53.7502517], [37.6933611, 53.7482537], [37.7005286, 53.7482537], [37.705341, 53.7496463], [37.7099487, 53.7496463], [37.7106117, 53.7521759], [37.7089465, 53.7546589], [37.7093085, 53.7569704], [37.713363, 53.7600522], [37.7107565, 53.7612507], [37.7109737, 53.7636902], [37.713363, 53.763519], [37.713725, 53.7667288], [37.7187399, 53.7728248], [37.7191552, 53.7759287], [37.7176281, 53.7832056], [37.7160777, 53.7857725], [37.7226308, 53.7931824], [37.7201733, 53.794513], [37.713064, 53.7955068], [37.714548, 53.7969508], [37.7115188, 53.7975992], [37.7082189, 53.7999205], [37.70623, 53.8005993], [37.7060478, 53.8013802], [37.7078823, 53.802479], [37.7074957, 53.8029877], [37.7057787, 53.802971], [37.7020749, 53.8015995], [37.7000731, 53.8015813], [37.6995383, 53.8020557], [37.6997161, 53.8033888], [37.6991687, 53.8040971], [37.6932189, 53.8037752], [37.6924219, 53.8041384], [37.6930478, 53.8060687], [37.6911057, 53.8078007], [37.6901993, 53.8075337], [37.6897901, 53.8065728], [37.6865838, 53.8041996], [37.6852625, 53.8043382], [37.6844347, 53.8058682], [37.6815294, 53.8065911], [37.6793409, 53.806488], [37.6791248, 53.8082745], [37.6749754, 53.8096336], [37.6742775, 53.8109648], [37.6753245, 53.8124486], [37.6750113, 53.8143417], [37.6691746, 53.8248167], [37.6697226, 53.826542], [37.6714153, 53.8275289], [37.6778998, 53.8290807], [37.6878119, 53.8332758], [37.6943159, 53.8332059], [37.6952247, 53.839269], [37.6963187, 53.840816], [37.6962424, 53.8440685], [37.6865808, 53.8442447], [37.6850625, 53.8454802], [37.684692, 53.8473555], [37.6853118, 53.8495426], [37.6889721, 53.852157], [37.6946546, 53.853426], [37.6984356, 53.8549929], [37.6983443, 53.855962], [37.6957175, 53.857566], [37.6954535, 53.8583311], [37.6961534, 53.8604667], [37.6958093, 53.8619587], [37.6930279, 53.8638436], [37.6906342, 53.8676497], [37.6902197, 53.8691156], [37.6903414, 53.8705151], [37.6913346, 53.8725199], [37.6957882, 53.8787314], [37.6958329, 53.8808147], [37.6922528, 53.8845848], [37.6892764, 53.8856908], [37.6859758, 53.8854292], [37.6797148, 53.8831954], [37.678048, 53.8819243], [37.6764657, 53.8818525], [37.6752056, 53.8825741], [37.6748045, 53.8846493], [37.6791595, 53.89167], [37.6865991, 53.8924866], [37.6941808, 53.8898473], [37.6961917, 53.8896921], [37.7077622, 53.8909013], [37.7102262, 53.891684], [37.7139307, 53.8943194], [37.7195071, 53.8971313], [37.7208105, 53.8985476], [37.7207428, 53.8999838], [37.7183899, 53.90143], [37.7119732, 53.903856], [37.7081487, 53.9064662], [37.7045093, 53.9077099], [37.7019814, 53.9078876], [37.7006126, 53.9085578], [37.6980472, 53.9083287], [37.69475, 53.90725], [37.69175, 53.9085], [37.69225, 53.909], [37.6912408, 53.9102182], [37.6880841, 53.9107894], [37.6850467, 53.9123707], [37.6789837, 53.9123359], [37.6710223, 53.9113681], [37.6689847, 53.9127604], [37.6691609, 53.9139344], [37.67225, 53.91475], [37.6718664, 53.9166173], [37.6726782, 53.9166319], [37.671, 53.91775], [37.671, 53.91825], [37.673, 53.92], [37.6735423, 53.9224964], [37.6719264, 53.9252314], [37.6701412, 53.9268405], [37.6671099, 53.9278069], [37.6642208, 53.9281146], [37.6613492, 53.9277823], [37.6584171, 53.9287377], [37.6590142, 53.9303079], [37.6600165, 53.9308849], [37.6593706, 53.9308849], [37.660402, 53.934193], [37.6609121, 53.9349015], [37.662114, 53.934905], [37.6597711, 53.936445], [37.65925, 53.938], [37.65975, 53.9395], [37.6595, 53.94025], [37.6611021, 53.9434495], [37.6631618, 53.943329], [37.66025, 53.94425], [37.6599244, 53.9462228], [37.6551051, 53.953184], [37.6536335, 53.9527657], [37.6511775, 53.9544318], [37.6466928, 53.9590752], [37.6452586, 53.9614073], [37.6463218, 53.9638446], [37.6479783, 53.9656087], [37.6504288, 53.966049], [37.6512533, 53.9668426], [37.6526084, 53.9670638], [37.6540589, 53.9686018], [37.660788, 53.9694494], [37.6633834, 53.9706664], [37.6680114, 53.9719288], [37.6733204, 53.9744977], [37.6738099, 53.9751399], [37.6735086, 53.9765128], [37.6738475, 53.9773986], [37.6754666, 53.9784615], [37.6774998, 53.9835319], [37.6821687, 53.9831333], [37.6849621, 53.9851528], [37.68519, 53.9864246], [37.686341, 53.9870659], [37.6852037, 53.9883537], [37.686999, 53.9896286], [37.6929352, 53.9893941], [37.6969024, 53.987809], [37.6983766, 53.9865825], [37.700517, 53.9867628], [37.7041324, 53.9882165], [37.7076799, 53.9905985], [37.7097408, 53.9933002], [37.7114544, 53.9964674], [37.7113946, 53.998993], [37.7125604, 54.0015742], [37.7138124, 54.0022395], [37.7156052, 54.002051], [37.7175316, 54.0035895], [37.7175769, 54.004076], [37.7164314, 54.0046417], [37.7120291, 54.0049595], [37.7087921, 54.0040236], [37.7078503, 54.0044847], [37.7064385, 54.006358], [37.7026762, 54.0063107], [37.6956046, 54.0076048], [37.694006, 54.008456], [37.6928465, 54.0098803], [37.692741, 54.011681], [37.6919906, 54.0130584], [37.6911464, 54.0169042], [37.6890707, 54.0182276], [37.6883887, 54.0194434], [37.6890487, 54.0200793], [37.6888996, 54.020515], [37.6868952, 54.0211188], [37.6848694, 54.0210953], [37.6866703, 54.0203944], [37.6859636, 54.0186721], [37.6872461, 54.0162886], [37.6869843, 54.0149275], [37.6857651, 54.0143414], [37.681689, 54.013889], [37.673186, 54.0157725], [37.6553928, 54.0238142], [37.6536819, 54.0240175], [37.6488741, 54.0233545], [37.6360764, 54.0201368], [37.634966, 54.0208545], [37.6310054, 54.0218547], [37.6302281, 54.0259426], [37.6276371, 54.0281169], [37.6276371, 54.0296823], [37.6280812, 54.0303346], [37.6253792, 54.0327912], [37.6121649, 54.0382257], [37.6084634, 54.0421599], [37.6088709, 54.0454014], [37.6057984, 54.0499836], [37.602467, 54.0509398], [37.5983214, 54.0509398], [37.5948069, 54.0518376], [37.5877722, 54.0560025], [37.5789997, 54.0571107], [37.5750761, 54.0587401], [37.5698941, 54.0633023], [37.5663036, 54.0646492], [37.560632, 54.0677109], [37.5560981, 54.0672156], [37.5508567, 54.0695252], [37.5477908, 54.0729347], [37.5441016, 54.07599], [37.5453821, 54.0770721], [37.5439411, 54.0794669], [37.537968, 54.0783747], [37.5363368, 54.0791575], [37.5401517, 54.0810272], [37.5403573, 54.0820117], [37.535606, 54.0836784], [37.5324348, 54.0816869], [37.5343457, 54.0799474], [37.5321511, 54.0796517], [37.5279468, 54.0802898], [37.5262643, 54.0816331], [37.5167328, 54.0868245], [37.5077454, 54.0871768], [37.4997625, 54.0822638], [37.4914132, 54.0811276], [37.4898166, 54.0802678], [37.4884556, 54.0801603], [37.4860011, 54.0777673], [37.4811009, 54.0767361], [37.4786144, 54.0754768], [37.463905, 54.0753386], [37.4598219, 54.0745247], [37.4561577, 54.0695335], [37.4567196, 54.0654635], [37.4561053, 54.0579515], [37.4569167, 54.0568146], [37.4554771, 54.0558621], [37.4549537, 54.0547251], [37.446395, 54.0532963], [37.432968, 54.0556777], [37.4288327, 54.0568914], [37.4234933, 54.0574599], [37.4211115, 54.0565073], [37.4190962, 54.0536035], [37.4169499, 54.0521593], [37.4072283, 54.0642355], [37.3835527, 54.0891418], [37.3679272, 54.0843365], [37.3576672, 54.0796229], [37.3493179, 54.0738797], [37.3488468, 54.0720369], [37.346308, 54.0705471], [37.3422773, 54.0665692], [37.3415706, 54.0650639], [37.3345823, 54.0639119], [37.3293738, 54.0606706], [37.3260498, 54.0551861], [37.3236157, 54.0540338], [37.3117068, 54.0548481], [37.3063674, 54.0567992], [37.3009234, 54.0569375], [37.2982799, 54.0578747], [37.295584, 54.0574445], [37.2836751, 54.0592419], [37.275954, 54.0638658], [37.271426, 54.0638504], [37.2646733, 54.0651253], [37.2593077, 54.0652329], [37.245305, 54.069257], [37.2356208, 54.0692263], [37.2333699, 54.0699482], [37.2225865, 54.0695028], [37.216776, 54.0700096], [37.2113541, 54.0699599], [37.2013039, 54.0688449], [37.1925018, 54.0688324], [37.1857965, 54.0691823], [37.1794792, 54.0706173], [37.1793402, 54.0698888], [37.1819177, 54.0683762], [37.1818451, 54.0677797], [37.1806108, 54.0672045], [37.1773891, 54.066838], [37.1494791, 54.0671784], [37.1471255, 54.0674325], [37.1462549, 54.0680432], [37.1457118, 54.0678492], [37.1455958, 54.0660328], [37.1431351, 54.0635734], [37.1452566, 54.0605071], [37.1270399, 54.0590894], [37.1094601, 54.0520006], [37.0964836, 54.0530637], [37.0879681, 54.0508155], [37.077103, 54.0519074], [37.0640495, 54.0555041], [37.0584078, 54.0516474], [37.0555337, 54.0519619], [37.0444161, 54.047545], [37.0399207, 54.0469977], [37.0266105, 54.0422171], [37.0122219, 54.0331242], [37.0136629, 54.0276349], [37.0189372, 54.0228418], [37.0147449, 54.0203081], [37.0040464, 54.0186007], [36.9913018, 54.0150074], [36.9786619, 54.0093014], [36.9774534, 54.0046323]]]}}, {"type": "Feature", "properties": {"rda_code": "TL-11", "rda_name": "CITY DISTRICT NOVOMOSKOVSK", "osm_name": "городской округ Новомосковск", "match_score": 1.0, "match_reason": "alias:novomoskovsk"}, "geometry": {"type": "Polygon", "coordinates": [[[38.0988926, 54.0916885], [38.1047853, 54.0782195], [38.1150042, 54.0777646], [38.1196361, 54.0766884], [38.1298133, 54.0703182], [38.1344741, 54.0663174], [38.1211149, 54.0540277], [38.1237088, 54.0482801], [38.1282838, 54.0350104], [38.1267176, 54.0326604], [38.1402256, 54.0269094], [38.1492578, 54.0328281], [38.1559076, 54.0295266], [38.1579614, 54.0307329], [38.1730616, 54.0268069], [38.1747949, 54.028988], [38.1938542, 54.0255229], [38.1983905, 54.0237075], [38.2106983, 54.0223741], [38.2143378, 54.0189289], [38.2197208, 54.0175486], [38.2231079, 54.0175118], [38.2387859, 54.0027783], [38.2430321, 53.9961511], [38.2549745, 53.9989312], [38.2565627, 53.9985056], [38.2623285, 54.0004855], [38.263678, 53.9982137], [38.2536688, 53.9956086], [38.2565527, 53.9904707], [38.2624627, 53.9914419], [38.2656201, 53.9870537], [38.2687866, 53.9878078], [38.270472, 53.9854593], [38.2715758, 53.9855156], [38.2839271, 53.9751505], [38.2984534, 53.9812431], [38.3009722, 53.9801437], [38.3073504, 53.9792224], [38.3074639, 53.9825079], [38.3070778, 53.9836715], [38.3032011, 53.9862759], [38.312754, 53.9920514], [38.3149049, 53.9969413], [38.3194126, 53.9994059], [38.3206471, 53.9988991], [38.3197653, 53.9996305], [38.3212865, 54.0005411], [38.3202249, 54.0015244], [38.3254996, 54.0054811], [38.3247321, 54.0058282], [38.3342884, 54.0102223], [38.3369656, 54.0107224], [38.3387473, 54.0123712], [38.3419423, 54.0140715], [38.3422872, 54.0150723], [38.3417041, 54.0161106], [38.3430623, 54.0165187], [38.3426299, 54.0184865], [38.3462188, 54.0192441], [38.3556716, 54.0200295], [38.3634569, 54.0231231], [38.3635993, 54.0239289], [38.3666818, 54.0246353], [38.3652395, 54.0282832], [38.3689255, 54.0278534], [38.3724053, 54.0254413], [38.3853088, 54.0308825], [38.3764041, 54.0398191], [38.3775204, 54.0404319], [38.3813461, 54.0376667], [38.3836118, 54.0389256], [38.3804273, 54.0416035], [38.3885895, 54.0424163], [38.3956653, 54.0400919], [38.3998652, 54.0420935], [38.4013244, 54.0434543], [38.3982954, 54.0441466], [38.3984417, 54.0457247], [38.3975693, 54.0460623], [38.3938249, 54.0462575], [38.3961316, 54.0470449], [38.3993807, 54.0468118], [38.4012922, 54.0472024], [38.4021077, 54.048303], [38.4073148, 54.0468183], [38.4097634, 54.0491045], [38.4135716, 54.04755], [38.4111423, 54.0438532], [38.4092161, 54.0420749], [38.4117689, 54.0418352], [38.4209292, 54.0394956], [38.4241901, 54.0400079], [38.4245157, 54.0353914], [38.4352758, 54.0353458], [38.435426, 54.0369588], [38.4405973, 54.037173], [38.4411337, 54.0378157], [38.4606121, 54.0372638], [38.4609651, 54.0385015], [38.4629906, 54.0385678], [38.4653514, 54.0378317], [38.4684622, 54.0377494], [38.4684533, 54.0425246], [38.48922, 54.042491], [38.4944259, 54.0406064], [38.4983221, 54.0398601], [38.5021862, 54.0417828], [38.5092046, 54.0509631], [38.5169584, 54.052901], [38.5260176, 54.054081], [38.5389783, 54.0541314], [38.5389361, 54.0579444], [38.5401902, 54.0617623], [38.5440624, 54.0633022], [38.553137, 54.0633363], [38.5596309, 54.0622163], [38.5667806, 54.0603357], [38.5726217, 54.059594], [38.5759089, 54.0550299], [38.5778917, 54.0512238], [38.5811394, 54.0504725], [38.5811662, 54.0478034], [38.585698, 54.0482004], [38.5930757, 54.043851], [38.5979326, 54.043578], [38.599716, 54.0429703], [38.601346, 54.0435562], [38.6020709, 54.0429709], [38.6031582, 54.0429443], [38.6122925, 54.0452386], [38.6187855, 54.0437341], [38.6233241, 54.0433671], [38.6239479, 54.0460382], [38.6252232, 54.0483301], [38.6310581, 54.0479668], [38.632381, 54.0449204], [38.6349926, 54.0426405], [38.6363117, 54.0399753], [38.6317937, 54.038055], [38.6305252, 54.0350006], [38.633143, 54.0319581], [38.6370425, 54.0304447], [38.6441474, 54.0327538], [38.6467254, 54.0342867], [38.6486461, 54.0369615], [38.6512436, 54.0362064], [38.6538347, 54.0362139], [38.6583409, 54.0396586], [38.6641529, 54.0419628], [38.6745097, 54.0431352], [38.6783351, 54.051153], [38.6830813, 54.055177], [38.6780177, 54.0589942], [38.6791075, 54.0604189], [38.6830318, 54.0625349], [38.6886205, 54.0622381], [38.6925011, 54.063392], [38.7026785, 54.0641862], [38.7030903, 54.0654218], [38.7022076, 54.0678341], [38.7033842, 54.0724234], [38.7056199, 54.0738356], [38.7051492, 54.0747181], [38.7036783, 54.0749534], [38.7017367, 54.0737178], [38.6989713, 54.074365], [38.6977946, 54.0740708], [38.6964414, 54.0721291], [38.6937938, 54.0715996], [38.6927347, 54.0721291], [38.6918521, 54.0736], [38.6887925, 54.0744237], [38.6883806, 54.0752474], [38.6912047, 54.0770714], [38.6919695, 54.0788953], [38.694676, 54.0797779], [38.6957938, 54.0807782], [38.69497, 54.0826021], [38.682614, 54.0888387], [38.6830257, 54.0913098], [38.6842613, 54.0927219], [38.6848325, 54.0981832], [38.7008236, 54.0990766], [38.7036477, 54.0999592], [38.7039419, 54.1007829], [38.7055893, 54.101489], [38.7122379, 54.1009596], [38.7180039, 54.1021364], [38.7207103, 54.1033132], [38.7242404, 54.1061374], [38.7245345, 54.1081379], [38.7255347, 54.1093146], [38.7303004, 54.1107856], [38.7394199, 54.116493], [38.7413027, 54.1180228], [38.7431264, 54.1230239], [38.7451856, 54.1244949], [38.7475391, 54.1252598], [38.7568942, 54.1248481], [38.7651313, 54.126731], [38.7714857, 54.1260839], [38.7729566, 54.1272607], [38.7734272, 54.1287316], [38.7732918, 54.134319], [38.7737799, 54.1362039], [38.7819579, 54.143441], [38.7821344, 54.1446766], [38.7803692, 54.1476184], [38.7801337, 54.1490893], [38.7816632, 54.1562087], [38.7814278, 54.1575619], [38.7708364, 54.1739773], [38.7655408, 54.1804493], [38.7509781, 54.1922165], [38.748507, 54.1917458], [38.7466242, 54.190216], [38.744624, 54.1854501], [38.7397995, 54.1819198], [38.7359162, 54.1833907], [38.730209, 54.1840967], [38.7291499, 54.1833906], [38.725149, 54.1831552], [38.7238547, 54.1816254], [38.7196184, 54.1823902], [38.7120285, 54.180625], [38.7089101, 54.1805073], [38.6920826, 54.1836842], [38.6869018, 54.1864778], [38.6910521, 54.1867089], [38.6939335, 54.1886103], [38.6980792, 54.1893305], [38.698727, 54.1897474], [38.6989213, 54.1906949], [38.698727, 54.1933099], [38.7002168, 54.1942195], [38.7110994, 54.1953185], [38.7142087, 54.1972511], [38.7137553, 54.1988427], [38.7143382, 54.201533], [38.7214907, 54.2070385], [38.7212339, 54.2082826], [38.7201679, 54.2091108], [38.7130261, 54.2092978], [38.7126911, 54.2096808], [38.7151944, 54.2120803], [38.7155323, 54.2135179], [38.7151364, 54.2141501], [38.7167245, 54.216364], [38.7140864, 54.2181143], [38.7098172, 54.2192747], [38.7090804, 54.2205542], [38.715101, 54.2240082], [38.7230436, 54.2250635], [38.7258686, 54.2260408], [38.7260423, 54.2266485], [38.7229536, 54.2282371], [38.719286, 54.2273376], [38.7174293, 54.2274582], [38.7150274, 54.2281947], [38.7135809, 54.2299141], [38.7127836, 54.2316828], [38.7140417, 54.2333457], [38.720233, 54.2355446], [38.7211885, 54.2360931], [38.7223875, 54.237904], [38.7151148, 54.2405212], [38.7117021, 54.2444044], [38.7082307, 54.2446397], [38.7012879, 54.2438159], [38.697287, 54.2438158], [38.6921682, 54.2447572], [38.6824599, 54.2477577], [38.675929, 54.2478164], [38.6725165, 54.2468162], [38.6711632, 54.2470515], [38.6659818, 54.256714], [38.6581138, 54.2556959], [38.6391906, 54.2644709], [38.6321728, 54.2805076], [38.6312367, 54.2791966], [38.6277821, 54.2780299], [38.6191522, 54.27701], [38.6081432, 54.2764764], [38.5939111, 54.2842212], [38.5935981, 54.286134], [38.5755887, 54.2876022], [38.570939, 54.2904647], [38.528514, 54.2891088], [38.5267832, 54.2577869], [38.5196712, 54.2571736], [38.5034425, 54.2539948], [38.4955668, 54.2492263], [38.4936575, 54.2469116], [38.4919869, 54.2423096], [38.4897687, 54.2390824], [38.4865933, 54.2356707], [38.4802111, 54.2317235], [38.4773675, 54.2333643], [38.4733814, 54.2335884], [38.4662252, 54.2323138], [38.4688849, 54.2299514], [38.4688849, 54.228668], [38.4638253, 54.2273287], [38.4593863, 54.2271334], [38.4500786, 54.2241477], [38.4510333, 54.2227525], [38.4438258, 54.2193757], [38.4400073, 54.22345], [38.4334176, 54.2212437], [38.4317497, 54.2205757], [38.4311398, 54.2156149], [38.4293154, 54.2156359], [38.4264918, 54.2141323], [38.4246854, 54.214352], [38.4216306, 54.212119], [38.4122752, 54.2146032], [38.40965, 54.2169198], [38.4009151, 54.232853], [38.3957601, 54.2449592], [38.3873353, 54.2600023], [38.3863271, 54.2602967], [38.3630889, 54.2624339], [38.3509879, 54.2467163], [38.3477422, 54.2413333], [38.3452601, 54.2388229], [38.3454511, 54.2373444], [38.3433031, 54.2367028], [38.3426349, 54.2319324], [38.3400574, 54.2300351], [38.337814, 54.2299235], [38.301538, 54.2401061], [38.294617, 54.2426722], [38.2916576, 54.2428396], [38.294426, 54.2458517], [38.2948556, 54.2471626], [38.2897958, 54.2508258], [38.2818249, 54.2483897], [38.2775768, 54.248808], [38.276288, 54.249533], [38.274522, 54.2496167], [38.2688896, 54.2523496], [38.2614435, 54.2522102], [38.2542838, 54.2529352], [38.251038, 54.2527958], [38.2481264, 54.252015], [38.242685, 54.2558352], [38.2417559, 54.2555958], [38.2395559, 54.2491484], [38.2380708, 54.2466242], [38.229903, 54.240392], [38.2271354, 54.236881], [38.2243003, 54.2220053], [38.228418, 54.216914], [38.2288905, 54.2021496], [38.2224102, 54.1926328], [38.2111467, 54.1643868], [38.209667, 54.1621232], [38.206441, 54.1515301], [38.2054864, 54.1496571], [38.202661, 54.1469678], [38.1971811, 54.1430593], [38.190785, 54.1411021], [38.1926943, 54.1391727], [38.1963219, 54.1391727], [38.2031953, 54.1423044], [38.2092572, 54.1461347], [38.2164169, 54.152173], [38.2223833, 54.1522289], [38.2301636, 54.1531793], [38.2514996, 54.1620673], [38.2577524, 54.1653649], [38.2598049, 54.1684107], [38.2597094, 54.1705343], [38.2569984, 54.1773633], [38.256941, 54.1789157], [38.2581343, 54.1795861], [38.2597837, 54.1795103], [38.2616187, 54.1772395], [38.2640053, 54.176122], [38.2651508, 54.1782173], [38.2667259, 54.1777982], [38.2659622, 54.1745016], [38.2666782, 54.1722944], [38.2688261, 54.1719591], [38.2682056, 54.1703946], [38.2657713, 54.168746], [38.2611414, 54.1686063], [38.2599958, 54.1651972], [38.258182, 54.1635764], [38.2508791, 54.1601668], [38.2362255, 54.153934], [38.2234334, 54.1501044], [38.2171329, 54.1490421], [38.2141735, 54.1475885], [38.2109755, 54.1435066], [38.1973243, 54.1381429], [38.1917397, 54.1382268], [38.189409, 54.1409747], [38.1832136, 54.1413326], [38.1791087, 54.1357681], [38.1678773, 54.1352258], [38.1642974, 54.1362045], [38.1633428, 54.1355614], [38.1636292, 54.1330724], [38.1626932, 54.1318924], [38.1593562, 54.1304102], [38.1583163, 54.1329944], [38.1561672, 54.1330891], [38.1562271, 54.1349876], [38.1543785, 54.1355791], [38.1518062, 54.1380382], [38.151219, 54.141741], [38.1454912, 54.1433907], [38.1427227, 54.1379662], [38.1468277, 54.1364283], [38.1521259, 54.1336317], [38.1521736, 54.1312266], [38.1487846, 54.1286256], [38.148546, 54.1269754], [38.1466805, 54.126882], [38.1403695, 54.123675], [38.1410513, 54.1206786], [38.1401397, 54.1178757], [38.1430423, 54.1162535], [38.1422322, 54.1145126], [38.1397346, 54.1119802], [38.1403422, 54.1044611], [38.1388571, 54.1037091], [38.1383171, 54.1024426], [38.136022, 54.1011365], [38.1356845, 54.0996325], [38.1319718, 54.0981679], [38.1301493, 54.0964262], [38.1225215, 54.0957928], [38.1203614, 54.0946448], [38.1179988, 54.0946844], [38.1086159, 54.092705], [38.0988926, 54.0916885]]]}}, {"type": "Feature", "properties": {"rda_code": "TL-15", "rda_name": "ARSENYEVSKY AREA /incl. SLAVNY /", "osm_name": "Арсеньевский район", "match_score": 1.0, "match_reason": "alias:arsenevskii"}, "geometry": {"type": "Polygon", "coordinates": [[[36.2972377, 53.5491594], [36.300591, 53.5422262], [36.3005447, 53.5355183], [36.2975399, 53.5298128], [36.2925629, 53.5255346], [36.2889671, 53.520802], [36.2878422, 53.5184869], [36.2878999, 53.5175551], [36.2895377, 53.5164708], [36.2950434, 53.5151312], [36.30236, 53.5121675], [36.3105612, 53.50994], [36.3206372, 53.5034221], [36.3232877, 53.5002943], [36.3236214, 53.4982809], [36.3214489, 53.4934306], [36.3194452, 53.4905474], [36.317301, 53.4855418], [36.3165991, 53.4824181], [36.3166794, 53.4800919], [36.3155127, 53.4772858], [36.3179259, 53.4744647], [36.3203199, 53.4736979], [36.3349147, 53.4724905], [36.3474286, 53.4731423], [36.3564291, 53.4728947], [36.3615572, 53.4716669], [36.3717346, 53.4677628], [36.3736995, 53.4662409], [36.3768819, 53.461702], [36.3771509, 53.4596975], [36.3782664, 53.457111], [36.3816622, 53.4551299], [36.3814274, 53.4513191], [36.3817469, 53.4504985], [36.3840082, 53.4494596], [36.384866, 53.4495218], [36.395421, 53.4616476], [36.3951762, 53.462959], [36.3969383, 53.4638623], [36.3991354, 53.4666605], [36.3968404, 53.4678543], [36.3963089, 53.4685574], [36.3968454, 53.46933], [36.3998433, 53.4691063], [36.4057984, 53.4720992], [36.4108865, 53.4738687], [36.4255568, 53.4659864], [36.4371898, 53.4684875], [36.4565662, 53.4618275], [36.4594178, 53.4616403], [36.4596445, 53.4626504], [36.46523, 53.4654755], [36.46658, 53.4655728], [36.4664537, 53.4666119], [36.4647894, 53.4669615], [36.4651321, 53.4687389], [36.4679221, 53.4719729], [36.4705639, 53.4722246], [36.4752914, 53.4765387], [36.4773519, 53.4809905], [36.4797438, 53.4781118], [36.4826433, 53.4806226], [36.4804403, 53.487033], [36.4799518, 53.4900908], [36.490942, 53.4931543], [36.4939827, 53.4917799], [36.5001759, 53.4930398], [36.514787, 53.5017736], [36.5327322, 53.5113693], [36.5284269, 53.5129658], [36.5179051, 53.5139537], [36.5018454, 53.5185635], [36.4856473, 53.5167526], [36.4846782, 53.524819], [36.4788635, 53.5302264], [36.4689761, 53.5324376], [36.4590655, 53.5479455], [36.4588219, 53.5586682], [36.4701113, 53.5592213], [36.4864746, 53.5592778], [36.4909033, 53.5646029], [36.5046756, 53.5635122], [36.498051, 53.5552403], [36.507705, 53.5556745], [36.5096027, 53.5509948], [36.5437682, 53.5424444], [36.549642, 53.5445967], [36.5508167, 53.5429097], [36.5547325, 53.5401756], [36.5586483, 53.5385466], [36.5655569, 53.5283499], [36.5684019, 53.5288909], [36.5753628, 53.5287734], [36.5814112, 53.5294139], [36.587401, 53.5310888], [36.5903373, 53.5329608], [36.591, 53.5365998], [36.5939661, 53.5379544], [36.6013774, 53.5375854], [36.6034609, 53.539181], [36.6055737, 53.5402592], [36.6077304, 53.5405614], [36.6097997, 53.5424156], [36.6123617, 53.5432437], [36.6149529, 53.5435544], [36.6198754, 53.5410628], [36.6243051, 53.5395971], [36.6339599, 53.5379759], [36.6400393, 53.5380961], [36.6445862, 53.5423292], [36.6497261, 53.5437252], [36.6575294, 53.5441374], [36.6659096, 53.5419706], [36.669384, 53.5420384], [36.6706443, 53.5428399], [36.6714277, 53.5444089], [36.6695624, 53.5467033], [36.6729095, 53.5490992], [36.6837971, 53.5487927], [36.6858842, 53.5503869], [36.6884483, 53.5512134], [36.6927782, 53.551556], [36.697066, 53.5526746], [36.713234, 53.5513419], [36.7134205, 53.5558371], [36.7162387, 53.5600344], [36.7161411, 53.5618452], [36.7181605, 53.5647324], [36.7198847, 53.5650242], [36.7312801, 53.5634283], [36.7338458, 53.5642538], [36.7341282, 53.5671078], [36.7326998, 53.5694113], [36.729126, 53.5711562], [36.7265044, 53.5713654], [36.7255519, 53.572901], [36.7232814, 53.5746706], [36.7251164, 53.5759429], [36.7256361, 53.5772054], [36.7233567, 53.5785474], [36.7238306, 53.5823704], [36.7271143, 53.5843251], [36.7489758, 53.5824079], [36.7654277, 53.5840113], [36.7859292, 53.5830978], [36.7910788, 53.5844878], [36.7978199, 53.5887554], [36.7967887, 53.5918439], [36.7939234, 53.5967113], [36.7994964, 53.5983677], [36.8068498, 53.5992797], [36.8102623, 53.600637], [36.8128987, 53.6001673], [36.8151669, 53.598396], [36.8173415, 53.5984357], [36.8212815, 53.6037759], [36.819912, 53.6055462], [36.8198631, 53.6076648], [36.8206563, 53.6101492], [36.823238, 53.6117564], [36.8253902, 53.6141357], [36.8257325, 53.6195613], [36.8274408, 53.6221845], [36.8468136, 53.6271037], [36.8520961, 53.6278578], [36.8513624, 53.6235067], [36.8529276, 53.61901], [36.8657425, 53.6176465], [36.8665251, 53.6159346], [36.8681392, 53.6151222], [36.8779705, 53.6134103], [36.8899539, 53.6132943], [36.8931332, 53.6138165], [36.8927908, 53.6173563], [36.8917637, 53.618778], [36.8984157, 53.6242319], [36.903689, 53.6259035], [36.9056944, 53.6249172], [36.9088737, 53.6250913], [36.9129334, 53.6244241], [36.9169497, 53.6266248], [36.92168, 53.6309108], [36.9350052, 53.6411906], [36.9374943, 53.6399185], [36.953845, 53.6472581], [36.9528649, 53.6539792], [36.9590132, 53.6524382], [36.9875374, 53.6696091], [36.9939676, 53.6729129], [36.9774361, 53.6822948], [36.9725304, 53.6845844], [36.9695982, 53.6873817], [36.9647487, 53.6884856], [36.9543652, 53.6883087], [36.9507248, 53.6891954], [36.9520691, 53.694438], [36.9553307, 53.701374], [36.9810027, 53.707978], [36.9861831, 53.7104416], [36.9960206, 53.7202118], [37.0064761, 53.7231174], [37.0178459, 53.7293386], [37.0279377, 53.7324676], [37.0428438, 53.733783], [37.0304306, 53.7502252], [36.9897524, 53.7506409], [36.9832733, 53.7521926], [36.9823368, 53.7550238], [36.9857098, 53.7598256], [36.992926, 53.7680132], [36.9768223, 53.7681482], [36.9552837, 53.7663591], [36.9358453, 53.7707711], [36.9269348, 53.7736653], [36.9252154, 53.7730473], [36.9241256, 53.7708056], [36.9199093, 53.769072], [36.9004416, 53.7635741], [36.8888341, 53.76799], [36.8867578, 53.7673057], [36.8803374, 53.7608794], [36.8794143, 53.7592447], [36.8796406, 53.7571254], [36.8778138, 53.7550383], [36.8741106, 53.7533964], [36.8718609, 53.7530436], [36.8595466, 53.7579053], [36.8604262, 53.7626919], [36.8541665, 53.7624558], [36.850293, 53.7639485], [36.8426123, 53.769129], [36.8465438, 53.7718945], [36.8493813, 53.7748394], [36.8521804, 53.7764407], [36.8518907, 53.7768394], [36.8461706, 53.7771735], [36.8353813, 53.776638], [36.8262891, 53.7775577], [36.8165742, 53.7769617], [36.8102474, 53.7754813], [36.8038911, 53.7764797], [36.7935626, 53.7761197], [36.786036, 53.7751192], [36.7846627, 53.7842431], [36.7869042, 53.7845766], [36.7864692, 53.7895441], [36.7830088, 53.7938539], [36.7795526, 53.797217], [36.7740517, 53.8013457], [36.7497403, 53.7982658], [36.7452726, 53.7993682], [36.7393179, 53.798307], [36.7337, 53.7984382], [36.7296194, 53.7997846], [36.7254359, 53.803027], [36.7217679, 53.8041437], [36.7170531, 53.8023931], [36.7098589, 53.7946633], [36.699128, 53.7930342], [36.6960295, 53.7910765], [36.6866793, 53.7935064], [36.682119, 53.7962655], [36.6778332, 53.7940471], [36.6736266, 53.7904065], [36.663483, 53.7854637], [36.652446, 53.7822565], [36.6428854, 53.7802584], [36.6431445, 53.7694837], [36.6450648, 53.7628751], [36.6420095, 53.7625428], [36.6377073, 53.7632566], [36.6398032, 53.7684521], [36.6315636, 53.7694637], [36.6279457, 53.7691056], [36.6182235, 53.7710482], [36.6177429, 53.7724623], [36.6179953, 53.7750773], [36.6198885, 53.7770131], [36.6185539, 53.7793594], [36.6148758, 53.7800871], [36.6115542, 53.7797693], [36.6065876, 53.7823862], [36.6047212, 53.7828348], [36.6013521, 53.7821526], [36.5963064, 53.7800778], [36.5928943, 53.7796803], [36.5834413, 53.7769199], [36.5814687, 53.7787688], [36.5667706, 53.7870685], [36.5618207, 53.7853379], [36.5448994, 53.7852287], [36.5434233, 53.7830629], [36.5396158, 53.7796629], [36.538843, 53.7796518], [36.5364861, 53.7782147], [36.5344348, 53.7782592], [36.5177568, 53.7834831], [36.5127089, 53.7807684], [36.5129473, 53.7767396], [36.5094048, 53.7693397], [36.5125337, 53.764871], [36.5124005, 53.7632961], [36.5156773, 53.761043], [36.5169021, 53.7592087], [36.5170798, 53.7571085], [36.5200549, 53.757396], [36.5199226, 53.755467], [36.4134753, 53.7707421], [36.3947876, 53.7731879], [36.3898832, 53.7733748], [36.3892041, 53.7680942], [36.3964892, 53.7654061], [36.4007375, 53.7562949], [36.4010412, 53.754621], [36.3989685, 53.751487], [36.4019033, 53.7492886], [36.4000886, 53.7451721], [36.4006555, 53.7439856], [36.3981735, 53.7421214], [36.3958762, 53.7418336], [36.3936349, 53.7397442], [36.3972095, 53.7380411], [36.4025707, 53.7369526], [36.4057096, 53.736869], [36.4060483, 53.7362532], [36.3928576, 53.7293565], [36.3893763, 53.7212708], [36.387273, 53.7179763], [36.3842994, 53.7173622], [36.381902, 53.7158092], [36.3804518, 53.7108541], [36.3817533, 53.7074304], [36.3801836, 53.7061016], [36.3770315, 53.7048717], [36.3741327, 53.7044964], [36.3724763, 53.7023378], [36.3681911, 53.7006009], [36.3590467, 53.7009334], [36.3451483, 53.7060283], [36.338665, 53.7052923], [36.3370518, 53.7040542], [36.3207396, 53.6992674], [36.3167287, 53.6991411], [36.3070899, 53.700811], [36.3045663, 53.7093449], [36.301764, 53.7085516], [36.3034464, 53.7015949], [36.3026719, 53.7011789], [36.3045654, 53.6996405], [36.3024671, 53.6982785], [36.3067374, 53.6930678], [36.3068706, 53.6909906], [36.3031664, 53.6897862], [36.3020635, 53.6878858], [36.2994474, 53.6872853], [36.293091, 53.6898843], [36.2867825, 53.6948034], [36.2828052, 53.6929598], [36.2821936, 53.689868], [36.2795312, 53.6876652], [36.2826587, 53.6846578], [36.2849871, 53.6831825], [36.2799907, 53.680128], [36.2708172, 53.6789959], [36.270458, 53.6757108], [36.2734332, 53.6750532], [36.2742769, 53.676158], [36.2761863, 53.6756845], [36.2756535, 53.6745008], [36.2774074, 53.6742601], [36.2825315, 53.6776859], [36.2910016, 53.6746752], [36.2938154, 53.6726331], [36.300121, 53.6705023], [36.300121, 53.66945], [36.2975315, 53.6691407], [36.2984748, 53.6658126], [36.2947285, 53.6649272], [36.2946147, 53.663925], [36.2919085, 53.6623985], [36.2943527, 53.6608016], [36.2981227, 53.6600834], [36.3023173, 53.6618763], [36.3040287, 53.6603992], [36.3016103, 53.6594629], [36.3008863, 53.6575589], [36.3061473, 53.6562456], [36.3142195, 53.6557214], [36.314464, 53.6537413], [36.3137233, 53.6517366], [36.3105083, 53.6481542], [36.3034914, 53.6430622], [36.2999997, 53.6423741], [36.3041621, 53.6352135], [36.3082796, 53.635331], [36.3099346, 53.6324977], [36.3083719, 53.6316894], [36.3091797, 53.6305228], [36.3108227, 53.6303648], [36.3115948, 53.6292246], [36.3133538, 53.6297065], [36.3148192, 53.6291535], [36.318436, 53.6264366], [36.3185861, 53.6233123], [36.3232563, 53.6206998], [36.3235942, 53.6199442], [36.3294741, 53.6205527], [36.3324038, 53.6170913], [36.3340469, 53.6163538], [36.3332622, 53.6148123], [36.3318266, 53.6051311], [36.3273064, 53.6042], [36.3268058, 53.602875], [36.329029, 53.6014422], [36.329178, 53.599101], [36.3308868, 53.59625], [36.328833, 53.5941967], [36.3309385, 53.5931411], [36.3355994, 53.594215], [36.3394441, 53.596884], [36.3436371, 53.5986303], [36.3535056, 53.6038734], [36.3532195, 53.6021442], [36.3514204, 53.5991885], [36.3515026, 53.5944601], [36.3523797, 53.5928499], [36.3546511, 53.5920868], [36.358914, 53.5917178], [36.3595801, 53.5905318], [36.3622028, 53.590895], [36.3640518, 53.5886472], [36.3574592, 53.5856399], [36.3444352, 53.5856675], [36.3497956, 53.5801331], [36.3506233, 53.5783714], [36.3439019, 53.5758177], [36.3174878, 53.5583742], [36.2972377, 53.5491594]]]}}, {"type": "Feature", "properties": {"rda_code": "TL-16", "rda_name": "BELEVSKY AREA / incl. BELEV/", "osm_name": "Белёвский район", "match_score": 1.0, "match_reason": "alias:белевскии"}, "geometry": {"type": "Polygon", "coordinates": [[[35.8985554, 53.8501821], [35.900147, 53.846791], [35.899512, 53.8432976], [35.9006765, 53.8408629], [35.9186724, 53.8400163], [35.9254474, 53.8375817], [35.9255535, 53.8327122], [35.9298936, 53.8326064], [35.9381508, 53.8274195], [35.9569936, 53.8243499], [35.9651447, 53.8242442], [35.9695909, 53.8188455], [35.9728246, 53.8163851], [35.9684268, 53.8131291], [35.9656746, 53.8099533], [35.9614404, 53.8073068], [35.964828, 53.8037077], [35.9675803, 53.802755], [35.9696975, 53.8028609], [35.9702269, 53.801273], [35.9731969, 53.800197], [35.9698036, 53.7970387], [35.9533961, 53.7870878], [35.9492646, 53.7837108], [35.9453508, 53.7882521], [35.9412223, 53.7904751], [35.9361412, 53.7878285], [35.9345533, 53.7883578], [35.9333889, 53.7875109], [35.9314589, 53.7895407], [35.9284136, 53.7882518], [35.91735, 53.7769756], [35.9185789, 53.7760452], [35.9187556, 53.7752984], [35.9181389, 53.7748991], [35.9188309, 53.7742141], [35.9191002, 53.7724176], [35.9210946, 53.7705057], [35.9213246, 53.7695334], [35.9206066, 53.7664092], [35.9222185, 53.7652329], [35.9220193, 53.7645339], [35.9229456, 53.763144], [35.9284114, 53.7610008], [35.9312285, 53.7592841], [35.9348727, 53.7588325], [35.9334505, 53.7527847], [35.9488623, 53.7510743], [35.9584212, 53.7518626], [35.9584488, 53.7501472], [35.9590436, 53.7494556], [35.9566975, 53.7485935], [35.9545743, 53.7489284], [35.9540218, 53.7472152], [35.9571323, 53.7441249], [35.954912, 53.7417222], [35.955016, 53.7389998], [35.9556882, 53.7372614], [35.9546408, 53.7354751], [35.9544009, 53.7332397], [35.9553625, 53.7314797], [35.9570395, 53.7299807], [35.9579335, 53.7280309], [35.9576707, 53.7245943], [35.9587673, 53.7218885], [35.9574068, 53.7195611], [35.9584907, 53.7184726], [35.9632492, 53.7158676], [35.9665525, 53.717527], [35.9700964, 53.7204185], [35.9724605, 53.7207504], [35.9745751, 53.7237845], [35.9780502, 53.7235244], [35.9833428, 53.7208185], [35.9839601, 53.7208578], [35.9835324, 53.7228247], [35.9877567, 53.7238442], [35.9926584, 53.7230401], [35.9996864, 53.7209988], [36.0043273, 53.7237429], [36.0095769, 53.7249306], [36.0180258, 53.7220964], [36.0173228, 53.7263044], [36.0201391, 53.7264779], [36.0246555, 53.7258672], [36.0287517, 53.7261622], [36.0312873, 53.7248413], [36.0381266, 53.7227683], [36.0295791, 53.7184217], [36.0309312, 53.7164365], [36.0310407, 53.7143051], [36.0304254, 53.7120429], [36.0329328, 53.7116806], [36.0365, 53.7102686], [36.0410096, 53.7095097], [36.0428681, 53.7100134], [36.0427012, 53.7106401], [36.0434831, 53.7113503], [36.0471661, 53.7132052], [36.0470413, 53.7142246], [36.0485721, 53.7143104], [36.0489163, 53.7151547], [36.0502975, 53.7150483], [36.0509732, 53.7158382], [36.0524225, 53.7157624], [36.053901, 53.7152968], [36.0581255, 53.7096333], [36.0627267, 53.7068631], [36.066608, 53.7053201], [36.0675152, 53.7023362], [36.0707432, 53.6995018], [36.0790916, 53.6982936], [36.0787895, 53.7012975], [36.0798834, 53.7026831], [36.0876502, 53.7028853], [36.0864931, 53.6980396], [36.0790387, 53.6982154], [36.0774179, 53.6965051], [36.0723851, 53.6931244], [36.0740036, 53.6818608], [36.0488946, 53.6796555], [36.027956, 53.6730864], [36.0149422, 53.6662274], [36.0114519, 53.6633369], [36.0071631, 53.662289], [36.0032683, 53.6597629], [35.999314, 53.6476007], [35.992539, 53.64142], [35.9959338, 53.639872], [35.9963255, 53.6329752], [35.9959341, 53.6314545], [35.9930734, 53.6307494], [35.9911887, 53.6262728], [35.9951891, 53.6256867], [36.0017536, 53.6223542], [36.009328, 53.6200315], [36.0150844, 53.6197286], [36.023467, 53.6102357], [36.0369996, 53.6102359], [36.0308396, 53.6018536], [36.0214477, 53.5973089], [36.0215488, 53.5951881], [36.0258916, 53.5902397], [36.0298303, 53.587412], [36.0287196, 53.5831704], [36.0304366, 53.5799388], [36.0282149, 53.5783229], [36.0219535, 53.5773129], [36.0171061, 53.5747881], [36.0157934, 53.5730712], [36.0230647, 53.5704456], [36.0222569, 53.5691832], [36.0198331, 53.5688802], [36.0189243, 53.5675673], [36.0249837, 53.5674664], [36.0280135, 53.5647397], [36.0305384, 53.5602962], [36.034275, 53.5608012], [36.035083, 53.5590844], [36.0385898, 53.5587936], [36.0460909, 53.5600945], [36.0489185, 53.5611044], [36.0593201, 53.5689818], [36.060633, 53.5694868], [36.0588151, 53.5721125], [36.0607338, 53.5734254], [36.0679042, 53.5713047], [36.0683082, 53.5695879], [36.0742666, 53.5697899], [36.0748726, 53.5683761], [36.0773973, 53.5685781], [36.0789121, 53.569891], [36.0812349, 53.5695881], [36.0882034, 53.5647406], [36.0909303, 53.561509], [36.09497, 53.5592873], [36.0988076, 53.5582774], [36.104867, 53.5595904], [36.1096135, 53.5587826], [36.1213287, 53.5501986], [36.1277921, 53.5486838], [36.1316298, 53.5467651], [36.1354674, 53.5469671], [36.1379921, 53.548381], [36.1458694, 53.5476742], [36.1739449, 53.5393934], [36.1876794, 53.5428273], [36.207978, 53.5498969], [36.215855, 53.5556535], [36.2198945, 53.5566635], [36.2267661, 53.5613471], [36.2373661, 53.561818], [36.2332992, 53.5572208], [36.2298861, 53.5497899], [36.2285112, 53.5480076], [36.2293284, 53.5453398], [36.2317128, 53.5445457], [36.2432598, 53.5447457], [36.2532685, 53.5491044], [36.2639406, 53.5546849], [36.2658731, 53.5545936], [36.2686036, 53.5536054], [36.2708053, 53.5535712], [36.2727955, 53.5540395], [36.2754779, 53.5555131], [36.2777411, 53.5558444], [36.2837684, 53.5554407], [36.2892267, 53.5534455], [36.2964664, 53.5499727], [36.2972377, 53.5491594], [36.3174878, 53.5583742], [36.3439019, 53.5758177], [36.3506233, 53.5783714], [36.3497956, 53.5801331], [36.3444352, 53.5856675], [36.3574592, 53.5856399], [36.3640518, 53.5886472], [36.3622028, 53.590895], [36.3595801, 53.5905318], [36.358914, 53.5917178], [36.3546511, 53.5920868], [36.3523797, 53.5928499], [36.3515026, 53.5944601], [36.3514204, 53.5991885], [36.3532195, 53.6021442], [36.3535056, 53.6038734], [36.3436371, 53.5986303], [36.3394441, 53.596884], [36.3355994, 53.594215], [36.3309385, 53.5931411], [36.328833, 53.5941967], [36.3308868, 53.59625], [36.329178, 53.599101], [36.329029, 53.6014422], [36.3268058, 53.602875], [36.3273064, 53.6042], [36.3318266, 53.6051311], [36.3332622, 53.6148123], [36.3340469, 53.6163538], [36.3324038, 53.6170913], [36.3294741, 53.6205527], [36.3235942, 53.6199442], [36.3232563, 53.6206998], [36.3185861, 53.6233123], [36.318436, 53.6264366], [36.3148192, 53.6291535], [36.3133538, 53.6297065], [36.3115948, 53.6292246], [36.3108227, 53.6303648], [36.3091797, 53.6305228], [36.3083719, 53.6316894], [36.3099346, 53.6324977], [36.3082796, 53.635331], [36.3041621, 53.6352135], [36.2999997, 53.6423741], [36.3034914, 53.6430622], [36.3105083, 53.6481542], [36.3137233, 53.6517366], [36.314464, 53.6537413], [36.3142195, 53.6557214], [36.3061473, 53.6562456], [36.3008863, 53.6575589], [36.3016103, 53.6594629], [36.3040287, 53.6603992], [36.3023173, 53.6618763], [36.2981227, 53.6600834], [36.2943527, 53.6608016], [36.2919085, 53.6623985], [36.2946147, 53.663925], [36.2947285, 53.6649272], [36.2984748, 53.6658126], [36.2975315, 53.6691407], [36.300121, 53.66945], [36.300121, 53.6705023], [36.2938154, 53.6726331], [36.2910016, 53.6746752], [36.2825315, 53.6776859], [36.2774074, 53.6742601], [36.2756535, 53.6745008], [36.2761863, 53.6756845], [36.2742769, 53.676158], [36.2734332, 53.6750532], [36.270458, 53.6757108], [36.2708172, 53.6789959], [36.2799907, 53.680128], [36.2849871, 53.6831825], [36.2826587, 53.6846578], [36.2795312, 53.6876652], [36.2821936, 53.689868], [36.2828052, 53.6929598], [36.2867825, 53.6948034], [36.293091, 53.6898843], [36.2994474, 53.6872853], [36.3020635, 53.6878858], [36.3031664, 53.6897862], [36.3068706, 53.6909906], [36.3067374, 53.6930678], [36.3024671, 53.6982785], [36.3045654, 53.6996405], [36.3026719, 53.7011789], [36.3034464, 53.7015949], [36.301764, 53.7085516], [36.3045663, 53.7093449], [36.3070899, 53.700811], [36.3167287, 53.6991411], [36.3207396, 53.6992674], [36.3370518, 53.7040542], [36.338665, 53.7052923], [36.3451483, 53.7060283], [36.3590467, 53.7009334], [36.3681911, 53.7006009], [36.3724763, 53.7023378], [36.3741327, 53.7044964], [36.3770315, 53.7048717], [36.3801836, 53.7061016], [36.3817533, 53.7074304], [36.3804518, 53.7108541], [36.381902, 53.7158092], [36.3842994, 53.7173622], [36.387273, 53.7179763], [36.3893763, 53.7212708], [36.3928576, 53.7293565], [36.4060483, 53.7362532], [36.4057096, 53.736869], [36.4025707, 53.7369526], [36.3972095, 53.7380411], [36.3936349, 53.7397442], [36.3958762, 53.7418336], [36.3981735, 53.7421214], [36.4006555, 53.7439856], [36.4000886, 53.7451721], [36.4019033, 53.7492886], [36.3989685, 53.751487], [36.4010412, 53.754621], [36.4007375, 53.7562949], [36.3964892, 53.7654061], [36.3892041, 53.7680942], [36.3898832, 53.7733748], [36.3947876, 53.7731879], [36.4134753, 53.7707421], [36.5199226, 53.755467], [36.5200549, 53.757396], [36.5170798, 53.7571085], [36.5169021, 53.7592087], [36.5156773, 53.761043], [36.5124005, 53.7632961], [36.5125337, 53.764871], [36.5094048, 53.7693397], [36.5050735, 53.7713538], [36.5000113, 53.7727447], [36.4993896, 53.7722198], [36.4933688, 53.7738583], [36.4882945, 53.7741818], [36.4857946, 53.7793598], [36.4895085, 53.7856536], [36.4867106, 53.7857983], [36.4841055, 53.7903493], [36.4826498, 53.8014106], [36.4775151, 53.8008576], [36.4699242, 53.7989875], [36.4654936, 53.800604], [36.4530925, 53.8066117], [36.4473388, 53.8062042], [36.4457922, 53.8078814], [36.4449475, 53.8138489], [36.4456671, 53.8178546], [36.4474874, 53.8196035], [36.4517652, 53.8205496], [36.4531048, 53.8222882], [36.4551823, 53.8277478], [36.4624162, 53.8355967], [36.4676928, 53.8359933], [36.4714743, 53.8372132], [36.4760302, 53.8415845], [36.4788497, 53.8427839], [36.4776987, 53.8458949], [36.4883103, 53.8461866], [36.4814893, 53.8542405], [36.4654092, 53.8506714], [36.4631355, 53.8559031], [36.4577189, 53.8574439], [36.4484837, 53.8586729], [36.4439418, 53.8619965], [36.4346007, 53.8649323], [36.4259862, 53.8697574], [36.4025999, 53.8748377], [36.3975635, 53.8789557], [36.3983855, 53.8812537], [36.414477, 53.8784663], [36.4237965, 53.8837973], [36.4250143, 53.8875287], [36.4230169, 53.8886259], [36.4186802, 53.8885327], [36.4152019, 53.8901679], [36.4179877, 53.8919381], [36.4202042, 53.895121], [36.4231483, 53.8943292], [36.4264518, 53.8955402], [36.4282221, 53.8981433], [36.4327973, 53.9022316], [36.4371354, 53.9023243], [36.4383085, 53.8989291], [36.448617, 53.9039941], [36.4519739, 53.9043505], [36.4542976, 53.9058249], [36.4565694, 53.9081532], [36.4608219, 53.9096684], [36.4640413, 53.9123016], [36.4706019, 53.9155753], [36.4818235, 53.9164201], [36.4846024, 53.9155845], [36.4988297, 53.9198721], [36.4928595, 53.9308632], [36.4955661, 53.9340549], [36.4902768, 53.9336594], [36.4692067, 53.9386323], [36.4671216, 53.9411535], [36.4623099, 53.9446224], [36.4538868, 53.9442938], [36.4495332, 53.9466653], [36.4330625, 53.9484922], [36.4283575, 53.950781], [36.4259841, 53.952877], [36.4242231, 53.9533283], [36.4207136, 53.95311], [36.416191, 53.9561146], [36.4108304, 53.9586958], [36.4070338, 53.9640503], [36.4064853, 53.9663688], [36.4029257, 53.9647549], [36.3943912, 53.9630506], [36.3900848, 53.9599182], [36.3893018, 53.9574766], [36.3898394, 53.9543188], [36.3927365, 53.9505406], [36.3887433, 53.9464856], [36.3823228, 53.9436285], [36.3697168, 53.9441815], [36.3598512, 53.9416468], [36.3534307, 53.9386971], [36.3452094, 53.9365308], [36.3380843, 53.9441815], [36.3340911, 53.9438128], [36.3347175, 53.9401259], [36.3293932, 53.9388354], [36.3233642, 53.9411398], [36.3192927, 53.9417389], [36.3125591, 53.9449649], [36.3055905, 53.9510014], [36.302302, 53.951969], [36.2994049, 53.95137], [36.2842934, 53.9511396], [36.2731098, 53.9497911], [36.2616492, 53.9499866], [36.2612616, 53.9518437], [36.2615938, 53.9545478], [36.2607633, 53.955688], [36.2608187, 53.9569259], [36.2615614, 53.9592849], [36.2646618, 53.9624771], [36.2646618, 53.9663204], [36.2614506, 53.9670369], [36.2582395, 53.9669066], [36.2533464, 53.9653256], [36.2491183, 53.9652795], [36.2369038, 53.9626079], [36.2252373, 53.9626079], [36.2203829, 53.9618248], [36.2155284, 53.9582777], [36.2126313, 53.9568035], [36.209623, 53.9556815], [36.2057411, 53.9557438], [36.2029223, 53.9574024], [36.2011337, 53.9597594], [36.20073, 53.961917], [36.1965802, 53.9638977], [36.1945444, 53.9688721], [36.1952491, 53.9758722], [36.1968151, 53.9802927], [36.1991632, 53.9816897], [36.1991786, 53.982615], [36.1970492, 53.9825875], [36.1945444, 53.9802467], [36.1940746, 53.9784048], [36.1929785, 53.9780825], [36.1923521, 53.9757801], [36.1843488, 53.9750457], [36.1835518, 53.9703112], [36.1796744, 53.9704908], [36.1736619, 53.9695], [36.166508, 53.9709313], [36.1665616, 53.9796543], [36.1589999, 53.9797627], [36.1510649, 53.9814586], [36.1447842, 53.9815141], [36.1326584, 53.9780887], [36.1274124, 53.9809205], [36.1245598, 53.9780056], [36.1264655, 53.9727127], [36.1261481, 53.9684783], [36.1283713, 53.9647733], [36.1341935, 53.9646146], [36.135993, 53.9660967], [36.1417094, 53.9647206], [36.1454144, 53.9644031], [36.1471082, 53.9631328], [36.1493312, 53.9624977], [36.1504958, 53.9609099], [36.1537774, 53.9606982], [36.1531423, 53.959322], [36.1550478, 53.957099], [36.1567739, 53.9562375], [36.1558948, 53.9537116], [36.1514489, 53.9518061], [36.1432979, 53.9497947], [36.140334, 53.947995], [36.141287, 53.9403732], [36.1319714, 53.9437606], [36.1224442, 53.942596], [36.1201155, 53.9385204], [36.1145049, 53.9431781], [36.1155634, 53.9446601], [36.1129169, 53.9463538], [36.1107994, 53.9538697], [36.1058239, 53.9567278], [36.1043419, 53.9561985], [36.1002135, 53.9559867], [36.0993665, 53.9578921], [36.0943912, 53.9592682], [36.0910038, 53.9574686], [36.0857109, 53.9582095], [36.0827468, 53.9595856], [36.0822175, 53.9604325], [36.0802649, 53.9606927], [36.0770303, 53.9621261], [36.0660212, 53.9612791], [36.0628456, 53.9579974], [36.0652803, 53.9573623], [36.0637806, 53.9566954], [36.0542711, 53.9569387], [36.0471787, 53.95588], [36.0479199, 53.9513281], [36.046332, 53.9512222], [36.0482376, 53.9482582], [36.0537421, 53.9503755], [36.0570238, 53.9495287], [36.0558595, 53.9463529], [36.0517311, 53.9443415], [36.0464383, 53.9429653], [36.036276, 53.9418007], [36.0360734, 53.9383338], [36.030506, 53.936013], [36.0240862, 53.9346173], [36.0322375, 53.9306966], [36.0337026, 53.9293164], [36.0323174, 53.9286576], [36.0343952, 53.9272303], [36.0343419, 53.9262579], [36.0355673, 53.9239834], [36.0331432, 53.9235128], [36.0290676, 53.9239834], [36.0275225, 53.9235913], [36.0260308, 53.9216461], [36.022408, 53.9237011], [36.0160681, 53.9222109], [36.0124453, 53.9209088], [36.0136174, 53.9198264], [36.0126318, 53.9184616], [36.0114863, 53.9185714], [36.0099413, 53.9163279], [35.9956366, 53.9138333], [35.9936974, 53.9130338], [35.9926852, 53.912061], [35.9924987, 53.9103507], [35.9890624, 53.9089699], [35.9850202, 53.9094966], [35.9835551, 53.9081472], [35.9846207, 53.9065308], [35.9851002, 53.9047183], [35.9836084, 53.9038395], [35.982395, 53.9019989], [35.9825557, 53.9013581], [35.9868041, 53.8990188], [35.9875387, 53.8975538], [35.9842612, 53.8980199], [35.9829239, 53.8973096], [35.9816242, 53.8943461], [35.9831876, 53.8919596], [35.9875199, 53.8902946], [35.9900062, 53.8865978], [35.9886124, 53.8850436], [35.98865, 53.8841554], [35.9921536, 53.884333], [35.994395, 53.8831562], [35.9952803, 53.8821791], [35.9974088, 53.8819571], [35.9994318, 53.8783292], [36.0008181, 53.8768272], [35.9990099, 53.8747507], [36.0007616, 53.872674], [35.9817184, 53.8624447], [35.9772731, 53.8567458], [35.9731103, 53.8556237], [35.9709065, 53.8542239], [35.971189, 53.853535], [35.9697575, 53.8525684], [35.9587007, 53.8506017], [35.9521457, 53.8520128], [35.9406008, 53.8506282], [35.9394553, 53.8514296], [35.9368907, 53.8514719], [35.9343949, 53.8527997], [35.9324831, 53.8531997], [35.9326892, 53.8541951], [35.9253637, 53.8548864], [35.9236977, 53.8529349], [35.9225123, 53.8527935], [35.9190227, 53.8536498], [35.9179583, 53.8516496], [35.9053051, 53.8552164], [35.9019221, 53.8481611], [35.8985554, 53.8501821]]]}}, {"type": "Feature", "properties": {"rda_code": "TL-17", "rda_name": "BOGORODITSKY AREA / incl. BOGORODITsK/", "osm_name": "Богородицкий район", "match_score": 1.0, "match_reason": "alias:bogoroditskii"}, "geometry": {"type": "Polygon", "coordinates": [[[37.8733087, 53.7055151], [37.8771421, 53.7004351], [37.874246, 53.6958057], [37.8717844, 53.6885176], [37.8664266, 53.6780548], [37.8903193, 53.6711068], [37.9017589, 53.6687048], [37.9112578, 53.6682632], [37.9159862, 53.6749341], [37.9204986, 53.6679105], [37.9221796, 53.6664951], [37.9609325, 53.6544365], [37.9855291, 53.6412205], [37.995527, 53.6384929], [37.9946422, 53.6364471], [38.0007471, 53.6354504], [38.0081792, 53.6374962], [38.0098478, 53.6387902], [38.0141438, 53.636976], [38.0176462, 53.6347946], [38.0214507, 53.6307025], [38.0318467, 53.6214675], [38.0325546, 53.619552], [38.0232971, 53.6119202], [38.0306815, 53.6058299], [38.0433712, 53.6094979], [38.0460962, 53.6110777], [38.0597475, 53.5996532], [38.0622678, 53.6015261], [38.0653654, 53.602956], [38.0885463, 53.6084157], [38.0948724, 53.6085732], [38.1027469, 53.606972], [38.109825, 53.6061846], [38.1136738, 53.6067883], [38.1207962, 53.6094917], [38.121504, 53.6089406], [38.1284937, 53.607287], [38.1326521, 53.6070245], [38.149413, 53.6034513], [38.1559526, 53.6026601], [38.1607214, 53.5994376], [38.155665, 53.5965785], [38.1534795, 53.5961746], [38.1526662, 53.5948379], [38.1742503, 53.5771602], [38.1850185, 53.5693633], [38.198134, 53.5756957], [38.2073815, 53.5688637], [38.2167139, 53.5823074], [38.2343197, 53.5824212], [38.2372509, 53.5819517], [38.2568357, 53.5856304], [38.2716731, 53.5820384], [38.3010672, 53.5718643], [38.3266902, 53.5690574], [38.3360589, 53.568691], [38.3463564, 53.5729656], [38.3531609, 53.578509], [38.3608102, 53.5869514], [38.3555255, 53.5914554], [38.3556198, 53.5921502], [38.3607976, 53.593225], [38.3618417, 53.6005769], [38.3670931, 53.6011632], [38.3719321, 53.5957303], [38.3815381, 53.5988374], [38.3781569, 53.6022043], [38.3782348, 53.6057426], [38.3819814, 53.6109117], [38.3881314, 53.6133021], [38.41713, 53.6184274], [38.4259455, 53.6188538], [38.4341848, 53.6175351], [38.446691, 53.6126568], [38.4571266, 53.6102291], [38.4592938, 53.6088288], [38.4678572, 53.6066417], [38.468973, 53.6083024], [38.4681669, 53.6118549], [38.4615469, 53.6126351], [38.4682711, 53.6150669], [38.4785049, 53.6158465], [38.5138178, 53.6201067], [38.5227298, 53.6198849], [38.5347243, 53.6156948], [38.5597157, 53.6139462], [38.5590532, 53.6161474], [38.5687932, 53.6199381], [38.5745192, 53.621514], [38.5826937, 53.6259684], [38.6042966, 53.6292777], [38.6036276, 53.6314923], [38.596232, 53.6337372], [38.5951232, 53.6376021], [38.5956807, 53.6405532], [38.6018057, 53.6490773], [38.6031753, 53.6540154], [38.602313, 53.6558062], [38.5923462, 53.6601246], [38.5884886, 53.6642747], [38.5897626, 53.6710532], [38.5896319, 53.6729869], [38.5785702, 53.685734], [38.5751707, 53.6863946], [38.5312299, 53.676171], [38.5347007, 53.6794436], [38.5343665, 53.6827976], [38.5310605, 53.6845363], [38.5262381, 53.6855626], [38.5220546, 53.6855191], [38.5207903, 53.6807603], [38.5255695, 53.6756591], [38.5250633, 53.6730119], [38.4869368, 53.6812036], [38.484975, 53.6828302], [38.4858905, 53.6870901], [38.4830133, 53.6876323], [38.4724326, 53.6824588], [38.4671721, 53.6793578], [38.4652964, 53.6807262], [38.4672345, 53.6892843], [38.4676268, 53.7101357], [38.4684279, 53.7201104], [38.4657276, 53.7418626], [38.4632552, 53.7433883], [38.4593186, 53.7435325], [38.4457785, 53.7393682], [38.4423329, 53.7392069], [38.4395577, 53.739995], [38.4365895, 53.7428226], [38.4364263, 53.746018], [38.439041, 53.7575161], [38.436574, 53.7597802], [38.4072316, 53.7638271], [38.3390342, 53.777008], [38.333686, 53.781048], [38.3304925, 53.8041422], [38.3340316, 53.8048888], [38.3381435, 53.8298187], [38.3456483, 53.8297233], [38.3472774, 53.830715], [38.3476411, 53.8327914], [38.346694, 53.8341399], [38.3391966, 53.8345539], [38.3355549, 53.8367802], [38.3357525, 53.848934], [38.3220631, 53.8515284], [38.3180552, 53.8501433], [38.3130361, 53.8430631], [38.3090604, 53.8428205], [38.301108, 53.8441898], [38.2952669, 53.846123], [38.2814263, 53.8469972], [38.2840403, 53.8570584], [38.2788982, 53.8610502], [38.2761135, 53.8598919], [38.2710012, 53.858734], [38.2672368, 53.8462792], [38.2654508, 53.8460816], [38.2507543, 53.8500607], [38.2350951, 53.8508572], [38.2205021, 53.8493966], [38.2170801, 53.8517016], [38.178317, 53.8510416], [38.1715823, 53.8498077], [38.1676771, 53.848349], [38.1664648, 53.847387], [38.1648183, 53.8470877], [38.1590382, 53.8435738], [38.1574025, 53.8395857], [38.1738426, 53.8384451], [38.1834831, 53.8403972], [38.1806736, 53.8067951], [38.1640245, 53.8075497], [38.1613665, 53.8068414], [38.1586458, 53.8083132], [38.1565162, 53.8127395], [38.1488107, 53.812367], [38.146804, 53.8258504], [38.14275, 53.8270919], [38.1432173, 53.8280217], [38.1363035, 53.8300347], [38.1356493, 53.828887], [38.1342252, 53.8293831], [38.1304985, 53.8335154], [38.1154727, 53.8270499], [38.1089711, 53.8318623], [38.1072616, 53.8316285], [38.0959586, 53.8221982], [38.0936347, 53.8214274], [38.076376, 53.8278767], [38.0951185, 53.844091], [38.1141549, 53.8517769], [38.1087212, 53.8560536], [38.1070929, 53.8559033], [38.1015567, 53.8610112], [38.0992153, 53.8641557], [38.0730174, 53.8545682], [38.0596362, 53.849163], [38.0510475, 53.8450733], [38.0445055, 53.8498384], [38.0302811, 53.8465532], [38.0234506, 53.8428247], [38.0125139, 53.8395045], [38.0062638, 53.834739], [38.0014068, 53.8324362], [37.9945944, 53.8303009], [37.9920055, 53.8290758], [37.9893809, 53.8269609], [37.9847939, 53.8292294], [37.9776129, 53.830639], [37.9759204, 53.8302563], [37.9731128, 53.8272105], [37.9695838, 53.8265005], [37.958063, 53.8265817], [37.9543512, 53.8256086], [37.949043, 53.8154085], [37.9469232, 53.8098851], [37.9490345, 53.8074727], [37.9566536, 53.8036825], [37.9581711, 53.8019873], [37.9577506, 53.7983681], [37.9494134, 53.7921622], [37.948465, 53.7897931], [37.9502676, 53.7866432], [37.9485579, 53.7847626], [37.9476907, 53.7846784], [37.9470899, 53.7839241], [37.9462026, 53.7836645], [37.9454698, 53.7854518], [37.9449849, 53.7856525], [37.943544, 53.784707], [37.9421278, 53.7846214], [37.9416316, 53.7839843], [37.9403119, 53.7844914], [37.9381769, 53.7844534], [37.9365354, 53.7856578], [37.9375117, 53.7876798], [37.9369577, 53.7884165], [37.9338746, 53.7896953], [37.9337212, 53.790177], [37.9299693, 53.7898474], [37.9288857, 53.7918565], [37.9277914, 53.7921227], [37.9251306, 53.7912545], [37.9245942, 53.7904179], [37.9287355, 53.7895179], [37.9290681, 53.7879967], [37.9287784, 53.7874389], [37.9270404, 53.7870079], [37.9252272, 53.7876481], [37.9230707, 53.7867353], [37.9214507, 53.7868938], [37.9201739, 53.7875974], [37.9182427, 53.7868558], [37.9172342, 53.7884594], [37.9139834, 53.788827], [37.912256, 53.7882756], [37.9114567, 53.7868368], [37.9115855, 53.7861142], [37.9095041, 53.7848464], [37.9031955, 53.7843013], [37.8981315, 53.7854169], [37.8979921, 53.785981], [37.9003524, 53.7861712], [37.9004704, 53.7866149], [37.8958838, 53.7876671], [37.896077, 53.7882566], [37.8967743, 53.788434], [37.8965705, 53.7889411], [37.8947466, 53.7890932], [37.8937166, 53.7879523], [37.8913348, 53.7880474], [37.8898542, 53.7875847], [37.8875261, 53.7880537], [37.8870647, 53.7887636], [37.8874724, 53.7894671], [37.8866892, 53.78967], [37.8823333, 53.7887066], [37.8806596, 53.7877812], [37.8820544, 53.7869065], [37.8813463, 53.785943], [37.8826264, 53.7829989], [37.8819097, 53.7824544], [37.8753566, 53.7820612], [37.8781212, 53.7741298], [37.8818073, 53.7732221], [37.8777116, 53.7661416], [37.8776092, 53.7629944], [37.8694178, 53.7610575], [37.8758685, 53.7419863], [37.8719653, 53.7420506], [37.8719587, 53.7408319], [37.8687843, 53.73705], [37.8668451, 53.7356728], [37.8623977, 53.734711], [37.8657317, 53.7172718], [37.8677795, 53.7171506], [37.8702369, 53.7058182], [37.8733087, 53.7055151]]]}}, {"type": "Feature", "properties": {"rda_code": "TL-18", "rda_name": "VENEVSKY AREA / incl. VENEV/", "osm_name": "Венёвский муниципальный округ", "match_score": 1.0, "match_reason": "alias:venevsky"}, "geometry": {"type": "Polygon", "coordinates": [[[37.884916, 54.3596873], [37.8844972, 54.3586197], [37.8789485, 54.3566217], [37.8706777, 54.3524729], [37.8709918, 54.3506424], [37.8693436, 54.3477759], [37.867433, 54.3467691], [37.8672019, 54.3451467], [37.8608724, 54.3428596], [37.8626491, 54.3424928], [37.8679018, 54.3441883], [37.8775598, 54.3417166], [37.8800805, 54.3399446], [37.877298, 54.3374289], [37.8686608, 54.3372916], [37.8695769, 54.3354909], [37.8665931, 54.3338123], [37.8754921, 54.3295543], [37.8727962, 54.3287454], [37.8737646, 54.3269749], [37.8772719, 54.3277534], [37.8789208, 54.3260897], [37.878345, 54.324029], [37.881067, 54.3250365], [37.8833964, 54.3248991], [37.8856735, 54.3232505], [37.8879506, 54.3210524], [37.8888143, 54.3189457], [37.8887358, 54.3168847], [37.8908297, 54.3168084], [37.8930963, 54.3176137], [37.8943107, 54.3174954], [37.8980695, 54.3151212], [37.8978939, 54.3143792], [37.9001669, 54.3139549], [37.901167, 54.3162619], [37.9024852, 54.3177733], [37.903349, 54.3179059], [37.9033035, 54.3192317], [37.9100768, 54.3194703], [37.9117133, 54.3208225], [37.9150773, 54.3198415], [37.9178048, 54.3227845], [37.9168501, 54.3237919], [37.9173957, 54.3241631], [37.9187594, 54.3240835], [37.9203959, 54.3231026], [37.9224415, 54.3231291], [37.9245549, 54.3218384], [37.9245322, 54.3213347], [37.9233048, 54.3208839], [37.9232821, 54.3201416], [37.9219865, 54.3197438], [37.9207819, 54.3177155], [37.921441, 54.316973], [37.9211001, 54.3161775], [37.9178271, 54.3158726], [37.9170543, 54.3164162], [37.9150812, 54.3162985], [37.915354, 54.3138722], [37.9112306, 54.312944], [37.912958, 54.311207], [37.9129857, 54.3106617], [37.9106097, 54.3096444], [37.9099989, 54.3064938], [37.9081346, 54.3065313], [37.9083917, 54.3055373], [37.9042773, 54.3045465], [37.9038112, 54.3046965], [37.9027183, 54.3072753], [37.9008379, 54.3060563], [37.9015932, 54.30389], [37.904213, 54.3042994], [37.9049844, 54.3029865], [37.9040523, 54.2992914], [37.9053059, 54.298785], [37.9086489, 54.2985599], [37.9164277, 54.2984693], [37.9158813, 54.2965559], [37.9108025, 54.2964997], [37.9108668, 54.2922412], [37.9136633, 54.2917909], [37.9216351, 54.2923537], [37.9239494, 54.2899523], [37.9236601, 54.2879259], [37.9294782, 54.2892768], [37.932339, 54.290684], [37.932339, 54.2912093], [37.935682, 54.2921849], [37.9360677, 54.2931604], [37.9340427, 54.2936107], [37.9321783, 54.2951115], [37.9320176, 54.2958806], [37.9296068, 54.2964434], [37.9220851, 54.2931229], [37.9194171, 54.2938733], [37.9208636, 54.2960307], [37.92096, 54.2967435], [37.9201243, 54.2980379], [37.9206386, 54.298413], [37.9199636, 54.2987882], [37.9203172, 54.2997261], [37.923088, 54.3015861], [37.9267589, 54.3003469], [37.9294864, 54.3018058], [37.932714, 54.3018854], [37.9349869, 54.301461], [37.9350778, 54.3009835], [37.9368507, 54.2999224], [37.9382145, 54.299949], [37.9384418, 54.3004265], [37.9400328, 54.3007978], [37.9427603, 54.3001612], [37.9449878, 54.3002408], [37.9472153, 54.2992593], [37.9472607, 54.2967391], [37.9501701, 54.297137], [37.9571252, 54.2998163], [37.9588527, 54.301461], [37.9658533, 54.3053071], [37.9662736, 54.3059361], [37.9730138, 54.3089651], [37.9774497, 54.3080649], [37.9790569, 54.30844], [37.9819368, 54.3076546], [37.9860281, 54.3076679], [38.0012135, 54.311927], [38.0114533, 54.3140808], [38.0141209, 54.315504], [38.0174347, 54.316267], [38.0221992, 54.3168664], [38.0281023, 54.3159507], [38.0346011, 54.3085138], [38.0367088, 54.2992763], [38.0354259, 54.2940788], [38.0323336, 54.2959105], [38.0286949, 54.2955998], [38.0245613, 54.2915276], [38.0246791, 54.2892127], [38.016988, 54.2859756], [38.013719, 54.2851085], [38.0120086, 54.2826219], [38.0081215, 54.2809928], [38.0024907, 54.2809288], [37.9940337, 54.2817687], [37.9871388, 54.2790945], [37.9752294, 54.2779497], [37.9733624, 54.2771672], [37.9732204, 54.2759509], [37.964204, 54.2771146], [37.9608224, 54.2770866], [37.9628767, 54.27446], [37.9623539, 54.272748], [37.95949, 54.2720976], [37.9568762, 54.2708898], [37.9555579, 54.2697085], [37.9546942, 54.269735], [37.9523076, 54.2670936], [37.9523504, 54.2656716], [37.9550609, 54.2622733], [37.9554698, 54.2610004], [37.9550349, 54.2592583], [37.9536615, 54.2581158], [37.9505605, 54.2569052], [37.9444347, 54.2566945], [37.9441976, 54.2562836], [37.9402838, 54.2559419], [37.9402838, 54.2567252], [37.9371271, 54.257527], [37.934549, 54.2563984], [37.9346899, 54.2558209], [37.9282852, 54.2557156], [37.9293653, 54.2541026], [37.9285037, 54.2535534], [37.928734, 54.2525407], [37.9282828, 54.2523826], [37.9296839, 54.2517921], [37.9301993, 54.2509551], [37.944597, 54.2552512], [37.946099, 54.255364], [37.9568708, 54.2533458], [37.9594242, 54.2534586], [37.9701531, 54.2509891], [37.9717195, 54.2545618], [37.9763973, 54.2554142], [37.9814613, 54.2535589], [37.9817617, 54.2508762], [37.978071, 54.2455103], [37.9761398, 54.244081], [37.9721057, 54.2443819], [37.9697025, 54.2456859], [37.9701745, 54.248419], [37.9695308, 54.2508762], [37.959317, 54.2531515], [37.9564845, 54.2530387], [37.9459274, 54.2550945], [37.9443824, 54.2549692], [37.9304124, 54.2506089], [37.9317765, 54.2501357], [37.9298864, 54.2495047], [37.9298864, 54.2478088], [37.9315065, 54.24702], [37.9335315, 54.2480454], [37.9340716, 54.2493469], [37.9360291, 54.249623], [37.9362991, 54.2484793], [37.9402143, 54.2494258], [37.9554024, 54.249899], [37.95817, 54.2483609], [37.9623551, 54.2484398], [37.9640427, 54.247651], [37.9512847, 54.2407089], [37.9506772, 54.2364483], [37.9553349, 54.2359749], [37.9560099, 54.2319112], [37.9594483, 54.2304566], [37.9601242, 54.2304316], [37.9597487, 54.23146], [37.9604139, 54.2317987], [37.9619052, 54.2314789], [37.9619588, 54.2319178], [37.9638364, 54.2318677], [37.9653277, 54.2316419], [37.9657461, 54.2309646], [37.967173, 54.2310399], [37.9689111, 54.2299612], [37.9679884, 54.22887], [37.9681279, 54.2283871], [37.9657461, 54.2274526], [37.9665937, 54.22707], [37.9649522, 54.2261167], [37.9667761, 54.2239716], [37.9664542, 54.2230621], [37.9656281, 54.2228112], [37.9657568, 54.22246], [37.9672589, 54.2221777], [37.9671301, 54.2216571], [37.976432, 54.2194867], [37.9786207, 54.2199948], [37.980348, 54.2193926], [37.982408, 54.220183], [37.9883839, 54.2204716], [37.9884161, 54.2186649], [37.9938342, 54.2190727], [37.9936518, 54.2197376], [37.9944779, 54.2199572], [37.9946174, 54.2207538], [37.9970099, 54.2206409], [37.9976, 54.2211051], [37.9974713, 54.2216006], [37.9992844, 54.2206786], [38.0004968, 54.2206158], [38.0010721, 54.218206], [38.0069892, 54.2199712], [38.0173143, 54.2175677], [38.022934, 54.2152926], [38.0340085, 54.2073217], [38.027559, 54.2042153], [38.0228088, 54.2025785], [38.0286427, 54.1994659], [38.0343129, 54.1944113], [38.0347854, 54.1929105], [38.0330304, 54.1862753], [38.0324904, 54.180745], [38.0285077, 54.1805475], [38.0168298, 54.1781376], [37.9915838, 54.1695241], [37.997119, 54.166916], [38.0002241, 54.163715], [38.0045443, 54.162055], [38.0052868, 54.1604346], [38.011497, 54.1584584], [38.0197999, 54.1537941], [38.0200699, 54.1521338], [38.0236475, 54.1484176], [38.023715, 54.1463617], [38.0179098, 54.1430404], [38.0170998, 54.138928], [38.0203399, 54.1395607], [38.0204749, 54.138928], [38.0206099, 54.1368321], [38.0189898, 54.1326795], [38.0103792, 54.1226506], [38.014762, 54.1214941], [38.0229916, 54.122014], [38.0254969, 54.1198143], [38.0309984, 54.1184573], [38.0334208, 54.1174007], [38.0333082, 54.1166082], [38.0314441, 54.1155219], [38.0313482, 54.1149751], [38.0324488, 54.1135741], [38.0348619, 54.1131286], [38.0353235, 54.1103596], [38.0340943, 54.1087453], [38.0326929, 54.1048266], [38.0313782, 54.0959666], [38.0394334, 54.0957658], [38.0427379, 54.0943564], [38.0426018, 54.0909594], [38.0673499, 54.096093], [38.0726284, 54.090128], [38.0811042, 54.0917892], [38.0888504, 54.0902161], [38.1086159, 54.092705], [38.1179988, 54.0946844], [38.1203614, 54.0946448], [38.1225215, 54.0957928], [38.1301493, 54.0964262], [38.1319718, 54.0981679], [38.1356845, 54.0996325], [38.136022, 54.1011365], [38.1383171, 54.1024426], [38.1388571, 54.1037091], [38.1403422, 54.1044611], [38.1397346, 54.1119802], [38.1422322, 54.1145126], [38.1430423, 54.1162535], [38.1401397, 54.1178757], [38.1410513, 54.1206786], [38.1403695, 54.123675], [38.1466805, 54.126882], [38.148546, 54.1269754], [38.1487846, 54.1286256], [38.1521736, 54.1312266], [38.1521259, 54.1336317], [38.1468277, 54.1364283], [38.1427227, 54.1379662], [38.1454912, 54.1433907], [38.151219, 54.141741], [38.1518062, 54.1380382], [38.1543785, 54.1355791], [38.1562271, 54.1349876], [38.1561672, 54.1330891], [38.1583163, 54.1329944], [38.1593562, 54.1304102], [38.1626932, 54.1318924], [38.1636292, 54.1330724], [38.1633428, 54.1355614], [38.1642974, 54.1362045], [38.1678773, 54.1352258], [38.1791087, 54.1357681], [38.1832136, 54.1413326], [38.189409, 54.1409747], [38.1917397, 54.1382268], [38.1973243, 54.1381429], [38.2109755, 54.1435066], [38.2141735, 54.1475885], [38.2171329, 54.1490421], [38.2234334, 54.1501044], [38.2362255, 54.153934], [38.2508791, 54.1601668], [38.258182, 54.1635764], [38.2599958, 54.1651972], [38.2611414, 54.1686063], [38.2657713, 54.168746], [38.2682056, 54.1703946], [38.2688261, 54.1719591], [38.2666782, 54.1722944], [38.2659622, 54.1745016], [38.2667259, 54.1777982], [38.2651508, 54.1782173], [38.2640053, 54.176122], [38.2616187, 54.1772395], [38.2597837, 54.1795103], [38.2581343, 54.1795861], [38.256941, 54.1789157], [38.2569984, 54.1773633], [38.2597094, 54.1705343], [38.2598049, 54.1684107], [38.2577524, 54.1653649], [38.2514996, 54.1620673], [38.2301636, 54.1531793], [38.2223833, 54.1522289], [38.2164169, 54.152173], [38.2092572, 54.1461347], [38.2031953, 54.1423044], [38.1963219, 54.1391727], [38.1926943, 54.1391727], [38.190785, 54.1411021], [38.1971811, 54.1430593], [38.202661, 54.1469678], [38.2054864, 54.1496571], [38.206441, 54.1515301], [38.209667, 54.1621232], [38.2111467, 54.1643868], [38.2224102, 54.1926328], [38.2288905, 54.2021496], [38.228418, 54.216914], [38.2243003, 54.2220053], [38.2271354, 54.236881], [38.229903, 54.240392], [38.2380708, 54.2466242], [38.2395559, 54.2491484], [38.2417559, 54.2555958], [38.242685, 54.2558352], [38.2481264, 54.252015], [38.251038, 54.2527958], [38.2542838, 54.2529352], [38.2614435, 54.2522102], [38.2688896, 54.2523496], [38.274522, 54.2496167], [38.276288, 54.249533], [38.2775768, 54.248808], [38.2818249, 54.2483897], [38.2897958, 54.2508258], [38.2948556, 54.2471626], [38.294426, 54.2458517], [38.2916576, 54.2428396], [38.294617, 54.2426722], [38.301538, 54.2401061], [38.337814, 54.2299235], [38.3400574, 54.2300351], [38.3426349, 54.2319324], [38.3433031, 54.2367028], [38.3454511, 54.2373444], [38.3452601, 54.2388229], [38.3477422, 54.2413333], [38.3509879, 54.2467163], [38.3630889, 54.2624339], [38.3863271, 54.2602967], [38.3873353, 54.2600023], [38.3957601, 54.2449592], [38.4009151, 54.232853], [38.40965, 54.2169198], [38.4122752, 54.2146032], [38.4216306, 54.212119], [38.4246854, 54.214352], [38.4264918, 54.2141323], [38.4293154, 54.2156359], [38.4311398, 54.2156149], [38.4317497, 54.2205757], [38.4334176, 54.2212437], [38.4400073, 54.22345], [38.4438258, 54.2193757], [38.4510333, 54.2227525], [38.4500786, 54.2241477], [38.4593863, 54.2271334], [38.4638253, 54.2273287], [38.4688849, 54.228668], [38.4688849, 54.2299514], [38.4662252, 54.2323138], [38.4733814, 54.2335884], [38.4773675, 54.2333643], [38.4802111, 54.2317235], [38.4865933, 54.2356707], [38.4897687, 54.2390824], [38.4919869, 54.2423096], [38.4936575, 54.2469116], [38.4955668, 54.2492263], [38.5034425, 54.2539948], [38.5196712, 54.2571736], [38.5267832, 54.2577869], [38.528514, 54.2891088], [38.5294118, 54.290374], [38.5294469, 54.2929646], [38.528362, 54.2941443], [38.5129104, 54.2941034], [38.5127334, 54.2956634], [38.5105213, 54.2968493], [38.513045, 54.3008457], [38.5162486, 54.3023764], [38.5189983, 54.3061053], [38.5163787, 54.3079713], [38.5132492, 54.3086501], [38.5107436, 54.3083947], [38.5083533, 54.3110979], [38.5078617, 54.3122813], [38.5104517, 54.3149038], [38.5150209, 54.318351], [38.5196613, 54.3208573], [38.5195038, 54.3217836], [38.5188325, 54.3219371], [38.5191279, 54.322814], [38.5176193, 54.3238864], [38.5164236, 54.3234233], [38.5133295, 54.3249948], [38.5107018, 54.3250697], [38.5103735, 54.325445], [38.5109868, 54.3262605], [38.5103824, 54.327095], [38.5074663, 54.3275213], [38.5070583, 54.3279969], [38.5087525, 54.3309158], [38.510874, 54.3321307], [38.5120723, 54.3317004], [38.5147419, 54.3322979], [38.5168604, 54.3341345], [38.514319, 54.3355462], [38.51376, 54.3370558], [38.5115505, 54.3375208], [38.5115967, 54.3381528], [38.5106334, 54.3386184], [38.5118731, 54.3399171], [38.5117433, 54.3411097], [38.51384, 54.3421918], [38.5123312, 54.3431301], [38.5090541, 54.3436928], [38.5063624, 54.3449196], [38.5039226, 54.3449298], [38.5047809, 54.345321], [38.5049967, 54.3460088], [38.5043202, 54.3470547], [38.5057041, 54.3477724], [38.5064959, 54.3491636], [38.5111197, 54.3520626], [38.5130111, 54.3544945], [38.5125779, 54.356914], [38.5129214, 54.3576501], [38.5110379, 54.3595367], [38.5089583, 54.3606957], [38.5086887, 54.361215], [38.5090403, 54.3620008], [38.5119505, 54.3626505], [38.513917, 54.3640742], [38.5157255, 54.3642747], [38.5177175, 54.3652539], [38.5186008, 54.3665628], [38.5184401, 54.3672411], [38.5160846, 54.3685096], [38.5159644, 54.3694603], [38.5183871, 54.3688954], [38.5224593, 54.373069], [38.5283512, 54.3806485], [38.5271891, 54.3811064], [38.5280454, 54.3812904], [38.528089, 54.382158], [38.5245488, 54.383183], [38.5233342, 54.3847912], [38.5266121, 54.385833], [38.5280583, 54.3876916], [38.5281404, 54.3887648], [38.5269505, 54.3924008], [38.5273654, 54.3950475], [38.4844957, 54.3977465], [38.4838051, 54.3982373], [38.4843656, 54.4016187], [38.4831202, 54.4025161], [38.4808784, 54.4020447], [38.4811274, 54.4024979], [38.4807538, 54.4028243], [38.4799441, 54.402788], [38.475554, 54.4018178], [38.4536547, 54.4160738], [38.4623189, 54.4203302], [38.4653277, 54.4210526], [38.4702551, 54.4231912], [38.4609978, 54.4300992], [38.460654, 54.4317399], [38.4581911, 54.434051], [38.450335, 54.438355], [38.4507226, 54.4400104], [38.4422948, 54.4416451], [38.4356127, 54.4421577], [38.4317623, 54.4416816], [38.4318555, 54.4433578], [38.4201261, 54.4568375], [38.4094626, 54.4628507], [38.4035481, 54.4609161], [38.4003052, 54.4610046], [38.3868971, 54.4662703], [38.3865166, 54.4666383], [38.3868171, 54.4669738], [38.3922883, 54.4690893], [38.3938613, 54.4703641], [38.39772, 54.475176], [38.397588, 54.4779815], [38.3982108, 54.4784715], [38.3983771, 54.4796464], [38.3979354, 54.4801217], [38.3963846, 54.4800632], [38.3957342, 54.4842169], [38.3949938, 54.4852298], [38.3975396, 54.4861046], [38.3969274, 54.4872436], [38.396928, 54.4885681], [38.3956334, 54.4906401], [38.3945433, 54.4992266], [38.3995122, 54.5015587], [38.4002689, 54.503249], [38.3988515, 54.5072996], [38.3970165, 54.5087451], [38.3889536, 54.5131017], [38.3880805, 54.513545], [38.3852331, 54.5125641], [38.3823682, 54.5124379], [38.3799194, 54.5139641], [38.3804679, 54.5146864], [38.3797917, 54.5151871], [38.3800228, 54.5160951], [38.3791741, 54.5161652], [38.3789915, 54.5251304], [38.3780216, 54.5252451], [38.3761724, 54.5264833], [38.385376, 54.5309172], [38.3862396, 54.5334972], [38.3889417, 54.5328416], [38.406899, 54.5375674], [38.4094477, 54.5384101], [38.4114915, 54.5399161], [38.4142642, 54.5407219], [38.4193048, 54.539993], [38.4238409, 54.5415877], [38.4224796, 54.5424183], [38.4219483, 54.545924], [38.4292911, 54.5447127], [38.4287341, 54.5438344], [38.4293954, 54.5423711], [38.4328396, 54.5399443], [38.4338073, 54.5386725], [38.4372063, 54.5380509], [38.4380835, 54.538456], [38.4435015, 54.5378644], [38.4509561, 54.5366771], [38.4537231, 54.5406203], [38.4511895, 54.5405216], [38.4392399, 54.5428523], [38.4420665, 54.5491748], [38.4366853, 54.5500877], [38.438378, 54.5534122], [38.4391868, 54.5537411], [38.4430257, 54.5531902], [38.4452298, 54.55138], [38.4556114, 54.5493955], [38.4579978, 54.5491694], [38.4587504, 54.5504071], [38.4589729, 54.551254], [38.4571932, 54.5521149], [38.4519959, 54.5534405], [38.4533066, 54.5544714], [38.4543769, 54.557089], [38.4582339, 54.5576286], [38.4550805, 54.5600078], [38.4522698, 54.5633463], [38.4544344, 54.5648825], [38.4461348, 54.5725404], [38.4471061, 54.5728315], [38.4504885, 54.5707658], [38.4548814, 54.5691087], [38.4644324, 54.5698727], [38.4712925, 54.5713611], [38.4773414, 54.5744087], [38.4798609, 54.5751548], [38.479895, 54.5758092], [38.4808948, 54.5767134], [38.4825128, 54.5770428], [38.486003, 54.5796895], [38.4901122, 54.5819573], [38.493516, 54.584808], [38.4988275, 54.5854454], [38.5019671, 54.5863407], [38.5094685, 54.5902033], [38.5165881, 54.5914905], [38.5185359, 54.5936556], [38.5191725, 54.5951145], [38.5189586, 54.5962053], [38.5150838, 54.5962765], [38.5137466, 54.5971056], [38.5113467, 54.5967133], [38.5115379, 54.5990088], [38.5049272, 54.6051221], [38.498905, 54.6115425], [38.4954583, 54.6144114], [38.4920103, 54.6144117], [38.490895, 54.6154985], [38.4858918, 54.6134134], [38.4823764, 54.6164777], [38.4798741, 54.6235266], [38.4824098, 54.6273938], [38.4823083, 54.6279811], [38.4834903, 54.6299448], [38.4750527, 54.6335008], [38.4721716, 54.6336747], [38.473642, 54.6341592], [38.4736604, 54.6354843], [38.4730837, 54.6365771], [38.4676588, 54.6387556], [38.4642683, 54.6409535], [38.4705397, 54.6443246], [38.4566444, 54.6535882], [38.4563663, 54.6530817], [38.4528631, 54.6531854], [38.4515974, 54.6511585], [38.4507672, 54.6510316], [38.4501113, 54.6516394], [38.4447196, 54.6517563], [38.4439689, 54.6500098], [38.4421092, 54.6487555], [38.4385595, 54.6489516], [38.4343918, 54.6512872], [38.4330213, 54.6514607], [38.4312405, 54.6498365], [38.4314799, 54.6486824], [38.4288367, 54.6475805], [38.4246768, 54.6507599], [38.422812, 54.6511886], [38.4204206, 54.6504127], [38.4185023, 54.6489068], [38.4158031, 54.6492576], [38.4159687, 54.6483485], [38.4099067, 54.6481924], [38.4010333, 54.6457731], [38.3976919, 54.6461051], [38.3958693, 54.648429], [38.3918867, 54.6474135], [38.3947508, 54.6425455], [38.388285, 54.6382754], [38.371744, 54.6480853], [38.3637251, 54.648251], [38.360002, 54.6540502], [38.3456825, 54.6581368], [38.344537, 54.6571428], [38.3310767, 54.656701], [38.3194544, 54.6508399], [38.3180289, 54.6506996], [38.3160014, 54.6525338], [38.3164218, 54.653615], [38.3123125, 54.6545946], [38.3123924, 54.655041], [38.3115427, 54.6558502], [38.3091995, 54.6573662], [38.3091325, 54.6577111], [38.3107197, 54.6580901], [38.3122988, 54.6591322], [38.3146495, 54.661571], [38.3054626, 54.6657446], [38.3052874, 54.6662116], [38.2999201, 54.6689701], [38.297883, 54.6705175], [38.2974803, 54.6730775], [38.2955881, 54.6746011], [38.294359, 54.6745813], [38.2932252, 54.6753854], [38.2921972, 54.6770185], [38.2912589, 54.6775329], [38.2885144, 54.676869], [38.2812246, 54.6762971], [38.2797414, 54.6741833], [38.276302, 54.6730758], [38.2753479, 54.6732602], [38.2751348, 54.6740717], [38.2738441, 54.6738693], [38.2725997, 54.6719899], [38.2668964, 54.6687211], [38.2564763, 54.6637424], [38.2415184, 54.6715322], [38.2396092, 54.6713666], [38.2363431, 54.6671394], [38.2341619, 54.6669135], [38.233156, 54.6674492], [38.2331385, 54.6686743], [38.2153323, 54.6792128], [38.2143538, 54.6809991], [38.2124756, 54.6899781], [38.212292, 54.6964648], [38.2053856, 54.6966693], [38.1870371, 54.6950984], [38.1856938, 54.6958802], [38.1835479, 54.6983161], [38.1803166, 54.698485], [38.1714546, 54.696129], [38.1669056, 54.6957197], [38.1564986, 54.6935495], [38.1546966, 54.6923552], [38.151495, 54.6881123], [38.1503174, 54.6873859], [38.137144, 54.6866471], [38.1359742, 54.6871161], [38.1349734, 54.6892651], [38.1302462, 54.7034073], [38.1287129, 54.7053043], [38.1252224, 54.7071086], [38.1225105, 54.7115574], [38.1184603, 54.716841], [38.1117101, 54.7149304], [38.0970295, 54.7149619], [38.0796378, 54.7092035], [38.0689386, 54.709262], [38.0690345, 54.701556], [38.0682583, 54.6982404], [38.0684608, 54.6971872], [38.0699458, 54.6958218], [38.0697433, 54.6936567], [38.0717346, 54.6897162], [38.0708234, 54.6887017], [38.0708234, 54.6858728], [38.0685283, 54.6839608], [38.0601579, 54.6804877], [38.0589091, 54.6782826], [38.0505388, 54.670086], [38.04983, 54.6688759], [38.051535, 54.6639156], [38.0561252, 54.6635838], [38.0572727, 54.6640913], [38.0627404, 54.6639937], [38.065238, 54.6654968], [38.0666218, 54.6656529], [38.0681069, 54.6649503], [38.0680394, 54.6633105], [38.0661493, 54.6629591], [38.0660143, 54.6618073], [38.0719883, 54.6574732], [38.0738109, 54.6573951], [38.0867039, 54.6649307], [38.084645, 54.6675854], [38.0842738, 54.6691859], [38.0864001, 54.6697519], [38.089944, 54.6694787], [38.0917665, 54.6680733], [38.0946354, 54.6674878], [38.0984831, 54.6650088], [38.1011157, 54.6612411], [38.1011325, 54.6593879], [38.1049633, 54.6537049], [38.1056721, 54.6516742], [38.1050308, 54.6468313], [38.1061784, 54.6458354], [38.1062121, 54.6435894], [38.1110385, 54.6399371], [38.1133336, 54.6388627], [38.1157975, 54.6384526], [38.1140087, 54.6342527], [38.1112411, 54.6323968], [38.0993268, 54.6269655], [38.0951079, 54.6260667], [38.0924416, 54.6247966], [38.0860963, 54.6229208], [38.0843075, 54.6211621], [38.0802236, 54.6196769], [38.0797511, 54.6186608], [38.0811686, 54.6155925], [38.0790423, 54.6127584], [38.0803586, 54.6107061], [38.0826874, 54.6092206], [38.0856913, 54.6083996], [38.0856576, 54.606914], [38.0875139, 54.6052915], [38.0880539, 54.6034929], [38.0868051, 54.6020071], [38.0837675, 54.6015965], [38.0829237, 54.6001302], [38.0806286, 54.5994068], [38.0801561, 54.5982728], [38.078806, 54.5978426], [38.0781985, 54.5969433], [38.0780298, 54.5901773], [38.0775572, 54.5891213], [38.0729333, 54.5863246], [38.0694232, 54.5850337], [38.0696257, 54.5827453], [38.0707057, 54.5808089], [38.071887, 54.5809067], [38.0812361, 54.578305], [38.0815399, 54.5755076], [38.0809324, 54.574099], [38.0813374, 54.5673488], [38.077456, 54.5582687], [38.077186, 54.5539236], [38.078401, 54.5530819], [38.0833625, 54.5518879], [38.0849488, 54.5507917], [38.0846788, 54.549206], [38.0829237, 54.5478357], [38.0840375, 54.5460542], [38.0833625, 54.5446446], [38.0730346, 54.5416295], [38.0671618, 54.5409637], [38.0653055, 54.5420994], [38.0634492, 54.5423735], [38.0651368, 54.5457997], [38.0685119, 54.546759], [38.0723933, 54.546759], [38.0731358, 54.5476791], [38.0715158, 54.5499303], [38.0712795, 54.5513593], [38.0746546, 54.553121], [38.0754309, 54.5546086], [38.071887, 54.5595408], [38.0689507, 54.5616544], [38.0661493, 54.5624371], [38.0652718, 54.5638266], [38.0654405, 54.5664683], [38.0639217, 54.5670358], [38.0610191, 54.5664488], [38.0603103, 54.566801], [38.0601416, 54.5683272], [38.0606816, 54.569012], [38.0625379, 54.5695403], [38.0622342, 54.5707143], [38.0601416, 54.5710077], [38.0572727, 54.5700295], [38.0582178, 54.5649812], [38.0556189, 54.5644528], [38.0538976, 54.562946], [38.052885, 54.5627112], [38.0477548, 54.5659595], [38.0411058, 54.5678967], [38.0412408, 54.5691685], [38.0439409, 54.5718295], [38.0424896, 54.5745098], [38.0399689, 54.5768945], [38.0391145, 54.5771117], [38.0392691, 54.5744396], [38.0378454, 54.5742027], [38.0303531, 54.5754071], [38.0302642, 54.5744922], [38.0258307, 54.5750334], [38.0267953, 54.5712425], [38.0246015, 54.5707534], [38.0223064, 54.5714577], [38.020585, 54.5709882], [38.0208213, 54.5696968], [38.0241627, 54.5658812], [38.0271328, 54.5635331], [38.0261203, 54.5623784], [38.0269303, 54.5592081], [38.0247702, 54.5585231], [38.025074, 54.5571726], [38.0305079, 54.5561745], [38.0328705, 54.5547261], [38.0348281, 54.5547065], [38.037562, 54.5536299], [38.0394858, 54.5536691], [38.0485649, 54.5501261], [38.0505562, 54.5490103], [38.0518725, 54.546896], [38.0541338, 54.5469156], [38.0557616, 54.5452134], [38.0583865, 54.5437048], [38.0585215, 54.5424126], [38.0567664, 54.5411792], [38.0548089, 54.538477], [38.0527163, 54.5382812], [38.05059, 54.5395149], [38.0422196, 54.541884], [38.0405321, 54.540905], [38.0374945, 54.5403568], [38.0368194, 54.5383791], [38.0351994, 54.5362448], [38.0275378, 54.5319952], [38.0238589, 54.5321323], [38.0242977, 54.5331507], [38.0327018, 54.5379484], [38.0328368, 54.5411008], [38.0255653, 54.5418676], [38.0204838, 54.5410225], [38.0178512, 54.537733], [38.0162311, 54.5371063], [38.0133623, 54.5327982], [38.0143748, 54.5320931], [38.0174124, 54.531486], [38.0163661, 54.5297821], [38.011776, 54.5269031], [38.0105272, 54.5247876], [38.0059707, 54.524435], [38.0013921, 54.5190733], [37.999709, 54.5186884], [38.0011409, 54.5166106], [38.0004727, 54.5143385], [38.0025251, 54.5137843], [38.0051026, 54.5122326], [38.0075369, 54.5120387], [38.0105918, 54.5129531], [38.0127874, 54.5120664], [38.0180379, 54.5115953], [38.0187538, 54.5104038], [38.0235747, 54.5120664], [38.0301617, 54.5135072], [38.0398512, 54.5138398], [38.0418559, 54.5153637], [38.0511636, 54.5152252], [38.0489836, 54.509589], [38.0494763, 54.505552], [38.0518752, 54.4998077], [38.0633785, 54.4997521], [38.0639035, 54.5013875], [38.0660037, 54.501138], [38.0689153, 54.5015538], [38.0704905, 54.5008331], [38.0706337, 54.4998354], [38.0729248, 54.4991147], [38.073593, 54.4978119], [38.0751204, 54.4974515], [38.0753591, 54.4963704], [38.0774116, 54.4942914], [38.0768388, 54.4932934], [38.0736408, 54.493432], [38.0733544, 54.4918795], [38.0710155, 54.4918795], [38.0697745, 54.4905765], [38.0681039, 54.4906042], [38.0670538, 54.4921013], [38.0643331, 54.4909092], [38.0618033, 54.4925448], [38.0549777, 54.4944577], [38.0527343, 54.494125], [38.0512547, 54.4929053], [38.0514933, 54.491325], [38.0501091, 54.4893566], [38.0540708, 54.4873881], [38.0566961, 54.4851699], [38.0547391, 54.4836171], [38.0570302, 54.4782373], [38.0603237, 54.4722467], [38.072352, 54.4694452], [38.0731157, 54.4684743], [38.0742613, 54.4686684], [38.0741658, 54.4696948], [38.0752159, 54.4707489], [38.0765047, 54.4704715], [38.0770774, 54.4716919], [38.0790822, 54.4720803], [38.0838553, 54.4747706], [38.0842372, 54.4759631], [38.0827575, 54.4781264], [38.0853827, 54.4782096], [38.0870533, 54.4789861], [38.0877216, 54.479929], [38.0905855, 54.4792912], [38.0894876, 54.4746874], [38.0868624, 54.4724408], [38.0863851, 54.470305], [38.0833292, 54.4660801], [38.0827098, 54.4643409], [38.0808005, 54.4638416], [38.0785094, 54.4651455], [38.0752159, 54.4656725], [38.0668152, 54.4603181], [38.0614215, 54.4553793], [38.0581757, 54.4545191], [38.0545959, 54.4504953], [38.0459087, 54.4461381], [38.0424721, 54.4459716], [38.0384626, 54.4437512], [38.0367443, 54.4420302], [38.0294891, 54.4388381], [38.0293936, 54.437117], [38.0313983, 54.4357567], [38.0327348, 54.4320365], [38.0327348, 54.4293155], [38.0456701, 54.4291767], [38.0476271, 54.4272053], [38.0436653, 54.4237897], [38.0426153, 54.4222346], [38.0410401, 54.4214571], [38.0391786, 54.4214015], [38.0381285, 54.4200963], [38.0353601, 54.419513], [38.0334031, 54.4195408], [38.0313506, 54.4205128], [38.0288686, 54.4193186], [38.0196086, 54.4210404], [38.0154083, 54.4196519], [38.0119716, 54.4193186], [38.0070552, 54.4178466], [38.0066734, 54.4144859], [38.0047164, 54.4140692], [38.0006115, 54.4142915], [37.9993227, 54.4150136], [37.9956951, 54.4136526], [37.991447, 54.4094582], [37.9888218, 54.404791], [37.9856715, 54.4028462], [37.9789414, 54.4007624], [37.9587509, 54.4001788], [37.9569848, 54.3984005], [37.9535004, 54.3966777], [37.9526413, 54.3945658], [37.9550279, 54.3912865], [37.9558393, 54.38759], [37.9572235, 54.3855055], [37.9597055, 54.3841991], [37.961758, 54.3819753], [37.9667698, 54.3787506], [37.9671039, 54.3759427], [37.9684404, 54.3754145], [37.9686313, 54.3737186], [37.9697769, 54.371939], [37.9655288, 54.3721894], [37.9617103, 54.3718], [37.9480113, 54.3675735], [37.9415198, 54.366489], [37.9363171, 54.3664611], [37.9339961, 54.3644139], [37.9342646, 54.3632909], [37.935983, 54.3621784], [37.9353147, 54.3609269], [37.9321167, 54.3605932], [37.9252434, 54.3574225], [37.9054348, 54.3533614], [37.902905, 54.3548078], [37.9007571, 54.3548078], [37.8991819, 54.3589522], [37.8960317, 54.3631519], [37.8939792, 54.3615388], [37.884916, 54.3596873]]]}}, {"type": "Feature", "properties": {"rda_code": "TL-19", "rda_name": "VOLOVSKY AREA", "osm_name": "Воловский муниципальный округ", "match_score": 1.0, "match_reason": "alias:воловскии"}, "geometry": {"type": "Polygon", "coordinates": [[[37.7754605, 53.5761183], [37.7734697, 53.5731501], [37.7717444, 53.5725197], [37.7722311, 53.5700765], [37.7696431, 53.5684609], [37.7697095, 53.5660569], [37.7657059, 53.5622603], [37.7717002, 53.5594356], [37.7767434, 53.5579379], [37.7762125, 53.5543507], [37.7765885, 53.5530367], [37.7817866, 53.5477538], [37.7835119, 53.546847], [37.7862759, 53.5441936], [37.7863011, 53.5436858], [37.7764116, 53.5422995], [37.7784687, 53.5385533], [37.7793977, 53.5350697], [37.78057, 53.533203], [37.7670203, 53.5229615], [37.7674626, 53.5221331], [37.7662019, 53.5178196], [37.761778, 53.5168387], [37.7624767, 53.4956163], [37.7693115, 53.4956689], [37.770716, 53.4948621], [37.7702124, 53.4849405], [37.7690622, 53.481979], [37.7691506, 53.4806101], [37.7676244, 53.4787936], [37.7604578, 53.4745942], [37.7587104, 53.4726325], [37.7573832, 53.4691698], [37.7518534, 53.4705128], [37.7495088, 53.4680506], [37.7442665, 53.4656279], [37.7376529, 53.4611243], [37.7366796, 53.4597679], [37.7517271, 53.4519503], [37.7518558, 53.4511837], [37.7505469, 53.450532], [37.7499676, 53.4485002], [37.7461695, 53.4411771], [37.7473712, 53.437381], [37.7547097, 53.4410366], [37.75707, 53.4361538], [37.761898, 53.4348372], [37.7660608, 53.4312322], [37.7691078, 53.4328046], [37.7714439, 53.4325448], [37.7708995, 53.4320011], [37.7845931, 53.4297034], [37.7897363, 53.4339476], [37.7919817, 53.4326129], [37.7919388, 53.4316669], [37.7931442, 53.4303911], [37.7982473, 53.4323572], [37.8025369, 53.4317393], [37.8054539, 53.4280466], [37.8052382, 53.4254972], [37.8075109, 53.424836], [37.8114428, 53.4253214], [37.808962, 53.4223087], [37.808962, 53.4197764], [37.8061462, 53.4190137], [37.8033816, 53.4165117], [37.8032792, 53.4140707], [37.8011802, 53.4123313], [37.8023577, 53.4064719], [37.8037912, 53.4027789], [37.8017945, 53.4013443], [37.8034689, 53.3978524], [37.8089356, 53.4005861], [37.8107499, 53.4008285], [37.8144411, 53.4023764], [37.8168185, 53.4026748], [37.8304884, 53.3986837], [37.8335227, 53.3918008], [37.8419999, 53.3917635], [37.8479747, 53.3848982], [37.8546376, 53.3795618], [37.8564832, 53.3786288], [37.8581724, 53.3782556], [37.8630523, 53.3808867], [37.8699342, 53.3804575], [37.8739069, 53.3796551], [37.880257, 53.3811293], [37.8821026, 53.3806814], [37.8905173, 53.3731052], [37.8896727, 53.3718734], [37.8898603, 53.3708095], [37.8936141, 53.3670021], [37.8958976, 53.3639408], [37.8995576, 53.3626528], [37.9001832, 53.3614768], [37.9001206, 53.3555027], [37.901278, 53.3527955], [37.8998704, 53.3480153], [37.903718, 53.3436268], [37.9026544, 53.3424316], [37.8974617, 53.3404332], [37.9010903, 53.3363241], [37.9010278, 53.3352221], [37.8989632, 53.3340827], [37.9016534, 53.3340267], [37.9044374, 53.3328685], [37.907284, 53.3307388], [37.9076907, 53.3285157], [37.9100681, 53.3279552], [37.9216109, 53.3210797], [37.9242385, 53.3205004], [37.9271164, 53.3185011], [37.9323091, 53.3216589], [37.9355311, 53.3214347], [37.9368136, 53.3221261], [37.9370951, 53.3234713], [37.9418812, 53.3256387], [37.9444775, 53.3247792], [37.947418, 53.324555], [37.9498579, 53.325209], [37.9592163, 53.3217127], [37.9739919, 53.31726], [37.9804507, 53.3158196], [37.9827954, 53.3140754], [37.9851467, 53.3133968], [37.9925925, 53.3150262], [38.0006943, 53.3158484], [38.0074824, 53.3179975], [38.0083896, 53.3190626], [38.012331, 53.3192307], [38.0169606, 53.3303849], [38.0193693, 53.3332057], [38.0267204, 53.3318981], [38.0291916, 53.3344011], [38.0282845, 53.3363064], [38.0291291, 53.3368855], [38.0308808, 53.3364372], [38.0323823, 53.3370723], [38.0347597, 53.342638], [38.040015, 53.3450472], [38.0498373, 53.345346], [38.0534659, 53.3473627], [38.05503, 53.346485], [38.0565315, 53.344767], [38.0590027, 53.3452526], [38.0597222, 53.344711], [38.0594659, 53.3437096], [38.0620683, 53.3408264], [38.0626939, 53.3426006], [38.0658846, 53.3422084], [38.0757695, 53.3431983], [38.0777402, 53.3444309], [38.0752064, 53.3493235], [38.0748936, 53.3537486], [38.0759885, 53.3567733], [38.0794607, 53.3598537], [38.0843406, 53.3607124], [38.0861236, 53.3614964], [38.0918168, 53.3599657], [38.103735, 53.3527965], [38.101733, 53.3553543], [38.1057996, 53.3567173], [38.1064252, 53.357688], [38.1076452, 53.3577814], [38.1092718, 53.3556717], [38.1099287, 53.3538233], [38.1236033, 53.3540239], [38.1246309, 53.3536926], [38.126977, 53.3457754], [38.1258822, 53.3417415], [38.1260386, 53.3408078], [38.1271021, 53.3406583], [38.1281657, 53.3414428], [38.1299487, 53.3417043], [38.1336399, 53.3407331], [38.135986, 53.3393322], [38.1388639, 53.3395564], [38.1409597, 53.338884], [38.1457145, 53.339407], [38.1524713, 53.3386225], [38.1557558, 53.3375392], [38.1580393, 53.335111], [38.1645771, 53.3325892], [38.1728354, 53.3355406], [38.2030844, 53.3414054], [38.2061187, 53.3372964], [38.2173174, 53.3334859], [38.2183497, 53.3326079], [38.2291105, 53.3284607], [38.2309874, 53.3265364], [38.2594019, 53.3220179], [38.2725714, 53.3391672], [38.2796722, 53.3476459], [38.2828004, 53.3529302], [38.2877741, 53.3596514], [38.2909992, 53.3590707], [38.3034773, 53.3588859], [38.3134248, 53.3614434], [38.3099888, 53.3627192], [38.2997236, 53.3690406], [38.2967518, 53.3691339], [38.2942493, 53.373557], [38.2937801, 53.376319], [38.2959474, 53.3775689], [38.2977528, 53.3795472], [38.3011312, 53.3807974], [38.3017881, 53.3818609], [38.2991918, 53.3837454], [38.2973149, 53.3866], [38.2948437, 53.3874955], [38.2899325, 53.3881671], [38.278678, 53.3890939], [38.2638439, 53.3893983], [38.2630931, 53.3901445], [38.2695997, 53.398352], [38.2625301, 53.3975872], [38.2593707, 53.3984266], [38.2564928, 53.3982774], [38.2532082, 53.3989302], [38.2477653, 53.4028654], [38.2433859, 53.4045811], [38.2405393, 53.4065205], [38.2385686, 53.4091497], [38.2363476, 53.4105669], [38.2366175, 53.4111735], [38.2373486, 53.4115738], [38.2402578, 53.4110517], [38.2415716, 53.4119281], [38.2443244, 53.4127111], [38.2447623, 53.4157689], [38.2515503, 53.4163841], [38.253177, 53.4168874], [38.2543031, 53.4179687], [38.256962, 53.4187331], [38.2642505, 53.4199262], [38.2747924, 53.4198144], [38.2815781, 53.4189528], [38.2866769, 53.4200713], [38.289023, 53.4184867], [38.2937152, 53.4235758], [38.3023801, 53.4287016], [38.303475, 53.4311804], [38.315706, 53.430789], [38.3179269, 53.4325408], [38.3188341, 53.4339013], [38.321712, 53.4346654], [38.3292195, 53.4387277], [38.3142045, 53.4477083], [38.3115143, 53.4497761], [38.309481, 53.4532223], [38.3176141, 53.4531664], [38.3304395, 53.4543772], [38.3310338, 53.4560349], [38.3322538, 53.4574132], [38.3326917, 53.4591826], [38.3313153, 53.4604677], [38.3320035, 53.4618831], [38.3407936, 53.4704305], [38.3414818, 53.4764628], [38.3391657, 53.4802474], [38.3403244, 53.4811169], [38.3421074, 53.4812844], [38.3437653, 53.4821966], [38.3458611, 53.4823455], [38.3458611, 53.483574], [38.3519923, 53.4854354], [38.353744, 53.4870547], [38.3552768, 53.4872781], [38.3589055, 53.4893998], [38.3629407, 53.4908143], [38.3662878, 53.4907212], [38.3665381, 53.4926567], [38.3647863, 53.4934755], [38.3708549, 53.500621], [38.3642546, 53.5017933], [38.3616895, 53.5042678], [38.3755158, 53.5125648], [38.3840556, 53.5162105], [38.3708862, 53.5222364], [38.372419, 53.5243936], [38.3770173, 53.5264206], [38.3823352, 53.5267924], [38.3856823, 53.5291167], [38.3878719, 53.5314595], [38.3975692, 53.5364979], [38.4030747, 53.5406063], [38.4047326, 53.5425395], [38.4050767, 53.5442868], [38.4005409, 53.5478182], [38.3969122, 53.5497697], [38.3961302, 53.5522786], [38.3966933, 53.5549731], [38.3916883, 53.5538396], [38.3873089, 53.5539512], [38.3861515, 53.5545829], [38.3841808, 53.5543971], [38.3799578, 53.5559766], [38.3798952, 53.5574632], [38.3775804, 53.5582621], [38.3763917, 53.5575747], [38.377424, 53.5565713], [38.3769548, 53.5554935], [38.3754533, 53.5551404], [38.3726429, 53.5528056], [38.3705784, 53.5529914], [38.3690769, 53.5522852], [38.3662139, 53.5526905], [38.3615068, 53.5542178], [38.3560649, 53.5547876], [38.3519347, 53.5560761], [38.3508711, 53.5615018], [38.3494352, 53.5629278], [38.348985, 53.5655052], [38.3463564, 53.5729656], [38.3360589, 53.568691], [38.3266902, 53.5690574], [38.3010672, 53.5718643], [38.2716731, 53.5820384], [38.2568357, 53.5856304], [38.2372509, 53.5819517], [38.2343197, 53.5824212], [38.2167139, 53.5823074], [38.2073815, 53.5688637], [38.198134, 53.5756957], [38.1850185, 53.5693633], [38.1742503, 53.5771602], [38.1526662, 53.5948379], [38.1534795, 53.5961746], [38.155665, 53.5965785], [38.1607214, 53.5994376], [38.1559526, 53.6026601], [38.149413, 53.6034513], [38.1326521, 53.6070245], [38.1284937, 53.607287], [38.121504, 53.6089406], [38.1207962, 53.6094917], [38.1136738, 53.6067883], [38.109825, 53.6061846], [38.1027469, 53.606972], [38.0948724, 53.6085732], [38.0885463, 53.6084157], [38.0653654, 53.602956], [38.0622678, 53.6015261], [38.0597475, 53.5996532], [38.0460962, 53.6110777], [38.0433712, 53.6094979], [38.0306815, 53.6058299], [38.0232971, 53.6119202], [38.0325546, 53.619552], [38.0318467, 53.6214675], [38.0214507, 53.6307025], [38.0176462, 53.6347946], [38.0141438, 53.636976], [38.0098478, 53.6387902], [38.0081792, 53.6374962], [38.0007471, 53.6354504], [37.9946422, 53.6364471], [37.995527, 53.6384929], [37.9855291, 53.6412205], [37.9609325, 53.6544365], [37.9221796, 53.6664951], [37.9204986, 53.6679105], [37.9159862, 53.6749341], [37.9112578, 53.6682632], [37.8723649, 53.6207217], [37.8694673, 53.6217712], [37.8694452, 53.6231487], [37.8673217, 53.6244081], [37.8555543, 53.6185175], [37.8496263, 53.6164051], [37.8360451, 53.6099754], [37.831754, 53.6118126], [37.8312232, 53.6131247], [37.8269099, 53.6170873], [37.8262021, 53.6188586], [37.8166908, 53.6156966], [37.8211368, 53.6104872], [37.8215128, 53.6080857], [37.8203405, 53.6059858], [37.8194888, 53.5973586], [37.796647, 53.5989963], [37.7695989, 53.5979929], [37.7723195, 53.5900111], [37.7707712, 53.5886852], [37.7677187, 53.5883306], [37.7812526, 53.5807577], [37.779265, 53.5796773], [37.7781369, 53.5776681], [37.7754605, 53.5761183]]]}}, {"type": "Feature", "properties": {"rda_code": "TL-08", "rda_name": "DONSKOY / incl. SEVERO-ZADONSK/", "osm_name": "городской округ Донской", "match_score": 1.0, "match_reason": "alias:донскои"}, "geometry": {"type": "Polygon", "coordinates": [[[38.2448935, 53.9322482], [38.2440198, 53.9284318], [38.24521, 53.9284085], [38.2467144, 53.9269101], [38.2489786, 53.9268951], [38.2496396, 53.9250033], [38.2514069, 53.9244524], [38.2547894, 53.9246541], [38.2552804, 53.9237006], [38.2560055, 53.9237235], [38.2571015, 53.9243687], [38.2590185, 53.9241522], [38.2632156, 53.9257582], [38.2631886, 53.9240885], [38.2665559, 53.9238562], [38.2676356, 53.9228551], [38.269041, 53.9225202], [38.2707577, 53.920511], [38.2732897, 53.9191968], [38.2719997, 53.9163531], [38.2702541, 53.9158678], [38.2645646, 53.9158287], [38.2607559, 53.9175474], [38.2591954, 53.917038], [38.260156, 53.9164068], [38.2607135, 53.9148074], [38.2622745, 53.9145451], [38.2626662, 53.9109365], [38.2528658, 53.9111924], [38.253041, 53.9124027], [38.2501013, 53.9143744], [38.2487817, 53.9123395], [38.2467861, 53.911202], [38.246078, 53.9097737], [38.2480628, 53.9088004], [38.2468797, 53.9069478], [38.25361, 53.9057413], [38.2531285, 53.9065377], [38.2530212, 53.9085223], [38.2549953, 53.9109491], [38.2616043, 53.9104056], [38.2573557, 53.9049576], [38.2538581, 53.9056276], [38.251958, 53.9032115], [38.2535698, 53.902995], [38.2536586, 53.902437], [38.2556553, 53.9016044], [38.2594649, 53.9011292], [38.2585419, 53.8990172], [38.2663824, 53.8969888], [38.2702788, 53.901687], [38.2730498, 53.906205], [38.2678661, 53.907713], [38.2696724, 53.9110846], [38.2705468, 53.9117956], [38.2752031, 53.9101904], [38.2749885, 53.9097606], [38.2809966, 53.9089011], [38.2821124, 53.9105443], [38.2772362, 53.9114038], [38.277086, 53.9122949], [38.27376, 53.9141275], [38.2753758, 53.915285], [38.2790559, 53.9138442], [38.2794422, 53.9131996], [38.2850747, 53.9124192], [38.2853698, 53.9135977], [38.287301, 53.9144066], [38.2875634, 53.9153634], [38.2884227, 53.9152686], [38.290156, 53.918512], [38.2955041, 53.9192226], [38.3043735, 53.9153766], [38.3035663, 53.9126865], [38.3023233, 53.9119253], [38.3018004, 53.9105538], [38.3000309, 53.9100965], [38.300017, 53.909776], [38.3027516, 53.9094267], [38.3031493, 53.9096527], [38.3024022, 53.9104434], [38.3028264, 53.9116173], [38.3040103, 53.9125529], [38.3053077, 53.9162107], [38.3074944, 53.9182679], [38.3092267, 53.9188467], [38.3215396, 53.9193028], [38.323436, 53.9183579], [38.3246961, 53.9171036], [38.3283415, 53.9162051], [38.3333464, 53.9173274], [38.3319673, 53.9200147], [38.326651, 53.9221785], [38.3257859, 53.9227865], [38.3260188, 53.9231932], [38.3207212, 53.9274448], [38.3186625, 53.9280793], [38.3131591, 53.9284881], [38.3123894, 53.9276048], [38.3151431, 53.9266024], [38.31188, 53.92414], [38.3074171, 53.9262236], [38.3102678, 53.9281721], [38.3110264, 53.9280074], [38.3114594, 53.9286305], [38.3064602, 53.9290723], [38.3026003, 53.930189], [38.3019393, 53.9314987], [38.3023792, 53.932244], [38.3044928, 53.9333557], [38.3062309, 53.9328378], [38.3076363, 53.933122], [38.3099108, 53.9355032], [38.307808, 53.9362106], [38.3046215, 53.9352569], [38.3049434, 53.9403599], [38.3068853, 53.9414272], [38.3059734, 53.942065], [38.3035808, 53.9419893], [38.3015638, 53.939179], [38.301199, 53.938118], [38.3033663, 53.9357432], [38.3013063, 53.9313155], [38.3021443, 53.9297279], [38.3029865, 53.9292288], [38.3031153, 53.9260955], [38.3014309, 53.9239601], [38.2982178, 53.9213128], [38.2938159, 53.9219109], [38.2884635, 53.9235676], [38.2833785, 53.9227145], [38.2816575, 53.9242218], [38.2803703, 53.926236], [38.2778071, 53.9275325], [38.2758009, 53.9278687], [38.2718217, 53.9270701], [38.273365, 53.9281233], [38.273841, 53.930153], [38.2700552, 53.9351156], [38.2702314, 53.9382769], [38.2729538, 53.9380994], [38.2746087, 53.9444965], [38.2776865, 53.9463962], [38.278881, 53.9458233], [38.2809604, 53.9471079], [38.2797364, 53.9480626], [38.2778487, 53.9508138], [38.2777455, 53.9517337], [38.2786008, 53.9523412], [38.2784239, 53.9544152], [38.280662, 53.9553332], [38.2852815, 53.9556032], [38.2910065, 53.9570145], [38.2952499, 53.957241], [38.3033624, 53.9566973], [38.3036836, 53.9546528], [38.3081367, 53.9552696], [38.3084311, 53.9561424], [38.3147341, 53.9556868], [38.3149684, 53.9564553], [38.3143074, 53.9566088], [38.3153307, 53.9591208], [38.3218466, 53.9584935], [38.3320281, 53.9550195], [38.3343787, 53.9552556], [38.3356501, 53.9559927], [38.3361379, 53.9556977], [38.3396289, 53.9563712], [38.3388846, 53.956837], [38.3387687, 53.9579684], [38.342278, 53.9579575], [38.342278, 53.9585925], [38.3462744, 53.9595242], [38.3469646, 53.9588827], [38.3503176, 53.9587965], [38.3507724, 53.9582569], [38.3511115, 53.9588464], [38.3552662, 53.9587194], [38.3573285, 53.9591637], [38.3630124, 53.9580892], [38.3773519, 53.9603815], [38.381442, 53.9608665], [38.3840911, 53.9606774], [38.3873308, 53.9601559], [38.4077103, 53.9529323], [38.4111332, 53.9460633], [38.4136498, 53.943062], [38.4141466, 53.9413365], [38.4090129, 53.9414376], [38.4085247, 53.943572], [38.4052468, 53.9436563], [38.4056969, 53.9405776], [38.4026459, 53.9346524], [38.4034836, 53.9324782], [38.40063, 53.9321217], [38.401723, 53.9295281], [38.4013143, 53.9291786], [38.4017801, 53.9280164], [38.3990189, 53.9276815], [38.4003064, 53.926797], [38.4001334, 53.925382], [38.4010511, 53.9251739], [38.4003791, 53.9237822], [38.4008511, 53.9227713], [38.4025034, 53.9221332], [38.4053572, 53.9219437], [38.4056845, 53.9216246], [38.4053894, 53.9211981], [38.4095951, 53.9204084], [38.4098204, 53.9189046], [38.4204438, 53.9190093], [38.420755, 53.9187865], [38.4197293, 53.9182774], [38.4195407, 53.9171249], [38.427398, 53.9174453], [38.429446, 53.9179606], [38.4398609, 53.9179213], [38.4383757, 53.9225836], [38.4353768, 53.9225174], [38.434317, 53.9258323], [38.4330618, 53.9272979], [38.4263348, 53.9301947], [38.4259057, 53.9311801], [38.4269785, 53.9337573], [38.4274292, 53.9365995], [38.4210988, 53.93677], [38.4175584, 53.9377115], [38.4154234, 53.938943], [38.4154019, 53.9409765], [38.4145295, 53.9429231], [38.4118949, 53.9460696], [38.4089445, 53.9537157], [38.4074532, 53.9555338], [38.4009826, 53.9579478], [38.3858013, 53.9623222], [38.3821964, 53.9626126], [38.3703732, 53.9606685], [38.3684635, 53.9683623], [38.3657673, 53.9682139], [38.3657566, 53.9692005], [38.3694065, 53.9706981], [38.3684182, 53.9716236], [38.3698606, 53.9727067], [38.3719796, 53.9737952], [38.3735865, 53.9735023], [38.3708185, 53.9747707], [38.3812932, 53.9797197], [38.3810151, 53.9801894], [38.38508, 53.981585], [38.3838663, 53.9825767], [38.3837137, 53.9833907], [38.3824488, 53.9841839], [38.3894821, 53.9884235], [38.3870555, 53.9894062], [38.3889146, 53.9912318], [38.389958, 53.9959612], [38.3986867, 53.9945946], [38.4019458, 53.9962023], [38.4006467, 53.9970597], [38.400396, 53.9977832], [38.4015355, 53.9981851], [38.4048419, 53.9977813], [38.4017862, 54.0012795], [38.3994956, 54.0029081], [38.4006897, 54.0040239], [38.4074493, 54.0057779], [38.4129444, 54.0029408], [38.4148463, 54.0042171], [38.4028841, 54.0089188], [38.4022204, 54.0100595], [38.4015348, 54.0127253], [38.3995378, 54.0165285], [38.4021275, 54.0165414], [38.4033787, 54.0195982], [38.4001084, 54.0218698], [38.3999496, 54.0233867], [38.403764, 54.0270384], [38.4059077, 54.0286429], [38.4184529, 54.0301157], [38.4185765, 54.0305647], [38.4217936, 54.0308172], [38.4222305, 54.0299688], [38.4310543, 54.0310015], [38.4310486, 54.0319936], [38.4377648, 54.0340604], [38.4399472, 54.0341796], [38.442743, 54.0332917], [38.4470288, 54.0328259], [38.4473135, 54.0360011], [38.4466054, 54.036606], [38.4466641, 54.0375689], [38.4411337, 54.0378157], [38.4405973, 54.037173], [38.435426, 54.0369588], [38.4352758, 54.0353458], [38.4245157, 54.0353914], [38.4241901, 54.0400079], [38.4209292, 54.0394956], [38.4117689, 54.0418352], [38.4092161, 54.0420749], [38.4111423, 54.0438532], [38.4135716, 54.04755], [38.4097634, 54.0491045], [38.4073148, 54.0468183], [38.4021077, 54.048303], [38.4012922, 54.0472024], [38.3993807, 54.0468118], [38.3961316, 54.0470449], [38.3938249, 54.0462575], [38.3975693, 54.0460623], [38.3984417, 54.0457247], [38.3982954, 54.0441466], [38.4013244, 54.0434543], [38.3998652, 54.0420935], [38.3956653, 54.0400919], [38.3885895, 54.0424163], [38.3804273, 54.0416035], [38.3836118, 54.0389256], [38.3813461, 54.0376667], [38.3775204, 54.0404319], [38.3764041, 54.0398191], [38.3853088, 54.0308825], [38.3724053, 54.0254413], [38.3689255, 54.0278534], [38.3652395, 54.0282832], [38.3666818, 54.0246353], [38.3635993, 54.0239289], [38.3634569, 54.0231231], [38.3556716, 54.0200295], [38.3462188, 54.0192441], [38.3426299, 54.0184865], [38.3430623, 54.0165187], [38.3417041, 54.0161106], [38.3422872, 54.0150723], [38.3419423, 54.0140715], [38.3387473, 54.0123712], [38.3369656, 54.0107224], [38.3342884, 54.0102223], [38.3247321, 54.0058282], [38.3254996, 54.0054811], [38.3202249, 54.0015244], [38.3212865, 54.0005411], [38.3197653, 53.9996305], [38.3206471, 53.9988991], [38.3194126, 53.9994059], [38.3149049, 53.9969413], [38.312754, 53.9920514], [38.3032011, 53.9862759], [38.3070778, 53.9836715], [38.3074639, 53.9825079], [38.3073504, 53.9792224], [38.3009722, 53.9801437], [38.2984534, 53.9812431], [38.2839271, 53.9751505], [38.2845381, 53.9741162], [38.2773492, 53.9701313], [38.277319, 53.969591], [38.2805269, 53.9678905], [38.2842513, 53.9690855], [38.2897472, 53.9645219], [38.2900704, 53.9620158], [38.2714935, 53.960214], [38.2692483, 53.9606401], [38.2687395, 53.954781], [38.2693781, 53.9511741], [38.2560672, 53.9488811], [38.2570336, 53.9458802], [38.2612741, 53.9446152], [38.2624787, 53.9429174], [38.2593403, 53.9390012], [38.2599624, 53.9365696], [38.2594108, 53.9361805], [38.2599435, 53.9355195], [38.2670366, 53.9332317], [38.2611398, 53.9321065], [38.2587888, 53.9332941], [38.254112, 53.9333248], [38.253755, 53.9325682], [38.2448935, 53.9322482]]]}}, {"type": "Feature", "properties": {"rda_code": "TL-20", "rda_name": "DUBENSKII AREA", "osm_name": "Дубенский муниципальный округ", "match_score": 1.0, "match_reason": "alias:дубенскии"}, "geometry": {"type": "Polygon", "coordinates": [[[36.6658091, 54.1487283], [36.6642259, 54.1471462], [36.6677781, 54.1447816], [36.6658786, 54.1426766], [36.666152, 54.1389633], [36.66946, 54.1382366], [36.6727436, 54.1389563], [36.6735262, 54.1380078], [36.6722464, 54.1373996], [36.6729445, 54.1363748], [36.6724328, 54.1354937], [36.6726825, 54.1350345], [36.6748293, 54.1350964], [36.6751839, 54.1353395], [36.6747838, 54.1358488], [36.6784653, 54.1368235], [36.680372, 54.1385865], [36.6815665, 54.1387718], [36.682118, 54.1400399], [36.6847368, 54.1383308], [36.68647, 54.1381752], [36.6898503, 54.1390581], [36.6928171, 54.1391532], [36.696952, 54.140442], [36.698268, 54.1397653], [36.7034136, 54.1400399], [36.7084346, 54.1404035], [36.7120408, 54.1414329], [36.7191422, 54.1373261], [36.7340532, 54.1310977], [36.7350314, 54.1313373], [36.743512, 54.1281642], [36.7383739, 54.1270199], [36.7292305, 54.1240963], [36.7415034, 54.1154396], [36.7409595, 54.1138741], [36.7506416, 54.1133608], [36.7534683, 54.1182721], [36.7513793, 54.1199499], [36.7540415, 54.1210154], [36.7560103, 54.1225918], [36.7596426, 54.1230474], [36.7630497, 54.1217361], [36.7657872, 54.1176048], [36.7637568, 54.1118837], [36.7624264, 54.1113147], [36.7675852, 54.1106364], [36.7732673, 54.1071897], [36.7760462, 54.1033671], [36.7808425, 54.098331], [36.7807157, 54.0954395], [36.7839467, 54.0914999], [36.7832764, 54.0897713], [36.7837388, 54.0863047], [36.7911881, 54.0822657], [36.7898649, 54.0797181], [36.7913315, 54.0764548], [36.7923986, 54.0753681], [36.7958754, 54.073939], [36.7951175, 54.0688607], [36.7961495, 54.0635509], [36.8078641, 54.0577971], [36.8075004, 54.053127], [36.8039162, 54.051787], [36.8009528, 54.0499449], [36.8009528, 54.0476422], [36.8049824, 54.0455779], [36.8057466, 54.0408356], [36.8103268, 54.0404984], [36.8095817, 54.0379694], [36.8117725, 54.0370841], [36.8119715, 54.0350502], [36.8142883, 54.0315708], [36.8173511, 54.0306877], [36.8172518, 54.0291135], [36.8247251, 54.0246374], [36.823353, 54.0216894], [36.828843, 54.018703], [36.8295414, 54.0147762], [36.8321562, 54.0138031], [36.8371125, 54.0131765], [36.8480189, 54.0104139], [36.8537538, 54.0105165], [36.861856, 54.0064346], [36.8719776, 54.0049238], [36.9007345, 54.0037391], [36.9081353, 53.9992193], [36.9137211, 54.0022748], [36.9244515, 54.0028832], [36.9553148, 54.0025671], [36.9654734, 54.0002038], [36.9774534, 54.0046323], [36.9786619, 54.0093014], [36.9913018, 54.0150074], [37.0040464, 54.0186007], [37.0147449, 54.0203081], [37.0189372, 54.0228418], [37.0136629, 54.0276349], [37.0122219, 54.0331242], [37.0266105, 54.0422171], [37.0399207, 54.0469977], [37.0444161, 54.047545], [37.0555337, 54.0519619], [37.0584078, 54.0516474], [37.0640495, 54.0555041], [37.077103, 54.0519074], [37.0879681, 54.0508155], [37.0964836, 54.0530637], [37.1094601, 54.0520006], [37.1270399, 54.0590894], [37.1452566, 54.0605071], [37.1431351, 54.0635734], [37.1455958, 54.0660328], [37.1457118, 54.0678492], [37.1462549, 54.0680432], [37.1471255, 54.0674325], [37.1494791, 54.0671784], [37.1773891, 54.066838], [37.1806108, 54.0672045], [37.1818451, 54.0677797], [37.1819177, 54.0683762], [37.1793402, 54.0698888], [37.1794792, 54.0706173], [37.1857965, 54.0691823], [37.1925018, 54.0688324], [37.2013039, 54.0688449], [37.2113541, 54.0699599], [37.216776, 54.0700096], [37.2164096, 54.0709157], [37.2214348, 54.0723594], [37.2215134, 54.0739258], [37.2225603, 54.0749394], [37.2231361, 54.0773349], [37.2181632, 54.0835075], [37.2211341, 54.084754], [37.2222169, 54.0858496], [37.2215721, 54.0867346], [37.2229288, 54.0877842], [37.2256749, 54.0887887], [37.2282399, 54.0888194], [37.2285845, 54.0880449], [37.2337363, 54.0871921], [37.2379241, 54.0874531], [37.2402535, 54.0856723], [37.2415098, 54.0864245], [37.241379, 54.0871921], [37.2422165, 54.0876527], [37.2419024, 54.0885738], [37.2398871, 54.0897712], [37.2409078, 54.090769], [37.240332, 54.0913984], [37.2411696, 54.0919971], [37.2345215, 54.0943916], [37.2338934, 54.0962949], [37.2324277, 54.097753], [37.2313022, 54.0997636], [37.2337887, 54.1007612], [37.2353853, 54.1033394], [37.2338934, 54.1044289], [37.2344816, 54.1053346], [37.2413266, 54.1047359], [37.2426876, 54.1059481], [37.2435775, 54.1079276], [37.2468492, 54.1106588], [37.2557251, 54.1111719], [37.254882, 54.1132336], [37.2533743, 54.1145449], [37.2570798, 54.1159398], [37.2534972, 54.1196951], [37.2533402, 54.1211524], [37.2514034, 54.1218733], [37.2481579, 54.120186], [37.2464828, 54.1202167], [37.2446506, 54.1215665], [37.2435252, 54.1277785], [37.2425829, 54.1283613], [37.2423474, 54.1296496], [37.2414313, 54.1302324], [37.241536, 54.1325481], [37.2383428, 54.1363051], [37.2365631, 54.1376084], [37.236406, 54.1386817], [37.2382905, 54.1390344], [37.2384214, 54.140491], [37.2397824, 54.1413189], [37.2391019, 54.1443086], [37.243656, 54.1456883], [37.2433326, 54.1480577], [37.2414051, 54.148555], [37.2406928, 54.1481286], [37.2310964, 54.1478468], [37.2261855, 54.1533526], [37.2257964, 54.1560729], [37.2234762, 54.1559917], [37.2232207, 54.1576045], [37.221774, 54.1573816], [37.2202323, 54.1586036], [37.2200332, 54.1593408], [37.2206249, 54.1599484], [37.219826, 54.1613691], [37.2202854, 54.1624698], [37.2153043, 54.1639877], [37.2135601, 54.1625474], [37.2115728, 54.1628905], [37.2108898, 54.1651178], [37.2096632, 54.1654244], [37.2109602, 54.1667856], [37.2214902, 54.1671859], [37.2240682, 54.1762812], [37.2269598, 54.176689], [37.2320462, 54.1790134], [37.2341016, 54.1790134], [37.2379869, 54.1769497], [37.242428, 54.1774842], [37.2433338, 54.1787076], [37.2416267, 54.1796455], [37.2409648, 54.1811135], [37.2367842, 54.1836211], [37.2358784, 54.1869033], [37.2361419, 54.1890989], [37.2436891, 54.1883199], [37.2466181, 54.1895319], [37.2491629, 54.1915482], [37.2513118, 54.1914083], [37.2523569, 54.1920605], [37.2544124, 54.1920197], [37.2548365, 54.1945795], [37.2534392, 54.1956779], [37.2524204, 54.19515], [37.247559, 54.197004], [37.247126, 54.1951741], [37.2452881, 54.1944659], [37.2404989, 54.1957479], [37.2285072, 54.1951778], [37.2258196, 54.1938566], [37.2233999, 54.1934813], [37.2216085, 54.194387], [37.2199718, 54.1944813], [37.2194053, 54.193515], [37.217168, 54.1922265], [37.2151321, 54.1925487], [37.2175859, 54.2027637], [37.2177955, 54.2080299], [37.2191019, 54.2090792], [37.221558, 54.2093542], [37.2211051, 54.2127464], [37.2284565, 54.2183176], [37.2273972, 54.2198876], [37.2276189, 54.2213999], [37.226535, 54.2229697], [37.2229852, 54.2240607], [37.2225935, 54.2257348], [37.2247219, 54.2271091], [37.2236875, 54.2277289], [37.2212632, 54.2259796], [37.2179622, 54.2268293], [37.1869692, 54.223712], [37.1810352, 54.222398], [37.1783008, 54.222336], [37.1759605, 54.2229841], [37.1760344, 54.2236466], [37.17431, 54.2253028], [37.1531446, 54.2426784], [37.1531937, 54.2459317], [37.1628739, 54.2508069], [37.1723402, 54.2511399], [37.1760366, 54.2527363], [37.1789577, 54.2552842], [37.1881937, 54.2584993], [37.1884155, 54.2593605], [37.1827455, 54.2658473], [37.1818405, 54.2675099], [37.1813278, 54.2686707], [37.1814047, 54.2723542], [37.1802986, 54.2745417], [37.1778309, 54.2736983], [37.1708892, 54.2752607], [37.1637038, 54.2777195], [37.1621182, 54.2774484], [37.1569023, 54.2781006], [37.1536712, 54.2774887], [37.1371844, 54.2786199], [37.1253547, 54.2744351], [37.1207976, 54.2743659], [37.1200444, 54.2816748], [37.1175531, 54.2829425], [37.1131112, 54.2839702], [37.1118436, 54.2852483], [37.1119973, 54.2876025], [37.1040664, 54.2885311], [37.0879398, 54.2946652], [37.0775269, 54.2979649], [37.0739668, 54.2976256], [37.0654451, 54.2896867], [37.0642328, 54.2864337], [37.0612616, 54.2843438], [37.0577638, 54.2794144], [37.0584795, 54.2755892], [37.0539713, 54.2730032], [37.050269, 54.2719036], [37.0479732, 54.2745483], [37.0453394, 54.2758267], [37.0297871, 54.2803794], [37.0307941, 54.2831228], [37.0238825, 54.2846542], [37.0198395, 54.2861546], [37.0134626, 54.284097], [37.0100806, 54.2887143], [36.9937545, 54.2865023], [36.9855821, 54.2866209], [36.9804346, 54.2884341], [36.9780323, 54.2904211], [36.971292, 54.2903604], [36.9630242, 54.2929019], [36.9584744, 54.2906127], [36.9556768, 54.2915412], [36.9514803, 54.2916532], [36.9454462, 54.289428], [36.9364079, 54.2890672], [36.9262468, 54.2917333], [36.906197, 54.2889797], [36.9020006, 54.2896041], [36.899395, 54.2886435], [36.8965973, 54.2883073], [36.8918249, 54.2860819], [36.8891918, 54.28336], [36.8884513, 54.281967], [36.8863942, 54.2814385], [36.8842548, 54.2792128], [36.8716655, 54.2823512], [36.8651102, 54.2865302], [36.8600909, 54.2858898], [36.8540413, 54.2858842], [36.8497087, 54.2846121], [36.8454445, 54.2880832], [36.8405075, 54.2869945], [36.8407543, 54.2856816], [36.8391361, 54.2853134], [36.8379567, 54.2836162], [36.8363659, 54.2829117], [36.8338974, 54.279549], [36.8297558, 54.2790526], [36.818867, 54.2789405], [36.8219717, 54.2762252], [36.821809, 54.2723], [36.828206, 54.2681212], [36.8282603, 54.2673297], [36.8267965, 54.2665698], [36.8262544, 54.2623905], [36.8115088, 54.2514333], [36.8131894, 54.2463972], [36.8228391, 54.2406634], [36.8264171, 54.2309681], [36.8286939, 54.2274823], [36.8337899, 54.2252956], [36.8366631, 54.2248836], [36.8578599, 54.2177204], [36.8579141, 54.216294], [36.8443069, 54.2174034], [36.8375847, 54.2174668], [36.8283995, 54.2141416], [36.8265345, 54.214108], [36.823785, 54.2155399], [36.8204303, 54.2142999], [36.8103704, 54.2223164], [36.8090467, 54.2223507], [36.8078224, 54.2202245], [36.8053829, 54.2188615], [36.799528, 54.2171816], [36.7897699, 54.2107463], [36.7889025, 54.2073222], [36.7911794, 54.2042149], [36.7950284, 54.2010122], [36.799033, 54.1991016], [36.8001426, 54.1961562], [36.8000561, 54.1948703], [36.7998168, 54.1940603], [36.7982811, 54.1929886], [36.7974679, 54.1912441], [36.7977951, 54.1897796], [36.7987238, 54.1882216], [36.8028304, 54.1861714], [36.8027488, 54.1842865], [36.7961126, 54.1819496], [36.7887862, 54.1781338], [36.7871389, 54.1777956], [36.7856498, 54.1779203], [36.784674, 54.1788086], [36.7836597, 54.1790023], [36.7738938, 54.1775859], [36.7691913, 54.1783195], [36.7635856, 54.1775395], [36.7589776, 54.1782375], [36.7542611, 54.1780789], [36.7505747, 54.1792846], [36.7503851, 54.1816146], [36.7442128, 54.1832775], [36.7421719, 54.1829965], [36.7395238, 54.1809756], [36.7413298, 54.1770031], [36.7410205, 54.1762882], [36.7396952, 54.1765815], [36.7387433, 54.1758661], [36.7320878, 54.1748871], [36.7325489, 54.1733908], [36.7382407, 54.1716235], [36.7378034, 54.16694], [36.7313588, 54.16702], [36.7286189, 54.1690988], [36.7247225, 54.1711872], [36.7197683, 54.1749608], [36.7170052, 54.1758539], [36.7152886, 54.177287], [36.7022495, 54.1735169], [36.6955735, 54.1723681], [36.691704, 54.1661625], [36.690433, 54.1596643], [36.6889575, 54.158747], [36.6748994, 54.1545754], [36.672473, 54.1527252], [36.6624742, 54.1507607], [36.6658091, 54.1487283]]]}}, {"type": "Feature", "properties": {"rda_code": "TL-21", "rda_name": "CITY EFREMOV", "osm_name": "Ефремовский муниципальный округ", "match_score": 1.0, "match_reason": "alias:efremovskii"}, "geometry": {"type": "Polygon", "coordinates": [[[37.8372918, 53.0812868], [37.8226243, 53.0768837], [37.8186858, 53.0720362], [37.8199989, 53.0680976], [37.8331285, 53.0454255], [37.831532, 53.0388945], [37.8360544, 53.0302497], [37.8452374, 53.0154552], [37.856313, 53.0114057], [37.8896715, 53.0136889], [37.8999653, 53.0240809], [37.9118601, 53.0320744], [37.9250366, 53.055766], [37.9399314, 53.054855], [37.9839849, 53.0507202], [37.9852814, 53.055136], [38.0062042, 53.0522626], [38.0045924, 53.0449028], [38.0114615, 53.0451131], [38.0218353, 53.044132], [38.0426529, 53.0435716], [38.0815542, 53.0467263], [38.0964839, 53.0486892], [38.1069978, 53.050722], [38.1222778, 53.0544372], [38.1224882, 53.0518437], [38.124451, 53.0486195], [38.1271146, 53.0463766], [38.1319513, 53.039858], [38.131671, 53.0371244], [38.1243115, 53.0308159], [38.1256433, 53.0299748], [38.1269051, 53.0280823], [38.1323022, 53.0278721], [38.1472314, 53.0411199], [38.1562734, 53.0409798], [38.1645448, 53.0305361], [38.167629, 53.0277324], [38.1759001, 53.0236672], [38.1807366, 53.0224056], [38.1858535, 53.0196019], [38.189288, 53.0195319], [38.193108, 53.0212843], [38.1994165, 53.0184806], [38.203482, 53.0147658], [38.2034822, 53.0104901], [38.2175359, 53.0078969], [38.2220922, 53.0018689], [38.2262978, 53.0017989], [38.2308216, 52.9945226], [38.2466947, 53.00236], [38.2463441, 53.0063553], [38.2490076, 53.0073366], [38.2576989, 53.0129442], [38.2660787, 53.0197343], [38.2746397, 53.0115237], [38.2891358, 53.0067765], [38.3073994, 53.0025009], [38.3079218, 52.9782489], [38.3200129, 52.9762865], [38.323378, 52.9614969], [38.3267429, 52.9503522], [38.3269533, 52.9463569], [38.3440906, 52.9567309], [38.3618591, 52.958133], [38.3717412, 52.9802125], [38.3724069, 52.9853293], [38.3706544, 52.9899554], [38.3733179, 52.9907965], [38.3835164, 52.9911471], [38.3925584, 52.9900959], [38.4147427, 52.9912177], [38.4117286, 52.9936008], [38.4415879, 53.0005405], [38.4583398, 53.0085313], [38.4644728, 53.0103538], [38.4643324, 53.0149099], [38.4676963, 53.0284379], [38.4709555, 53.0319425], [38.4827308, 53.0393726], [38.4921935, 53.0364989], [38.4923338, 53.0332045], [38.4946469, 53.0316625], [38.4996237, 53.025915], [38.4986425, 53.025214], [38.501166, 53.0196066], [38.5053718, 53.0151208], [38.5199509, 53.019677], [38.529589, 53.0124576], [38.5288881, 53.0108454], [38.5319723, 53.0081819], [38.5321827, 53.0056586], [38.5348462, 53.0046072], [38.5312716, 53.002925], [38.5295195, 52.9974577], [38.5302906, 52.9950745], [38.5295197, 52.9922007], [38.5351271, 52.9919905], [38.5368094, 52.9914999], [38.5352081, 52.9893158], [38.5465874, 52.9901683], [38.5466573, 52.9936729], [38.5549985, 52.9916403], [38.5658629, 52.9910798], [38.5624281, 52.9956358], [38.5561883, 53.034327], [38.5618659, 53.0328551], [38.5685248, 53.0303319], [38.5718543, 53.0276684], [38.5786534, 53.0264769], [38.5857327, 53.0268976], [38.5895878, 53.0283696], [38.590569, 53.0304724], [38.589938, 53.0336266], [38.5882557, 53.0358695], [38.6025543, 53.0430192], [38.6042366, 53.042108], [38.6104048, 53.0423184], [38.6255798, 53.0444915], [38.6338509, 53.0407066], [38.6379161, 53.0439309], [38.6384767, 53.0495384], [38.6364439, 53.0516411], [38.628313, 53.0539541], [38.6237569, 53.0559867], [38.6229155, 53.0623652], [38.6163095, 53.0692002], [38.623616, 53.0723184], [38.6345504, 53.0756129], [38.6399474, 53.0782765], [38.6409285, 53.0827625], [38.6461503, 53.0871083], [38.6467108, 53.0925756], [38.6505109, 53.0958078], [38.6507057, 53.1022485], [38.6562428, 53.1074354], [38.658836, 53.1127625], [38.6554714, 53.116898], [38.6555414, 53.1185802], [38.6710489, 53.1295685], [38.6686129, 53.1375756], [38.6654954, 53.1400412], [38.6613231, 53.1412904], [38.6550147, 53.1423417], [38.6395945, 53.1390471], [38.637772, 53.1407293], [38.6376316, 53.1450751], [38.6352834, 53.1467573], [38.6338814, 53.1511731], [38.6294654, 53.1552384], [38.6273975, 53.1595141], [38.6176545, 53.1614765], [38.6130983, 53.1637895], [38.6056685, 53.1626679], [38.5891968, 53.161406], [38.583309, 53.1602844], [38.5833089, 53.1636489], [38.5819068, 53.1691161], [38.579173, 53.1743731], [38.5808551, 53.1766862], [38.580925, 53.1813824], [38.5775602, 53.1884617], [38.6083309, 53.1899341], [38.6085409, 53.1977846], [38.6129917, 53.2000977], [38.618529, 53.2010791], [38.6240664, 53.1988362], [38.6264491, 53.2109623], [38.6368929, 53.2115933], [38.6434437, 53.215751], [38.6113081, 53.2330414], [38.6214013, 53.2366863], [38.6255363, 53.2495835], [38.6167046, 53.249303], [38.6047887, 53.2510552], [38.5952209, 53.25484], [38.5975339, 53.2561718], [38.5825337, 53.2633211], [38.5697071, 53.255891], [38.5641695, 53.2614984], [38.5645192, 53.2788114], [38.55001, 53.2796523], [38.5677429, 53.2938814], [38.5289111, 53.3022219], [38.5202942, 53.2998169], [38.518353, 53.2974513], [38.5005797, 53.3028797], [38.4670372, 53.3098079], [38.4635795, 53.323939], [38.4596467, 53.3235283], [38.4570714, 53.319587], [38.4544616, 53.3183962], [38.4413324, 53.3187284], [38.4367596, 53.317135], [38.4341868, 53.3131932], [38.4308487, 53.3174999], [38.4327756, 53.3206528], [38.4373279, 53.3238181], [38.4399067, 53.3273669], [38.4346404, 53.3285209], [38.4306814, 53.3300739], [38.4306081, 53.335575], [38.4344897, 53.3399161], [38.4486243, 53.3639528], [38.4472901, 53.3655184], [38.4413624, 53.3666697], [38.4380931, 53.3654755], [38.4231908, 53.350079], [38.4160263, 53.3457216], [38.4094872, 53.3437246], [38.4015917, 53.3448641], [38.3753218, 53.3451225], [38.371359, 53.3466735], [38.3640191, 53.3544939], [38.3514693, 53.3591419], [38.3382843, 53.3622132], [38.3163374, 53.3789868], [38.3083692, 53.3840494], [38.3031116, 53.3840189], [38.3011312, 53.3807974], [38.2977528, 53.3795472], [38.2959474, 53.3775689], [38.2937801, 53.376319], [38.2942493, 53.373557], [38.2967518, 53.3691339], [38.2997236, 53.3690406], [38.3099888, 53.3627192], [38.3134248, 53.3614434], [38.3034773, 53.3588859], [38.2909992, 53.3590707], [38.2877741, 53.3596514], [38.2828004, 53.3529302], [38.2796722, 53.3476459], [38.2725714, 53.3391672], [38.2594019, 53.3220179], [38.2309874, 53.3265364], [38.2291105, 53.3284607], [38.2183497, 53.3326079], [38.2173174, 53.3334859], [38.2061187, 53.3372964], [38.2030844, 53.3414054], [38.1728354, 53.3355406], [38.1645771, 53.3325892], [38.1580393, 53.335111], [38.1557558, 53.3375392], [38.1524713, 53.3386225], [38.1457145, 53.339407], [38.1409597, 53.338884], [38.1388639, 53.3395564], [38.135986, 53.3393322], [38.1336399, 53.3407331], [38.1299487, 53.3417043], [38.1281657, 53.3414428], [38.1271021, 53.3406583], [38.1260386, 53.3408078], [38.1258822, 53.3417415], [38.126977, 53.3457754], [38.1246309, 53.3536926], [38.1236033, 53.3540239], [38.1099287, 53.3538233], [38.1092718, 53.3556717], [38.1076452, 53.3577814], [38.1064252, 53.357688], [38.1057996, 53.3567173], [38.101733, 53.3553543], [38.103735, 53.3527965], [38.0918168, 53.3599657], [38.0861236, 53.3614964], [38.0843406, 53.3607124], [38.0794607, 53.3598537], [38.0759885, 53.3567733], [38.0748936, 53.3537486], [38.0752064, 53.3493235], [38.0777402, 53.3444309], [38.0757695, 53.3431983], [38.0658846, 53.3422084], [38.0626939, 53.3426006], [38.0620683, 53.3408264], [38.0594659, 53.3437096], [38.0597222, 53.344711], [38.0590027, 53.3452526], [38.0565315, 53.344767], [38.05503, 53.346485], [38.0534659, 53.3473627], [38.0498373, 53.345346], [38.040015, 53.3450472], [38.0347597, 53.342638], [38.0323823, 53.3370723], [38.0308808, 53.3364372], [38.0291291, 53.3368855], [38.0282845, 53.3363064], [38.0291916, 53.3344011], [38.0267204, 53.3318981], [38.0193693, 53.3332057], [38.0169606, 53.3303849], [38.012331, 53.3192307], [38.0083896, 53.3190626], [38.0074824, 53.3179975], [38.0006943, 53.3158484], [37.9925925, 53.3150262], [37.9851467, 53.3133968], [37.9745662, 53.3088301], [37.9689941, 53.3077342], [37.9630421, 53.3078922], [37.9592195, 53.3068111], [37.9539775, 53.3065557], [37.9484114, 53.3052493], [37.9495174, 53.3029537], [37.9541669, 53.2988032], [37.9508492, 53.291439], [37.9477895, 53.2878493], [37.9446994, 53.2855167], [37.9443859, 53.284047], [37.9501802, 53.2759248], [37.9502162, 53.2744581], [37.946135, 53.2698115], [37.9402997, 53.2618631], [37.9390837, 53.2545174], [37.9401889, 53.2522221], [37.9374876, 53.2484257], [37.9427793, 53.2463771], [37.9407508, 53.2436347], [37.9317321, 53.2410393], [37.9275274, 53.2275891], [37.9308684, 53.2196555], [37.9416488, 53.2214285], [37.9579624, 53.2110939], [37.9681799, 53.2072011], [37.9796532, 53.1989065], [37.9791516, 53.1941664], [37.9780707, 53.1906924], [37.9762937, 53.1811641], [37.9754095, 53.1798837], [37.9684481, 53.1788339], [37.9675185, 53.1780149], [37.9668794, 53.1758052], [37.9622191, 53.179822], [37.9588497, 53.181128], [37.9547786, 53.181302], [37.9505282, 53.1828163], [37.9331931, 53.1827102], [37.9211275, 53.1750453], [37.9200076, 53.1741763], [37.9207382, 53.1713499], [37.9247105, 53.1658903], [37.9271891, 53.1638422], [37.9158414, 53.1615937], [37.9150974, 53.1609102], [37.9153365, 53.1599258], [37.9075072, 53.1599526], [37.9083815, 53.1535028], [37.909461, 53.1520371], [37.8973091, 53.1498807], [37.8903143, 53.1462224], [37.890665, 53.1445129], [37.8966673, 53.1392828], [37.8949169, 53.1345683], [37.8991786, 53.1326865], [37.8964415, 53.1313881], [37.8843494, 53.1188324], [37.8882398, 53.1165636], [37.887271, 53.1136205], [37.8810357, 53.1123045], [37.8755246, 53.1099472], [37.8736397, 53.1079736], [37.8743723, 53.1046014], [37.8771087, 53.1026272], [37.8796438, 53.0988787], [37.8823939, 53.0966386], [37.8812175, 53.0953807], [37.8621233, 53.0899101], [37.8618196, 53.0882307], [37.8641054, 53.0859743], [37.8646485, 53.0838759], [37.8605661, 53.0829794], [37.8562852, 53.0837939], [37.8510049, 53.0839462], [37.8449131, 53.0826186], [37.8425111, 53.0813377], [37.8372918, 53.0812868]]]}}, {"type": "Feature", "properties": {"rda_code": "TL-15", "rda_name": "ARSENYEVSKY AREA /incl. SLAVNY /", "osm_name": "городской округ Славный", "match_score": 1.0, "match_reason": "alias:славныи"}, "geometry": {"type": "Polygon", "coordinates": [[[36.5327322, 53.5113693], [36.5425048, 53.510751], [36.5657136, 53.5063334], [36.5693774, 53.5111334], [36.5700257, 53.5157164], [36.565107, 53.5257162], [36.5655569, 53.5283499], [36.5586483, 53.5385466], [36.5547325, 53.5401756], [36.5508167, 53.5429097], [36.549642, 53.5445967], [36.5437682, 53.5424444], [36.5096027, 53.5509948], [36.507705, 53.5556745], [36.498051, 53.5552403], [36.5046756, 53.5635122], [36.4909033, 53.5646029], [36.4864746, 53.5592778], [36.4701113, 53.5592213], [36.4588219, 53.5586682], [36.4590655, 53.5479455], [36.4689761, 53.5324376], [36.4788635, 53.5302264], [36.4846782, 53.524819], [36.4856473, 53.5167526], [36.5018454, 53.5185635], [36.5179051, 53.5139537], [36.5284269, 53.5129658], [36.5327322, 53.5113693]]]}}, {"type": "Feature", "properties": {"rda_code": "TL-22", "rda_name": "ZAOKSKY AREA", "osm_name": "Заокский район", "match_score": 1.0, "match_reason": "alias:заокскии"}, "geometry": {"type": "Polygon", "coordinates": [[[37.2061106, 54.7449993], [37.2103518, 54.7412124], [37.2034042, 54.7391507], [37.1968275, 54.7355453], [37.1954048, 54.7328248], [37.1982427, 54.7284147], [37.2040398, 54.7249826], [37.2078095, 54.7237746], [37.2069207, 54.7221404], [37.2286527, 54.7193883], [37.2331281, 54.7179539], [37.243221, 54.7132141], [37.2459516, 54.710261], [37.2460417, 54.709282], [37.2453914, 54.7082766], [37.2419412, 54.7049353], [37.229891, 54.6965224], [37.2177147, 54.6833277], [37.2126698, 54.6785105], [37.2093839, 54.6738395], [37.2269827, 54.6699341], [37.2258639, 54.6679035], [37.2327851, 54.6648696], [37.2362189, 54.665537], [37.2457027, 54.6624867], [37.2460031, 54.6609229], [37.2483634, 54.6605754], [37.2495056, 54.6617256], [37.2514787, 54.6605982], [37.2524833, 54.6578944], [37.2528334, 54.6552754], [37.2540282, 54.6531775], [37.2532129, 54.6527057], [37.2543287, 54.6518616], [37.2537546, 54.6511273], [37.2589681, 54.6487359], [37.2618834, 54.6459791], [37.2587918, 54.6450084], [37.2584056, 54.6442385], [37.2564744, 54.6438412], [37.2539853, 54.6411591], [37.2480587, 54.6382616], [37.2476305, 54.6385033], [37.2448804, 54.635942], [37.2442906, 54.6338588], [37.2452667, 54.6330855], [37.2496011, 54.6318063], [37.2516564, 54.6322103], [37.2514894, 54.6316821], [37.2531416, 54.6318187], [37.255502, 54.6336072], [37.2572615, 54.6339549], [37.2579417, 54.6338583], [37.2587324, 54.6329523], [37.2611239, 54.6326012], [37.2616603, 54.6310486], [37.2569182, 54.6304152], [37.2521331, 54.6291234], [37.2545364, 54.627136], [37.2521916, 54.6254695], [37.2535493, 54.6237447], [37.2532554, 54.6214125], [37.2550943, 54.621111], [37.2556093, 54.6221297], [37.2583988, 54.6213595], [37.2596433, 54.6226018], [37.2606733, 54.6224279], [37.2610595, 54.6229745], [37.2621324, 54.6223036], [37.2635057, 54.6221794], [37.2673193, 54.6242039], [37.2695568, 54.6233472], [37.2741391, 54.6263915], [37.2788182, 54.6246929], [37.2812563, 54.6222717], [37.2842767, 54.6220303], [37.2918776, 54.6202678], [37.2928169, 54.618825], [37.2938898, 54.6185517], [37.2941902, 54.617334], [37.2963788, 54.6168868], [37.2990825, 54.616688], [37.3011854, 54.619471], [37.3032119, 54.6201817], [37.3038461, 54.6216328], [37.3062367, 54.6228436], [37.3118942, 54.6166202], [37.3324447, 54.6210089], [37.3394498, 54.6104603], [37.3442957, 54.611419], [37.3473144, 54.6066894], [37.3456566, 54.6050845], [37.3424967, 54.6047187], [37.3396643, 54.6054396], [37.3340422, 54.6034532], [37.3294201, 54.6026833], [37.3294505, 54.601686], [37.327648, 54.6004431], [37.3272189, 54.5990757], [37.3256739, 54.5982305], [37.3216298, 54.5977942], [37.3216399, 54.5938547], [37.3159322, 54.5942276], [37.3133143, 54.5927358], [37.3125418, 54.5884589], [37.309409, 54.5888567], [37.3082217, 54.5882225], [37.305509, 54.5884358], [37.3050746, 54.5866187], [37.3063559, 54.5828177], [37.3141147, 54.5830133], [37.3367461, 54.5750036], [37.3399388, 54.575486], [37.3409624, 54.5730213], [37.3442957, 54.5716706], [37.3451725, 54.570336], [37.3442563, 54.5694311], [37.339321, 54.569854], [37.3370465, 54.5671422], [37.338291, 54.5650273], [37.3399551, 54.5644115], [37.3409947, 54.5628626], [37.3441111, 54.5611027], [37.3427542, 54.5595779], [37.3405022, 54.557823], [37.3359307, 54.5595282], [37.3341283, 54.5620415], [37.334195, 54.5631015], [37.3323045, 54.5640483], [37.3253495, 54.5600731], [37.3254798, 54.5556568], [37.3285493, 54.5519376], [37.3299449, 54.5490689], [37.328163, 54.5481294], [37.3268756, 54.5485774], [37.3228415, 54.5461878], [37.3220791, 54.5449166], [37.319065, 54.544744], [37.3188825, 54.5464827], [37.31619, 54.5489374], [37.3110127, 54.5464531], [37.3029711, 54.544873], [37.3029495, 54.5418514], [37.2941685, 54.5410527], [37.2899015, 54.5394201], [37.2871824, 54.5361855], [37.2867926, 54.5351338], [37.2848185, 54.5339884], [37.2837958, 54.5326013], [37.2769316, 54.5280474], [37.2776087, 54.5271403], [37.2712747, 54.5255874], [37.2691544, 54.524301], [37.264991, 54.5236413], [37.2642775, 54.5230738], [37.2666528, 54.5208757], [37.2678834, 54.5177137], [37.2700665, 54.5170359], [37.2824582, 54.5183231], [37.2856105, 54.5193573], [37.2883828, 54.5172111], [37.2894319, 54.5155954], [37.2911969, 54.5154006], [37.2964657, 54.5163712], [37.2988933, 54.515893], [37.3128055, 54.5155775], [37.3222308, 54.5165908], [37.3214261, 54.5143517], [37.3193225, 54.5130792], [37.3171673, 54.5107466], [37.3170479, 54.5087441], [37.3153304, 54.5064017], [37.3184642, 54.5072492], [37.3216596, 54.5072795], [37.3236859, 54.5062798], [37.3236998, 54.504284], [37.328121, 54.5035437], [37.3332377, 54.5043484], [37.337068, 54.5040846], [37.3385877, 54.5026818], [37.3379477, 54.5006956], [37.3352002, 54.5002663], [37.3339519, 54.4992774], [37.3336562, 54.4966582], [37.3361882, 54.4952874], [37.3380336, 54.4963093], [37.3412951, 54.4957111], [37.3468097, 54.4897913], [37.3481956, 54.48528], [37.3511656, 54.48589], [37.3523029, 54.4853416], [37.3542556, 54.4868124], [37.3570791, 54.4868189], [37.3596698, 54.4908956], [37.3760085, 54.4911517], [37.373976, 54.4929515], [37.3752489, 54.4991275], [37.377344, 54.4989012], [37.3783157, 54.4981758], [37.3889283, 54.4999143], [37.3931062, 54.4987773], [37.4088921, 54.4913307], [37.4143924, 54.4930203], [37.4147588, 54.4998696], [37.4138221, 54.5037607], [37.4143707, 54.5066677], [37.4196585, 54.5060282], [37.427704, 54.5061751], [37.4273404, 54.5052807], [37.4327906, 54.5053305], [37.4426182, 54.5023403], [37.4430903, 54.5002719], [37.4423034, 54.4996078], [37.4419745, 54.4971567], [37.4428757, 54.493767], [37.4401292, 54.4906762], [37.438838, 54.4879676], [37.4360093, 54.48938], [37.4330911, 54.4899782], [37.4340781, 54.4882831], [37.4357518, 54.488333], [37.4359235, 54.4866628], [37.4376891, 54.486702], [37.4410304, 54.4853914], [37.4416312, 54.4847183], [37.4442335, 54.4840812], [37.4455365, 54.4858152], [37.448326, 54.4859648], [37.4501178, 54.4877884], [37.4497387, 54.4901075], [37.4545487, 54.4925955], [37.4570399, 54.4930695], [37.4578532, 54.4916732], [37.4637776, 54.491729], [37.4652346, 54.491262], [37.4658784, 54.4901652], [37.4672088, 54.4897539], [37.4695426, 54.4906697], [37.4722892, 54.4901618], [37.4735337, 54.4904454], [37.473979, 54.4919877], [37.4776697, 54.4923834], [37.4798259, 54.4941159], [37.482787, 54.4929195], [37.4863561, 54.4932484], [37.487851, 54.4941907], [37.4916705, 54.4937421], [37.4965756, 54.4950441], [37.4975928, 54.493418], [37.4962624, 54.49277], [37.4972066, 54.4918976], [37.4942883, 54.4912993], [37.4945458, 54.4906762], [37.500554, 54.490053], [37.5039552, 54.4890939], [37.5072635, 54.4890378], [37.5088408, 54.48989], [37.5094255, 54.4927223], [37.5065621, 54.4943403], [37.5060421, 54.4959143], [37.5069913, 54.4969074], [37.5105533, 54.4956862], [37.5138467, 54.4972694], [37.5099344, 54.5067011], [37.5201917, 54.5089645], [37.5228753, 54.5071187], [37.5234279, 54.505181], [37.5224837, 54.5041344], [37.5228805, 54.5021968], [37.524887, 54.502415], [37.5271978, 54.5033362], [37.5327834, 54.5033619], [37.5338563, 54.5056793], [37.5381403, 54.5063447], [37.5471037, 54.5027804], [37.5510892, 54.5026883], [37.5550918, 54.501167], [37.5630727, 54.5090286], [37.567256, 54.5091734], [37.5689181, 54.5099899], [37.5669869, 54.5114598], [37.5689322, 54.5123341], [37.568227, 54.5135437], [37.5721797, 54.5133782], [37.5723586, 54.5146815], [37.5738963, 54.514574], [37.5753125, 54.5132785], [37.5797328, 54.5138266], [37.5859984, 54.5173142], [37.5905045, 54.5190081], [37.591209, 54.5205535], [37.5893458, 54.5212499], [37.5890025, 54.5223707], [37.5806401, 54.5244813], [37.5861379, 54.5263869], [37.5884021, 54.5260109], [37.5884982, 54.5279558], [37.587579, 54.5290718], [37.5887557, 54.5310189], [37.5949818, 54.5316063], [37.5970127, 54.5365088], [37.6010724, 54.5358497], [37.6022311, 54.5373187], [37.6037761, 54.5370448], [37.6054069, 54.537966], [37.607348, 54.5379408], [37.6079279, 54.5435327], [37.60987, 54.5516576], [37.6078423, 54.5577657], [37.6038825, 54.563283], [37.6055124, 54.5639131], [37.6147195, 54.5628563], [37.616479, 54.5621596], [37.6198693, 54.5618112], [37.6202985, 54.5612389], [37.62356, 54.5609403], [37.6260601, 54.5628255], [37.6287528, 54.5628563], [37.6309844, 54.5621845], [37.6316711, 54.561214], [37.6338168, 54.5609403], [37.6307483, 54.5659255], [37.6351472, 54.5652948], [37.6393565, 54.5658461], [37.6420137, 54.5648967], [37.6440307, 54.5647971], [37.6452296, 54.5632034], [37.6483222, 54.5624831], [37.6514121, 54.5645483], [37.6517618, 54.5669408], [37.6596669, 54.5700135], [37.6657898, 54.5677047], [37.6674699, 54.5691347], [37.6725265, 54.5684297], [37.6802889, 54.5687081], [37.6828482, 54.5676924], [37.6857063, 54.5677017], [37.6868602, 54.5650211], [37.6942284, 54.564558], [37.738659, 54.5640259], [37.7404016, 54.5654188], [37.7511903, 54.5660164], [37.7616294, 54.5675205], [37.7651106, 54.5757404], [37.771443, 54.5820631], [37.7681848, 54.5833795], [37.7648374, 54.5834292], [37.764107, 54.5860028], [37.7682674, 54.5866263], [37.752625, 54.5932217], [37.7548703, 54.6055576], [37.754327, 54.6072382], [37.7500277, 54.607271], [37.747403, 54.6080805], [37.741813, 54.614417], [37.7406438, 54.6180089], [37.7431414, 54.621263], [37.7472945, 54.6245268], [37.7524674, 54.6272186], [37.7551706, 54.6304812], [37.7550021, 54.6316046], [37.750053, 54.6363931], [37.7500208, 54.6373493], [37.7509965, 54.6381619], [37.7517803, 54.6401434], [37.7530463, 54.6406277], [37.7531965, 54.6414845], [37.7524694, 54.6422816], [37.7527674, 54.6436451], [37.7499991, 54.6465427], [37.748115, 54.6477176], [37.7497603, 54.6532959], [37.7521022, 54.6549923], [37.7537397, 54.6553412], [37.759154, 54.6622952], [37.7501184, 54.6615438], [37.7429445, 54.6643867], [37.7360287, 54.6659085], [37.7327903, 54.6649465], [37.7278959, 54.6646406], [37.7267392, 54.6659145], [37.7233489, 54.6660882], [37.7181849, 54.6689847], [37.7114055, 54.6835566], [37.7079079, 54.6841551], [37.7056325, 54.6853279], [37.7049763, 54.6873554], [37.7010111, 54.6935315], [37.6963869, 54.698984], [37.7014701, 54.7036965], [37.6992949, 54.7041438], [37.6939948, 54.706487], [37.6924226, 54.7077633], [37.6931127, 54.7127941], [37.6912697, 54.7126233], [37.6847077, 54.7143987], [37.6822886, 54.7168202], [37.6793071, 54.7178353], [37.67824, 54.7190368], [37.6683851, 54.7228174], [37.6667329, 54.7228545], [37.6619263, 54.7254569], [37.648027, 54.7306996], [37.6440602, 54.7328482], [37.6437677, 54.731166], [37.6427974, 54.7322745], [37.6429582, 54.7333676], [37.6417231, 54.7339014], [37.640477, 54.7335543], [37.6413394, 54.7338608], [37.6343223, 54.7375701], [37.6299873, 54.7379221], [37.627694, 54.7399268], [37.6261717, 54.7432962], [37.6265155, 54.7433466], [37.612876, 54.7418458], [37.6117584, 54.7413721], [37.6104929, 54.7416709], [37.6095116, 54.7429107], [37.6086466, 54.7430269], [37.6062283, 54.7450519], [37.6054218, 54.7449243], [37.6049941, 54.7455046], [37.604033, 54.7453618], [37.6030367, 54.7460279], [37.6000084, 54.7426127], [37.5812445, 54.7417842], [37.5787335, 54.7445438], [37.5755882, 54.7445225], [37.5749273, 54.7441463], [37.5748488, 54.7435058], [37.5741247, 54.7433119], [37.5740054, 54.7422411], [37.5726375, 54.7416502], [37.5670761, 54.7417144], [37.5630378, 54.7423412], [37.5650746, 54.7391909], [37.5649968, 54.7378386], [37.5662111, 54.7379247], [37.5663848, 54.737381], [37.5652882, 54.7370728], [37.5646545, 54.7348595], [37.5662698, 54.7350219], [37.5653821, 54.7327367], [37.5637833, 54.7319554], [37.5479964, 54.7376042], [37.5481164, 54.7461638], [37.5491834, 54.7488865], [37.5506508, 54.7501126], [37.5506161, 54.7516759], [37.5514402, 54.7523961], [37.5552754, 54.7537857], [37.5560363, 54.754561], [37.5567617, 54.7568066], [37.5561902, 54.7578374], [37.5562867, 54.7600668], [37.5447874, 54.7804279], [37.5369773, 54.7809787], [37.532001, 54.7806327], [37.5261344, 54.7794902], [37.5245798, 54.7801081], [37.5235095, 54.7816631], [37.5182895, 54.7816019], [37.5217894, 54.7831044], [37.5187693, 54.7835906], [37.5138493, 54.7861929], [37.5093995, 54.7897554], [37.5026983, 54.7924229], [37.5000354, 54.7921609], [37.4971141, 54.7930839], [37.497031, 54.7956048], [37.5000923, 54.7984783], [37.4994455, 54.8021676], [37.4985981, 54.8036846], [37.5039873, 54.8073568], [37.4988705, 54.8087631], [37.4930462, 54.8122112], [37.4896578, 54.8145924], [37.4875126, 54.8180032], [37.4846344, 54.8204393], [37.4729109, 54.8186071], [37.4671942, 54.819036], [37.4672872, 54.8205426], [37.4683073, 54.8217703], [37.4675013, 54.8234812], [37.463285, 54.82824], [37.4563961, 54.8388657], [37.4503692, 54.8359411], [37.4484865, 54.8365066], [37.4464383, 54.8379951], [37.4457124, 54.8394708], [37.4462945, 54.8415869], [37.4379643, 54.842377], [37.4370408, 54.8417459], [37.4311552, 54.8407037], [37.4241368, 54.8402711], [37.4210561, 54.8408987], [37.4165142, 54.8435872], [37.4125324, 54.8425858], [37.411949, 54.8410149], [37.3905865, 54.8439781], [37.3899822, 54.8437129], [37.3909574, 54.8423497], [37.3893565, 54.8411159], [37.3876522, 54.8407562], [37.3863916, 54.8398283], [37.3834833, 54.8398707], [37.3794617, 54.8383368], [37.3768147, 54.8382917], [37.3759894, 54.838481], [37.3756717, 54.8393957], [37.3745387, 54.8402921], [37.3747717, 54.842225], [37.3760106, 54.8433774], [37.3747611, 54.8434811], [37.3751846, 54.8448042], [37.3745175, 54.8460724], [37.3734845, 54.8463592], [37.3732599, 54.8476482], [37.3741808, 54.8484975], [37.3740573, 54.8494114], [37.370224, 54.8518365], [37.3668779, 54.8510805], [37.3649393, 54.8499044], [37.361461, 54.8498493], [37.3588899, 54.848822], [37.3586939, 54.8395781], [37.358095, 54.8345691], [37.3563758, 54.8346856], [37.3559074, 54.8337337], [37.353326, 54.8350806], [37.3538449, 54.835583], [37.3392649, 54.8406638], [37.3343434, 54.8460431], [37.3323256, 54.8454099], [37.3267729, 54.8391529], [37.3211626, 54.8382042], [37.3171409, 54.839176], [37.3165834, 54.8388925], [37.3139658, 54.8403776], [37.3111188, 54.8402504], [37.3084794, 54.8413702], [37.3093594, 54.8427831], [37.3123852, 54.8423237], [37.3137263, 54.8426887], [37.3109578, 54.8462476], [37.3077471, 54.8471173], [37.3089063, 54.8484035], [37.3036049, 54.8508018], [37.3020275, 54.8498535], [37.3000389, 54.8500151], [37.2952403, 54.8461785], [37.2983221, 54.8420606], [37.2971641, 54.8416692], [37.2973697, 54.8399902], [37.2984224, 54.8379677], [37.297714, 54.8371877], [37.2982322, 54.8347407], [37.2973288, 54.8347216], [37.2976717, 54.832137], [37.2986941, 54.8296824], [37.2946292, 54.826633], [37.2705996, 54.8307784], [37.2699595, 54.8317084], [37.2696906, 54.8338055], [37.2716111, 54.8346303], [37.2716249, 54.835263], [37.2758603, 54.8356675], [37.2733337, 54.8388689], [37.2687091, 54.8418015], [37.2565636, 54.83028], [37.2548239, 54.8275557], [37.2465653, 54.8227677], [37.2418802, 54.8194432], [37.2360303, 54.8135102], [37.2300217, 54.8057914], [37.2288305, 54.8033962], [37.2284599, 54.8015959], [37.230207, 54.7956908], [37.2365776, 54.785391], [37.2421955, 54.7719196], [37.2431808, 54.7684672], [37.2434658, 54.7626983], [37.2415089, 54.7570639], [37.2370457, 54.7536958], [37.2061106, 54.7449993]]]}}, {"type": "Feature", "properties": {"rda_code": "TL-23", "rda_name": "KAMENSKY AREA", "osm_name": "Каменский район", "match_score": 1.0, "match_reason": "alias:kamenskii"}, "geometry": {"type": "Polygon", "coordinates": [[[37.453094, 53.2735059], [37.4582444, 53.273405], [37.4621831, 53.2723952], [37.4663238, 53.2699715], [37.4682427, 53.2670428], [37.4704644, 53.2686587], [37.4736961, 53.2683558], [37.4738982, 53.2650231], [37.4759181, 53.2642152], [37.4812704, 53.2671945], [37.4821793, 53.2685074], [37.484603, 53.2678005], [37.4905616, 53.2653768], [37.4934904, 53.2627511], [37.4928845, 53.2614382], [37.4945003, 53.2611353], [37.4951062, 53.2627511], [37.4949041, 53.2656798], [37.5044982, 53.2640641], [37.5068209, 53.2652761], [37.5099516, 53.2653771], [37.5146982, 53.2639633], [37.5209596, 53.2643674], [37.5248981, 53.2666902], [37.5303516, 53.2656804], [37.5350981, 53.2656805], [37.5368149, 53.2664884], [37.5368148, 53.2687102], [37.5354009, 53.2687102], [37.5346939, 53.270528], [37.5382285, 53.2718409], [37.5405513, 53.271437], [37.5427731, 53.2720429], [37.5468127, 53.2709321], [37.5512562, 53.272952], [37.5500442, 53.2740629], [37.5578205, 53.2744669], [37.5669095, 53.2764869], [37.5816539, 53.2786079], [37.590463, 53.2789394], [37.591147, 53.2778001], [37.5909452, 53.2732556], [37.5865017, 53.2719426], [37.5837754, 53.2613386], [37.5758987, 53.2487147], [37.5794337, 53.2415445], [37.5751922, 53.2383127], [37.5770102, 53.2346771], [37.5771119, 53.2186197], [37.5781219, 53.2146811], [37.5760014, 53.2087226], [37.5724738, 53.1925483], [37.5721773, 53.1805513], [37.5730187, 53.176849], [37.5809516, 53.1672158], [37.5820627, 53.1637821], [37.5826688, 53.1579752], [37.5881227, 53.1492901], [37.5968082, 53.1385348], [37.6046857, 53.1326775], [37.6085235, 53.12783], [37.6094326, 53.1226796], [37.6088276, 53.1014716], [37.6098045, 53.0985419], [37.6201386, 53.0985431], [37.6346812, 53.0971294], [37.6401347, 53.0957661], [37.6488762, 53.0962576], [37.6507273, 53.1019762], [37.652725, 53.1051767], [37.6790153, 53.1075826], [37.6843677, 53.1096025], [37.6919417, 53.115561], [37.7029495, 53.1181869], [37.7138562, 53.1228326], [37.7309729, 53.1279542], [37.734686, 53.1274985], [37.7356181, 53.1260737], [37.7363323, 53.122346], [37.7396164, 53.119727], [37.7477891, 53.1169757], [37.7518456, 53.1164289], [37.7544545, 53.1138451], [37.7547576, 53.1123303], [37.7509544, 53.1074421], [37.7524839, 53.104933], [37.7566173, 53.1016342], [37.7608323, 53.099325], [37.787782, 53.0944555], [37.7941444, 53.0945566], [37.798386, 53.0924359], [37.8014157, 53.0923349], [37.8084851, 53.0894063], [37.8243407, 53.0863768], [37.8257547, 53.0837511], [37.8311073, 53.0796106], [37.8372918, 53.0812868], [37.8425111, 53.0813377], [37.8449131, 53.0826186], [37.8510049, 53.0839462], [37.8562852, 53.0837939], [37.8605661, 53.0829794], [37.8646485, 53.0838759], [37.8641054, 53.0859743], [37.8618196, 53.0882307], [37.8621233, 53.0899101], [37.8812175, 53.0953807], [37.8823939, 53.0966386], [37.8796438, 53.0988787], [37.8771087, 53.1026272], [37.8743723, 53.1046014], [37.8736397, 53.1079736], [37.8755246, 53.1099472], [37.8810357, 53.1123045], [37.887271, 53.1136205], [37.8882398, 53.1165636], [37.8843494, 53.1188324], [37.8964415, 53.1313881], [37.8991786, 53.1326865], [37.8949169, 53.1345683], [37.8966673, 53.1392828], [37.890665, 53.1445129], [37.8903143, 53.1462224], [37.8973091, 53.1498807], [37.909461, 53.1520371], [37.9083815, 53.1535028], [37.9075072, 53.1599526], [37.9153365, 53.1599258], [37.9150974, 53.1609102], [37.9158414, 53.1615937], [37.9271891, 53.1638422], [37.9247105, 53.1658903], [37.9207382, 53.1713499], [37.9200076, 53.1741763], [37.9211275, 53.1750453], [37.9331931, 53.1827102], [37.9505282, 53.1828163], [37.9547786, 53.181302], [37.9588497, 53.181128], [37.9622191, 53.179822], [37.9668794, 53.1758052], [37.9675185, 53.1780149], [37.9684481, 53.1788339], [37.9754095, 53.1798837], [37.9762937, 53.1811641], [37.9780707, 53.1906924], [37.9791516, 53.1941664], [37.9796532, 53.1989065], [37.9681799, 53.2072011], [37.9579624, 53.2110939], [37.9416488, 53.2214285], [37.9308684, 53.2196555], [37.9275274, 53.2275891], [37.9317321, 53.2410393], [37.9407508, 53.2436347], [37.9427793, 53.2463771], [37.9374876, 53.2484257], [37.9401889, 53.2522221], [37.9390837, 53.2545174], [37.9402997, 53.2618631], [37.946135, 53.2698115], [37.9502162, 53.2744581], [37.9501802, 53.2759248], [37.9443859, 53.284047], [37.9446994, 53.2855167], [37.9477895, 53.2878493], [37.9508492, 53.291439], [37.9541669, 53.2988032], [37.9495174, 53.3029537], [37.9484114, 53.3052493], [37.9539775, 53.3065557], [37.9592195, 53.3068111], [37.9630421, 53.3078922], [37.9689941, 53.3077342], [37.9745662, 53.3088301], [37.9851467, 53.3133968], [37.9827954, 53.3140754], [37.9804507, 53.3158196], [37.9739919, 53.31726], [37.9592163, 53.3217127], [37.9498579, 53.325209], [37.947418, 53.324555], [37.9444775, 53.3247792], [37.9418812, 53.3256387], [37.9370951, 53.3234713], [37.9368136, 53.3221261], [37.9355311, 53.3214347], [37.9323091, 53.3216589], [37.9271164, 53.3185011], [37.9242385, 53.3205004], [37.9216109, 53.3210797], [37.9100681, 53.3279552], [37.9076907, 53.3285157], [37.907284, 53.3307388], [37.9044374, 53.3328685], [37.9016534, 53.3340267], [37.8989632, 53.3340827], [37.9010278, 53.3352221], [37.9010903, 53.3363241], [37.8974617, 53.3404332], [37.9026544, 53.3424316], [37.903718, 53.3436268], [37.8998704, 53.3480153], [37.901278, 53.3527955], [37.9001206, 53.3555027], [37.9001832, 53.3614768], [37.8995576, 53.3626528], [37.8958976, 53.3639408], [37.8936141, 53.3670021], [37.8898603, 53.3708095], [37.8896727, 53.3718734], [37.8905173, 53.3731052], [37.8821026, 53.3806814], [37.880257, 53.3811293], [37.8739069, 53.3796551], [37.8699342, 53.3804575], [37.8630523, 53.3808867], [37.8581724, 53.3782556], [37.8564832, 53.3786288], [37.8546376, 53.3795618], [37.8479747, 53.3848982], [37.8419999, 53.3917635], [37.8335227, 53.3918008], [37.8304884, 53.3986837], [37.8168185, 53.4026748], [37.8144411, 53.4023764], [37.8107499, 53.4008285], [37.8089356, 53.4005861], [37.8034689, 53.3978524], [37.8004634, 53.3972234], [37.7994907, 53.3951781], [37.7975452, 53.3929495], [37.7992347, 53.3909651], [37.7971869, 53.3894079], [37.7971869, 53.3869959], [37.7989275, 53.3869043], [37.7968797, 53.3855607], [37.7963677, 53.382782], [37.7923232, 53.380339], [37.7921184, 53.3785982], [37.7866405, 53.3735589], [37.7830567, 53.3721844], [37.7782955, 53.375758], [37.7764012, 53.3758496], [37.7679027, 53.3720928], [37.766162, 53.3705044], [37.7616568, 53.3697713], [37.753363, 53.3654641], [37.723618, 53.3556567], [37.7154351, 53.3620681], [37.7083616, 53.3668999], [37.7107678, 53.3686106], [37.7041635, 53.3711459], [37.70273, 53.3725815], [37.7000678, 53.372612], [37.6987879, 53.3737116], [37.6967401, 53.3727342], [37.6986855, 53.3709932], [37.6917741, 53.3688855], [37.6893678, 53.3692215], [37.6871664, 53.370535], [37.6866032, 53.3727648], [37.6840434, 53.3778042], [37.6771421, 53.3889497], [37.6699133, 53.3877897], [37.6636674, 53.3859577], [37.6556808, 53.3827209], [37.6430353, 53.379606], [37.6354583, 53.3790563], [37.6269086, 53.3774377], [37.6239904, 53.375086], [37.6223009, 53.3723677], [37.6161062, 53.3722455], [37.6120105, 53.3788731], [37.6087851, 53.385805], [37.6067885, 53.3866905], [37.5968564, 53.385805], [37.5956789, 53.3842172], [37.5924536, 53.3829652], [37.5911737, 53.381133], [37.5907641, 53.3782929], [37.5925048, 53.3771934], [37.5926584, 53.3756052], [37.576378, 53.3628979], [37.5743302, 53.3629896], [37.5687498, 53.3660751], [37.5630158, 53.3699852], [37.5583058, 53.3718484], [37.5578962, 53.3771629], [37.5634254, 53.3802779], [37.5585106, 53.3816827], [37.5560019, 53.3814994], [37.537213, 53.3879729], [37.5342948, 53.3878813], [37.5198575, 53.3965213], [37.5154034, 53.3952392], [37.5148403, 53.3926137], [37.5130484, 53.3902323], [37.503014, 53.3856218], [37.4904709, 53.3826598], [37.4851977, 53.3791785], [37.4852489, 53.3777737], [37.4872968, 53.3756358], [37.4875015, 53.3738949], [37.4859145, 53.3709626], [37.4824331, 53.3673887], [37.4785675, 53.3617814], [37.486206, 53.3609472], [37.5001568, 53.356873], [37.4975653, 53.353161], [37.496835, 53.3475147], [37.4927129, 53.3456774], [37.4894458, 53.3413389], [37.4844381, 53.3285564], [37.4603033, 53.3313486], [37.4590465, 53.3264765], [37.4592071, 53.3226586], [37.4584599, 53.3207457], [37.4583591, 53.3180665], [37.4648726, 53.3118959], [37.468204, 53.3004937], [37.4656841, 53.2968372], [37.4671144, 53.290762], [37.4666262, 53.2878287], [37.4681919, 53.2839104], [37.4661052, 53.2792356], [37.453094, 53.2735059]]]}}, {"type": "Feature", "properties": {"rda_code": "TL-24", "rda_name": "KIMOVSKY AREA / incl. KIMOVSK/", "osm_name": "Кимовский район", "match_score": 1.0, "match_reason": "alias:kimovsky"}, "geometry": {"type": "Polygon", "coordinates": [[[38.3994956, 54.0029081], [38.4017862, 54.0012795], [38.4048419, 53.9977813], [38.4082953, 53.992549], [38.4089964, 53.9887392], [38.4045489, 53.9829975], [38.409762, 53.980354], [38.4214217, 53.9792667], [38.4266489, 53.9754786], [38.4305506, 53.9739719], [38.4348979, 53.9677144], [38.437618, 53.9670575], [38.4387709, 53.9672588], [38.4425357, 53.9634439], [38.4434951, 53.9612547], [38.4443011, 53.9572545], [38.4462466, 53.9542654], [38.4450937, 53.9529192], [38.4450036, 53.9514034], [38.444193, 53.9508627], [38.4445731, 53.9502064], [38.4431662, 53.9474916], [38.4412178, 53.9468407], [38.4410226, 53.9461239], [38.4419734, 53.9449694], [38.4437607, 53.9447457], [38.444229, 53.9442878], [38.4459222, 53.9366744], [38.4421871, 53.9321507], [38.4479817, 53.9275322], [38.448678, 53.9237222], [38.4422789, 53.9191168], [38.4436316, 53.9145472], [38.4462605, 53.9111274], [38.4482482, 53.9073234], [38.4527983, 53.9050562], [38.4579641, 53.9050797], [38.4605273, 53.9066165], [38.4643579, 53.9100656], [38.4670333, 53.9028323], [38.4703052, 53.8994149], [38.4755133, 53.8960059], [38.4768663, 53.8910546], [38.4794768, 53.888778], [38.4808103, 53.8853519], [38.4756612, 53.8841855], [38.464096, 53.8826282], [38.4679551, 53.881101], [38.4751448, 53.8738875], [38.475202, 53.8693119], [38.4868292, 53.8682182], [38.4920228, 53.865571], [38.4920633, 53.8598744], [38.5141114, 53.8523161], [38.516735, 53.8485134], [38.5336115, 53.8386658], [38.5343323, 53.8318047], [38.538267, 53.8257187], [38.5327668, 53.8193627], [38.5318981, 53.8191266], [38.5288286, 53.8197752], [38.5211759, 53.8174238], [38.5187086, 53.8159346], [38.5187967, 53.814166], [38.5204666, 53.8131219], [38.5208416, 53.8121432], [38.5178617, 53.8065721], [38.5101801, 53.8023464], [38.5159949, 53.8008446], [38.5179623, 53.7978019], [38.5122143, 53.7935841], [38.5122762, 53.7882457], [38.5110415, 53.7836648], [38.5033648, 53.7794386], [38.4999312, 53.7763472], [38.4899052, 53.7744248], [38.4880204, 53.7706035], [38.4925766, 53.7664282], [38.490692, 53.7626069], [38.4836505, 53.7595261], [38.4759809, 53.7552982], [38.4677128, 53.7476351], [38.4457785, 53.7393682], [38.4593186, 53.7435325], [38.4632552, 53.7433883], [38.4657276, 53.7418626], [38.4684279, 53.7201104], [38.4676268, 53.7101357], [38.4672345, 53.6892843], [38.4652964, 53.6807262], [38.4671721, 53.6793578], [38.4724326, 53.6824588], [38.4830133, 53.6876323], [38.4858905, 53.6870901], [38.484975, 53.6828302], [38.4869368, 53.6812036], [38.5250633, 53.6730119], [38.5255695, 53.6756591], [38.5207903, 53.6807603], [38.5220546, 53.6855191], [38.5262381, 53.6855626], [38.5310605, 53.6845363], [38.5343665, 53.6827976], [38.5347007, 53.6794436], [38.5312299, 53.676171], [38.5751707, 53.6863946], [38.5785702, 53.685734], [38.5896319, 53.6729869], [38.5897626, 53.6710532], [38.5884886, 53.6642747], [38.5923462, 53.6601246], [38.602313, 53.6558062], [38.6031753, 53.6540154], [38.6018057, 53.6490773], [38.5956807, 53.6405532], [38.5951232, 53.6376021], [38.596232, 53.6337372], [38.6368449, 53.6346742], [38.6403851, 53.6332869], [38.6510216, 53.6270272], [38.6589732, 53.6264312], [38.6680253, 53.6301178], [38.6957087, 53.6306913], [38.7012003, 53.6321511], [38.7036308, 53.6333261], [38.7062842, 53.6324082], [38.7097785, 53.6302776], [38.7106428, 53.6277734], [38.7118593, 53.6273415], [38.735856, 53.6243172], [38.7368191, 53.6217321], [38.7351646, 53.6183486], [38.7348188, 53.6161806], [38.7353522, 53.6143948], [38.7419505, 53.6149231], [38.7449814, 53.6148022], [38.7465478, 53.6139652], [38.7475616, 53.6139811], [38.7480659, 53.6147831], [38.7499005, 53.6142739], [38.7502823, 53.6207521], [38.7604671, 53.620722], [38.7594183, 53.6259804], [38.7798755, 53.6271875], [38.8027042, 53.6294703], [38.840333, 53.6302254], [38.8614919, 53.6330479], [38.875233, 53.6377952], [38.8807892, 53.6407801], [38.8896359, 53.6464584], [38.8979283, 53.6489657], [38.9172273, 53.658101], [38.9138525, 53.6660577], [38.9152172, 53.6695861], [38.9134813, 53.6716583], [38.9122421, 53.6745187], [38.9090684, 53.6761029], [38.9080123, 53.6771435], [38.908522, 53.6799911], [38.9100409, 53.6817733], [38.9154028, 53.680691], [38.9164851, 53.6818059], [38.9208576, 53.6823838], [38.9194789, 53.7002086], [38.9187147, 53.7034536], [38.9270641, 53.7182469], [38.9367769, 53.7220939], [38.949852, 53.7254287], [38.9515452, 53.7302697], [38.950288, 53.7320689], [38.9458209, 53.7428041], [38.9439083, 53.7460059], [38.9339415, 53.754468], [38.9307208, 53.7580849], [38.9214174, 53.7662632], [38.9251249, 53.7718093], [38.8938678, 53.7676907], [38.8877735, 53.7638828], [38.8813777, 53.7636061], [38.8764933, 53.7643556], [38.8672941, 53.7644963], [38.855917, 53.7595634], [38.8549273, 53.7561649], [38.852576, 53.7544588], [38.8504655, 53.7581532], [38.8353547, 53.770167], [38.8219848, 53.7779616], [38.8170683, 53.7795328], [38.8155601, 53.7809022], [38.8179147, 53.7832369], [38.8214008, 53.7846013], [38.8356003, 53.7868946], [38.8392061, 53.788004], [38.8418222, 53.7902764], [38.8448288, 53.7934177], [38.8493173, 53.8002906], [38.8494292, 53.8123664], [38.8427258, 53.8150323], [38.8412332, 53.8178654], [38.8401044, 53.8190908], [38.8383015, 53.8198677], [38.8338771, 53.8199245], [38.8285861, 53.8209162], [38.8237953, 53.8203825], [38.817996, 53.8165104], [38.8176643, 53.8158582], [38.8159176, 53.8154697], [38.8096047, 53.8157935], [38.8047283, 53.815375], [38.8019651, 53.8158977], [38.7996219, 53.8152849], [38.7988234, 53.8145052], [38.7953781, 53.8157511], [38.7939194, 53.8168692], [38.7929342, 53.8185365], [38.7930535, 53.819748], [38.7905942, 53.8232959], [38.7897212, 53.8266462], [38.7933036, 53.828851], [38.7936268, 53.8310299], [38.8171237, 53.8292509], [38.8269641, 53.8436851], [38.8301528, 53.8436237], [38.8317387, 53.8451848], [38.8344367, 53.8455542], [38.8367099, 53.8440971], [38.8382902, 53.8437947], [38.8427597, 53.8449434], [38.8450309, 53.8435867], [38.8475189, 53.8441808], [38.8498023, 53.8423292], [38.8505033, 53.842689], [38.8499319, 53.8437134], [38.8502014, 53.8449709], [38.8525779, 53.844612], [38.8552572, 53.8476217], [38.8552452, 53.8493817], [38.8538105, 53.8539777], [38.8506093, 53.8552275], [38.8491373, 53.8579055], [38.840693, 53.8608806], [38.8342323, 53.8662483], [38.8304529, 53.8669433], [38.827361, 53.8668301], [38.8259066, 53.8663209], [38.8241679, 53.870192], [38.7939594, 53.8808356], [38.7934535, 53.8958579], [38.7977565, 53.9102483], [38.8451771, 53.9000713], [38.8590475, 53.9184423], [38.8634429, 53.9194826], [38.8880655, 53.9193043], [38.8899688, 53.9313418], [38.8810743, 53.9358873], [38.87531, 53.9473773], [38.8667212, 53.9482207], [38.8637793, 53.9478088], [38.8587782, 53.9483383], [38.8528378, 53.9480609], [38.849753, 53.9459748], [38.8474373, 53.9458005], [38.8457987, 53.9449994], [38.8439882, 53.9451665], [38.8390929, 53.9426834], [38.8366436, 53.9424931], [38.8360349, 53.9419974], [38.8367214, 53.9411366], [38.8358581, 53.9396412], [38.8308453, 53.9398614], [38.826565, 53.9389265], [38.8241379, 53.9398549], [38.8215349, 53.9391294], [38.8212965, 53.9404625], [38.8219043, 53.9421373], [38.8208427, 53.9429316], [38.8197096, 53.9449729], [38.8172562, 53.9444202], [38.8138772, 53.9451194], [38.8129896, 53.9457035], [38.8125011, 53.9469755], [38.8090664, 53.9480912], [38.8074352, 53.9512437], [38.8052874, 53.9516098], [38.8024018, 53.9538656], [38.8017931, 53.9551351], [38.7996924, 53.9557736], [38.7975885, 53.9551778], [38.7965886, 53.9554265], [38.7963968, 53.9570772], [38.7942199, 53.9611505], [38.7907134, 53.964841], [38.7875131, 53.9655601], [38.7854371, 53.9669293], [38.7793215, 53.9694579], [38.7790851, 53.9701192], [38.7809942, 53.9717354], [38.7805928, 53.9729292], [38.7813645, 53.9749651], [38.7782375, 53.9779479], [38.7782432, 53.9784701], [38.7816601, 53.980041], [38.783887, 53.9793584], [38.7843444, 53.9797684], [38.7844926, 53.9811373], [38.7859814, 53.9819961], [38.7852717, 53.9838805], [38.7856439, 53.984882], [38.7841551, 53.9860078], [38.7827546, 53.985112], [38.7818273, 53.9858705], [38.7815245, 53.9872244], [38.7830984, 53.9893738], [38.7804584, 53.9900451], [38.7801044, 53.9916572], [38.778842, 53.9920506], [38.7785744, 53.9927167], [38.7834053, 53.9937263], [38.7839273, 53.9946179], [38.783557, 53.9953337], [38.7863338, 53.9960575], [38.7858958, 53.9967749], [38.7838215, 53.9969847], [38.7842676, 53.9986654], [38.7852222, 53.9987965], [38.7859716, 53.9981226], [38.7883715, 53.9978788], [38.7885544, 53.9983193], [38.786886, 53.9989381], [38.787002, 53.9995884], [38.7881038, 53.9998873], [38.7912263, 53.9991321], [38.7926359, 53.9998506], [38.793214, 54.0010494], [38.7958288, 54.0013034], [38.7971655, 54.0032976], [38.7994681, 54.0038797], [38.8004459, 54.0070014], [38.7997835, 54.008121], [38.8013831, 54.0091887], [38.8002251, 54.0101681], [38.8009961, 54.0121967], [38.8008203, 54.0132353], [38.7971558, 54.0149699], [38.7958278, 54.0169368], [38.7943268, 54.0169162], [38.7929502, 54.0159451], [38.789633, 54.0181608], [38.7896436, 54.018574], [38.7911639, 54.0192583], [38.794014, 54.0188397], [38.7945496, 54.0203368], [38.7958466, 54.0210089], [38.7956321, 54.0214419], [38.7940149, 54.0220813], [38.7915323, 54.0222025], [38.7910991, 54.0228356], [38.7894135, 54.0233007], [38.7889614, 54.0246621], [38.7883137, 54.0248905], [38.7875363, 54.0248524], [38.7860024, 54.0235185], [38.7862692, 54.022076], [38.7835178, 54.0215238], [38.7843664, 54.0201044], [38.7834005, 54.0195446], [38.776932, 54.0217866], [38.7762974, 54.0226224], [38.7771129, 54.0244394], [38.7801411, 54.0262219], [38.7803483, 54.0270071], [38.7801097, 54.0278052], [38.7787851, 54.0287969], [38.7761768, 54.0292865], [38.7760976, 54.0298517], [38.7775729, 54.0302931], [38.7777853, 54.0330037], [38.7741374, 54.0344157], [38.7708425, 54.0344745], [38.7686068, 54.032474], [38.7679008, 54.0303559], [38.7663123, 54.0288849], [38.7597225, 54.028826], [38.7583105, 54.0275904], [38.7570988, 54.0255782], [38.7547806, 54.0205887], [38.7544276, 54.0187648], [38.7547807, 54.0169996], [38.7561341, 54.0155287], [38.7691372, 54.0110573], [38.7603121, 54.0024081], [38.7566054, 54.0005841], [38.7501334, 53.9982894], [38.7217448, 53.9926994], [38.7145097, 54.0057191], [38.7179786, 54.0067026], [38.7248625, 54.0072911], [38.742013, 54.0188822], [38.7512501, 54.0277079], [38.7533681, 54.0306498], [38.753368, 54.0318854], [38.7526619, 54.0325326], [38.7484257, 54.0320618], [38.7477784, 54.0343565], [38.7452483, 54.0369453], [38.7450129, 54.0380043], [38.7454835, 54.0394753], [38.7480135, 54.0398283], [38.7516025, 54.0412993], [38.7521908, 54.0419465], [38.7520143, 54.0426526], [38.7463071, 54.0418288], [38.7424826, 54.0447706], [38.7428356, 54.0457708], [38.7439534, 54.0466534], [38.7499548, 54.0468888], [38.750602, 54.0473007], [38.750602, 54.0479479], [38.7490722, 54.0491835], [38.7484249, 54.050772], [38.7467774, 54.0515369], [38.7438355, 54.0519487], [38.7387754, 54.0553612], [38.7371279, 54.0559495], [38.7352451, 54.0578323], [38.7339799, 54.0617744], [38.7306261, 54.0635983], [38.7296258, 54.0651869], [38.7286256, 54.0658341], [38.7103863, 54.0596559], [38.7086801, 54.05995], [38.7024432, 54.0626565], [38.702149, 54.0634802], [38.7026785, 54.0641862], [38.6925011, 54.063392], [38.6886205, 54.0622381], [38.6830318, 54.0625349], [38.6791075, 54.0604189], [38.6780177, 54.0589942], [38.6830813, 54.055177], [38.6783351, 54.051153], [38.6745097, 54.0431352], [38.6641529, 54.0419628], [38.6583409, 54.0396586], [38.6538347, 54.0362139], [38.6512436, 54.0362064], [38.6486461, 54.0369615], [38.6467254, 54.0342867], [38.6441474, 54.0327538], [38.6370425, 54.0304447], [38.633143, 54.0319581], [38.6305252, 54.0350006], [38.6317937, 54.038055], [38.6363117, 54.0399753], [38.6349926, 54.0426405], [38.632381, 54.0449204], [38.6310581, 54.0479668], [38.6252232, 54.0483301], [38.6239479, 54.0460382], [38.6233241, 54.0433671], [38.6187855, 54.0437341], [38.6122925, 54.0452386], [38.6031582, 54.0429443], [38.6020709, 54.0429709], [38.601346, 54.0435562], [38.599716, 54.0429703], [38.5979326, 54.043578], [38.5930757, 54.043851], [38.585698, 54.0482004], [38.5811662, 54.0478034], [38.5811394, 54.0504725], [38.5778917, 54.0512238], [38.5759089, 54.0550299], [38.5726217, 54.059594], [38.5667806, 54.0603357], [38.5596309, 54.0622163], [38.553137, 54.0633363], [38.5440624, 54.0633022], [38.5401902, 54.0617623], [38.5389361, 54.0579444], [38.5389783, 54.0541314], [38.5260176, 54.054081], [38.5169584, 54.052901], [38.5092046, 54.0509631], [38.5021862, 54.0417828], [38.4983221, 54.0398601], [38.4944259, 54.0406064], [38.48922, 54.042491], [38.4684533, 54.0425246], [38.4684622, 54.0377494], [38.4653514, 54.0378317], [38.4629906, 54.0385678], [38.4609651, 54.0385015], [38.4606121, 54.0372638], [38.4466641, 54.0375689], [38.4466054, 54.036606], [38.4473135, 54.0360011], [38.4470288, 54.0328259], [38.442743, 54.0332917], [38.4399472, 54.0341796], [38.4377648, 54.0340604], [38.4310486, 54.0319936], [38.4310543, 54.0310015], [38.4222305, 54.0299688], [38.4217936, 54.0308172], [38.4185765, 54.0305647], [38.4184529, 54.0301157], [38.4059077, 54.0286429], [38.3999496, 54.0233867], [38.4001084, 54.0218698], [38.4033787, 54.0195982], [38.4021275, 54.0165414], [38.3995378, 54.0165285], [38.4028841, 54.0089188], [38.4148463, 54.0042171], [38.4129444, 54.0029408], [38.4074493, 54.0057779], [38.4006897, 54.0040239], [38.3994956, 54.0029081]]]}}, {"type": "Feature", "properties": {"rda_code": "TL-25", "rda_name": "KIREEVSKY AREA / incl. KIREEVSK, BOLOHOVO, LIPKI /", "osm_name": "Киреевский район", "match_score": 1.0, "match_reason": "alias:киреевскии"}, "geometry": {"type": "Polygon", "coordinates": [[[37.6452586, 53.9614073], [37.6466928, 53.9590752], [37.6511775, 53.9544318], [37.6536335, 53.9527657], [37.6551051, 53.953184], [37.6599244, 53.9462228], [37.66025, 53.94425], [37.6631618, 53.943329], [37.6611021, 53.9434495], [37.6595, 53.94025], [37.65975, 53.9395], [37.65925, 53.938], [37.6597711, 53.936445], [37.662114, 53.934905], [37.6609121, 53.9349015], [37.660402, 53.934193], [37.6593706, 53.9308849], [37.6600165, 53.9308849], [37.6590142, 53.9303079], [37.6584171, 53.9287377], [37.6613492, 53.9277823], [37.6642208, 53.9281146], [37.6671099, 53.9278069], [37.6701412, 53.9268405], [37.6719264, 53.9252314], [37.6735423, 53.9224964], [37.673, 53.92], [37.671, 53.91825], [37.671, 53.91775], [37.6726782, 53.9166319], [37.6718664, 53.9166173], [37.67225, 53.91475], [37.6691609, 53.9139344], [37.6689847, 53.9127604], [37.6710223, 53.9113681], [37.6789837, 53.9123359], [37.6850467, 53.9123707], [37.6880841, 53.9107894], [37.6912408, 53.9102182], [37.69225, 53.909], [37.69175, 53.9085], [37.69475, 53.90725], [37.6980472, 53.9083287], [37.7006126, 53.9085578], [37.7019814, 53.9078876], [37.7045093, 53.9077099], [37.7081487, 53.9064662], [37.7119732, 53.903856], [37.7183899, 53.90143], [37.7207428, 53.8999838], [37.7208105, 53.8985476], [37.7195071, 53.8971313], [37.7139307, 53.8943194], [37.7102262, 53.891684], [37.7077622, 53.8909013], [37.6961917, 53.8896921], [37.6941808, 53.8898473], [37.6865991, 53.8924866], [37.6791595, 53.89167], [37.6748045, 53.8846493], [37.6752056, 53.8825741], [37.6764657, 53.8818525], [37.678048, 53.8819243], [37.6797148, 53.8831954], [37.6859758, 53.8854292], [37.6892764, 53.8856908], [37.6922528, 53.8845848], [37.6943276, 53.8828031], [37.6958329, 53.8808147], [37.6957882, 53.8787314], [37.6913346, 53.8725199], [37.6903414, 53.8705151], [37.6902197, 53.8691156], [37.6906342, 53.8676497], [37.6930279, 53.8638436], [37.6958093, 53.8619587], [37.6961534, 53.8604667], [37.6954535, 53.8583311], [37.6957175, 53.857566], [37.6983443, 53.855962], [37.6984356, 53.8549929], [37.6946546, 53.853426], [37.6889721, 53.852157], [37.6853118, 53.8495426], [37.684692, 53.8473555], [37.6850625, 53.8454802], [37.6865808, 53.8442447], [37.6962424, 53.8440685], [37.6963187, 53.840816], [37.6952247, 53.839269], [37.6943159, 53.8332059], [37.6878119, 53.8332758], [37.6826542, 53.8308062], [37.6778998, 53.8290807], [37.6714153, 53.8275289], [37.6697226, 53.826542], [37.6691746, 53.8248167], [37.6750113, 53.8143417], [37.6753245, 53.8124486], [37.6742775, 53.8109648], [37.6752762, 53.8093256], [37.6791248, 53.8082745], [37.6793409, 53.806488], [37.6815294, 53.8065911], [37.6844347, 53.8058682], [37.6852625, 53.8043382], [37.6865838, 53.8041996], [37.6897901, 53.8065728], [37.6901993, 53.8075337], [37.6911057, 53.8078007], [37.6930478, 53.8060687], [37.6922686, 53.8044648], [37.6927628, 53.8039519], [37.6991687, 53.8040971], [37.6997161, 53.8033888], [37.6996852, 53.8017479], [37.7004455, 53.8015265], [37.7020749, 53.8015995], [37.7057787, 53.802971], [37.7074957, 53.8029877], [37.7078823, 53.802479], [37.7060478, 53.8013802], [37.70623, 53.8005993], [37.7082189, 53.7999205], [37.7115188, 53.7975992], [37.7142412, 53.7969301], [37.7181455, 53.799738], [37.7190392, 53.79971], [37.7191104, 53.7991869], [37.7197691, 53.7989821], [37.7255994, 53.7999563], [37.7300559, 53.7993924], [37.7300556, 53.7989309], [37.7283374, 53.7976426], [37.7293092, 53.7966753], [37.7339147, 53.7969137], [37.7410467, 53.7960053], [37.7464102, 53.7971221], [37.7470415, 53.7963013], [37.7471165, 53.7939985], [37.7484087, 53.7931043], [37.7496226, 53.7932835], [37.7510272, 53.7949609], [37.7534133, 53.796128], [37.7534561, 53.7970543], [37.7540891, 53.7976636], [37.7586917, 53.7971219], [37.7617188, 53.7984101], [37.7662961, 53.7983136], [37.7725659, 53.7997186], [37.7745512, 53.7990471], [37.7746748, 53.7985279], [37.773805, 53.7977857], [37.769726, 53.7969244], [37.7683461, 53.7955677], [37.7687336, 53.7945008], [37.7698931, 53.7942501], [37.7715383, 53.7950359], [37.7747933, 53.7951392], [37.7757873, 53.7945559], [37.7757505, 53.7939419], [37.7765542, 53.7930159], [37.7803159, 53.7916809], [37.7806018, 53.7923442], [37.7795025, 53.7927732], [37.7793059, 53.7938473], [37.7778845, 53.7949449], [37.7779138, 53.7963454], [37.7790006, 53.7966226], [37.7812558, 53.7962336], [37.7828187, 53.7950648], [37.7825033, 53.7941019], [37.783066, 53.7935071], [37.7856427, 53.7926189], [37.7867822, 53.7930978], [37.786801, 53.796937], [37.7863288, 53.7983576], [37.7870456, 53.7989472], [37.7884408, 53.7984016], [37.7895956, 53.7983507], [37.7906846, 53.7989416], [37.7918708, 53.7985768], [37.7919718, 53.7982071], [37.7904359, 53.7971552], [37.7919974, 53.7946842], [37.7917948, 53.7932831], [37.7923155, 53.7930417], [37.79557, 53.7926925], [37.7968597, 53.7940634], [37.7966385, 53.7950101], [37.798471, 53.794985], [37.7983572, 53.7917184], [37.7989806, 53.7908857], [37.8006849, 53.7903294], [37.8031067, 53.7910347], [37.8034095, 53.7914027], [37.8029784, 53.7930404], [37.8045593, 53.793924], [37.807097, 53.7928337], [37.8189548, 53.7949267], [37.8211282, 53.7942673], [37.8252653, 53.7943593], [37.8278607, 53.7955451], [37.8304935, 53.7946587], [37.8312548, 53.7938244], [37.8310445, 53.792711], [37.8291177, 53.7914569], [37.8292014, 53.7908019], [37.8305112, 53.789793], [37.8320824, 53.7894541], [37.8342929, 53.7911709], [37.8359069, 53.791112], [37.837276, 53.7903462], [37.8377125, 53.7887156], [37.8374421, 53.7873427], [37.8344579, 53.7858155], [37.8344499, 53.7848368], [37.8372879, 53.7837131], [37.8394766, 53.7844668], [37.8407803, 53.7833566], [37.8420297, 53.7830733], [37.84832, 53.7836315], [37.8487568, 53.7838004], [37.8490347, 53.7850764], [37.8526837, 53.7846065], [37.8543946, 53.7867825], [37.8554324, 53.7871653], [37.8572797, 53.7867801], [37.8575819, 53.7865074], [37.8571105, 53.7854118], [37.857893, 53.7851158], [37.8604489, 53.7853705], [37.8613584, 53.7862536], [37.8637724, 53.7866656], [37.8655105, 53.7863107], [37.8659826, 53.7856134], [37.870317, 53.7832934], [37.8773605, 53.7833568], [37.8769313, 53.7851507], [37.8795814, 53.7860571], [37.8809439, 53.7858036], [37.8820436, 53.7864121], [37.8820544, 53.7869065], [37.8806382, 53.7875657], [37.88096, 53.7880727], [37.8866892, 53.78967], [37.8874724, 53.7894671], [37.8870647, 53.7887636], [37.8875261, 53.7880537], [37.8898542, 53.7875847], [37.8913348, 53.7880474], [37.8937166, 53.7879523], [37.8947466, 53.7890932], [37.8965705, 53.7889411], [37.8967743, 53.788434], [37.896077, 53.7882566], [37.8958838, 53.7876671], [37.9004704, 53.7866149], [37.9003524, 53.7861712], [37.8979921, 53.785981], [37.8981315, 53.7854169], [37.8990006, 53.7849859], [37.8997409, 53.7852838], [37.9009874, 53.7845378], [37.9031955, 53.7843013], [37.9075514, 53.7846182], [37.9108988, 53.7855056], [37.9115855, 53.7861142], [37.9114567, 53.7868368], [37.912256, 53.7882756], [37.9139834, 53.788827], [37.9172342, 53.7884594], [37.9182427, 53.7868558], [37.9201739, 53.7875974], [37.9214507, 53.7868938], [37.9230707, 53.7867353], [37.9252272, 53.7876481], [37.9270404, 53.7870079], [37.9287784, 53.7874389], [37.9290681, 53.7879967], [37.9287355, 53.7895179], [37.9245942, 53.7904179], [37.9251306, 53.7912545], [37.9277914, 53.7921227], [37.9288857, 53.7918565], [37.9299693, 53.7898474], [37.9337212, 53.790177], [37.9338746, 53.7896953], [37.9369577, 53.7884165], [37.9375117, 53.7876798], [37.9365354, 53.7856578], [37.9381769, 53.7844534], [37.9403119, 53.7844914], [37.9416316, 53.7839843], [37.9421278, 53.7846214], [37.943544, 53.784707], [37.9449849, 53.7856525], [37.9454698, 53.7854518], [37.9459204, 53.7839748], [37.9467037, 53.7837149], [37.9476907, 53.7846784], [37.9485579, 53.7847626], [37.9502676, 53.7866432], [37.948465, 53.7897931], [37.9494134, 53.7921622], [37.9577506, 53.7983681], [37.9581711, 53.8019873], [37.9566536, 53.8036825], [37.9490345, 53.8074727], [37.9469232, 53.8098851], [37.949043, 53.8154085], [37.9543512, 53.8256086], [37.958063, 53.8265817], [37.9695838, 53.8265005], [37.9731128, 53.8272105], [37.9759204, 53.8302563], [37.9776129, 53.830639], [37.9847939, 53.8292294], [37.9893809, 53.8269609], [37.9920055, 53.8290758], [37.9945944, 53.8303009], [38.0014068, 53.8324362], [38.0062638, 53.834739], [38.0125139, 53.8395045], [38.0234506, 53.8428247], [38.0302811, 53.8465532], [38.0445055, 53.8498384], [38.0440799, 53.8506404], [38.0469684, 53.8548353], [38.0495433, 53.8572273], [38.0575214, 53.8612525], [38.0578689, 53.8632257], [38.0560802, 53.8636222], [38.052514, 53.8671405], [38.0495177, 53.8709886], [38.0760038, 53.8844017], [38.0275515, 53.9184726], [38.0125524, 53.9142696], [38.0055503, 53.9171289], [37.9983611, 53.9215117], [38.0091505, 53.9301185], [38.0091954, 53.9310809], [38.0061508, 53.9332845], [38.0046397, 53.9351136], [38.0038639, 53.9372838], [37.9980463, 53.9409788], [38.002767, 53.9462327], [38.0061144, 53.9513597], [38.0110747, 53.9526236], [38.0132417, 53.9553897], [38.0182111, 53.9566719], [38.0218802, 53.9546015], [38.0327629, 53.9683892], [38.0389673, 53.9775109], [38.0367143, 53.9781166], [38.0349976, 53.9775235], [38.0321438, 53.9783185], [38.0307399, 53.9772914], [38.0219169, 53.9862985], [38.0202217, 53.9873835], [38.0154581, 53.9880017], [38.0150934, 53.9906006], [38.0156298, 53.9932876], [38.0205758, 53.9927704], [38.04451, 54.0023896], [38.0411752, 54.0100993], [38.0375837, 54.0126306], [38.0408452, 54.0168921], [38.0512522, 54.0163878], [38.0509089, 54.0177368], [38.0422829, 54.0183546], [38.0455257, 54.0213116], [38.0436991, 54.0225777], [38.0393217, 54.0219474], [38.040082, 54.0222943], [38.0398369, 54.023271], [38.0406097, 54.0233469], [38.040738, 54.0241273], [38.0397191, 54.0273801], [38.0313513, 54.0317618], [38.0291626, 54.0343831], [38.0277893, 54.0392472], [38.0313083, 54.0406332], [38.0319521, 54.0422208], [38.0250988, 54.0457351], [38.034248, 54.0625518], [38.0419728, 54.0747406], [38.042874, 54.0766542], [38.0432163, 54.0791046], [38.0547912, 54.0791106], [38.0626264, 54.0754179], [38.0689696, 54.0752667], [38.0740769, 54.0790524], [38.0827853, 54.0789202], [38.0889651, 54.0747909], [38.0987498, 54.0738341], [38.1128669, 54.0776447], [38.1047853, 54.0782195], [38.0988926, 54.0916885], [38.0888504, 54.0902161], [38.0811042, 54.0917892], [38.0726284, 54.090128], [38.0673499, 54.096093], [38.0426018, 54.0909594], [38.0427379, 54.0943564], [38.0394334, 54.0957658], [38.0313782, 54.0959666], [38.0326929, 54.1048266], [38.0340943, 54.1087453], [38.0353235, 54.1103596], [38.0348619, 54.1131286], [38.0324488, 54.1135741], [38.0313482, 54.1149751], [38.0314441, 54.1155219], [38.0333082, 54.1166082], [38.0334208, 54.1174007], [38.0309984, 54.1184573], [38.0254969, 54.1198143], [38.0229916, 54.122014], [38.014762, 54.1214941], [38.0111115, 54.1221553], [38.0103792, 54.1226506], [38.0189898, 54.1326795], [38.0206099, 54.1368321], [38.0204749, 54.138928], [38.0203399, 54.1395607], [38.0170998, 54.138928], [38.0179098, 54.1430404], [38.023715, 54.1463617], [38.0236475, 54.1484176], [38.0200699, 54.1521338], [38.0197999, 54.1537941], [38.011497, 54.1584584], [38.0052868, 54.1604346], [38.0045443, 54.162055], [38.0002241, 54.163715], [37.997119, 54.166916], [37.9915838, 54.1695241], [38.0168298, 54.1781376], [38.0285077, 54.1805475], [38.0324904, 54.180745], [38.0330304, 54.1862753], [38.0347854, 54.1929105], [38.0343129, 54.1944113], [38.0286427, 54.1994659], [38.0228088, 54.2025785], [38.027559, 54.2042153], [38.0340085, 54.2073217], [38.022934, 54.2152926], [38.0173143, 54.2175677], [38.0069892, 54.2199712], [38.0010721, 54.218206], [38.0004968, 54.2206158], [37.9992844, 54.2206786], [37.9974713, 54.2216006], [37.9976, 54.2211051], [37.9970099, 54.2206409], [37.9946174, 54.2207538], [37.9944779, 54.2199572], [37.9936518, 54.2197376], [37.9938342, 54.2190727], [37.9884161, 54.2186649], [37.9883839, 54.2204716], [37.982408, 54.220183], [37.980348, 54.2193926], [37.9786207, 54.2199948], [37.976432, 54.2194867], [37.9671301, 54.2216571], [37.9672589, 54.2221777], [37.9657568, 54.22246], [37.9656281, 54.2228112], [37.9664542, 54.2230621], [37.9667761, 54.2239716], [37.9649522, 54.2261167], [37.9665937, 54.22707], [37.9657461, 54.2274526], [37.9681279, 54.2283871], [37.9679884, 54.22887], [37.9689111, 54.2299612], [37.967173, 54.2310399], [37.9657461, 54.2309646], [37.9653277, 54.2316419], [37.9638364, 54.2318677], [37.9619588, 54.2319178], [37.9619052, 54.2314789], [37.9604139, 54.2317987], [37.9597487, 54.23146], [37.9601242, 54.2304316], [37.9594483, 54.2304566], [37.9560099, 54.2319112], [37.9553349, 54.2359749], [37.9506772, 54.2364483], [37.9512847, 54.2407089], [37.9640427, 54.247651], [37.9623551, 54.2484398], [37.95817, 54.2483609], [37.9554024, 54.249899], [37.9402143, 54.2494258], [37.9362991, 54.2484793], [37.9360291, 54.249623], [37.9340716, 54.2493469], [37.9335315, 54.2480454], [37.9315065, 54.24702], [37.9298864, 54.2478088], [37.9298864, 54.2495047], [37.9317765, 54.2501357], [37.9304124, 54.2506089], [37.9443824, 54.2549692], [37.9459274, 54.2550945], [37.9564845, 54.2530387], [37.959317, 54.2531515], [37.9695308, 54.2508762], [37.9701745, 54.248419], [37.9697025, 54.2456859], [37.9721057, 54.2443819], [37.9761398, 54.244081], [37.978071, 54.2455103], [37.9817617, 54.2508762], [37.9814613, 54.2535589], [37.9763973, 54.2554142], [37.9717195, 54.2545618], [37.9701531, 54.2509891], [37.9594242, 54.2534586], [37.9568708, 54.2533458], [37.946099, 54.255364], [37.944597, 54.2552512], [37.9301993, 54.2509551], [37.9296839, 54.2517921], [37.9267006, 54.2530672], [37.9247803, 54.2547942], [37.9236552, 54.254888], [37.9212766, 54.2533107], [37.9202413, 54.2516416], [37.9182484, 54.2517637], [37.917786, 54.2504752], [37.9190345, 54.2500546], [37.9186502, 54.2493786], [37.9175894, 54.2495101], [37.9173988, 54.2489854], [37.9148304, 54.2504063], [37.9147622, 54.2510304], [37.9132166, 54.2523185], [37.9106718, 54.2523238], [37.9104813, 54.2527352], [37.9114892, 54.2533675], [37.9113528, 54.2547617], [37.9126256, 54.2550804], [37.9126738, 54.2555843], [37.9120801, 54.2558239], [37.9145349, 54.2581873], [37.9140576, 54.2589175], [37.9148304, 54.2592229], [37.9154912, 54.2606904], [37.9147659, 54.260927], [37.9110406, 54.2602138], [37.9103754, 54.2598336], [37.9111028, 54.2579218], [37.91058, 54.2576961], [37.911671, 54.2561426], [37.9112619, 54.2556513], [37.9093072, 54.2552397], [37.9085344, 54.2529426], [37.9092844, 54.252916], [37.9094435, 54.2524645], [37.908648, 54.2512163], [37.9087389, 54.2489057], [37.9071479, 54.248494], [37.9070797, 54.2474714], [37.9063751, 54.2474183], [37.9054432, 54.2481222], [37.9027611, 54.2485737], [37.9034203, 54.2478964], [37.9033294, 54.2461434], [37.9057159, 54.2446957], [37.9048749, 54.2442176], [37.9017156, 54.244616], [37.8980562, 54.2439918], [37.8966015, 54.2442707], [37.8936467, 54.2437926], [37.8932603, 54.2429957], [37.891942, 54.2430355], [37.8911692, 54.2440317], [37.8898964, 54.2437395], [37.8900555, 54.2429426], [37.8885326, 54.2421855], [37.8893963, 54.2402595], [37.8889417, 54.2397548], [37.88976, 54.2391703], [37.8890781, 54.2383601], [37.8894872, 54.2366199], [37.8861688, 54.2361816], [37.8855551, 54.2368325], [37.8818957, 54.2379749], [37.8817593, 54.236952], [37.8808046, 54.2359424], [37.8829867, 54.2348133], [37.8811229, 54.2336708], [37.8787817, 54.2332058], [37.8785772, 54.232515], [37.8798273, 54.2317843], [37.8798273, 54.2306285], [37.8782362, 54.2307082], [37.8782702, 54.2297576], [37.8809638, 54.2292733], [37.8816911, 54.2276922], [37.8803955, 54.2265628], [37.8799883, 54.2244987], [37.8815486, 54.2230898], [37.8832728, 54.2222889], [37.8856399, 54.222731], [37.8906923, 54.2201431], [37.8947563, 54.2187451], [37.8986824, 54.218563], [37.8976065, 54.2166924], [37.8992907, 54.2142581], [37.8960281, 54.2152073], [37.8958348, 54.2159285], [37.8948563, 54.2156956], [37.8955609, 54.2135824], [37.8901947, 54.2133876], [37.8887421, 54.2127982], [37.8868329, 54.2129178], [37.8864919, 54.2135957], [37.8857873, 54.2136355], [37.8846736, 54.2129975], [37.8838099, 54.2131836], [37.8843099, 54.2138216], [37.8830162, 54.2143842], [37.870132, 54.2153984], [37.8705465, 54.2193179], [37.8645223, 54.2199133], [37.8623692, 54.2181735], [37.8631223, 54.2163336], [37.8629045, 54.2147506], [37.8599857, 54.2148982], [37.8608494, 54.2175563], [37.8567776, 54.217385], [37.8539137, 54.2189797], [37.8509589, 54.2186874], [37.8329573, 54.2150724], [37.8330709, 54.2136237], [37.8323436, 54.2135174], [37.8293661, 54.2103805], [37.830548, 54.2082936], [37.8296616, 54.2063128], [37.8262749, 54.2068978], [37.8261612, 54.206499], [37.8235019, 54.2057944], [37.8215472, 54.2044384], [37.8220245, 54.2030292], [37.8210244, 54.2016066], [37.8230019, 54.199732], [37.8230701, 54.1977775], [37.8223655, 54.197086], [37.8223655, 54.1957298], [37.8240247, 54.1948787], [37.8262976, 54.1919665], [37.8274568, 54.1915676], [37.8281842, 54.1905569], [37.823161, 54.1846119], [37.8232974, 54.1837075], [37.8205698, 54.179584], [37.8226609, 54.1795042], [37.8238883, 54.1785996], [37.8230473, 54.1767904], [37.823411, 54.1754202], [37.8244793, 54.1747816], [37.8244566, 54.1741563], [37.8256157, 54.1729324], [37.8215472, 54.1700718], [37.8365713, 54.168728], [37.8473904, 54.1718015], [37.8512771, 54.16934], [37.85355, 54.1672377], [37.8576867, 54.1648425], [37.8603461, 54.1612362], [37.8631645, 54.1613692], [37.8670057, 54.160238], [37.8637507, 54.1587417], [37.8656296, 54.1570048], [37.8653487, 54.1548834], [37.861061, 54.1553809], [37.8601417, 54.1480206], [37.8626874, 54.145611], [37.8630738, 54.1438936], [37.8668241, 54.1420962], [37.8681424, 54.1421228], [37.8724912, 54.1390382], [37.8721005, 54.1386151], [37.8724142, 54.137336], [37.8720102, 54.1365491], [37.8705495, 54.1352387], [37.8692553, 54.1329127], [37.8682813, 54.1324675], [37.8680113, 54.1311678], [37.865173, 54.1292346], [37.8547645, 54.1254884], [37.8529392, 54.1234964], [37.8489088, 54.1236987], [37.8484743, 54.1240459], [37.8483809, 54.1254577], [37.8410569, 54.1254342], [37.8392244, 54.1245413], [37.8376758, 54.1224952], [37.8373341, 54.1213535], [37.8382309, 54.1200825], [37.8372984, 54.119686], [37.8353108, 54.1200847], [37.8338589, 54.1192581], [37.8227011, 54.1202232], [37.8219499, 54.1211586], [37.8220932, 54.1219913], [37.8260855, 54.1226073], [37.8271265, 54.1234428], [37.8191958, 54.125268], [37.8176134, 54.1264289], [37.8165668, 54.1284647], [37.815547, 54.1289775], [37.807913, 54.1303582], [37.8068443, 54.1301359], [37.8060864, 54.129391], [37.8062903, 54.127523], [37.803603, 54.1275678], [37.8039893, 54.1266331], [37.8033888, 54.1262013], [37.7996943, 54.1263396], [37.7985782, 54.1251726], [37.7989016, 54.1240637], [37.7984681, 54.1236211], [37.7964567, 54.1235267], [37.7941828, 54.1244893], [37.7932704, 54.1253666], [37.792547, 54.1252729], [37.7918338, 54.1230903], [37.7991899, 54.1215777], [37.7966426, 54.1203976], [37.7930177, 54.1167274], [37.7909464, 54.1157493], [37.7880861, 54.1152444], [37.7842222, 54.1151111], [37.7841994, 54.1158039], [37.7825402, 54.1163635], [37.7798354, 54.1164434], [37.7768351, 54.1175891], [37.7764487, 54.1179888], [37.7770852, 54.1192011], [37.7756078, 54.1195874], [37.7749713, 54.1206931], [37.7699254, 54.1208263], [37.7668115, 54.1179755], [37.7648795, 54.1179755], [37.7647204, 54.1175092], [37.7562424, 54.117376], [37.7538331, 54.1177756], [37.745595, 54.1237711], [37.7369537, 54.1195989], [37.7338313, 54.1171029], [37.7338465, 54.1153715], [37.7354198, 54.1145758], [37.7390277, 54.1142167], [37.7425449, 54.1129264], [37.7471741, 54.1097605], [37.7471287, 54.1064214], [37.7474917, 54.1058494], [37.7562961, 54.1034546], [37.7578618, 54.1009], [37.7572492, 54.1000751], [37.7558196, 54.0998622], [37.7508274, 54.1005541], [37.7490121, 54.098292], [37.7499878, 54.0971078], [37.7536706, 54.0966515], [37.754285, 54.0961912], [37.7551724, 54.0920077], [37.7543191, 54.0902661], [37.7521347, 54.0883443], [37.7496479, 54.0847186], [37.7495455, 54.0836234], [37.7502575, 54.0818776], [37.7497455, 54.0799153], [37.752027, 54.078079], [37.7528856, 54.0750093], [37.7530677, 54.0718332], [37.7498137, 54.0698023], [37.7491311, 54.0688409], [37.7496431, 54.0679396], [37.7511107, 54.0672385], [37.7512814, 54.0663172], [37.7501209, 54.0644143], [37.7463835, 54.0618653], [37.7451178, 54.061858], [37.7458384, 54.0611251], [37.7453341, 54.0581025], [37.7462353, 54.0576239], [37.7471859, 54.0582763], [37.748408, 54.0582693], [37.7488639, 54.0575136], [37.7499111, 54.0579142], [37.7509625, 54.0572939], [37.7518573, 54.0575735], [37.7524996, 54.0572378], [37.7441138, 54.0547377], [37.7347176, 54.0486466], [37.7266038, 54.0463724], [37.7232536, 54.0464031], [37.7212121, 54.0436677], [37.7202961, 54.0436523], [37.7247054, 54.0392516], [37.7247578, 54.0382986], [37.7235677, 54.0370281], [37.7239342, 54.0361366], [37.7234107, 54.0357369], [37.7077361, 54.0387663], [37.7070698, 54.0354405], [37.7051451, 54.033571], [37.6992597, 54.0307883], [37.6933374, 54.0287011], [37.6886962, 54.025098], [37.6848694, 54.0210953], [37.6868952, 54.0211188], [37.6890461, 54.0203689], [37.6884623, 54.0192338], [37.6890707, 54.0182276], [37.6911464, 54.0169042], [37.6919906, 54.0130584], [37.692741, 54.011681], [37.6928465, 54.0098803], [37.6935383, 54.0088248], [37.6956046, 54.0076048], [37.7026762, 54.0063107], [37.7064385, 54.006358], [37.7078503, 54.0044847], [37.7087921, 54.0040236], [37.7120291, 54.0049595], [37.7174689, 54.0042534], [37.7175316, 54.0035895], [37.7156052, 54.002051], [37.7138124, 54.0022395], [37.7125604, 54.0015742], [37.7113946, 53.998993], [37.7114544, 53.9964674], [37.7076799, 53.9905985], [37.7041324, 53.9882165], [37.700517, 53.9867628], [37.6987379, 53.9865748], [37.6978026, 53.9867312], [37.6969024, 53.987809], [37.6929352, 53.9893941], [37.686999, 53.9896286], [37.6852037, 53.9883537], [37.686341, 53.9870659], [37.68519, 53.9864246], [37.6849621, 53.9851528], [37.6821687, 53.9831333], [37.6774998, 53.9835319], [37.6754666, 53.9784615], [37.6738475, 53.9773986], [37.6735086, 53.9765128], [37.6738099, 53.9751399], [37.6733204, 53.9744977], [37.6680114, 53.9719288], [37.6633834, 53.9706664], [37.660788, 53.9694494], [37.6540589, 53.9686018], [37.6526084, 53.9670638], [37.6512533, 53.9668426], [37.6504288, 53.966049], [37.6479783, 53.9656087], [37.6463218, 53.9638446], [37.6452586, 53.9614073]]]}}, {"type": "Feature", "properties": {"rda_code": "TL-26", "rda_name": "KURKINSKY AREA", "osm_name": "Куркинский муниципальный округ", "match_score": 1.0, "match_reason": "alias:куркинскии"}, "geometry": {"type": "Polygon", "coordinates": [[[38.2373486, 53.4115738], [38.2363476, 53.4105669], [38.2385686, 53.4091497], [38.2405393, 53.4065205], [38.2433859, 53.4045811], [38.2477653, 53.4028654], [38.2532082, 53.3989302], [38.2564928, 53.3982774], [38.2593707, 53.3984266], [38.2625301, 53.3975872], [38.2695997, 53.398352], [38.2630931, 53.3901445], [38.2638439, 53.3893983], [38.278678, 53.3890939], [38.2948437, 53.3874955], [38.2973149, 53.3866], [38.2991918, 53.3837454], [38.3017881, 53.3818609], [38.3031116, 53.3840189], [38.3083692, 53.3840494], [38.3163374, 53.3789868], [38.3382843, 53.3622132], [38.3514693, 53.3591419], [38.3640191, 53.3544939], [38.371359, 53.3466735], [38.3753218, 53.3451225], [38.4015917, 53.3448641], [38.4094872, 53.3437246], [38.4160263, 53.3457216], [38.4231908, 53.350079], [38.4380931, 53.3654755], [38.4413624, 53.3666697], [38.4472901, 53.3655184], [38.4486243, 53.3639528], [38.4344897, 53.3399161], [38.4306081, 53.335575], [38.4306814, 53.3300739], [38.4346404, 53.3285209], [38.4399067, 53.3273669], [38.4373279, 53.3238181], [38.4327756, 53.3206528], [38.4308487, 53.3174999], [38.4341868, 53.3131932], [38.4367596, 53.317135], [38.4413324, 53.3187284], [38.4544616, 53.3183962], [38.4570714, 53.319587], [38.4596467, 53.3235283], [38.4635795, 53.323939], [38.4670372, 53.3098079], [38.5005797, 53.3028797], [38.518353, 53.2974513], [38.5202942, 53.2998169], [38.5289111, 53.3022219], [38.5315744, 53.3076191], [38.5347987, 53.3068481], [38.5456624, 53.3235304], [38.5481857, 53.3243014], [38.5479052, 53.3275958], [38.55155, 53.3289276], [38.5550546, 53.3289277], [38.5630801, 53.332082], [38.5801126, 53.3332037], [38.5848088, 53.3347458], [38.5821101, 53.3360075], [38.5911519, 53.3412646], [38.6067124, 53.3446293], [38.624095, 53.3536014], [38.6309641, 53.3540922], [38.6426675, 53.356262], [38.6499716, 53.3455341], [38.660004, 53.3449025], [38.6603223, 53.3413499], [38.6776813, 53.346663], [38.6799895, 53.3467384], [38.6896431, 53.3589031], [38.7099585, 53.3596307], [38.7180567, 53.359469], [38.7208522, 53.3602295], [38.7226162, 53.359659], [38.7252099, 53.3603146], [38.7286057, 53.3597885], [38.7341406, 53.3577386], [38.7423065, 53.3570378], [38.7635353, 53.3576937], [38.7710716, 53.3640558], [38.7675741, 53.3758932], [38.7686954, 53.3815006], [38.7681344, 53.3880893], [38.7659611, 53.398393], [38.7621408, 53.4043508], [38.7621407, 53.4065237], [38.7563227, 53.4114301], [38.7530586, 53.417301], [38.7398543, 53.4240178], [38.7319729, 53.4334791], [38.7295062, 53.4367088], [38.7270146, 53.442025], [38.7257206, 53.4491685], [38.7255411, 53.4639316], [38.7301651, 53.4673958], [38.7375204, 53.4702526], [38.7429665, 53.4692317], [38.7456341, 53.4679968], [38.7570211, 53.4735325], [38.7580982, 53.4756947], [38.7589742, 53.4798035], [38.7580349, 53.4803277], [38.7521093, 53.4810859], [38.7498627, 53.4822374], [38.7471869, 53.4845861], [38.7461103, 53.4862294], [38.7470067, 53.4878179], [38.7466467, 53.4884113], [38.7425371, 53.491714], [38.7344352, 53.4933247], [38.7323892, 53.4954249], [38.7312096, 53.4958573], [38.728529, 53.4953888], [38.7219035, 53.4972935], [38.7154547, 53.5036719], [38.7197303, 53.5055644], [38.7193096, 53.5101205], [38.7217627, 53.5118728], [38.7194495, 53.5169195], [38.7227017, 53.5289047], [38.7234586, 53.5292185], [38.7248802, 53.5286328], [38.7258436, 53.5299446], [38.7277754, 53.531051], [38.730555, 53.5313207], [38.7313041, 53.5318402], [38.7336671, 53.5322719], [38.7352013, 53.5315978], [38.7361331, 53.5322148], [38.7361648, 53.5330741], [38.7368471, 53.5332613], [38.7377913, 53.5331949], [38.7380912, 53.5322626], [38.739399, 53.5321836], [38.7401205, 53.5327789], [38.738678, 53.5339611], [38.7427228, 53.5334593], [38.7435194, 53.534563], [38.745559, 53.5347368], [38.7474242, 53.5356324], [38.747496, 53.5361603], [38.7463674, 53.5363669], [38.7459913, 53.537068], [38.7463583, 53.537391], [38.7483372, 53.5376639], [38.750541, 53.5370539], [38.7513741, 53.5381921], [38.7562032, 53.5374295], [38.7570379, 53.5384637], [38.7597684, 53.5397685], [38.7604523, 53.5410184], [38.7614973, 53.5417188], [38.7662759, 53.5417561], [38.7701373, 53.5424156], [38.7730432, 53.5446871], [38.7782182, 53.546837], [38.7807797, 53.5470423], [38.7820951, 53.5478786], [38.783433, 53.5498072], [38.786613, 53.5504644], [38.7884272, 53.5513794], [38.7921925, 53.5514479], [38.7935065, 53.5523422], [38.7963575, 53.5518386], [38.7982361, 53.552724], [38.8008258, 53.5529348], [38.8022591, 53.5519102], [38.805952, 53.5523901], [38.8063039, 53.5519306], [38.8052632, 53.5504939], [38.8105026, 53.5495342], [38.8121291, 53.5499549], [38.8134348, 53.5509544], [38.8267767, 53.5530715], [38.8306745, 53.5514162], [38.8360222, 53.5503329], [38.8399949, 53.5518293], [38.8426395, 53.5510087], [38.8432082, 53.5514864], [38.8427817, 53.5534629], [38.841918, 53.5542472], [38.8423649, 53.5548333], [38.8480544, 53.5558074], [38.8491396, 53.5553004], [38.8507741, 53.5564626], [38.8525315, 53.5554786], [38.8535556, 53.5555063], [38.8544761, 53.5561927], [38.8578809, 53.5549521], [38.8639793, 53.5553326], [38.8669232, 53.5547018], [38.8701478, 53.5479729], [38.8857793, 53.5300294], [38.9003583, 53.5359174], [38.899447, 53.53788], [38.8998674, 53.543137], [38.9039556, 53.5487161], [38.9022444, 53.550571], [38.9033977, 53.5532194], [38.9028667, 53.5541531], [38.9043923, 53.5551203], [38.9061068, 53.5579548], [38.9061872, 53.562438], [38.9068041, 53.5628458], [38.9068578, 53.5640725], [38.9050146, 53.5661258], [38.9047013, 53.5675196], [38.9040222, 53.5674225], [38.9022819, 53.5688577], [38.8973843, 53.5690076], [38.8982534, 53.5701098], [38.8979921, 53.5713676], [38.9048452, 53.571723], [38.9051628, 53.5722581], [38.9047733, 53.5737999], [38.9064544, 53.5756426], [38.908472, 53.5760463], [38.9248613, 53.574077], [38.9375218, 53.5741746], [38.9374668, 53.5745992], [38.9385113, 53.5750577], [38.9373541, 53.5764206], [38.9377348, 53.577704], [38.9384181, 53.5781518], [38.937676, 53.5786521], [38.9405843, 53.5809535], [38.9402139, 53.5825377], [38.9418164, 53.5827361], [38.941914, 53.5838129], [38.9415526, 53.5850795], [38.9397283, 53.5870607], [38.9383443, 53.5870929], [38.9380896, 53.5880088], [38.9364112, 53.5877578], [38.9365377, 53.5881825], [38.938413, 53.5888913], [38.9382251, 53.589198], [38.934413, 53.5906254], [38.9379577, 53.5931957], [38.941871, 53.5947065], [38.943291, 53.5964285], [38.9447381, 53.5971694], [38.9450435, 53.5980003], [38.9458926, 53.5980186], [38.9460209, 53.5991057], [38.9449333, 53.6000663], [38.9448442, 53.6015984], [38.9456443, 53.603314], [38.9472721, 53.6051675], [38.9470336, 53.6085377], [38.945993, 53.609601], [38.9456822, 53.6114231], [38.9440562, 53.6136739], [38.9411294, 53.6158602], [38.9343797, 53.6164346], [38.9309182, 53.6157316], [38.9167512, 53.6156229], [38.905361, 53.6161685], [38.8973024, 53.6170749], [38.878656, 53.6206242], [38.8770054, 53.6269583], [38.8841595, 53.6298947], [38.875233, 53.6377952], [38.8614919, 53.6330479], [38.840333, 53.6302254], [38.8027042, 53.6294703], [38.7798755, 53.6271875], [38.7594183, 53.6259804], [38.7604671, 53.620722], [38.7502823, 53.6207521], [38.7499005, 53.6142739], [38.7480659, 53.6147831], [38.7475616, 53.6139811], [38.7461347, 53.614083], [38.744579, 53.6148658], [38.7353522, 53.6143948], [38.7348188, 53.6161806], [38.7351646, 53.6183486], [38.7368191, 53.6217321], [38.735856, 53.6243172], [38.7118593, 53.6273415], [38.7106428, 53.6277734], [38.7097785, 53.6302776], [38.7062842, 53.6324082], [38.7036308, 53.6333261], [38.7012003, 53.6321511], [38.6957087, 53.6306913], [38.6680253, 53.6301178], [38.6589732, 53.6264312], [38.6510216, 53.6270272], [38.6403851, 53.6332869], [38.6368449, 53.6346742], [38.596232, 53.6337372], [38.6036276, 53.6314923], [38.6042966, 53.6292777], [38.5826937, 53.6259684], [38.5745192, 53.621514], [38.5687932, 53.6199381], [38.5590532, 53.6161474], [38.5597157, 53.6139462], [38.5347243, 53.6156948], [38.5227298, 53.6198849], [38.5138178, 53.6201067], [38.4785049, 53.6158465], [38.4682711, 53.6150669], [38.4615469, 53.6126351], [38.4681669, 53.6118549], [38.468973, 53.6083024], [38.4678572, 53.6066417], [38.4592938, 53.6088288], [38.4571266, 53.6102291], [38.446691, 53.6126568], [38.4341848, 53.6175351], [38.4259455, 53.6188538], [38.41713, 53.6184274], [38.3881314, 53.6133021], [38.3819814, 53.6109117], [38.3782348, 53.6057426], [38.3781569, 53.6022043], [38.3815381, 53.5988374], [38.3719321, 53.5957303], [38.3670931, 53.6011632], [38.3618417, 53.6005769], [38.3607976, 53.593225], [38.3556198, 53.5921502], [38.3555255, 53.5914554], [38.3608102, 53.5869514], [38.3531609, 53.578509], [38.3463564, 53.5729656], [38.348985, 53.5655052], [38.3494352, 53.5629278], [38.3508711, 53.5615018], [38.3519347, 53.5560761], [38.3560649, 53.5547876], [38.3615068, 53.5542178], [38.3662139, 53.5526905], [38.3690769, 53.5522852], [38.3705784, 53.5529914], [38.3726429, 53.5528056], [38.3754533, 53.5551404], [38.3769548, 53.5554935], [38.377424, 53.5565713], [38.3763917, 53.5575747], [38.3775804, 53.5582621], [38.3798952, 53.5574632], [38.3799578, 53.5559766], [38.3841808, 53.5543971], [38.3861515, 53.5545829], [38.3873089, 53.5539512], [38.3916883, 53.5538396], [38.3966933, 53.5549731], [38.3961302, 53.5522786], [38.3969122, 53.5497697], [38.4032936, 53.5459411], [38.4050767, 53.5442868], [38.4047326, 53.5425395], [38.4030747, 53.5406063], [38.3975692, 53.5364979], [38.3878719, 53.5314595], [38.3856823, 53.5291167], [38.3823352, 53.5267924], [38.3770173, 53.5264206], [38.372419, 53.5243936], [38.3708862, 53.5222364], [38.3840556, 53.5162105], [38.3755158, 53.5125648], [38.3616895, 53.5042678], [38.3642546, 53.5017933], [38.3708549, 53.500621], [38.3647863, 53.4934755], [38.3665381, 53.4926567], [38.3662878, 53.4907212], [38.3629407, 53.4908143], [38.3589055, 53.4893998], [38.3552768, 53.4872781], [38.353744, 53.4870547], [38.3519923, 53.4854354], [38.3458611, 53.483574], [38.3458611, 53.4823455], [38.3437653, 53.4821966], [38.3421074, 53.4812844], [38.3403244, 53.4811169], [38.3391657, 53.4802474], [38.3414818, 53.4764628], [38.3407936, 53.4704305], [38.3320035, 53.4618831], [38.3313153, 53.4604677], [38.3326917, 53.4591826], [38.3322538, 53.4574132], [38.3310338, 53.4560349], [38.3304395, 53.4543772], [38.3176141, 53.4531664], [38.309481, 53.4532223], [38.3115143, 53.4497761], [38.3142045, 53.4477083], [38.3292195, 53.4387277], [38.321712, 53.4346654], [38.3188341, 53.4339013], [38.3179269, 53.4325408], [38.315706, 53.430789], [38.303475, 53.4311804], [38.3023801, 53.4287016], [38.2937152, 53.4235758], [38.289023, 53.4184867], [38.2866769, 53.4200713], [38.2815781, 53.4189528], [38.2747924, 53.4198144], [38.2642505, 53.4199262], [38.256962, 53.4187331], [38.2543031, 53.4179687], [38.253177, 53.4168874], [38.2515503, 53.4163841], [38.2447623, 53.4157689], [38.2443244, 53.4127111], [38.2415716, 53.4119281], [38.2402578, 53.4110517], [38.2373486, 53.4115738]]]}}, {"type": "Feature", "properties": {"rda_code": "TL-14", "rda_name": "ALEKSINSKY AREA /incl. ALEKSIN, NOVOGUROVSKY /", "osm_name": "городской округ Новогуровский", "match_score": 1.0, "match_reason": "alias:новогуровскии"}, "geometry": {"type": "Polygon", "coordinates": [[[37.3385877, 54.5026818], [37.3260153, 54.4984633], [37.3198732, 54.4983781], [37.3223593, 54.4976972], [37.3220573, 54.4950699], [37.3168816, 54.491421], [37.3075837, 54.4884296], [37.310148, 54.4858423], [37.3103347, 54.4813141], [37.3150819, 54.4754188], [37.3240971, 54.4703618], [37.3249769, 54.4682918], [37.3240328, 54.4673316], [37.3139292, 54.4645894], [37.3099737, 54.4619553], [37.3116936, 54.4555084], [37.3137216, 54.4555568], [37.3167504, 54.4580485], [37.3210922, 54.4588923], [37.3200549, 54.4613949], [37.3258923, 54.4625717], [37.3266249, 54.4613186], [37.3278722, 54.4610223], [37.3282947, 54.4594024], [37.3311522, 54.4587283], [37.3331422, 54.4542074], [37.3302483, 54.4448673], [37.3380181, 54.4449744], [37.3426415, 54.4419379], [37.3471203, 54.4424762], [37.3593965, 54.4526591], [37.3580741, 54.4550257], [37.3526991, 54.4563834], [37.3496631, 54.4606343], [37.3511366, 54.4647083], [37.3549793, 54.4709607], [37.3486398, 54.475882], [37.3451637, 54.4808422], [37.3495508, 54.4837637], [37.348272, 54.4847225], [37.3468097, 54.4897913], [37.3412951, 54.4957111], [37.3380336, 54.4963093], [37.3361882, 54.4952874], [37.3336562, 54.4966582], [37.3339519, 54.4992774], [37.3352002, 54.5002663], [37.3379477, 54.5006956], [37.3385877, 54.5026818]]]}}, {"type": "Feature", "properties": {"rda_code": "TL-29", "rda_name": "ODOEVSKY AREA", "osm_name": "Одоевский район", "match_score": 1.0, "match_reason": "alias:одоевскии"}, "geometry": {"type": "Polygon", "coordinates": [[[36.4342006, 53.9481769], [36.4495332, 53.9466653], [36.4538868, 53.9442938], [36.4623099, 53.9446224], [36.4671216, 53.9411535], [36.4692067, 53.9386323], [36.4902768, 53.9336594], [36.4955661, 53.9340549], [36.4928595, 53.9308632], [36.4988297, 53.9198721], [36.4846024, 53.9155845], [36.4818235, 53.9164201], [36.4706019, 53.9155753], [36.4640413, 53.9123016], [36.4608219, 53.9096684], [36.4565694, 53.9081532], [36.4542976, 53.9058249], [36.4519739, 53.9043505], [36.448617, 53.9039941], [36.4383085, 53.8989291], [36.4371354, 53.9023243], [36.4327973, 53.9022316], [36.4282221, 53.8981433], [36.4264518, 53.8955402], [36.4231483, 53.8943292], [36.4202042, 53.895121], [36.4179877, 53.8919381], [36.4152019, 53.8901679], [36.4186802, 53.8885327], [36.4230169, 53.8886259], [36.4250143, 53.8875287], [36.4237965, 53.8837973], [36.414477, 53.8784663], [36.3983855, 53.8812537], [36.3975635, 53.8789557], [36.4025999, 53.8748377], [36.4259862, 53.8697574], [36.4346007, 53.8649323], [36.4439418, 53.8619965], [36.4484837, 53.8586729], [36.4577189, 53.8574439], [36.4631355, 53.8559031], [36.4654092, 53.8506714], [36.4814893, 53.8542405], [36.4883103, 53.8461866], [36.4776987, 53.8458949], [36.4788497, 53.8427839], [36.4760302, 53.8415845], [36.4714743, 53.8372132], [36.4676928, 53.8359933], [36.4624162, 53.8355967], [36.4551823, 53.8277478], [36.4531048, 53.8222882], [36.4517652, 53.8205496], [36.4474874, 53.8196035], [36.4456671, 53.8178546], [36.4449475, 53.8138489], [36.4457922, 53.8078814], [36.4473388, 53.8062042], [36.4530925, 53.8066117], [36.4654936, 53.800604], [36.4699242, 53.7989875], [36.4775151, 53.8008576], [36.4826498, 53.8014106], [36.4841055, 53.7903493], [36.4867106, 53.7857983], [36.4895085, 53.7856536], [36.4857946, 53.7793598], [36.4882945, 53.7741818], [36.4933688, 53.7738583], [36.4993896, 53.7722198], [36.5000113, 53.7727447], [36.5050735, 53.7713538], [36.5094048, 53.7693397], [36.5129473, 53.7767396], [36.5127089, 53.7807684], [36.5177568, 53.7834831], [36.5344348, 53.7782592], [36.5364861, 53.7782147], [36.538843, 53.7796518], [36.5396158, 53.7796629], [36.5434233, 53.7830629], [36.5448994, 53.7852287], [36.5618207, 53.7853379], [36.5667706, 53.7870685], [36.5814687, 53.7787688], [36.5834413, 53.7769199], [36.5928943, 53.7796803], [36.5963064, 53.7800778], [36.6013521, 53.7821526], [36.6047212, 53.7828348], [36.6065876, 53.7823862], [36.6115542, 53.7797693], [36.6148758, 53.7800871], [36.6185539, 53.7793594], [36.6198885, 53.7770131], [36.6179953, 53.7750773], [36.6177429, 53.7724623], [36.6182235, 53.7710482], [36.6279457, 53.7691056], [36.6315636, 53.7694637], [36.6398032, 53.7684521], [36.6377073, 53.7632566], [36.6420095, 53.7625428], [36.6450648, 53.7628751], [36.6431445, 53.7694837], [36.6428854, 53.7802584], [36.652446, 53.7822565], [36.663483, 53.7854637], [36.6736266, 53.7904065], [36.6778332, 53.7940471], [36.682119, 53.7962655], [36.6866793, 53.7935064], [36.6960295, 53.7910765], [36.699128, 53.7930342], [36.7098589, 53.7946633], [36.7170531, 53.8023931], [36.7217679, 53.8041437], [36.7254359, 53.803027], [36.7296194, 53.7997846], [36.7337, 53.7984382], [36.7393179, 53.798307], [36.7452726, 53.7993682], [36.7497403, 53.7982658], [36.7740517, 53.8013457], [36.7795526, 53.797217], [36.7830088, 53.7938539], [36.7864692, 53.7895441], [36.7869042, 53.7845766], [36.7846627, 53.7842431], [36.786036, 53.7751192], [36.7935626, 53.7761197], [36.8038911, 53.7764797], [36.8102474, 53.7754813], [36.8165742, 53.7769617], [36.8262891, 53.7775577], [36.8353813, 53.776638], [36.8461706, 53.7771735], [36.8518907, 53.7768394], [36.8521804, 53.7764407], [36.8493813, 53.7748394], [36.8465438, 53.7718945], [36.8426123, 53.769129], [36.850293, 53.7639485], [36.8541665, 53.7624558], [36.8604262, 53.7626919], [36.8595466, 53.7579053], [36.8718609, 53.7530436], [36.8741106, 53.7533964], [36.8778138, 53.7550383], [36.8796406, 53.7571254], [36.8794143, 53.7592447], [36.8803374, 53.7608794], [36.8867578, 53.7673057], [36.8888341, 53.76799], [36.9004416, 53.7635741], [36.9199093, 53.769072], [36.9241256, 53.7708056], [36.9252154, 53.7730473], [36.9269348, 53.7736653], [36.9358453, 53.7707711], [36.9552837, 53.7663591], [36.9768223, 53.7681482], [36.992926, 53.7680132], [37.0018789, 53.7765285], [37.0066973, 53.7785494], [37.013964, 53.7835397], [37.0331765, 53.7756098], [37.0503626, 53.7758912], [37.0502725, 53.7778301], [37.0476143, 53.782153], [37.0484368, 53.7887437], [37.0690061, 53.7855362], [37.0731352, 53.7914814], [37.0818159, 53.7894393], [37.0870593, 53.7973441], [37.093339, 53.8051839], [37.0842934, 53.8076903], [37.0923211, 53.817442], [37.0687284, 53.8328805], [37.0617581, 53.8383778], [37.0687798, 53.8380423], [37.0712028, 53.8394574], [37.0729384, 53.8427999], [37.0747981, 53.8437527], [37.0745835, 53.8443557], [37.0763454, 53.8455987], [37.0739175, 53.8477942], [37.0750216, 53.8509474], [37.0798331, 53.8531999], [37.0802952, 53.8564622], [37.0820207, 53.858036], [37.0865564, 53.8596867], [37.0912788, 53.8602991], [37.0937264, 53.86027], [37.0977565, 53.859016], [37.1009706, 53.859643], [37.1011636, 53.8604857], [37.1024293, 53.8611886], [37.1044567, 53.864265], [37.1067561, 53.8663936], [37.1071764, 53.8675454], [37.1056682, 53.8687262], [37.1070775, 53.8684347], [37.1086104, 53.8690469], [37.1108518, 53.876853], [37.1121702, 53.8778887], [37.1102761, 53.8825051], [37.1024043, 53.8886644], [37.1016535, 53.8904311], [37.0947347, 53.8898361], [37.0912959, 53.9022434], [37.0802984, 53.905713], [37.0757582, 53.9078438], [37.0733049, 53.910182], [37.0573575, 53.908491], [37.0489423, 53.9066712], [37.0405629, 53.9035082], [37.0397594, 53.9049703], [37.039367, 53.9175414], [37.0436897, 53.9205462], [37.0458613, 53.9246248], [37.0508534, 53.9241746], [37.051767, 53.9324625], [37.0487556, 53.9362533], [37.0444629, 53.9366646], [37.0359212, 53.9385871], [37.0293839, 53.9406114], [37.0258972, 53.9411167], [37.0118524, 53.9411759], [37.00297, 53.9396853], [37.0006115, 53.9397622], [36.9955378, 53.9409626], [36.9911667, 53.9440721], [36.986988, 53.9489779], [36.9896032, 53.9553103], [36.99576, 53.964146], [36.9865767, 53.9669033], [36.9879407, 53.972748], [36.9904542, 53.9718197], [37.0016823, 53.9757593], [37.0034588, 53.9924129], [37.0004564, 54.0035213], [36.9906052, 54.0028719], [36.9774534, 54.0046323], [36.9654734, 54.0002038], [36.9553148, 54.0025671], [36.9244515, 54.0028832], [36.9137211, 54.0022748], [36.9081353, 53.9992193], [36.9007345, 54.0037391], [36.8719776, 54.0049238], [36.861856, 54.0064346], [36.8537538, 54.0105165], [36.8480189, 54.0104139], [36.8371125, 54.0131765], [36.8321562, 54.0138031], [36.8295414, 54.0147762], [36.828843, 54.018703], [36.823353, 54.0216894], [36.8247251, 54.0246374], [36.8172518, 54.0291135], [36.8173511, 54.0306877], [36.8142883, 54.0315708], [36.8119715, 54.0350502], [36.8117725, 54.0370841], [36.8095817, 54.0379694], [36.8103268, 54.0404984], [36.8057466, 54.0408356], [36.8049824, 54.0455779], [36.8009528, 54.0476422], [36.8009528, 54.0499449], [36.8039162, 54.051787], [36.8075004, 54.053127], [36.8078641, 54.0577971], [36.7961495, 54.0635509], [36.7951175, 54.0688607], [36.7958754, 54.073939], [36.7923986, 54.0753681], [36.7913315, 54.0764548], [36.7898649, 54.0797181], [36.7911881, 54.0822657], [36.7837388, 54.0863047], [36.7832764, 54.0897713], [36.7839467, 54.0914999], [36.7807157, 54.0954395], [36.7808425, 54.098331], [36.7760462, 54.1033671], [36.7732673, 54.1071897], [36.7675852, 54.1106364], [36.7624264, 54.1113147], [36.7637568, 54.1118837], [36.7657872, 54.1176048], [36.7630497, 54.1217361], [36.7596426, 54.1230474], [36.7560103, 54.1225918], [36.7540415, 54.1210154], [36.7513793, 54.1199499], [36.7534683, 54.1182721], [36.7506416, 54.1133608], [36.7409595, 54.1138741], [36.7384304, 54.1122919], [36.735178, 54.1122494], [36.7273743, 54.1086482], [36.7219864, 54.1052207], [36.7197185, 54.1045727], [36.7182766, 54.1035713], [36.7041699, 54.1011888], [36.6968865, 54.0983116], [36.6904465, 54.0983566], [36.6808631, 54.0964234], [36.6768764, 54.0961986], [36.6682897, 54.098941], [36.663153, 54.0984914], [36.6550263, 54.0995254], [36.6343108, 54.0997298], [36.6319495, 54.1050996], [36.6298398, 54.1071582], [36.6282695, 54.1070774], [36.6282695, 54.1041557], [36.6253561, 54.1039758], [36.6216761, 54.1068976], [36.6225961, 54.1148526], [36.6172294, 54.1175938], [36.6160274, 54.1190155], [36.6159968, 54.1210284], [36.6187628, 54.1218176], [36.6176894, 54.1234801], [36.6155428, 54.1233003], [36.6138561, 54.1258164], [36.6122461, 54.1298147], [36.6015893, 54.1329143], [36.5984951, 54.1304458], [36.5926193, 54.1298147], [36.5886326, 54.1288264], [36.5857959, 54.1275236], [36.5874826, 54.1241989], [36.5898593, 54.1139987], [36.5776692, 54.1153469], [36.5775159, 54.1141785], [36.5808126, 54.1131449], [36.5777459, 54.1087404], [36.5813492, 54.1061334], [36.5816559, 54.1035713], [36.5729925, 54.1024475], [36.5729925, 54.1015484], [36.5750625, 54.1001548], [36.5721492, 54.0982667], [36.5722259, 54.0962885], [36.5690825, 54.094625], [36.5710758, 54.0910729], [36.5784359, 54.0933211], [36.5818859, 54.0892293], [36.5629491, 54.0829334], [36.5552824, 54.0788405], [36.5547458, 54.0774012], [36.5480757, 54.0752871], [36.543629, 54.0743425], [36.541674, 54.0761061], [36.541329, 54.0772213], [36.5315156, 54.0735421], [36.5417666, 54.0641525], [36.5308857, 54.0606261], [36.5384211, 54.0530844], [36.5518114, 54.0413078], [36.5443844, 54.0392067], [36.5410233, 54.0299736], [36.5374453, 54.0262161], [36.5401017, 54.0238277], [36.5436797, 54.0219168], [36.5478998, 54.0188615], [36.5368627, 54.0180339], [36.5367498, 54.0143407], [36.5345674, 54.0118001], [36.5320779, 54.0108492], [36.529536, 54.0085268], [36.5305399, 54.0078315], [36.5308625, 54.0068834], [36.5322606, 54.0064889], [36.5324513, 54.0055458], [36.5285487, 54.0044341], [36.5282158, 54.0035211], [36.5263975, 54.0030649], [36.5264765, 54.0008636], [36.5240103, 53.9998646], [36.524933, 53.9987768], [36.5207112, 53.9972632], [36.5194305, 53.9959314], [36.5173745, 53.99656], [36.5162694, 53.9979003], [36.5160476, 53.9967103], [36.5101973, 53.9946414], [36.508271, 53.9934331], [36.5037399, 53.9918898], [36.497063, 53.9912415], [36.4977103, 53.9892118], [36.4997122, 53.9885211], [36.4992447, 53.9877317], [36.4983097, 53.9875626], [36.4990649, 53.9869494], [36.4988011, 53.9866534], [36.4967034, 53.9868084], [36.4954447, 53.9861388], [36.4934302, 53.9863766], [36.4921003, 53.9858217], [36.4912252, 53.985286], [36.4912612, 53.984553], [36.4902663, 53.9841723], [36.4907817, 53.9836225], [36.4897988, 53.9833829], [36.4892833, 53.9825159], [36.4894631, 53.9819097], [36.4962615, 53.981547], [36.4968964, 53.9806101], [36.496768, 53.9799009], [36.4923593, 53.9778229], [36.4937992, 53.9756938], [36.4929353, 53.9745567], [36.4847076, 53.975718], [36.4823216, 53.9724274], [36.4835558, 53.9720161], [36.4835146, 53.9714838], [36.4827533, 53.9712484], [36.4835558, 53.9710724], [36.4842132, 53.9701167], [36.4816918, 53.9687017], [36.4793111, 53.9687994], [36.476875, 53.9678223], [36.4693454, 53.9677898], [36.4534002, 53.9714047], [36.452459, 53.9694181], [36.4480851, 53.9663242], [36.4473654, 53.9650214], [36.448528, 53.9641746], [36.4602101, 53.965282], [36.460044, 53.963686], [36.4551699, 53.9563436], [36.4510748, 53.9553143], [36.4499625, 53.9536294], [36.443822, 53.9533922], [36.4428254, 53.9550863], [36.4434898, 53.9562591], [36.4412752, 53.9570409], [36.4381194, 53.9548908], [36.4342006, 53.9481769]]]}}, {"type": "Feature", "properties": {"rda_code": "TL-30", "rda_name": "PLAVSKY AREA / incl. PLAVSK/", "osm_name": "Плавский муниципальный округ", "match_score": 1.0, "match_reason": "alias:plavsky"}, "geometry": {"type": "Polygon", "coordinates": [[[36.953845, 53.6472581], [37.0390319, 53.6154737], [37.1092039, 53.6001391], [37.0994139, 53.6001519], [37.0989096, 53.5976593], [37.1025306, 53.5980349], [37.1035552, 53.597586], [37.1037269, 53.5965737], [37.1146622, 53.5973902], [37.1156466, 53.5948863], [37.1127176, 53.5920718], [37.1154642, 53.5903907], [37.135334, 53.5969079], [37.1411874, 53.593028], [37.1433405, 53.5936396], [37.1437983, 53.5919825], [37.1590502, 53.5794957], [37.1215161, 53.5534988], [37.1329745, 53.548833], [37.134734, 53.5451102], [37.1322879, 53.5433252], [37.1320733, 53.5411575], [37.1335324, 53.5398824], [37.132245, 53.5377656], [37.1422871, 53.5315166], [37.1333608, 53.52968], [37.1329825, 53.5286467], [37.1336935, 53.5252985], [37.1403023, 53.5159955], [37.1419789, 53.5122274], [37.1412901, 53.5111105], [37.1322311, 53.5106807], [37.1242803, 53.5046054], [37.1247622, 53.5033443], [37.1262078, 53.5032297], [37.1260632, 53.5024559], [37.1281834, 53.5017394], [37.1347849, 53.5017394], [37.1396036, 53.5023986], [37.1412901, 53.5003349], [37.1405191, 53.4956054], [37.1410973, 53.4928248], [37.1432175, 53.4908754], [37.1481807, 53.489958], [37.1515538, 53.490216], [37.1545413, 53.4892126], [37.1586371, 53.4893559], [37.1618656, 53.4880085], [37.158348, 53.479091], [37.1613838, 53.4781447], [37.1696926, 53.4743074], [37.1743802, 53.4780508], [37.1867987, 53.4780642], [37.1910873, 53.4776341], [37.1933521, 53.4764296], [37.1953277, 53.4744795], [37.1906536, 53.4681121], [37.189979, 53.4665632], [37.194894, 53.4647273], [37.1958096, 53.4612849], [37.1982945, 53.4618243], [37.2047032, 53.4611358], [37.2148705, 53.4621972], [37.2234959, 53.4612505], [37.2321212, 53.4594144], [37.2363616, 53.4595579], [37.2493237, 53.4632013], [37.2575636, 53.4626849], [37.2605993, 53.4602177], [37.2641169, 53.4560863], [37.2645024, 53.4544795], [37.2561662, 53.4514666], [37.2601175, 53.4463012], [37.2650806, 53.4416805], [37.2682609, 53.4428285], [37.2737542, 53.445842], [37.2791992, 53.437863], [37.2927311, 53.4216262], [37.2928573, 53.4189337], [37.2900143, 53.4167798], [37.2899662, 53.4151429], [37.2937729, 53.41431], [37.2933392, 53.4036822], [37.3060122, 53.4037396], [37.3074578, 53.4020447], [37.307506, 53.4007806], [37.310349, 53.3980512], [37.3111199, 53.3954079], [37.3156976, 53.3877642], [37.3186605, 53.38579], [37.3257925, 53.3882678], [37.3301163, 53.3924596], [37.3305494, 53.3952198], [37.340833, 53.4003244], [37.3553426, 53.4023488], [37.363495, 53.3967324], [37.3670103, 53.392714], [37.3658281, 53.3907768], [37.3773589, 53.3756924], [37.3872669, 53.3667944], [37.406275, 53.3714272], [37.4029895, 53.3790318], [37.4006857, 53.3797953], [37.3980353, 53.3821966], [37.3967687, 53.3840362], [37.3963911, 53.3863185], [37.3926311, 53.3884663], [37.3919495, 53.3920724], [37.4048374, 53.3961391], [37.4052832, 53.3968092], [37.4173058, 53.4011863], [37.4173336, 53.4023452], [37.4128786, 53.4067026], [37.4117919, 53.4088847], [37.4139834, 53.4111435], [37.4187332, 53.4131779], [37.4241392, 53.4132194], [37.430492, 53.4153521], [37.4287616, 53.4212517], [37.4263986, 53.4254567], [37.4251981, 53.4321053], [37.4218843, 53.4347843], [37.4140322, 53.4350566], [37.4047475, 53.4375306], [37.3995676, 53.4450054], [37.3969957, 53.45233], [37.4055185, 53.4531531], [37.412451, 53.4549268], [37.4050007, 53.4745142], [37.4050638, 53.4781203], [37.40751, 53.4823618], [37.4030768, 53.4853438], [37.400443, 53.4902309], [37.3947528, 53.4953594], [37.3930151, 53.4979133], [37.3910048, 53.4996968], [37.3887954, 53.5025006], [37.3866094, 53.5065467], [37.3960135, 53.5066277], [37.3978194, 53.5085325], [37.4002726, 53.510113], [37.4017377, 53.51609], [37.4014651, 53.5193112], [37.406542, 53.5204254], [37.4120618, 53.5208508], [37.420103, 53.5238893], [37.424771, 53.5199595], [37.426168, 53.5205874], [37.425248, 53.523869], [37.4238169, 53.5257325], [37.4241236, 53.5289529], [37.4287575, 53.5326389], [37.4315515, 53.5338337], [37.4349247, 53.5350488], [37.4382638, 53.5351905], [37.4418074, 53.5364663], [37.4438518, 53.5364866], [37.4435792, 53.537661], [37.441603, 53.5382078], [37.4356061, 53.5440796], [37.4375483, 53.5458815], [37.45237, 53.5508008], [37.4648406, 53.5560232], [37.4724389, 53.5567316], [37.475744, 53.5578043], [37.4797645, 53.5580269], [37.4837851, 53.5594032], [37.4894359, 53.5600935], [37.4909064, 53.5624389], [37.4925419, 53.5629246], [37.4961877, 53.5629246], [37.499152, 53.5639769], [37.5027978, 53.5643007], [37.5044333, 53.5648876], [37.5051521, 53.5663686], [37.5076361, 53.5671945], [37.5096805, 53.5668302], [37.5102422, 53.5659376], [37.511736, 53.5660807], [37.5124588, 53.5670536], [37.5153981, 53.5680552], [37.5163619, 53.5694002], [37.5186266, 53.5695146], [37.5198313, 53.5700869], [37.520024, 53.5708881], [37.5184821, 53.571346], [37.5199758, 53.5724905], [37.5203613, 53.5736636], [37.5224333, 53.5735492], [37.5246017, 53.5746078], [37.5271556, 53.5747509], [37.5289583, 53.5774042], [37.5311069, 53.5776692], [37.5352706, 53.5808568], [37.5353954, 53.5821321], [37.5287471, 53.58606], [37.5176642, 53.596156], [37.5143394, 53.5981578], [37.5110145, 53.5983293], [37.5088462, 53.5975572], [37.5038348, 53.5982721], [37.5028229, 53.6024183], [37.4937638, 53.6026471], [37.4914509, 53.6059923], [37.4895716, 53.6102807], [37.4738629, 53.6080508], [37.4674541, 53.6078507], [37.4668759, 53.6095374], [37.463793, 53.6123932], [37.4517464, 53.6220543], [37.446884, 53.6206323], [37.4452641, 53.6206819], [37.4427356, 53.6217399], [37.4377331, 53.6265333], [37.4731774, 53.6321617], [37.4801114, 53.6338008], [37.4804838, 53.6579272], [37.488624, 53.6597172], [37.4970201, 53.6568047], [37.5037268, 53.6566226], [37.5075153, 53.6585947], [37.5135053, 53.6592318], [37.512946, 53.6655546], [37.513202, 53.6705897], [37.5157106, 53.6722275], [37.5151474, 53.6814161], [37.5137139, 53.6870253], [37.5114101, 53.6896932], [37.5114101, 53.6919972], [37.5020837, 53.6927007], [37.4886265, 53.6928144], [37.4787862, 53.6949008], [37.4766737, 53.6981308], [37.4785507, 53.7014116], [37.4833886, 53.7056182], [37.4837914, 53.7082881], [37.4507282, 53.7117129], [37.4432454, 53.7116156], [37.4387119, 53.7127408], [37.4430591, 53.7166466], [37.4489914, 53.7182042], [37.4514097, 53.7203081], [37.4463546, 53.722019], [37.4412442, 53.7252093], [37.4382941, 53.7239865], [37.4298224, 53.7235794], [37.4242781, 53.7249868], [37.4191434, 53.728768], [37.4146185, 53.7295963], [37.4032528, 53.7264841], [37.3987166, 53.7276078], [37.3957337, 53.7272717], [37.3903125, 53.7254223], [37.3838256, 53.7253347], [37.3793689, 53.7243861], [37.377792, 53.7264373], [37.3741959, 53.7290532], [37.374569, 53.7323151], [37.3774492, 53.7353152], [37.3743171, 53.7388256], [37.3708804, 53.7372984], [37.3614316, 53.7362809], [37.3491862, 53.7340116], [37.3454471, 53.7371947], [37.3414421, 53.7294386], [37.3393978, 53.729499], [37.3391933, 53.7329861], [37.3401133, 53.7356466], [37.3426006, 53.7399998], [37.3499944, 53.757428], [37.3405562, 53.7636721], [37.3363653, 53.7657869], [37.3314929, 53.7664314], [37.3293122, 53.7671765], [37.3221366, 53.7674487], [37.3196696, 53.7686266], [37.3195674, 53.772936], [37.3279064, 53.7731075], [37.3327479, 53.7747965], [37.334617, 53.7780795], [37.3399605, 53.7820029], [37.3426894, 53.7888508], [37.3443511, 53.7910261], [37.3502315, 53.7911108], [37.3503826, 53.7966554], [37.3448142, 53.7983549], [37.3437093, 53.8010044], [37.3393312, 53.8072902], [37.3351719, 53.8066974], [37.3231243, 53.8068667], [37.3097858, 53.8084759], [37.29677, 53.8126621], [37.273967, 53.8228925], [37.2698907, 53.8194209], [37.2648744, 53.8324038], [37.2569934, 53.8330325], [37.2528039, 53.8321379], [37.2478287, 53.8291045], [37.2440531, 53.8276047], [37.2391758, 53.8238936], [37.2381983, 53.8240018], [37.2369721, 53.824915], [37.232262, 53.8261033], [37.2303575, 53.8259713], [37.2297098, 53.8244384], [37.230542, 53.8233615], [37.230423, 53.8224723], [37.2283523, 53.8199517], [37.2290158, 53.8194761], [37.2320967, 53.8197237], [37.2325259, 53.8189446], [37.2314959, 53.8176526], [37.2296534, 53.8170834], [37.2273867, 53.8173169], [37.2247351, 53.8194492], [37.2230952, 53.8200023], [37.2172838, 53.8179658], [37.2067112, 53.8158074], [37.1928008, 53.8116518], [37.189532, 53.8114947], [37.1841493, 53.8123976], [37.1836577, 53.8105079], [37.1708433, 53.8101646], [37.1649742, 53.8090738], [37.1645325, 53.8134055], [37.1485922, 53.8126231], [37.149034, 53.8171472], [37.1430227, 53.8170452], [37.1438486, 53.8196869], [37.1372036, 53.8189046], [37.1257189, 53.8200043], [37.1251812, 53.8214328], [37.1193044, 53.8237795], [37.1134055, 53.822349], [37.0977562, 53.8243916], [37.0842934, 53.8076903], [37.093339, 53.8051839], [37.0870593, 53.7973441], [37.0818159, 53.7894393], [37.0731352, 53.7914814], [37.0690061, 53.7855362], [37.0484368, 53.7887437], [37.0476143, 53.782153], [37.0502725, 53.7778301], [37.0503626, 53.7758912], [37.0331765, 53.7756098], [37.013964, 53.7835397], [37.0066973, 53.7785494], [37.0018789, 53.7765285], [36.992926, 53.7680132], [36.9857098, 53.7598256], [36.9823368, 53.7550238], [36.9832733, 53.7521926], [36.9897524, 53.7506409], [37.0304306, 53.7502252], [37.0428438, 53.733783], [37.0279377, 53.7324676], [37.0178459, 53.7293386], [37.0064761, 53.7231174], [36.9960206, 53.7202118], [36.9861831, 53.7104416], [36.9810027, 53.707978], [36.9553307, 53.701374], [36.9520691, 53.694438], [36.9507248, 53.6891954], [36.9543652, 53.6883087], [36.9647487, 53.6884856], [36.9695982, 53.6873817], [36.9725304, 53.6845844], [36.9774361, 53.6822948], [36.9939676, 53.6729129], [36.9875374, 53.6696091], [36.9590132, 53.6524382], [36.9528649, 53.6539792], [36.953845, 53.6472581]]]}}, {"type": "Feature", "properties": {"rda_code": "TL-31", "rda_name": "SUVOROVSKY AREA / incl. SUVOROV, ChEKALIN/", "osm_name": "Суворовский район", "match_score": 1.0, "match_reason": "alias:суворовскии"}, "geometry": {"type": "Polygon", "coordinates": [[[35.9636369, 54.1637998], [35.9638902, 54.1630212], [35.9631151, 54.1623243], [35.9658833, 54.1610276], [35.9683748, 54.1632968], [35.9676965, 54.1643016], [35.9683194, 54.1646582], [35.9696205, 54.1642368], [35.9708427, 54.1648713], [35.9711598, 54.1673409], [35.9769988, 54.1670755], [35.9778137, 54.1677698], [35.9771216, 54.1691395], [35.9878291, 54.1642528], [36.002138, 54.1721681], [36.0021525, 54.1728828], [36.004711, 54.1729288], [36.0057527, 54.1722935], [36.0099259, 54.1733758], [36.0121037, 54.1763442], [36.0184765, 54.1785085], [36.0185434, 54.1778528], [36.0217737, 54.1755154], [36.0221946, 54.1743444], [36.0257106, 54.1720973], [36.0273522, 54.1717921], [36.0296356, 54.170262], [36.0352931, 54.1699335], [36.0433661, 54.1658251], [36.0464666, 54.1634264], [36.0529443, 54.1621622], [36.0569306, 54.1593419], [36.0608192, 54.1580255], [36.0548036, 54.1548912], [36.0611668, 54.1529767], [36.0654015, 54.1579155], [36.0747029, 54.1554516], [36.0802394, 54.1529875], [36.0816235, 54.1510096], [36.0819003, 54.1489992], [36.0886549, 54.1449133], [36.0831184, 54.1435837], [36.0778033, 54.1405351], [36.0736509, 54.1332924], [36.0694708, 54.1333735], [36.0690002, 54.1311677], [36.0665365, 54.1308108], [36.0667026, 54.1290914], [36.0711041, 54.1289779], [36.0730142, 54.1279884], [36.0861358, 54.1326599], [36.096323, 54.1369741], [36.109982, 54.1437593], [36.1317405, 54.1439214], [36.1314637, 54.1413918], [36.1302733, 54.1380511], [36.1435056, 54.1335262], [36.1411526, 54.1319367], [36.1398792, 54.129163], [36.1423706, 54.1278005], [36.1423153, 54.1258214], [36.1357268, 54.1262432], [36.1322388, 54.1258538], [36.1280034, 54.123534], [36.1289722, 54.1188128], [36.1275604, 54.1167197], [36.121664, 54.114659], [36.120446, 54.1125333], [36.1120305, 54.1079731], [36.107795, 54.1098557], [36.1087363, 54.111657], [36.1082656, 54.1137503], [36.1076013, 54.1157624], [36.1057188, 54.1161843], [36.1057742, 54.1188128], [36.0710602, 54.1184559], [36.0677383, 54.1162167], [36.0698975, 54.1136854], [36.0706173, 54.1112513], [36.0727765, 54.1106346], [36.0728873, 54.1086547], [36.0718353, 54.1068371], [36.073941, 54.106206], [36.087393, 54.1049868], [36.089861, 54.106566], [36.0945351, 54.1071617], [36.0988536, 54.1088495], [36.1005145, 54.108882], [36.1002931, 54.1020328], [36.1057742, 54.1019679], [36.1070407, 54.0979317], [36.1190065, 54.0997603], [36.1191172, 54.0986241], [36.1202245, 54.0979747], [36.1205014, 54.0962865], [36.1232696, 54.0942734], [36.1230924, 54.0925466], [36.1247367, 54.0921792], [36.1247367, 54.0911919], [36.1260677, 54.0908245], [36.1267724, 54.0896764], [36.1318618, 54.0896764], [36.1353852, 54.0919266], [36.1374073, 54.0969687], [36.1449069, 54.1001648], [36.1470908, 54.0993422], [36.1531981, 54.0997324], [36.1580917, 54.1009721], [36.1595402, 54.1026019], [36.1714024, 54.1019591], [36.1766571, 54.1026548], [36.1806025, 54.0978041], [36.1796237, 54.0902964], [36.1894893, 54.0903653], [36.1966251, 54.0923115], [36.2091813, 54.0930976], [36.209886, 54.0896994], [36.2171286, 54.0891483], [36.2080069, 54.0730029], [36.2132137, 54.0722908], [36.2190078, 54.0699706], [36.2113345, 54.0658354], [36.2150928, 54.0639054], [36.2142707, 54.0628026], [36.2042485, 54.0591032], [36.2009992, 54.0608725], [36.1963013, 54.0615848], [36.1966145, 54.0624809], [36.1947353, 54.0621592], [36.1882365, 54.0634459], [36.1896068, 54.0605738], [36.1913293, 54.06039], [36.1925821, 54.0578394], [36.1919921, 54.056679], [36.1902249, 54.0557341], [36.1842825, 54.0556333], [36.1804067, 54.0532892], [36.1724986, 54.0531513], [36.155547, 54.05476], [36.1432151, 54.0502555], [36.1410618, 54.0503474], [36.1383997, 54.0489224], [36.1360899, 54.0466239], [36.1387129, 54.0446931], [36.1407878, 54.0449], [36.1452508, 54.0423254], [36.1424712, 54.0399576], [36.1411401, 54.0380265], [36.1397699, 54.0373598], [36.1343673, 54.0378426], [36.126929, 54.0335661], [36.1343282, 54.0284384], [36.1311963, 54.0269667], [36.127986, 54.0269897], [36.1311571, 54.0254719], [36.1315486, 54.0221832], [36.1301001, 54.0222752], [36.125033, 54.0190959], [36.1219707, 54.0184656], [36.1196218, 54.0187876], [36.1192694, 54.0177066], [36.1211486, 54.0137501], [36.1237324, 54.0104605], [36.0979723, 54.0056751], [36.0955059, 53.9974603], [36.0973459, 53.9972762], [36.0969153, 53.9941694], [36.0933918, 53.9910623], [36.0934692, 53.9873392], [36.1054106, 53.9873431], [36.1161375, 53.9858469], [36.1203656, 53.9835679], [36.1238499, 53.9826701], [36.1326584, 53.9780887], [36.1447842, 53.9815141], [36.1510649, 53.9814586], [36.1589999, 53.9797627], [36.1665616, 53.9796543], [36.166508, 53.9709313], [36.1736619, 53.9695], [36.1796744, 53.9704908], [36.1835518, 53.9703112], [36.1843488, 53.9750457], [36.1923521, 53.9757801], [36.1929785, 53.9780825], [36.1940746, 53.9784048], [36.1945444, 53.9802467], [36.1970492, 53.9825875], [36.1991786, 53.982615], [36.1991632, 53.9816897], [36.1968151, 53.9802927], [36.1952491, 53.9758722], [36.1945444, 53.9688721], [36.1965802, 53.9638977], [36.20073, 53.961917], [36.2011337, 53.9597594], [36.2029223, 53.9574024], [36.2057411, 53.9557438], [36.209623, 53.9556815], [36.2126313, 53.9568035], [36.2155284, 53.9582777], [36.2203829, 53.9618248], [36.2252373, 53.9626079], [36.2369038, 53.9626079], [36.2491183, 53.9652795], [36.2533464, 53.9653256], [36.2582395, 53.9669066], [36.2614506, 53.9670369], [36.2646618, 53.9663204], [36.2646618, 53.9624771], [36.2615614, 53.9592849], [36.2608187, 53.9569259], [36.2607633, 53.955688], [36.2615938, 53.9545478], [36.2612616, 53.9518437], [36.2616492, 53.9499866], [36.2731098, 53.9497911], [36.2842934, 53.9511396], [36.2994049, 53.95137], [36.302302, 53.951969], [36.3055905, 53.9510014], [36.3125591, 53.9449649], [36.3192927, 53.9417389], [36.3233642, 53.9411398], [36.3293932, 53.9388354], [36.3347175, 53.9401259], [36.3340911, 53.9438128], [36.3380843, 53.9441815], [36.3452094, 53.9365308], [36.3534307, 53.9386971], [36.3598512, 53.9416468], [36.3697168, 53.9441815], [36.3823228, 53.9436285], [36.3887433, 53.9464856], [36.3927365, 53.9505406], [36.3898394, 53.9543188], [36.3893018, 53.9574766], [36.3900848, 53.9599182], [36.3943912, 53.9630506], [36.4029257, 53.9647549], [36.4064853, 53.9663688], [36.4070338, 53.9640503], [36.4108304, 53.9586958], [36.416191, 53.9561146], [36.4207136, 53.95311], [36.4256111, 53.9530426], [36.4283575, 53.950781], [36.4336946, 53.9482855], [36.4342006, 53.9481769], [36.4381194, 53.9548908], [36.4412752, 53.9570409], [36.4434898, 53.9562591], [36.4428254, 53.9550863], [36.443822, 53.9533922], [36.4499625, 53.9536294], [36.4510748, 53.9553143], [36.4551699, 53.9563436], [36.460044, 53.963686], [36.4602101, 53.965282], [36.448528, 53.9641746], [36.4473654, 53.9650214], [36.4480851, 53.9663242], [36.452459, 53.9694181], [36.4534002, 53.9714047], [36.4693454, 53.9677898], [36.476875, 53.9678223], [36.4793111, 53.9687994], [36.4816918, 53.9687017], [36.4842132, 53.9701167], [36.4835558, 53.9710724], [36.4827533, 53.9712484], [36.4835146, 53.9714838], [36.4835558, 53.9720161], [36.4823216, 53.9724274], [36.4847076, 53.975718], [36.4929353, 53.9745567], [36.4937992, 53.9756938], [36.4923593, 53.9778229], [36.496768, 53.9799009], [36.4968964, 53.9806101], [36.4962615, 53.981547], [36.4894631, 53.9819097], [36.4892833, 53.9825159], [36.4897988, 53.9833829], [36.4907817, 53.9836225], [36.4902663, 53.9841723], [36.4912612, 53.984553], [36.4912252, 53.985286], [36.4921003, 53.9858217], [36.4934302, 53.9863766], [36.4954447, 53.9861388], [36.4967034, 53.9868084], [36.4988011, 53.9866534], [36.4990649, 53.9869494], [36.4983097, 53.9875626], [36.4992447, 53.9877317], [36.4997122, 53.9885211], [36.4977103, 53.9892118], [36.497063, 53.9912415], [36.5037399, 53.9918898], [36.508271, 53.9934331], [36.5101973, 53.9946414], [36.5160476, 53.9967103], [36.5162694, 53.9979003], [36.5173745, 53.99656], [36.5194305, 53.9959314], [36.5207112, 53.9972632], [36.524933, 53.9987768], [36.5240103, 53.9998646], [36.5264765, 54.0008636], [36.5263975, 54.0030649], [36.5282158, 54.0035211], [36.5285487, 54.0044341], [36.5324513, 54.0055458], [36.5322606, 54.0064889], [36.5308625, 54.0068834], [36.5305399, 54.0078315], [36.529536, 54.0085268], [36.5320779, 54.0108492], [36.5345674, 54.0118001], [36.5367498, 54.0143407], [36.5368627, 54.0180339], [36.5478998, 54.0188615], [36.5436797, 54.0219168], [36.5401017, 54.0238277], [36.5374453, 54.0262161], [36.5410233, 54.0299736], [36.5443844, 54.0392067], [36.5518114, 54.0413078], [36.5384211, 54.0530844], [36.5308857, 54.0606261], [36.5417666, 54.0641525], [36.5315156, 54.0735421], [36.541329, 54.0772213], [36.541674, 54.0761061], [36.543629, 54.0743425], [36.5480757, 54.0752871], [36.5547458, 54.0774012], [36.5552824, 54.0788405], [36.5629491, 54.0829334], [36.5818859, 54.0892293], [36.5784359, 54.0933211], [36.5710758, 54.0910729], [36.5690825, 54.094625], [36.5722259, 54.0962885], [36.5721492, 54.0982667], [36.5750625, 54.1001548], [36.5729925, 54.1015484], [36.5729925, 54.1024475], [36.5816559, 54.1035713], [36.5813492, 54.1061334], [36.5777459, 54.1087404], [36.5808126, 54.1131449], [36.5775159, 54.1141785], [36.5776692, 54.1153469], [36.5898593, 54.1139987], [36.5874826, 54.1241989], [36.5857959, 54.1275236], [36.5886326, 54.1288264], [36.5926193, 54.1298147], [36.5984951, 54.1304458], [36.6015893, 54.1329143], [36.6122461, 54.1298147], [36.6138561, 54.1258164], [36.6155428, 54.1233003], [36.6176894, 54.1234801], [36.6187628, 54.1218176], [36.6159968, 54.1210284], [36.6160274, 54.1190155], [36.6172294, 54.1175938], [36.6225961, 54.1148526], [36.6216761, 54.1068976], [36.6253561, 54.1039758], [36.6282695, 54.1041557], [36.6282695, 54.1070774], [36.6298398, 54.1071582], [36.6319495, 54.1050996], [36.6343108, 54.0997298], [36.6550263, 54.0995254], [36.663153, 54.0984914], [36.6682897, 54.098941], [36.6768764, 54.0961986], [36.6808631, 54.0964234], [36.6904465, 54.0983566], [36.6968865, 54.0983116], [36.7041699, 54.1011888], [36.7182766, 54.1035713], [36.7197185, 54.1045727], [36.7219864, 54.1052207], [36.7273743, 54.1086482], [36.735178, 54.1122494], [36.7384304, 54.1122919], [36.7409595, 54.1138741], [36.7415034, 54.1154396], [36.7292305, 54.1240963], [36.7383739, 54.1270199], [36.743512, 54.1281642], [36.7350314, 54.1313373], [36.7340532, 54.1310977], [36.7191422, 54.1373261], [36.7120408, 54.1414329], [36.7084346, 54.1404035], [36.7034136, 54.1400399], [36.698268, 54.1397653], [36.696952, 54.140442], [36.6928171, 54.1391532], [36.6898503, 54.1390581], [36.68647, 54.1381752], [36.6847368, 54.1383308], [36.682118, 54.1400399], [36.6815665, 54.1387718], [36.680372, 54.1385865], [36.6784653, 54.1368235], [36.6747838, 54.1358488], [36.6751839, 54.1353395], [36.6748293, 54.1350964], [36.6726825, 54.1350345], [36.6724328, 54.1354937], [36.6729445, 54.1363748], [36.6722464, 54.1373996], [36.6735262, 54.1380078], [36.6727436, 54.1389563], [36.66946, 54.1382366], [36.666152, 54.1389633], [36.6658786, 54.1426766], [36.6677781, 54.1447816], [36.6642259, 54.1471462], [36.6658091, 54.1487283], [36.6624742, 54.1507607], [36.672473, 54.1527252], [36.6748994, 54.1545754], [36.6889575, 54.158747], [36.690433, 54.1596643], [36.691704, 54.1661625], [36.6955735, 54.1723681], [36.7022495, 54.1735169], [36.7152886, 54.177287], [36.7170052, 54.1758539], [36.7197683, 54.1749608], [36.7247225, 54.1711872], [36.7286189, 54.1690988], [36.7313588, 54.16702], [36.7378034, 54.16694], [36.7382407, 54.1716235], [36.7325489, 54.1733908], [36.7320878, 54.1748871], [36.7387433, 54.1758661], [36.7396952, 54.1765815], [36.7410205, 54.1762882], [36.7413298, 54.1770031], [36.7395238, 54.1809756], [36.7421719, 54.1829965], [36.7442128, 54.1832775], [36.7503851, 54.1816146], [36.7505747, 54.1792846], [36.7542611, 54.1780789], [36.7589776, 54.1782375], [36.7635856, 54.1775395], [36.7691913, 54.1783195], [36.7738938, 54.1775859], [36.7836597, 54.1790023], [36.784674, 54.1788086], [36.7856498, 54.1779203], [36.7871389, 54.1777956], [36.7887862, 54.1781338], [36.7961126, 54.1819496], [36.8027488, 54.1842865], [36.8028304, 54.1861714], [36.7987238, 54.1882216], [36.7977951, 54.1897796], [36.7974679, 54.1912441], [36.7982811, 54.1929886], [36.7998168, 54.1940603], [36.8000561, 54.1948703], [36.8001426, 54.1961562], [36.799033, 54.1991016], [36.7950284, 54.2010122], [36.7911794, 54.2042149], [36.7889025, 54.2073222], [36.7897699, 54.2107463], [36.799528, 54.2171816], [36.8053829, 54.2188615], [36.8078224, 54.2202245], [36.8090467, 54.2223507], [36.8103704, 54.2223164], [36.8204303, 54.2142999], [36.823785, 54.2155399], [36.8265345, 54.214108], [36.8283995, 54.2141416], [36.8375847, 54.2174668], [36.8443069, 54.2174034], [36.8579141, 54.216294], [36.8578599, 54.2177204], [36.8366631, 54.2248836], [36.8337899, 54.2252956], [36.8286939, 54.2274823], [36.8264171, 54.2309681], [36.8228391, 54.2406634], [36.8131894, 54.2463972], [36.8115088, 54.2514333], [36.8262544, 54.2623905], [36.8267965, 54.2665698], [36.8282603, 54.2673297], [36.828206, 54.2681212], [36.821809, 54.2723], [36.8219717, 54.2762252], [36.818867, 54.2789405], [36.8125438, 54.2719777], [36.8111049, 54.2719421], [36.8085267, 54.2738319], [36.8061405, 54.2733194], [36.8016149, 54.2736077], [36.8002709, 54.2687227], [36.7988172, 54.2670729], [36.7948951, 54.2683062], [36.7910686, 54.276412], [36.7886329, 54.2766059], [36.7836497, 54.2751932], [36.7784932, 54.2743604], [36.7708859, 54.2749343], [36.7676592, 54.275941], [36.767961, 54.2794529], [36.7654376, 54.2796931], [36.7578401, 54.282047], [36.7568527, 54.2830878], [36.7489261, 54.2838083], [36.748021, 54.2823833], [36.7382567, 54.2824473], [36.730522, 54.2859218], [36.7245976, 54.2846889], [36.7219097, 54.2815026], [36.722952, 54.2803337], [36.7202092, 54.278268], [36.7188927, 54.2776594], [36.7148333, 54.2774833], [36.7142848, 54.2792288], [36.7125294, 54.2804297], [36.7120631, 54.2821751], [36.7135991, 54.2841285], [36.7128585, 54.284801], [36.7126117, 54.2858417], [36.715711, 54.2880832], [36.6978007, 54.2940384], [36.7002692, 54.2993526], [36.6952111, 54.3019635], [36.6907404, 54.3031318], [36.6904131, 54.3052866], [36.6883176, 54.3055246], [36.6892193, 54.3066816], [36.6856135, 54.3092902], [36.6837565, 54.3085434], [36.677861, 54.3088484], [36.6755713, 54.3084487], [36.6716771, 54.3019162], [36.6718213, 54.2995596], [36.6732276, 54.2934887], [36.6785461, 54.29271], [36.679754, 54.2903319], [36.6758418, 54.2897742], [36.6648441, 54.2845964], [36.6605712, 54.2846069], [36.6604811, 54.284207], [36.6482033, 54.2796179], [36.64156, 54.2870145], [36.6142528, 54.286315], [36.6150942, 54.2854517], [36.6131565, 54.2845736], [36.601071, 54.2830405], [36.5888804, 54.2771496], [36.5875392, 54.2791807], [36.5876164, 54.281016], [36.5752952, 54.2823993], [36.5620868, 54.2851228], [36.5578455, 54.2883648], [36.5570175, 54.2899798], [36.5535437, 54.2892372], [36.5534225, 54.288129], [36.5508576, 54.2882469], [36.5546141, 54.2834722], [36.5523117, 54.2829417], [36.5513625, 54.2833279], [36.5461923, 54.2818894], [36.5450613, 54.2797199], [36.5272077, 54.281182], [36.5048699, 54.28369], [36.5019429, 54.2876497], [36.4996663, 54.2878124], [36.4862857, 54.288287], [36.4717551, 54.284268], [36.4738741, 54.2822447], [36.4767487, 54.2783799], [36.4745147, 54.2762987], [36.4761484, 54.2725356], [36.4869494, 54.2646921], [36.4922715, 54.2573619], [36.505199, 54.255318], [36.5046077, 54.2474007], [36.5016838, 54.2490802], [36.49758, 54.2478112], [36.4944287, 54.2486418], [36.491146, 54.2463506], [36.487705, 54.2476118], [36.4858324, 54.2464025], [36.4839762, 54.2472279], [36.4467542, 54.2390594], [36.4532754, 54.2337601], [36.4499738, 54.2323104], [36.4420727, 54.2330304], [36.4379825, 54.2292763], [36.4326276, 54.2314943], [36.4304264, 54.2300732], [36.4296873, 54.2285081], [36.4301636, 54.2240237], [36.4323319, 54.222516], [36.4327261, 54.2203071], [36.4360442, 54.2173298], [36.4337281, 54.2164462], [36.4248415, 54.2154953], [36.4248086, 54.216475], [36.4258599, 54.2175699], [36.4245294, 54.2178388], [36.4245622, 54.2188761], [36.4136223, 54.2216901], [36.4065097, 54.2223527], [36.3948799, 54.224235], [36.3915454, 54.224283], [36.3937301, 54.2216901], [36.3922455, 54.2195991], [36.3924261, 54.2184549], [36.3930566, 54.2178388], [36.385944, 54.2151591], [36.3823795, 54.2145636], [36.3821166, 54.2141793], [36.3826423, 54.21319], [36.3801783, 54.2112688], [36.3796034, 54.209972], [36.377813, 54.2107309], [36.3778362, 54.209458], [36.3790863, 54.2078611], [36.3815253, 54.2063598], [36.3771388, 54.202666], [36.3728227, 54.2046094], [36.3699536, 54.2047743], [36.3664954, 54.206408], [36.3626968, 54.2099274], [36.3625311, 54.2111634], [36.3514651, 54.2115327], [36.3480586, 54.2137923], [36.3437179, 54.2137975], [36.3404841, 54.2125335], [36.3404287, 54.2117834], [36.3372222, 54.2120878], [36.3383905, 54.2141786], [36.3370539, 54.2141257], [36.3371205, 54.2135175], [36.3362763, 54.2133522], [36.3322989, 54.2164155], [36.330509, 54.220423], [36.3280386, 54.2210446], [36.3230415, 54.2208389], [36.3159435, 54.2321066], [36.3129399, 54.2333858], [36.3038842, 54.2339057], [36.3041208, 54.2287152], [36.3067565, 54.2261126], [36.3121925, 54.2219543], [36.3090188, 54.2213118], [36.309218, 54.2200334], [36.3113236, 54.2186973], [36.3089216, 54.2178307], [36.3078484, 54.2161872], [36.2996026, 54.2143046], [36.2918126, 54.2133418], [36.2916547, 54.2141113], [36.2901659, 54.2144274], [36.2899742, 54.2196443], [36.2833849, 54.2205673], [36.2830439, 54.2196819], [36.2685117, 54.220848], [36.2685166, 54.2229549], [36.2673371, 54.2248523], [36.2635659, 54.2252238], [36.262523, 54.2207102], [36.2628143, 54.2091782], [36.2611893, 54.2092334], [36.2607154, 54.2186193], [36.2419248, 54.2155325], [36.2413375, 54.2126709], [36.2419639, 54.2118238], [36.2471316, 54.211137], [36.2486193, 54.2093283], [36.2481495, 54.2033979], [36.2471707, 54.2019782], [36.2477084, 54.2008749], [36.2492848, 54.1995966], [36.2490891, 54.1983141], [36.2464269, 54.1976041], [36.2441171, 54.1982912], [36.2437256, 54.1967568], [36.2423946, 54.1959781], [36.2431384, 54.195291], [36.2420031, 54.1940771], [36.2421597, 54.1927716], [36.2381748, 54.189092], [36.2351598, 54.1872023], [36.235198, 54.1866301], [36.2426976, 54.1821994], [36.2421481, 54.1806377], [36.2402534, 54.1797829], [36.2386478, 54.1750195], [36.2344954, 54.1721028], [36.2163356, 54.1663986], [36.2058666, 54.1558685], [36.1989509, 54.1573545], [36.1970131, 54.1567709], [36.174258, 54.1736584], [36.1497866, 54.1689267], [36.1409281, 54.1771258], [36.1259242, 54.1796209], [36.1234881, 54.1779683], [36.1205537, 54.1788108], [36.1196125, 54.1814353], [36.1167335, 54.183023], [36.1155155, 54.1854529], [36.1087056, 54.185712], [36.1085948, 54.1799773], [36.1041656, 54.1801717], [36.1014527, 54.1810141], [36.0951965, 54.1812409], [36.0922067, 54.181889], [36.078144, 54.1791996], [36.0773689, 54.1769314], [36.0630293, 54.1751491], [36.0638044, 54.176737], [36.0628632, 54.1777415], [36.0610361, 54.1773526], [36.0601503, 54.1778063], [36.0620327, 54.1805605], [36.0608147, 54.1815002], [36.0574374, 54.1809817], [36.0558318, 54.1799125], [36.0515687, 54.1803013], [36.0429972, 54.1755524], [36.0391115, 54.1745982], [36.0349591, 54.1719732], [36.0275955, 54.1761213], [36.0280384, 54.1768666], [36.0260453, 54.1785516], [36.0254363, 54.1809493], [36.0195676, 54.1810141], [36.0186817, 54.1824722], [36.0159688, 54.1840273], [36.0151383, 54.1854853], [36.0132559, 54.186522], [36.0123147, 54.1877854], [36.0124808, 54.1906686], [36.0154705, 54.1911869], [36.0167731, 54.1929859], [36.0196206, 54.1933543], [36.0197484, 54.194635], [36.021471, 54.1950931], [36.0223409, 54.1965799], [36.0264932, 54.1969057], [36.0286744, 54.1982536], [36.0294411, 54.1996255], [36.0241331, 54.1989406], [36.0209229, 54.1975207], [36.020294, 54.195201], [36.0173995, 54.1947724], [36.0095136, 54.1961222], [36.0078471, 54.1958718], [36.0068292, 54.194864], [36.0069858, 54.1931691], [36.0081812, 54.1909667], [35.9944331, 54.1926499], [35.9937063, 54.1935711], [35.9907387, 54.1952896], [35.9859541, 54.1952542], [35.9808667, 54.1924195], [35.9832893, 54.1835424], [35.981866, 54.1813272], [35.9802913, 54.1799094], [35.9781413, 54.1790942], [35.9754462, 54.1795904], [35.9714792, 54.1812386], [35.9700257, 54.1813272], [35.9689355, 54.1806538], [35.968451, 54.1796968], [35.9701468, 54.1779422], [35.96942, 54.1765952], [35.9669672, 54.1748937], [35.9649383, 54.1743974], [35.9716218, 54.1679028], [35.9613112, 54.1707483], [35.9626717, 54.1666054], [35.9645848, 54.1647397], [35.9636369, 54.1637998]]]}}, {"type": "Feature", "properties": {"rda_code": "TL-32", "rda_name": "TEPLO-OGAREVSKY AREA", "osm_name": "Тёпло-Огарёвский район", "match_score": 1.0, "match_reason": "alias:тепло огаревскии"}, "geometry": {"type": "Polygon", "coordinates": [[[37.406275, 53.3714272], [37.4124609, 53.3664193], [37.4261271, 53.3576715], [37.4292117, 53.3529998], [37.4386581, 53.3497169], [37.4544299, 53.3509464], [37.4603887, 53.3527404], [37.4650715, 53.3554776], [37.4785675, 53.3617814], [37.4824331, 53.3673887], [37.4859145, 53.3709626], [37.4875015, 53.3738949], [37.4872968, 53.3756358], [37.4852489, 53.3777737], [37.4851977, 53.3791785], [37.4904709, 53.3826598], [37.503014, 53.3856218], [37.5130484, 53.3902323], [37.5148403, 53.3926137], [37.5154034, 53.3952392], [37.5198575, 53.3965213], [37.5342948, 53.3878813], [37.537213, 53.3879729], [37.5560019, 53.3814994], [37.5585106, 53.3816827], [37.5634254, 53.3802779], [37.5578962, 53.3771629], [37.5583058, 53.3718484], [37.5630158, 53.3699852], [37.5687498, 53.3660751], [37.5743302, 53.3629896], [37.576378, 53.3628979], [37.5926584, 53.3756052], [37.5925048, 53.3771934], [37.5907641, 53.3782929], [37.5911737, 53.381133], [37.5924536, 53.3829652], [37.5956789, 53.3842172], [37.5968564, 53.385805], [37.6067885, 53.3866905], [37.6087851, 53.385805], [37.6120105, 53.3788731], [37.6161062, 53.3722455], [37.6223009, 53.3723677], [37.6239904, 53.375086], [37.6269086, 53.3774377], [37.6354583, 53.3790563], [37.6430353, 53.379606], [37.6556808, 53.3827209], [37.6636674, 53.3859577], [37.6699133, 53.3877897], [37.6771421, 53.3889497], [37.6840434, 53.3778042], [37.6866032, 53.3727648], [37.6871664, 53.370535], [37.6893678, 53.3692215], [37.6917741, 53.3688855], [37.6986855, 53.3709932], [37.6967401, 53.3727342], [37.6987879, 53.3737116], [37.7000678, 53.372612], [37.70273, 53.3725815], [37.7041635, 53.3711459], [37.7107678, 53.3686106], [37.7083616, 53.3668999], [37.7154351, 53.3620681], [37.723618, 53.3556567], [37.753363, 53.3654641], [37.7616568, 53.3697713], [37.766162, 53.3705044], [37.7679027, 53.3720928], [37.7764012, 53.3758496], [37.7782955, 53.375758], [37.7830567, 53.3721844], [37.7866405, 53.3735589], [37.7902242, 53.376552], [37.7921184, 53.3785982], [37.7923232, 53.380339], [37.7963677, 53.382782], [37.7968797, 53.3855607], [37.7989275, 53.3869043], [37.7971869, 53.3869959], [37.7971869, 53.3894079], [37.7992347, 53.3909651], [37.7975452, 53.3929495], [37.7994907, 53.3951781], [37.8004634, 53.3972234], [37.8034689, 53.3978524], [37.8017945, 53.4013443], [37.8037912, 53.4027789], [37.8023577, 53.4064719], [37.8011802, 53.4123313], [37.8032792, 53.4140707], [37.8033816, 53.4165117], [37.8061462, 53.4190137], [37.808962, 53.4197764], [37.808962, 53.4223087], [37.8114428, 53.4253214], [37.8075109, 53.424836], [37.8052382, 53.4254972], [37.8054539, 53.4280466], [37.8025369, 53.4317393], [37.7982473, 53.4323572], [37.7931442, 53.4303911], [37.7919388, 53.4316669], [37.7919817, 53.4326129], [37.7897363, 53.4339476], [37.7845931, 53.4297034], [37.7708995, 53.4320011], [37.7714439, 53.4325448], [37.7691078, 53.4328046], [37.7660608, 53.4312322], [37.761898, 53.4348372], [37.75707, 53.4361538], [37.7547097, 53.4410366], [37.7473712, 53.437381], [37.7461695, 53.4411771], [37.7499676, 53.4485002], [37.7505469, 53.450532], [37.7518558, 53.4511837], [37.7517271, 53.4519503], [37.7366796, 53.4597679], [37.7376529, 53.4611243], [37.7442665, 53.4656279], [37.7495088, 53.4680506], [37.7518534, 53.4705128], [37.7573832, 53.4691698], [37.7587104, 53.4726325], [37.7604578, 53.4745942], [37.7676244, 53.4787936], [37.7691506, 53.4806101], [37.7690622, 53.481979], [37.7702124, 53.4849405], [37.770716, 53.4948621], [37.7693115, 53.4956689], [37.7624767, 53.4956163], [37.761778, 53.5168387], [37.7662019, 53.5178196], [37.7674626, 53.5221331], [37.7670203, 53.5229615], [37.78057, 53.533203], [37.7793977, 53.5350697], [37.7784687, 53.5385533], [37.7764116, 53.5422995], [37.7863011, 53.5436858], [37.7862759, 53.5441936], [37.7835119, 53.546847], [37.7817866, 53.5477538], [37.7765885, 53.5530367], [37.7762125, 53.5543507], [37.7767434, 53.5579379], [37.7717002, 53.5594356], [37.7657059, 53.5622603], [37.7697095, 53.5660569], [37.7696431, 53.5684609], [37.7722311, 53.5700765], [37.7717444, 53.5725197], [37.7734697, 53.5731501], [37.7754605, 53.5761183], [37.7781369, 53.5776681], [37.779265, 53.5796773], [37.7812526, 53.5807577], [37.7677187, 53.5883306], [37.7707712, 53.5886852], [37.7723195, 53.5900111], [37.7695989, 53.5979929], [37.796647, 53.5989963], [37.8194888, 53.5973586], [37.8203405, 53.6059858], [37.8215128, 53.6080857], [37.8211368, 53.6104872], [37.8166908, 53.6156966], [37.8262021, 53.6188586], [37.8269099, 53.6170873], [37.8312232, 53.6131247], [37.831754, 53.6118126], [37.8360451, 53.6099754], [37.8496263, 53.6164051], [37.8555543, 53.6185175], [37.8673217, 53.6244081], [37.8694452, 53.6231487], [37.8694673, 53.6217712], [37.8723649, 53.6207217], [37.9112578, 53.6682632], [37.9017589, 53.6687048], [37.8903193, 53.6711068], [37.8664266, 53.6780548], [37.8717844, 53.6885176], [37.874246, 53.6958057], [37.8771421, 53.7004351], [37.8733087, 53.7055151], [37.8702369, 53.7058182], [37.8677795, 53.7171506], [37.8657317, 53.7172718], [37.8623977, 53.734711], [37.8668451, 53.7356728], [37.8687843, 53.73705], [37.8719587, 53.7408319], [37.8719653, 53.7420506], [37.8758685, 53.7419863], [37.8694178, 53.7610575], [37.8776092, 53.7629944], [37.8777116, 53.7661416], [37.8818073, 53.7732221], [37.8781212, 53.7741298], [37.8753566, 53.7820612], [37.8819097, 53.7824544], [37.8826264, 53.7829989], [37.8813463, 53.785943], [37.8795814, 53.7860571], [37.8769313, 53.7851507], [37.8773605, 53.7833568], [37.8719049, 53.7831286], [37.8690296, 53.7837878], [37.8655105, 53.7863107], [37.8627639, 53.7866212], [37.8613584, 53.7862536], [37.8604489, 53.7853705], [37.858596, 53.7850076], [37.8571105, 53.7854118], [37.8575819, 53.7865074], [37.8572797, 53.7867801], [37.8554324, 53.7871653], [37.8543946, 53.7867825], [37.8526837, 53.7846065], [37.8490347, 53.7850764], [37.8487568, 53.7838004], [37.84832, 53.7836315], [37.8420297, 53.7830733], [37.8407803, 53.7833566], [37.8394766, 53.7844668], [37.8372879, 53.7837131], [37.8344499, 53.7848368], [37.8344579, 53.7858155], [37.8374421, 53.7873427], [37.8377125, 53.7887156], [37.837276, 53.7903462], [37.8359069, 53.791112], [37.8342929, 53.7911709], [37.8320824, 53.7894541], [37.8305112, 53.789793], [37.8292014, 53.7908019], [37.8291177, 53.7914569], [37.8310445, 53.792711], [37.8312548, 53.7938244], [37.8304935, 53.7946587], [37.8278607, 53.7955451], [37.8252653, 53.7943593], [37.8211282, 53.7942673], [37.8189548, 53.7949267], [37.807097, 53.7928337], [37.8045593, 53.793924], [37.8029784, 53.7930404], [37.8034095, 53.7914027], [37.8031067, 53.7910347], [37.8006849, 53.7903294], [37.7989806, 53.7908857], [37.7983572, 53.7917184], [37.798471, 53.794985], [37.7966385, 53.7950101], [37.7968597, 53.7940634], [37.79557, 53.7926925], [37.7935972, 53.7926944], [37.7917948, 53.7932831], [37.7919974, 53.7946842], [37.7904359, 53.7971552], [37.7919718, 53.7982071], [37.7913844, 53.798917], [37.7895956, 53.7983507], [37.7865066, 53.7987135], [37.7867822, 53.7930978], [37.7856427, 53.7926189], [37.783066, 53.7935071], [37.7825033, 53.7941019], [37.7828187, 53.7950648], [37.7812558, 53.7962336], [37.778197, 53.7965514], [37.7778845, 53.7949449], [37.7793059, 53.7938473], [37.7795025, 53.7927732], [37.7806018, 53.7923442], [37.7803159, 53.7916809], [37.7765542, 53.7930159], [37.7757505, 53.7939419], [37.7757873, 53.7945559], [37.7747933, 53.7951392], [37.7715383, 53.7950359], [37.7698931, 53.7942501], [37.7684692, 53.7947784], [37.7685341, 53.7959594], [37.769726, 53.7969244], [37.774481, 53.7982553], [37.7745512, 53.7990471], [37.7731549, 53.7996964], [37.7662961, 53.7983136], [37.7617188, 53.7984101], [37.7586917, 53.7971219], [37.7540891, 53.7976636], [37.7534561, 53.7970543], [37.7534133, 53.796128], [37.7510272, 53.7949609], [37.7496226, 53.7932835], [37.7484087, 53.7931043], [37.7471165, 53.7939985], [37.7470415, 53.7963013], [37.7464102, 53.7971221], [37.7410467, 53.7960053], [37.7339147, 53.7969137], [37.7293092, 53.7966753], [37.7283374, 53.7976426], [37.7300556, 53.7989309], [37.7295102, 53.7996446], [37.7243437, 53.7999349], [37.7232149, 53.7993784], [37.7219812, 53.7995979], [37.7197691, 53.7989821], [37.7191104, 53.7991869], [37.7190392, 53.79971], [37.7181455, 53.799738], [37.713064, 53.7955068], [37.7201733, 53.794513], [37.7226308, 53.7931824], [37.7160777, 53.7857725], [37.7176281, 53.7832056], [37.7191552, 53.7759287], [37.7187399, 53.7728248], [37.713725, 53.7667288], [37.713363, 53.763519], [37.7109737, 53.7636902], [37.7107565, 53.7612507], [37.713363, 53.7600522], [37.7093085, 53.7569704], [37.7089465, 53.7546589], [37.7106117, 53.7521759], [37.7099487, 53.7496463], [37.705341, 53.7496463], [37.7005286, 53.7482537], [37.6933611, 53.7482537], [37.6905965, 53.7502517], [37.684965, 53.7510691], [37.6828147, 53.7507361], [37.6814836, 53.7495857], [37.6792822, 53.7457409], [37.6753401, 53.7424407], [37.6732411, 53.7390494], [37.669082, 53.737768], [37.663198, 53.7415288], [37.6413459, 53.7391705], [37.6379669, 53.7414112], [37.6373014, 53.7447115], [37.6330521, 53.7428646], [37.626755, 53.7428646], [37.6220449, 53.746195], [37.6238368, 53.7481326], [37.6217378, 53.7488591], [37.6152871, 53.7460133], [37.6081708, 53.7417745], [37.5994163, 53.7357184], [37.592044, 53.7325082], [37.5895354, 53.7302368], [37.5836478, 53.7301762], [37.5789378, 53.7311454], [37.5608656, 53.7273897], [37.5543637, 53.7195441], [37.5542613, 53.7094245], [37.5619407, 53.7049395], [37.5566675, 53.7015755], [37.5569747, 53.6970291], [37.5510871, 53.6956954], [37.5114101, 53.6919972], [37.5114101, 53.6896932], [37.5137139, 53.6870253], [37.5151474, 53.6814161], [37.5157106, 53.6722275], [37.513202, 53.6705897], [37.512946, 53.6655546], [37.5135053, 53.6592318], [37.5075153, 53.6585947], [37.5037268, 53.6566226], [37.4970201, 53.6568047], [37.488624, 53.6597172], [37.4804838, 53.6579272], [37.4801114, 53.6338008], [37.4731774, 53.6321617], [37.4377331, 53.6265333], [37.4427356, 53.6217399], [37.4452641, 53.6206819], [37.446884, 53.6206323], [37.4517464, 53.6220543], [37.463793, 53.6123932], [37.4668759, 53.6095374], [37.4674541, 53.6078507], [37.4738629, 53.6080508], [37.4895716, 53.6102807], [37.4914509, 53.6059923], [37.4937638, 53.6026471], [37.5028229, 53.6024183], [37.5038348, 53.5982721], [37.5088462, 53.5975572], [37.5110145, 53.5983293], [37.5143394, 53.5981578], [37.5176642, 53.596156], [37.5287471, 53.58606], [37.5353954, 53.5821321], [37.5352706, 53.5808568], [37.5311069, 53.5776692], [37.5289583, 53.5774042], [37.5271556, 53.5747509], [37.5246017, 53.5746078], [37.5224333, 53.5735492], [37.5203613, 53.5736636], [37.5199758, 53.5724905], [37.5184821, 53.571346], [37.520024, 53.5708881], [37.5198313, 53.5700869], [37.5186266, 53.5695146], [37.5163619, 53.5694002], [37.5153981, 53.5680552], [37.5124588, 53.5670536], [37.511736, 53.5660807], [37.5102422, 53.5659376], [37.5096805, 53.5668302], [37.5076361, 53.5671945], [37.5051521, 53.5663686], [37.5044333, 53.5648876], [37.5027978, 53.5643007], [37.499152, 53.5639769], [37.4961877, 53.5629246], [37.4925419, 53.5629246], [37.4909064, 53.5624389], [37.4894359, 53.5600935], [37.4837851, 53.5594032], [37.4797645, 53.5580269], [37.475744, 53.5578043], [37.4724389, 53.5567316], [37.4648406, 53.5560232], [37.45237, 53.5508008], [37.4375483, 53.5458815], [37.4356061, 53.5440796], [37.441603, 53.5382078], [37.4435792, 53.537661], [37.4438518, 53.5364866], [37.4418074, 53.5364663], [37.4382638, 53.5351905], [37.4349247, 53.5350488], [37.4315515, 53.5338337], [37.4287575, 53.5326389], [37.4241236, 53.5289529], [37.4238169, 53.5257325], [37.425248, 53.523869], [37.426168, 53.5205874], [37.424771, 53.5199595], [37.420103, 53.5238893], [37.4120618, 53.5208508], [37.406542, 53.5204254], [37.4014651, 53.5193112], [37.4017377, 53.51609], [37.4002726, 53.510113], [37.3978194, 53.5085325], [37.3960135, 53.5066277], [37.3866094, 53.5065467], [37.3887954, 53.5025006], [37.3910048, 53.4996968], [37.3930151, 53.4979133], [37.3947528, 53.4953594], [37.400443, 53.4902309], [37.4030768, 53.4853438], [37.40751, 53.4823618], [37.4050638, 53.4781203], [37.4050007, 53.4745142], [37.412451, 53.4549268], [37.4055185, 53.4531531], [37.3969957, 53.45233], [37.3995676, 53.4450054], [37.4047475, 53.4375306], [37.4140322, 53.4350566], [37.4218843, 53.4347843], [37.4251981, 53.4321053], [37.4263986, 53.4254567], [37.4287616, 53.4212517], [37.430492, 53.4153521], [37.4241392, 53.4132194], [37.4187332, 53.4131779], [37.4139834, 53.4111435], [37.4117919, 53.4088847], [37.4128786, 53.4067026], [37.4173336, 53.4023452], [37.4173058, 53.4011863], [37.4052832, 53.3968092], [37.4048374, 53.3961391], [37.3919495, 53.3920724], [37.3926311, 53.3884663], [37.3963911, 53.3863185], [37.3967687, 53.3840362], [37.3980353, 53.3821966], [37.4006857, 53.3797953], [37.4029895, 53.3790318], [37.406275, 53.3714272]]]}}, {"type": "Feature", "properties": {"rda_code": "TL-33", "rda_name": "UZLOVSKY AREA / incl. UZLOVAYA /", "osm_name": "Узловский район", "match_score": 1.0, "match_reason": "alias:uzlovsky"}, "geometry": {"type": "Polygon", "coordinates": [[[38.0313513, 54.0317618], [38.0397191, 54.0273801], [38.040738, 54.0241273], [38.0406097, 54.0233469], [38.0398369, 54.023271], [38.040082, 54.0222943], [38.0393217, 54.0219474], [38.0436991, 54.0225777], [38.0455257, 54.0213116], [38.0422829, 54.0183546], [38.0509089, 54.0177368], [38.0512522, 54.0163878], [38.0408452, 54.0168921], [38.0375837, 54.0126306], [38.0411752, 54.0100993], [38.04451, 54.0023896], [38.0205758, 53.9927704], [38.0156298, 53.9932876], [38.0150934, 53.9906006], [38.0154581, 53.9880017], [38.0202217, 53.9873835], [38.0219169, 53.9862985], [38.0307399, 53.9772914], [38.0321438, 53.9783185], [38.0349976, 53.9775235], [38.0367143, 53.9781166], [38.0389673, 53.9775109], [38.0327629, 53.9683892], [38.0218802, 53.9546015], [38.0182111, 53.9566719], [38.0132417, 53.9553897], [38.0110747, 53.9526236], [38.0061144, 53.9513597], [38.002767, 53.9462327], [37.9980463, 53.9409788], [38.0038639, 53.9372838], [38.0046397, 53.9351136], [38.0061508, 53.9332845], [38.0091954, 53.9310809], [38.0091505, 53.9301185], [37.9983611, 53.9215117], [38.0055503, 53.9171289], [38.0125524, 53.9142696], [38.0275515, 53.9184726], [38.0760038, 53.8844017], [38.0495177, 53.8709886], [38.052514, 53.8671405], [38.0560802, 53.8636222], [38.0578689, 53.8632257], [38.0575214, 53.8612525], [38.0495433, 53.8572273], [38.0469684, 53.8548353], [38.0440799, 53.8506404], [38.0445055, 53.8498384], [38.0510475, 53.8450733], [38.0596362, 53.849163], [38.0730174, 53.8545682], [38.0992153, 53.8641557], [38.1015567, 53.8610112], [38.1070929, 53.8559033], [38.1087212, 53.8560536], [38.1141549, 53.8517769], [38.0951185, 53.844091], [38.076376, 53.8278767], [38.080893, 53.8259814], [38.0936347, 53.8214274], [38.0959586, 53.8221982], [38.1072616, 53.8316285], [38.1089711, 53.8318623], [38.1154727, 53.8270499], [38.1304985, 53.8335154], [38.1342252, 53.8293831], [38.1356493, 53.828887], [38.1363035, 53.8300347], [38.1432173, 53.8280217], [38.14275, 53.8270919], [38.146804, 53.8258504], [38.1488107, 53.812367], [38.1565162, 53.8127395], [38.1586458, 53.8083132], [38.1613665, 53.8068414], [38.1640245, 53.8075497], [38.1806736, 53.8067951], [38.1834831, 53.8403972], [38.1738426, 53.8384451], [38.1574025, 53.8395857], [38.1590382, 53.8435738], [38.1648183, 53.8470877], [38.1664648, 53.847387], [38.1676771, 53.848349], [38.1715823, 53.8498077], [38.178317, 53.8510416], [38.2170801, 53.8517016], [38.2205021, 53.8493966], [38.2350951, 53.8508572], [38.2507543, 53.8500607], [38.2654508, 53.8460816], [38.2672368, 53.8462792], [38.2710012, 53.858734], [38.2761135, 53.8598919], [38.2788982, 53.8610502], [38.2840403, 53.8570584], [38.2814263, 53.8469972], [38.2952669, 53.846123], [38.301108, 53.8441898], [38.3090604, 53.8428205], [38.3130361, 53.8430631], [38.3180552, 53.8501433], [38.3220631, 53.8515284], [38.3357525, 53.848934], [38.3355549, 53.8367802], [38.3391966, 53.8345539], [38.346694, 53.8341399], [38.3476411, 53.8327914], [38.3472774, 53.830715], [38.3456483, 53.8297233], [38.3381435, 53.8298187], [38.3340316, 53.8048888], [38.3304925, 53.8041422], [38.333686, 53.781048], [38.3390342, 53.777008], [38.4072316, 53.7638271], [38.436574, 53.7597802], [38.439041, 53.7575161], [38.4364263, 53.746018], [38.4365895, 53.7428226], [38.4395577, 53.739995], [38.4423329, 53.7392069], [38.4457785, 53.7393682], [38.4677128, 53.7476351], [38.4759809, 53.7552982], [38.4836505, 53.7595261], [38.490692, 53.7626069], [38.4925766, 53.7664282], [38.4880204, 53.7706035], [38.4899052, 53.7744248], [38.4999312, 53.7763472], [38.5033648, 53.7794386], [38.5110415, 53.7836648], [38.5122762, 53.7882457], [38.5122143, 53.7935841], [38.5179623, 53.7978019], [38.5159949, 53.8008446], [38.5101801, 53.8023464], [38.5178617, 53.8065721], [38.5208416, 53.8121432], [38.5204666, 53.8131219], [38.5187967, 53.814166], [38.5187086, 53.8159346], [38.5211759, 53.8174238], [38.5288286, 53.8197752], [38.5318981, 53.8191266], [38.5327668, 53.8193627], [38.538267, 53.8257187], [38.5343323, 53.8318047], [38.5336115, 53.8386658], [38.516735, 53.8485134], [38.5141114, 53.8523161], [38.4920633, 53.8598744], [38.4920228, 53.865571], [38.4868292, 53.8682182], [38.475202, 53.8693119], [38.4751448, 53.8738875], [38.4679551, 53.881101], [38.464096, 53.8826282], [38.4756612, 53.8841855], [38.4808103, 53.8853519], [38.4794768, 53.888778], [38.4768663, 53.8910546], [38.4755133, 53.8960059], [38.4703052, 53.8994149], [38.4670333, 53.9028323], [38.4643579, 53.9100656], [38.4605273, 53.9066165], [38.4579641, 53.9050797], [38.4527983, 53.9050562], [38.4482482, 53.9073234], [38.4462605, 53.9111274], [38.4436316, 53.9145472], [38.4422789, 53.9191168], [38.448678, 53.9237222], [38.4479817, 53.9275322], [38.4421871, 53.9321507], [38.4459222, 53.9366744], [38.444229, 53.9442878], [38.4437607, 53.9447457], [38.4419734, 53.9449694], [38.4410226, 53.9461239], [38.4412178, 53.9468407], [38.4431662, 53.9474916], [38.4445731, 53.9502064], [38.444193, 53.9508627], [38.4450036, 53.9514034], [38.4450937, 53.9529192], [38.4462466, 53.9542654], [38.4443011, 53.9572545], [38.4434951, 53.9612547], [38.4425357, 53.9634439], [38.4387709, 53.9672588], [38.437618, 53.9670575], [38.4348979, 53.9677144], [38.4305506, 53.9739719], [38.4266489, 53.9754786], [38.4214217, 53.9792667], [38.409762, 53.980354], [38.4045489, 53.9829975], [38.4089964, 53.9887392], [38.4082953, 53.992549], [38.4048419, 53.9977813], [38.4015355, 53.9981851], [38.400396, 53.9977832], [38.4006467, 53.9970597], [38.4019458, 53.9962023], [38.3986867, 53.9945946], [38.389958, 53.9959612], [38.3889146, 53.9912318], [38.3870555, 53.9894062], [38.3894821, 53.9884235], [38.3824488, 53.9841839], [38.3837137, 53.9833907], [38.3838663, 53.9825767], [38.38508, 53.981585], [38.3810151, 53.9801894], [38.3812932, 53.9797197], [38.3708185, 53.9747707], [38.3735865, 53.9735023], [38.3719796, 53.9737952], [38.3698606, 53.9727067], [38.3684182, 53.9716236], [38.3694065, 53.9706981], [38.3659379, 53.9693581], [38.3657673, 53.9682139], [38.3684635, 53.9683623], [38.3703732, 53.9606685], [38.3821964, 53.9626126], [38.3858013, 53.9623222], [38.4009826, 53.9579478], [38.4074532, 53.9555338], [38.4089445, 53.9537157], [38.4118949, 53.9460696], [38.4145295, 53.9429231], [38.4154019, 53.9409765], [38.4154234, 53.938943], [38.4175584, 53.9377115], [38.4210988, 53.93677], [38.4274292, 53.9365995], [38.4269785, 53.9337573], [38.4259057, 53.9311801], [38.4263348, 53.9301947], [38.4330618, 53.9272979], [38.434317, 53.9258323], [38.4353768, 53.9225174], [38.4383757, 53.9225836], [38.4398609, 53.9179213], [38.429446, 53.9179606], [38.427398, 53.9174453], [38.4195407, 53.9171249], [38.4197293, 53.9182774], [38.420755, 53.9187865], [38.4204438, 53.9190093], [38.4098204, 53.9189046], [38.4095951, 53.9204084], [38.4053894, 53.9211981], [38.4056845, 53.9216246], [38.4053572, 53.9219437], [38.4025034, 53.9221332], [38.4008511, 53.9227713], [38.4003791, 53.9237822], [38.4010511, 53.9251739], [38.4001334, 53.925382], [38.4003064, 53.926797], [38.3990189, 53.9276815], [38.4017801, 53.9280164], [38.4013143, 53.9291786], [38.401723, 53.9295281], [38.40063, 53.9321217], [38.4034836, 53.9324782], [38.4026459, 53.9346524], [38.4056969, 53.9405776], [38.4052468, 53.9436563], [38.4085247, 53.943572], [38.4090129, 53.9414376], [38.4141466, 53.9413365], [38.4136498, 53.943062], [38.4111332, 53.9460633], [38.4077103, 53.9529323], [38.3873308, 53.9601559], [38.381442, 53.9608665], [38.3630124, 53.9580892], [38.3573285, 53.9591637], [38.3552662, 53.9587194], [38.3511115, 53.9588464], [38.3507724, 53.9582569], [38.3503176, 53.9587965], [38.3469646, 53.9588827], [38.3462744, 53.9595242], [38.342278, 53.9585925], [38.342278, 53.9579575], [38.3387687, 53.9579684], [38.3388846, 53.956837], [38.3396289, 53.9563712], [38.3361379, 53.9556977], [38.3356501, 53.9559927], [38.3343787, 53.9552556], [38.3320281, 53.9550195], [38.3218466, 53.9584935], [38.3153307, 53.9591208], [38.3143074, 53.9566088], [38.3149684, 53.9564553], [38.3147341, 53.9556868], [38.3084311, 53.9561424], [38.3081367, 53.9552696], [38.3051435, 53.9546835], [38.3034216, 53.9548946], [38.3033624, 53.9566973], [38.3001406, 53.9571736], [38.2910065, 53.9570145], [38.2852815, 53.9556032], [38.280662, 53.9553332], [38.2784239, 53.9544152], [38.2786008, 53.9523412], [38.2777455, 53.9517337], [38.2778487, 53.9508138], [38.2797364, 53.9480626], [38.2809604, 53.9471079], [38.278881, 53.9458233], [38.2776865, 53.9463962], [38.2746087, 53.9444965], [38.2729538, 53.9380994], [38.2702314, 53.9382769], [38.2700552, 53.9351156], [38.273841, 53.930153], [38.273365, 53.9281233], [38.2718217, 53.9270701], [38.2758009, 53.9278687], [38.2778071, 53.9275325], [38.2803703, 53.926236], [38.2816575, 53.9242218], [38.2833785, 53.9227145], [38.2884635, 53.9235676], [38.2938159, 53.9219109], [38.2982178, 53.9213128], [38.3014309, 53.9239601], [38.3031153, 53.9260955], [38.3029865, 53.9292288], [38.3021443, 53.9297279], [38.3013063, 53.9313155], [38.3033663, 53.9357432], [38.301199, 53.938118], [38.3015638, 53.939179], [38.3035808, 53.9419893], [38.3059734, 53.942065], [38.3068853, 53.9414272], [38.3049434, 53.9403599], [38.3046215, 53.9352569], [38.307808, 53.9362106], [38.3099108, 53.9355032], [38.3076363, 53.933122], [38.3062309, 53.9328378], [38.3044928, 53.9333557], [38.3023792, 53.932244], [38.3019393, 53.9314987], [38.3026003, 53.930189], [38.3064602, 53.9290723], [38.3114594, 53.9286305], [38.3110264, 53.9280074], [38.3102678, 53.9281721], [38.3074171, 53.9262236], [38.31188, 53.92414], [38.3151431, 53.9266024], [38.3123894, 53.9276048], [38.3131591, 53.9284881], [38.3186625, 53.9280793], [38.3207212, 53.9274448], [38.3260188, 53.9231932], [38.3257859, 53.9227865], [38.326651, 53.9221785], [38.3319673, 53.9200147], [38.3333464, 53.9173274], [38.3283415, 53.9162051], [38.3246961, 53.9171036], [38.323436, 53.9183579], [38.3215396, 53.9193028], [38.3092267, 53.9188467], [38.3074944, 53.9182679], [38.3053077, 53.9162107], [38.3040103, 53.9125529], [38.3028264, 53.9116173], [38.3024022, 53.9104434], [38.3031493, 53.9096527], [38.3027516, 53.9094267], [38.300017, 53.909776], [38.3000309, 53.9100965], [38.3018004, 53.9105538], [38.3023233, 53.9119253], [38.3035663, 53.9126865], [38.3043735, 53.9153766], [38.2955041, 53.9192226], [38.290156, 53.918512], [38.2884227, 53.9152686], [38.2875634, 53.9153634], [38.287301, 53.9144066], [38.2853698, 53.9135977], [38.2850747, 53.9124192], [38.2794422, 53.9131996], [38.2790559, 53.9138442], [38.2753758, 53.915285], [38.27376, 53.9141275], [38.277086, 53.9122949], [38.2772362, 53.9114038], [38.2821124, 53.9105443], [38.2809966, 53.9089011], [38.2749885, 53.9097606], [38.2752031, 53.9101904], [38.2705468, 53.9117956], [38.2696724, 53.9110846], [38.2678661, 53.907713], [38.2730498, 53.906205], [38.2702788, 53.901687], [38.2663824, 53.8969888], [38.2585419, 53.8990172], [38.2594649, 53.9011292], [38.2556553, 53.9016044], [38.2536586, 53.902437], [38.2535698, 53.902995], [38.251958, 53.9032115], [38.2538581, 53.9056276], [38.2573557, 53.9049576], [38.2616043, 53.9104056], [38.2549953, 53.9109491], [38.2530212, 53.9085223], [38.2531285, 53.9065377], [38.25361, 53.9057413], [38.2468797, 53.9069478], [38.2480628, 53.9088004], [38.246078, 53.9097737], [38.2467861, 53.911202], [38.2487817, 53.9123395], [38.2501013, 53.9143744], [38.253041, 53.9124027], [38.2528658, 53.9111924], [38.2626662, 53.9109365], [38.2622745, 53.9145451], [38.2607135, 53.9148074], [38.260156, 53.9164068], [38.2591954, 53.917038], [38.2607559, 53.9175474], [38.2645646, 53.9158287], [38.2702541, 53.9158678], [38.2719997, 53.9163531], [38.2732897, 53.9191968], [38.2707577, 53.920511], [38.269041, 53.9225202], [38.2676356, 53.9228551], [38.2665559, 53.9238562], [38.2631886, 53.9240885], [38.2632156, 53.9257582], [38.2590185, 53.9241522], [38.2571015, 53.9243687], [38.2560055, 53.9237235], [38.2552804, 53.9237006], [38.2547894, 53.9246541], [38.2514069, 53.9244524], [38.2496396, 53.9250033], [38.2489786, 53.9268951], [38.2467144, 53.9269101], [38.24521, 53.9284085], [38.2440198, 53.9284318], [38.2448935, 53.9322482], [38.253755, 53.9325682], [38.254112, 53.9333248], [38.2587888, 53.9332941], [38.2611398, 53.9321065], [38.2670366, 53.9332317], [38.2599435, 53.9355195], [38.2594108, 53.9361805], [38.2599624, 53.9365696], [38.2593403, 53.9390012], [38.2624787, 53.9429174], [38.2612741, 53.9446152], [38.2570336, 53.9458802], [38.2560672, 53.9488811], [38.2693781, 53.9511741], [38.2687395, 53.954781], [38.2692483, 53.9606401], [38.2714935, 53.960214], [38.2900704, 53.9620158], [38.2897472, 53.9645219], [38.2842513, 53.9690855], [38.2805269, 53.9678905], [38.277319, 53.969591], [38.2773492, 53.9701313], [38.2845381, 53.9741162], [38.2839271, 53.9751505], [38.2715758, 53.9855156], [38.270472, 53.9854593], [38.2687866, 53.9878078], [38.2656201, 53.9870537], [38.2624627, 53.9914419], [38.2565527, 53.9904707], [38.2536688, 53.9956086], [38.263678, 53.9982137], [38.2623285, 54.0004855], [38.2565627, 53.9985056], [38.2549745, 53.9989312], [38.2430321, 53.9961511], [38.2387859, 54.0027783], [38.2231079, 54.0175118], [38.2197208, 54.0175486], [38.2143378, 54.0189289], [38.2106983, 54.0223741], [38.1983905, 54.0237075], [38.1938542, 54.0255229], [38.1747949, 54.028988], [38.1730616, 54.0268069], [38.1579614, 54.0307329], [38.1559076, 54.0295266], [38.1492578, 54.0328281], [38.1402256, 54.0269094], [38.1267176, 54.0326604], [38.1282838, 54.0350104], [38.1237088, 54.0482801], [38.1211149, 54.0540277], [38.1344741, 54.0663174], [38.1298133, 54.0703182], [38.1196361, 54.0766884], [38.1150042, 54.0777646], [38.1128669, 54.0776447], [38.0987498, 54.0738341], [38.0889651, 54.0747909], [38.0827853, 54.0789202], [38.0740769, 54.0790524], [38.0689696, 54.0752667], [38.0626264, 54.0754179], [38.0547912, 54.0791106], [38.0432163, 54.0791046], [38.042874, 54.0766542], [38.0419728, 54.0747406], [38.034248, 54.0625518], [38.0250988, 54.0457351], [38.0319521, 54.0422208], [38.0313083, 54.0406332], [38.0277893, 54.0392472], [38.0291626, 54.0343831], [38.0313513, 54.0317618]]]}}, {"type": "Feature", "properties": {"rda_code": "TL-36", "rda_name": "YASNOGORSKY AREA / incl. YaSNOGORSK/", "osm_name": "Ясногорский район", "match_score": 1.0, "match_reason": "alias:yasnogorsky"}, "geometry": {"type": "Polygon", "coordinates": [[[37.4737912, 54.4909377], [37.4759102, 54.4914362], [37.4750519, 54.4905575], [37.4765003, 54.4903955], [37.4759638, 54.4890245], [37.4765003, 54.4887005], [37.4758351, 54.4884512], [37.4752021, 54.4869679], [37.476865, 54.4859832], [37.475245, 54.485522], [37.4749446, 54.4844313], [37.4737108, 54.4842194], [37.4731234, 54.482454], [37.4723053, 54.4820441], [37.4725413, 54.477899], [37.4731314, 54.4774938], [37.4728632, 54.4768455], [37.4732709, 54.4763967], [37.4749553, 54.4760164], [37.4772191, 54.4762346], [37.4775517, 54.475792], [37.4767363, 54.4751187], [37.4769616, 54.4746636], [37.4761677, 54.4744205], [37.4768436, 54.4737534], [37.4761248, 54.4733232], [37.4763179, 54.4725439], [37.4769509, 54.4721948], [37.4752021, 54.4705863], [37.4764681, 54.4698319], [37.476511, 54.4687096], [37.4784315, 54.4683417], [37.4781418, 54.4674251], [37.4793327, 54.4671757], [37.479676, 54.4645257], [37.4816394, 54.462499], [37.4812531, 54.4613142], [37.4818754, 54.4609836], [37.4834418, 54.4613142], [37.4838281, 54.4609088], [37.4838495, 54.460042], [37.4829161, 54.4593996], [37.4838281, 54.4587385], [37.4819827, 54.4580213], [37.4836457, 54.4568862], [37.4826264, 54.4558135], [37.4839461, 54.4553083], [37.4814999, 54.4547158], [37.4814248, 54.4537178], [37.4831629, 54.4532126], [37.4827337, 54.4523269], [37.4838173, 54.4521397], [37.4832487, 54.4515347], [37.484107, 54.4511667], [37.4842787, 54.4505803], [37.4859524, 54.4504431], [37.4868536, 54.4491019], [37.4880016, 54.4487464], [37.4879265, 54.4474738], [37.4867356, 54.4471681], [37.4871004, 54.445072], [37.4884522, 54.4444606], [37.488141, 54.4437556], [37.4887955, 54.4434998], [37.4877763, 54.4421397], [37.4888277, 54.4412101], [37.4877226, 54.4407047], [37.4886024, 54.4379219], [37.4899006, 54.4371232], [37.4896431, 54.4364493], [37.4906516, 54.4363057], [37.4914455, 54.4354009], [37.4933767, 54.4346646], [37.4948358, 54.4350265], [37.495147, 54.434078], [37.4958551, 54.4338783], [37.496413, 54.4328861], [37.4964881, 54.4314383], [37.4981189, 54.4300903], [37.4896806, 54.4197103], [37.4888974, 54.4190299], [37.4844305, 54.4181599], [37.486918, 54.4180373], [37.4881625, 54.4170759], [37.4906784, 54.4169229], [37.4931729, 54.4138357], [37.4939346, 54.4141478], [37.4941814, 54.4138482], [37.4974215, 54.4154777], [37.4972713, 54.4175878], [37.5016755, 54.4211336], [37.5037433, 54.4210974], [37.504169, 54.4199344], [37.5060383, 54.4193421], [37.5059272, 54.4186637], [37.5076484, 54.4182653], [37.5127564, 54.4183299], [37.512886, 54.4197083], [37.514052, 54.4219157], [37.5349283, 54.4254151], [37.5348912, 54.4258888], [37.5338919, 54.4264164], [37.5319116, 54.4264702], [37.5298572, 54.4281821], [37.5301163, 54.4288065], [37.5308566, 54.4289357], [37.5306716, 54.4309166], [37.5358351, 54.4340062], [37.5381856, 54.434835], [37.5460882, 54.4366757], [37.5591729, 54.435567], [37.5586547, 54.4384733], [37.5598392, 54.4395819], [37.559469, 54.4403353], [37.5620601, 54.4422941], [37.5560637, 54.4429076], [37.5561377, 54.4439945], [37.5580995, 54.4458025], [37.5597281, 54.4462975], [37.5624302, 54.4482668], [37.5716839, 54.4475028], [37.5795865, 54.4448555], [37.5784576, 54.4346628], [37.5771251, 54.4338016], [37.5780504, 54.4298616], [37.5737012, 54.4302707], [37.5727943, 54.4296678], [37.5732385, 54.4285912], [37.5716839, 54.4269009], [37.5724612, 54.4267179], [37.5741824, 54.4275038], [37.5757, 54.4267394], [37.5752558, 54.4209358], [37.5765143, 54.420279], [37.5724057, 54.4162838], [37.5722391, 54.4155084], [37.5748302, 54.4138498], [37.5760146, 54.4125251], [37.5796791, 54.4105433], [37.5840283, 54.4105756], [37.5823812, 54.4073874], [37.5903949, 54.4075059], [37.5885996, 54.4046082], [37.5998336, 54.3994264], [37.5978903, 54.3968514], [37.5979088, 54.3954722], [37.5987602, 54.395052], [37.5984085, 54.3911298], [37.6085321, 54.3911405], [37.6097721, 54.3889206], [37.610938, 54.3885219], [37.6113452, 54.3867653], [37.6103643, 54.3862588], [37.6103273, 54.3846206], [37.6143804, 54.3839632], [37.6144174, 54.3833273], [37.6126037, 54.3828746], [37.6027214, 54.3726378], [37.5960379, 54.3720976], [37.5955378, 54.3711591], [37.5959077, 54.3672591], [37.5930556, 54.3642151], [37.5994565, 54.3618712], [37.6011542, 54.3600512], [37.6026721, 54.3596879], [37.6033685, 54.3543351], [37.6026837, 54.3539684], [37.6040348, 54.3533968], [37.6045345, 54.3521996], [37.6067924, 54.3502904], [37.6074216, 54.3503659], [37.6086431, 54.3494382], [37.6081804, 54.3488234], [37.6099201, 54.3470758], [37.6110306, 54.3467522], [37.6121595, 54.3452419], [37.613418, 54.3448859], [37.6178598, 54.3415199], [37.620784, 54.340441], [37.620858, 54.3396318], [37.6224126, 54.3381752], [37.6200992, 54.3363085], [37.6205248, 54.3358769], [37.6201732, 54.3352079], [37.6278243, 54.3352761], [37.6307409, 54.3345821], [37.6301857, 54.3352187], [37.6307779, 54.3356072], [37.6382734, 54.3335461], [37.6429373, 54.3333087], [37.6354973, 54.3272761], [37.6353863, 54.3220089], [37.6318329, 54.3213073], [37.6326911, 54.3178152], [37.6357808, 54.3178199], [37.6376829, 54.3153991], [37.6383372, 54.3135059], [37.6403264, 54.3139029], [37.6431594, 54.3131218], [37.6556902, 54.3168801], [37.6579673, 54.3185441], [37.6595377, 54.320544], [37.6612128, 54.3211851], [37.6596685, 54.3216736], [37.6599826, 54.3224216], [37.6610034, 54.3228337], [37.6626, 54.3291681], [37.6607678, 54.329275], [37.6627047, 54.336936], [37.6629926, 54.3421239], [37.6657669, 54.3423222], [37.6661595, 54.3442904], [37.6708446, 54.3455872], [37.6830937, 54.3459686], [37.6842977, 54.3467314], [37.6889304, 54.347479], [37.6898464, 54.3473874], [37.6904223, 54.3461364], [37.6949502, 54.3458771], [37.6960234, 54.344565], [37.7027932, 54.3467132], [37.7061452, 54.3445124], [37.7098316, 54.3441142], [37.7100062, 54.3436392], [37.7109376, 54.3434695], [37.7111122, 54.3427909], [37.7126838, 54.3420105], [37.7125092, 54.3409925], [37.7133547, 54.3406049], [37.7182197, 54.3401852], [37.7218224, 54.3391262], [37.7243691, 54.3420476], [37.7267771, 54.3434055], [37.7287662, 54.3437564], [37.7339218, 54.3460963], [37.7391827, 54.3466761], [37.741198, 54.3462947], [37.7453334, 54.3465693], [37.7477413, 54.347866], [37.756902, 54.3503678], [37.7634715, 54.3482779], [37.76656, 54.3491017], [37.7665077, 54.3497271], [37.765199, 54.3503526], [37.765199, 54.3515882], [37.7826043, 54.3502611], [37.7856142, 54.3538457], [37.7874987, 54.3599618], [37.7905086, 54.3640184], [37.7836512, 54.3695078], [37.7824472, 54.36995], [37.7823164, 54.3720084], [37.7876296, 54.3720084], [37.7878651, 54.3729384], [37.7894879, 54.3744782], [37.7890429, 54.3754387], [37.7870276, 54.3766125], [37.7892523, 54.3777406], [37.7870538, 54.3791279], [37.7826043, 54.3840056], [37.7809292, 54.3851335], [37.7823687, 54.387374], [37.7844364, 54.3886085], [37.7870799, 54.3890657], [37.7889906, 54.3899496], [37.7893308, 54.390864], [37.7916864, 54.3910011], [37.7955863, 54.3899801], [37.7998264, 54.3872673], [37.802496, 54.386871], [37.8053228, 54.3845391], [37.8104789, 54.3853316], [37.8180169, 54.3797224], [37.8227804, 54.3801187], [37.8266802, 54.3796004], [37.827099, 54.380515], [37.8311821, 54.3813382], [37.8315485, 54.3821155], [37.8324646, 54.3825576], [37.832831, 54.3834874], [37.8322552, 54.3844629], [37.8328048, 54.3854231], [37.84084, 54.3850116], [37.841887, 54.384661], [37.8424628, 54.3834721], [37.8514926, 54.3824661], [37.8512832, 54.3816278], [37.8538744, 54.3782589], [37.8539005, 54.3776492], [37.854869, 54.3772681], [37.8547119, 54.375957], [37.8525919, 54.3754997], [37.8572472, 54.3682111], [37.856387, 54.36687], [37.862721, 54.3644911], [37.8695522, 54.3646284], [37.884916, 54.3596873], [37.8939792, 54.3615388], [37.8960317, 54.3631519], [37.8991819, 54.3589522], [37.9007571, 54.3548078], [37.902905, 54.3548078], [37.9054348, 54.3533614], [37.9252434, 54.3574225], [37.9321167, 54.3605932], [37.9353147, 54.3609269], [37.935983, 54.3621784], [37.9342646, 54.3632909], [37.9339961, 54.3644139], [37.9363171, 54.3664611], [37.9415198, 54.366489], [37.9480113, 54.3675735], [37.9617103, 54.3718], [37.9655288, 54.3721894], [37.9697769, 54.371939], [37.9686313, 54.3737186], [37.9684404, 54.3754145], [37.9671039, 54.3759427], [37.9667698, 54.3787506], [37.961758, 54.3819753], [37.9597055, 54.3841991], [37.9572235, 54.3855055], [37.9558393, 54.38759], [37.9550279, 54.3912865], [37.9526413, 54.3945658], [37.9535004, 54.3966777], [37.9569848, 54.3984005], [37.9587509, 54.4001788], [37.9789414, 54.4007624], [37.9856715, 54.4028462], [37.9888218, 54.404791], [37.991447, 54.4094582], [37.9956951, 54.4136526], [37.9993227, 54.4150136], [38.0006115, 54.4142915], [38.0047164, 54.4140692], [38.0066734, 54.4144859], [38.0070552, 54.4178466], [38.0119716, 54.4193186], [38.0154083, 54.4196519], [38.0196086, 54.4210404], [38.0288686, 54.4193186], [38.0313506, 54.4205128], [38.0334031, 54.4195408], [38.0353601, 54.419513], [38.0381285, 54.4200963], [38.0391786, 54.4214015], [38.0410401, 54.4214571], [38.0426153, 54.4222346], [38.0436653, 54.4237897], [38.0476271, 54.4272053], [38.0456701, 54.4291767], [38.0327348, 54.4293155], [38.0327348, 54.4320365], [38.0313983, 54.4357567], [38.0293936, 54.437117], [38.0294891, 54.4388381], [38.0367443, 54.4420302], [38.0384626, 54.4437512], [38.0424721, 54.4459716], [38.0459087, 54.4461381], [38.0545959, 54.4504953], [38.0581757, 54.4545191], [38.0614215, 54.4553793], [38.0668152, 54.4603181], [38.0752159, 54.4656725], [38.0785094, 54.4651455], [38.0808005, 54.4638416], [38.0827098, 54.4643409], [38.0833292, 54.4660801], [38.0863851, 54.470305], [38.0868624, 54.4724408], [38.0894876, 54.4746874], [38.0905855, 54.4792912], [38.0877216, 54.479929], [38.0870533, 54.4789861], [38.0853827, 54.4782096], [38.0827575, 54.4781264], [38.0842372, 54.4759631], [38.0838553, 54.4747706], [38.0790822, 54.4720803], [38.0770774, 54.4716919], [38.0765047, 54.4704715], [38.0752159, 54.4707489], [38.0741658, 54.4696948], [38.0742613, 54.4686684], [38.0731157, 54.4684743], [38.072352, 54.4694452], [38.0603237, 54.4722467], [38.0570302, 54.4782373], [38.0547391, 54.4836171], [38.0566961, 54.4851699], [38.0540708, 54.4873881], [38.0501091, 54.4893566], [38.0514933, 54.491325], [38.0512547, 54.4929053], [38.0527343, 54.494125], [38.0549777, 54.4944577], [38.0618033, 54.4925448], [38.0643331, 54.4909092], [38.0670538, 54.4921013], [38.0681039, 54.4906042], [38.0697745, 54.4905765], [38.0710155, 54.4918795], [38.0733544, 54.4918795], [38.0736408, 54.493432], [38.0768388, 54.4932934], [38.0774116, 54.4942914], [38.0753591, 54.4963704], [38.0751204, 54.4974515], [38.073593, 54.4978119], [38.0729248, 54.4991147], [38.0706337, 54.4998354], [38.0704905, 54.5008331], [38.0689153, 54.5015538], [38.0660037, 54.501138], [38.0639035, 54.5013875], [38.0633785, 54.4997521], [38.0518752, 54.4998077], [38.0494763, 54.505552], [38.0489836, 54.509589], [38.0511636, 54.5152252], [38.0418559, 54.5153637], [38.0398512, 54.5138398], [38.0301617, 54.5135072], [38.0235747, 54.5120664], [38.0187538, 54.5104038], [38.0180379, 54.5115953], [38.0127874, 54.5120664], [38.0105918, 54.5129531], [38.0075369, 54.5120387], [38.0051026, 54.5122326], [38.0025251, 54.5137843], [38.0004727, 54.5143385], [38.0011409, 54.5166106], [37.999709, 54.5186884], [38.0013921, 54.5190733], [38.0059707, 54.524435], [38.0105272, 54.5247876], [38.011776, 54.5269031], [38.0163661, 54.5297821], [38.0174124, 54.531486], [38.0143748, 54.5320931], [38.0133623, 54.5327982], [38.0162311, 54.5371063], [38.0178512, 54.537733], [38.0204838, 54.5410225], [38.0255653, 54.5418676], [38.0328368, 54.5411008], [38.0327018, 54.5379484], [38.0242977, 54.5331507], [38.0238589, 54.5321323], [38.0275378, 54.5319952], [38.0351994, 54.5362448], [38.0368194, 54.5383791], [38.0374945, 54.5403568], [38.0405321, 54.540905], [38.0422196, 54.541884], [38.05059, 54.5395149], [38.0527163, 54.5382812], [38.0548089, 54.538477], [38.0567664, 54.5411792], [38.0585215, 54.5424126], [38.0583865, 54.5437048], [38.0557616, 54.5452134], [38.0541338, 54.5469156], [38.0518725, 54.546896], [38.0505562, 54.5490103], [38.0485649, 54.5501261], [38.0394858, 54.5536691], [38.037562, 54.5536299], [38.0348281, 54.5547065], [38.0328705, 54.5547261], [38.0305079, 54.5561745], [38.025074, 54.5571726], [38.0247702, 54.5585231], [38.0269303, 54.5592081], [38.0261203, 54.5623784], [38.0271328, 54.5635331], [38.0241627, 54.5658812], [38.0208213, 54.5696968], [38.020585, 54.5709882], [38.0223064, 54.5714577], [38.0246015, 54.5707534], [38.0267953, 54.5712425], [38.0258307, 54.5750334], [38.0302642, 54.5744922], [38.0303531, 54.5754071], [38.0378454, 54.5742027], [38.0392691, 54.5744396], [38.0391145, 54.5771117], [38.0399689, 54.5768945], [38.0424896, 54.5745098], [38.0439409, 54.5718295], [38.0412408, 54.5691685], [38.0411058, 54.5678967], [38.0477548, 54.5659595], [38.052885, 54.5627112], [38.0538976, 54.562946], [38.0556189, 54.5644528], [38.0582178, 54.5649812], [38.0572727, 54.5700295], [38.0601416, 54.5710077], [38.0622342, 54.5707143], [38.0625379, 54.5695403], [38.0606816, 54.569012], [38.0601416, 54.5683272], [38.0603103, 54.566801], [38.0610191, 54.5664488], [38.0639217, 54.5670358], [38.0654405, 54.5664683], [38.0652718, 54.5638266], [38.0661493, 54.5624371], [38.0689507, 54.5616544], [38.071887, 54.5595408], [38.0754309, 54.5546086], [38.0746546, 54.553121], [38.0712795, 54.5513593], [38.0715158, 54.5499303], [38.0731358, 54.5476791], [38.0723933, 54.546759], [38.0685119, 54.546759], [38.0651368, 54.5457997], [38.0634492, 54.5423735], [38.0653055, 54.5420994], [38.0671618, 54.5409637], [38.0730346, 54.5416295], [38.0833625, 54.5446446], [38.0840375, 54.5460542], [38.0829237, 54.5478357], [38.0846788, 54.549206], [38.0849488, 54.5507917], [38.0833625, 54.5518879], [38.078401, 54.5530819], [38.077186, 54.5539236], [38.077456, 54.5582687], [38.0813374, 54.5673488], [38.0809324, 54.574099], [38.0815399, 54.5755076], [38.0812361, 54.578305], [38.071887, 54.5809067], [38.0707057, 54.5808089], [38.0696257, 54.5827453], [38.0694232, 54.5850337], [38.0729333, 54.5863246], [38.0775572, 54.5891213], [38.0780298, 54.5901773], [38.0781985, 54.5969433], [38.078806, 54.5978426], [38.0801561, 54.5982728], [38.0806286, 54.5994068], [38.0829237, 54.6001302], [38.0837675, 54.6015965], [38.0868051, 54.6020071], [38.0880539, 54.6034929], [38.0875139, 54.6052915], [38.0856576, 54.606914], [38.0856913, 54.6083996], [38.0826874, 54.6092206], [38.0803586, 54.6107061], [38.0790423, 54.6127584], [38.0811686, 54.6155925], [38.0797511, 54.6186608], [38.0802236, 54.6196769], [38.0843075, 54.6211621], [38.0860963, 54.6229208], [38.0924416, 54.6247966], [38.0951079, 54.6260667], [38.0993268, 54.6269655], [38.1112411, 54.6323968], [38.1140087, 54.6342527], [38.1157975, 54.6384526], [38.1133336, 54.6388627], [38.1110385, 54.6399371], [38.1062121, 54.6435894], [38.1061784, 54.6458354], [38.1050308, 54.6468313], [38.1056721, 54.6516742], [38.1049633, 54.6537049], [38.1011325, 54.6593879], [38.1011157, 54.6612411], [38.0984831, 54.6650088], [38.0946354, 54.6674878], [38.0917665, 54.6680733], [38.089944, 54.6694787], [38.0864001, 54.6697519], [38.0842738, 54.6691859], [38.084645, 54.6675854], [38.0867039, 54.6649307], [38.0738109, 54.6573951], [38.0719883, 54.6574732], [38.0660143, 54.6618073], [38.0661493, 54.6629591], [38.0680394, 54.6633105], [38.0681069, 54.6649503], [38.0666218, 54.6656529], [38.065238, 54.6654968], [38.0627404, 54.6639937], [38.0572727, 54.6640913], [38.0561252, 54.6635838], [38.051535, 54.6639156], [38.04983, 54.6688759], [38.0505388, 54.670086], [38.0589091, 54.6782826], [38.0601579, 54.6804877], [38.0685283, 54.6839608], [38.0708234, 54.6858728], [38.0708234, 54.6887017], [38.0717346, 54.6897162], [38.0697433, 54.6936567], [38.0699458, 54.6958218], [38.0684608, 54.6971872], [38.0682583, 54.6982404], [38.0690345, 54.701556], [38.0689386, 54.709262], [38.0695398, 54.7097958], [38.0660729, 54.711768], [38.062054, 54.7127031], [38.0599927, 54.7137457], [38.0582174, 54.7148936], [38.057713, 54.716009], [38.0562484, 54.7170275], [38.0539898, 54.7171756], [38.0520715, 54.7183151], [38.0507934, 54.7193224], [38.0507585, 54.7199948], [38.0501794, 54.719962], [38.0505704, 54.7202686], [38.0501654, 54.7208459], [38.0489198, 54.7209869], [38.0477255, 54.7204142], [38.0464495, 54.7209116], [38.0277781, 54.7184914], [38.0277676, 54.7194676], [38.0292374, 54.7204033], [38.0277783, 54.7222561], [38.0277235, 54.7250006], [38.0310182, 54.7361434], [38.0448205, 54.7342618], [38.043353, 54.7474645], [38.0396567, 54.7646729], [38.0122095, 54.7761918], [38.0164847, 54.7831024], [37.9987494, 54.7839709], [37.9952987, 54.7813754], [37.9836193, 54.7749175], [37.9758068, 54.7772364], [37.9646738, 54.7788155], [37.9639824, 54.7768947], [37.9623959, 54.7783915], [37.9591195, 54.7792137], [37.9572292, 54.7802933], [37.9539961, 54.7806998], [37.9551535, 54.782063], [37.9583853, 54.7833378], [37.9585528, 54.7851244], [37.9595414, 54.7860288], [37.9627005, 54.7856875], [37.9638531, 54.7859787], [37.9643084, 54.7883175], [37.9666768, 54.789398], [37.9670421, 54.7908563], [37.9711302, 54.7923908], [37.9731096, 54.792014], [37.9735326, 54.7922533], [37.9733329, 54.7927776], [37.9754522, 54.7946666], [37.9791334, 54.7962285], [37.9822012, 54.7987548], [37.9821374, 54.79985], [37.9837118, 54.8029729], [37.982804, 54.8040142], [37.9800938, 54.8044994], [37.979873, 54.80547], [37.9830545, 54.8063299], [37.9831982, 54.8078509], [37.9844997, 54.8098612], [37.9846381, 54.811506], [37.9867034, 54.8126049], [37.9882288, 54.8150017], [37.9894532, 54.8159086], [37.9891648, 54.8174983], [37.9853272, 54.8184285], [37.9855562, 54.8192302], [37.987246, 54.8190139], [37.9877156, 54.8197466], [37.9851039, 54.8206529], [37.9847789, 54.8214858], [37.9857531, 54.8228836], [37.9879233, 54.8229062], [37.9888038, 54.8243549], [37.9898262, 54.8250239], [37.9897259, 54.8255255], [37.9879707, 54.8261583], [37.9857555, 54.8279582], [37.9838345, 54.8282824], [37.9826364, 54.8298027], [37.9782699, 54.8311521], [37.9745126, 54.8332712], [37.9744314, 54.8342795], [37.975539, 54.8357562], [37.9744496, 54.8398069], [37.9711791, 54.8396061], [37.9608896, 54.840453], [37.9570313, 54.8412089], [37.9486268, 54.8445541], [37.9398989, 54.8491487], [37.9366237, 54.8500031], [37.9257364, 54.8506295], [37.8937768, 54.8498963], [37.8695438, 54.8431735], [37.8448892, 54.8399703], [37.7921027, 54.834333], [37.7923908, 54.8331793], [37.7943974, 54.8327684], [37.7933478, 54.8323364], [37.7887236, 54.8326441], [37.7697609, 54.8324522], [37.767467, 54.8320625], [37.7528132, 54.8326131], [37.7481599, 54.8323696], [37.7503266, 54.8296971], [37.7542919, 54.8275483], [37.7575005, 54.829067], [37.7620945, 54.8282249], [37.7711529, 54.8251817], [37.7694868, 54.8210843], [37.7730776, 54.8207485], [37.7722381, 54.8193018], [37.7729946, 54.8189936], [37.7724843, 54.8180673], [37.779168, 54.8156138], [37.7751696, 54.8134649], [37.7764414, 54.8122967], [37.7762326, 54.8112132], [37.7750893, 54.8083994], [37.7731906, 54.805462], [37.7645039, 54.8037182], [37.7642806, 54.7986554], [37.7694119, 54.7984892], [37.770816, 54.7954578], [37.7710107, 54.7930022], [37.7700368, 54.7886796], [37.7703907, 54.786313], [37.7751485, 54.7850538], [37.7780288, 54.7850239], [37.7751786, 54.780366], [37.7769725, 54.7787393], [37.774685, 54.7759926], [37.7758178, 54.7746256], [37.7756357, 54.7713946], [37.7713996, 54.7702906], [37.7638368, 54.7716456], [37.7578732, 54.7521669], [37.7593856, 54.7519817], [37.7600714, 54.7521879], [37.7601452, 54.7527638], [37.7623579, 54.7526168], [37.7627087, 54.7521291], [37.7622423, 54.7517385], [37.7627129, 54.7516171], [37.7639487, 54.7523936], [37.7662355, 54.7517853], [37.76618, 54.7508396], [37.7649223, 54.7507133], [37.7615993, 54.747933], [37.7629643, 54.7439559], [37.7584263, 54.7429998], [37.7433571, 54.7340707], [37.7440458, 54.7329352], [37.7403338, 54.732324], [37.7272611, 54.7248492], [37.723711, 54.7248173], [37.7176392, 54.7232937], [37.711644, 54.7227975], [37.7033706, 54.7207644], [37.6946098, 54.7238023], [37.688834, 54.7191981], [37.6868694, 54.7138473], [37.6912697, 54.7126233], [37.6931127, 54.7127941], [37.6924226, 54.7077633], [37.6939948, 54.706487], [37.6992949, 54.7041438], [37.7014701, 54.7036965], [37.6963869, 54.698984], [37.7010111, 54.6935315], [37.7049763, 54.6873554], [37.7056325, 54.6853279], [37.7079079, 54.6841551], [37.7114055, 54.6835566], [37.7181849, 54.6689847], [37.7233489, 54.6660882], [37.7267392, 54.6659145], [37.7278959, 54.6646406], [37.7327903, 54.6649465], [37.7360287, 54.6659085], [37.7429445, 54.6643867], [37.7501184, 54.6615438], [37.759154, 54.6622952], [37.7537397, 54.6553412], [37.7521022, 54.6549923], [37.7497603, 54.6532959], [37.748115, 54.6477176], [37.7499991, 54.6465427], [37.7527674, 54.6436451], [37.7524694, 54.6422816], [37.7531965, 54.6414845], [37.7530463, 54.6406277], [37.7517803, 54.6401434], [37.7509965, 54.6381619], [37.7500208, 54.6373493], [37.750053, 54.6363931], [37.7550021, 54.6316046], [37.7551706, 54.6304812], [37.7524674, 54.6272186], [37.7472945, 54.6245268], [37.7431414, 54.621263], [37.7406438, 54.6180089], [37.741813, 54.614417], [37.747403, 54.6080805], [37.7500277, 54.607271], [37.754327, 54.6072382], [37.7548703, 54.6055576], [37.752625, 54.5932217], [37.7682674, 54.5866263], [37.764107, 54.5860028], [37.7648374, 54.5834292], [37.7681848, 54.5833795], [37.771443, 54.5820631], [37.7651106, 54.5757404], [37.7616294, 54.5675205], [37.7511903, 54.5660164], [37.7404016, 54.5654188], [37.738659, 54.5640259], [37.6942284, 54.564558], [37.6868602, 54.5650211], [37.6857063, 54.5677017], [37.6828482, 54.5676924], [37.6802889, 54.5687081], [37.6725265, 54.5684297], [37.6674699, 54.5691347], [37.6657898, 54.5677047], [37.6596669, 54.5700135], [37.6517618, 54.5669408], [37.6514121, 54.5645483], [37.6483222, 54.5624831], [37.6452296, 54.5632034], [37.6440307, 54.5647971], [37.6420137, 54.5648967], [37.6393565, 54.5658461], [37.6351472, 54.5652948], [37.6307483, 54.5659255], [37.6338168, 54.5609403], [37.6316711, 54.561214], [37.6309844, 54.5621845], [37.6287528, 54.5628563], [37.6260601, 54.5628255], [37.62356, 54.5609403], [37.6202985, 54.5612389], [37.6198693, 54.5618112], [37.616479, 54.5621596], [37.6147195, 54.5628563], [37.6055124, 54.5639131], [37.6038825, 54.563283], [37.6078423, 54.5577657], [37.60987, 54.5516576], [37.6079279, 54.5435327], [37.607348, 54.5379408], [37.6054069, 54.537966], [37.6037761, 54.5370448], [37.6022311, 54.5373187], [37.6010724, 54.5358497], [37.5970127, 54.5365088], [37.5949818, 54.5316063], [37.5887557, 54.5310189], [37.587579, 54.5290718], [37.5884982, 54.5279558], [37.5884021, 54.5260109], [37.5861379, 54.5263869], [37.5806401, 54.5244813], [37.5890025, 54.5223707], [37.5893458, 54.5212499], [37.591209, 54.5205535], [37.5905045, 54.5190081], [37.5859984, 54.5173142], [37.5797328, 54.5138266], [37.5753125, 54.5132785], [37.5738963, 54.514574], [37.5723586, 54.5146815], [37.5721797, 54.5133782], [37.568227, 54.5135437], [37.5689322, 54.5123341], [37.5669869, 54.5114598], [37.5689181, 54.5099899], [37.567256, 54.5091734], [37.5630727, 54.5090286], [37.5550918, 54.501167], [37.5510892, 54.5026883], [37.5471037, 54.5027804], [37.5381403, 54.5063447], [37.5338563, 54.5056793], [37.5327834, 54.5033619], [37.5271978, 54.5033362], [37.524887, 54.502415], [37.5228805, 54.5021968], [37.5224837, 54.5041344], [37.5234279, 54.505181], [37.5228753, 54.5071187], [37.5201917, 54.5089645], [37.5099344, 54.5067011], [37.5138467, 54.4972694], [37.5105533, 54.4956862], [37.5069913, 54.4969074], [37.5060421, 54.4959143], [37.5065621, 54.4943403], [37.5094255, 54.4927223], [37.5088408, 54.48989], [37.5072635, 54.4890378], [37.5039552, 54.4890939], [37.500554, 54.490053], [37.4945458, 54.4906762], [37.4942883, 54.4912993], [37.4972066, 54.4918976], [37.4962624, 54.49277], [37.4975928, 54.493418], [37.4965756, 54.4950441], [37.4916705, 54.4937421], [37.487851, 54.4941907], [37.4863561, 54.4932484], [37.482787, 54.4929195], [37.4798259, 54.4941159], [37.4776697, 54.4923834], [37.473979, 54.4919877], [37.4737912, 54.4909377]]]}}]}