{"type": "FeatureCollection", "name": "vl_vladimir", "features": [{"type": "Feature", "properties": {"rda_code": "VL-26", "rda_name": "SUDOGODSKY AREA / incl. SUDOGDA/", "osm_name": "Судогодский муниципальный округ", "match_score": 1.0, "match_reason": "alias:sudogodskii"}, "geometry": {"type": "Polygon", "coordinates": [[[40.2526159, 56.0375145], [40.2493042, 56.0369156], [40.2504079, 56.031862], [40.2524713, 56.031996], [40.2538629, 56.0292344], [40.2587574, 56.0295561], [40.2583016, 56.0274781], [40.256718, 56.028001], [40.2544147, 56.0275317], [40.2517035, 56.0285238], [40.2496594, 56.0284723], [40.2475287, 56.0274781], [40.2492082, 56.0264189], [40.2475287, 56.0253999], [40.2460411, 56.0263519], [40.2447215, 56.0264055], [40.2440017, 56.0251586], [40.2447935, 56.0240591], [40.2460651, 56.023201], [40.2483685, 56.022973], [40.2495441, 56.0235496], [40.2483685, 56.02481], [40.250072, 56.025172], [40.2501026, 56.0260488], [40.2514396, 56.0262312], [40.2523993, 56.0237239], [40.2570152, 56.0242559], [40.2570059, 56.0228121], [40.256646, 56.0217528], [40.2561902, 56.021793], [40.2557583, 56.022973], [40.2540308, 56.023563], [40.2529511, 56.0231876], [40.2528072, 56.0223428], [40.2511756, 56.022021], [40.2511339, 56.0207744], [40.253989, 56.0195809], [40.2556446, 56.0197954], [40.2565593, 56.0184594], [40.2580603, 56.0178411], [40.2607827, 56.0174056], [40.2614749, 56.0186958], [40.2639461, 56.0177973], [40.2756307, 56.0176364], [40.2723677, 56.0132107], [40.2715519, 56.0131436], [40.2720798, 56.0114804], [40.2640661, 56.0101928], [40.2639221, 56.0089856], [40.2652418, 56.0070003], [40.2699924, 56.0092807], [40.271384, 56.0106757], [40.2733514, 56.0096563], [40.2750549, 56.0076576], [40.278246, 56.0065711], [40.2834524, 56.0080735], [40.2946572, 56.0095356], [40.2950474, 56.0056022], [40.295859, 56.0059352], [40.2980497, 56.0047924], [40.2991788, 56.0063532], [40.3060148, 56.0069145], [40.3062914, 56.0059151], [40.3071682, 56.0058012], [40.3074147, 56.0037955], [40.3091483, 56.0025009], [40.3114207, 56.0017257], [40.3142392, 56.0022315], [40.3137165, 56.003263], [40.3244325, 56.0024428], [40.326813, 56.0053186], [40.3250666, 56.0096722], [40.3263539, 56.0109506], [40.3311587, 56.0100769], [40.3328254, 56.0105014], [40.33764, 56.0083996], [40.338311, 56.0090835], [40.3414355, 56.0090058], [40.3471606, 56.0103603], [40.3503067, 56.0123895], [40.3511067, 56.0101051], [40.3532401, 56.0089783], [40.354214, 56.0085366], [40.3579371, 56.0087996], [40.3586675, 56.008212], [40.3570424, 56.0061989], [40.3584732, 56.0045483], [40.355547, 56.0040775], [40.3544149, 56.000398], [40.3532402, 55.9996731], [40.3554139, 55.9986579], [40.3586833, 55.9989623], [40.3615027, 55.9982294], [40.3601022, 55.9968559], [40.3592097, 55.9940231], [40.3579236, 55.9933341], [40.3566715, 55.9939639], [40.3553124, 55.9936716], [40.3574714, 55.9918217], [40.3615374, 55.990492], [40.3638752, 55.9911985], [40.3666364, 55.9890446], [40.3635678, 55.9882571], [40.3527011, 55.9781731], [40.3527806, 55.9747701], [40.354513, 55.9691881], [40.3540259, 55.9603566], [40.3424057, 55.9604908], [40.3423051, 55.9597038], [40.3324828, 55.9582856], [40.3324828, 55.9561274], [40.3358227, 55.9527173], [40.3358609, 55.9507948], [40.3382183, 55.9500714], [40.3361905, 55.9477348], [40.3375434, 55.9466031], [40.3394757, 55.9472356], [40.3414521, 55.9432075], [40.3453358, 55.9412237], [40.3535489, 55.9416359], [40.3585142, 55.9380789], [40.3573357, 55.9333991], [40.3575083, 55.9308008], [40.364347, 55.9303444], [40.3677327, 55.9315277], [40.373186, 55.9349117], [40.3771158, 55.9333537], [40.3807181, 55.9305462], [40.3848732, 55.9287917], [40.386928, 55.9284113], [40.3885297, 55.8947553], [40.35413, 55.8940065], [40.3574918, 55.808588], [40.3670023, 55.8059163], [40.3740509, 55.8085726], [40.3767823, 55.8078691], [40.3689341, 55.836984], [40.3774984, 55.8435132], [40.3810494, 55.8449009], [40.3836577, 55.8540392], [40.3807986, 55.8556031], [40.3826263, 55.8567999], [40.38731, 55.8562656], [40.3922792, 55.8615229], [40.3971723, 55.8625379], [40.3999901, 55.8617793], [40.4116563, 55.8744309], [40.4085442, 55.8777527], [40.40336, 55.8777816], [40.4036075, 55.8792768], [40.4087671, 55.8794476], [40.4127844, 55.8790311], [40.4150211, 55.8759149], [40.4200383, 55.8761047], [40.4216947, 55.8796506], [40.4216087, 55.8835738], [40.4226088, 55.8876158], [40.4238462, 55.8893465], [40.4290342, 55.8905848], [40.4530375, 55.8915736], [40.4808331, 55.8847022], [40.4908006, 55.888484], [40.4945648, 55.8847003], [40.4983514, 55.8826389], [40.5041998, 55.882297], [40.5076227, 55.8812705], [40.5138055, 55.8823044], [40.5151706, 55.8747509], [40.5385188, 55.8696009], [40.5488213, 55.8737205], [40.5457287, 55.8802439], [40.5577508, 55.8809307], [40.5594597, 55.8771532], [40.5532822, 55.8733784], [40.5670202, 55.8744043], [40.5687254, 55.8757869], [40.5656383, 55.8771514], [40.5646094, 55.8788713], [40.5783495, 55.8799003], [40.5831494, 55.8757802], [40.5886486, 55.8761198], [40.5920797, 55.8744003], [40.5934496, 55.8675402], [40.5996303, 55.8696003], [40.6064981, 55.8682316], [40.607189, 55.8651407], [40.6092484, 55.8634197], [40.6143991, 55.8616995], [40.6147388, 55.8575806], [40.6161099, 55.85449], [40.6191986, 55.8527812], [40.6223719, 55.8517307], [40.6269382, 55.8535762], [40.6287596, 55.8558764], [40.6324896, 55.8586904], [40.6317538, 55.8614779], [40.6245677, 55.8651745], [40.6371125, 55.867962], [40.6381013, 55.867622], [40.637343, 55.8653985], [40.6407364, 55.8611419], [40.6439303, 55.8597416], [40.6472239, 55.8593495], [40.6542104, 55.8605257], [40.6606979, 55.8599656], [40.6693289, 55.8636305], [40.678976, 55.8591195], [40.6768437, 55.8570322], [40.6773978, 55.8542787], [40.6810723, 55.8527052], [40.679557, 55.8513655], [40.6803904, 55.8497068], [40.6767917, 55.8488562], [40.6772841, 55.8450069], [40.6792161, 55.843199], [40.6806935, 55.8434543], [40.6817542, 55.8447516], [40.6813375, 55.8464956], [40.6858454, 55.8466445], [40.6903155, 55.8446878], [40.6925126, 55.8447942], [40.6951265, 55.8467295], [40.6991041, 55.8465169], [40.7001648, 55.8494729], [40.7028544, 55.8494304], [40.7035363, 55.847006], [40.7099004, 55.8487924], [40.7105444, 55.8497068], [40.7096352, 55.851642], [40.7152796, 55.8526839], [40.7166434, 55.8503023], [40.7101656, 55.8480268], [40.7091049, 55.8480481], [40.7086503, 55.847559], [40.712287, 55.8465594], [40.7131204, 55.841774], [40.7121354, 55.8406892], [40.7138022, 55.8367752], [40.7458124, 55.8371369], [40.7622532, 55.839966], [40.7649049, 55.8400298], [40.7667232, 55.8396044], [40.7695644, 55.8379877], [40.7733147, 55.8343926], [40.7758906, 55.8338182], [40.7790348, 55.8354776], [40.7809289, 55.8354137], [40.7828323, 55.8323752], [40.7900584, 55.8320311], [40.7955892, 55.8297121], [40.7949073, 55.8258183], [40.7879371, 55.8237329], [40.7808532, 55.8235201], [40.7781635, 55.8192213], [40.7781257, 55.8177315], [40.7709496, 55.8108901], [40.7647024, 55.8061552], [40.7635238, 55.8041379], [40.7640059, 55.8029938], [40.7640595, 55.7960678], [40.7697383, 55.7958269], [40.7800779, 55.7967303], [40.7916786, 55.8033469], [40.7953559, 55.811307], [40.8038086, 55.8149301], [40.8057355, 55.8151384], [40.8071044, 55.8176757], [40.8067634, 55.821166], [40.8077862, 55.8284435], [40.8157414, 55.82672], [40.8224793, 55.8262048], [40.8399323, 55.8268601], [40.844557, 55.8215433], [40.8563078, 55.8255451], [40.8655889, 55.8269708], [40.8666874, 55.8263963], [40.874529, 55.8274814], [40.8774285, 55.8272729], [40.8793021, 55.8257366], [40.8794157, 55.8245663], [40.8803957, 55.823399], [40.8795294, 55.8223957], [40.8737778, 55.8188043], [40.8735757, 55.817178], [40.8765306, 55.8166759], [40.880528, 55.8168718], [40.894058, 55.816179], [40.8930728, 55.8156087], [40.8966853, 55.8142331], [40.8968645, 55.8135956], [40.8942073, 55.8137969], [40.893849, 55.8125555], [40.8953418, 55.8107101], [40.8967749, 55.8105256], [40.8958195, 55.8095357], [40.8947149, 55.8093512], [40.8939983, 55.8075727], [40.8941775, 55.8072204], [40.8954015, 55.8075727], [40.8954015, 55.8062305], [40.8962077, 55.8051902], [40.8951627, 55.8037303], [40.8979393, 55.8043848], [40.8979691, 55.8032102], [40.9011637, 55.8032605], [40.9019997, 55.8023376], [40.8999695, 55.8020188], [40.8999993, 55.8016664], [40.9011339, 55.8017671], [40.9022684, 55.8011629], [40.9012831, 55.8004414], [40.9016115, 55.7994345], [40.8982976, 55.7989142], [40.9011339, 55.7978402], [40.9008054, 55.7971521], [40.8994918, 55.7965983], [40.9011637, 55.7961787], [40.9023579, 55.7971689], [40.9032835, 55.7958934], [40.9021788, 55.7949367], [40.9030446, 55.7944836], [40.9031342, 55.7934597], [40.9038209, 55.7928891], [40.9045076, 55.7930737], [40.9051047, 55.7944332], [40.9057914, 55.7938458], [40.9056421, 55.7926373], [40.9061795, 55.7924527], [40.9065378, 55.7932583], [40.9073439, 55.7935101], [40.9083888, 55.7931576], [40.907523, 55.792268], [40.9102697, 55.792352], [40.9112354, 55.7918432], [40.9115322, 55.7915565], [40.9094626, 55.7912799], [40.9091342, 55.7907931], [40.9104777, 55.7901385], [40.9091641, 55.7898196], [40.9088058, 55.7889635], [40.9105971, 55.7890642], [40.9105673, 55.7883256], [40.9083878, 55.7871841], [40.9085968, 55.7868316], [40.9096716, 55.7873855], [40.9102687, 55.7872009], [40.9093432, 55.7866973], [40.9102389, 55.7858747], [40.9095522, 55.7847667], [40.9111943, 55.7845317], [40.9099403, 55.7840112], [40.9117914, 55.7838769], [40.9121795, 55.7840112], [40.9116421, 55.7843302], [40.9137917, 55.7850521], [40.9142993, 55.7848003], [40.914359, 55.7838433], [40.9171356, 55.7833397], [40.9169266, 55.7824499], [40.9182402, 55.7813586], [40.9172848, 55.7808885], [40.9164787, 55.7815433], [40.9150158, 55.7798643], [40.9142993, 55.7806702], [40.9135529, 55.7807374], [40.9128662, 55.7805863], [40.9134633, 55.7796292], [40.9128363, 55.7795285], [40.9117615, 55.7802673], [40.9122691, 55.7793774], [40.9105374, 55.7795621], [40.9106867, 55.7786218], [40.9118212, 55.7784035], [40.9111968, 55.7778959], [40.9116876, 55.7775759], [40.9114534, 55.7766724], [40.9124781, 55.7753979], [40.9137917, 55.7749781], [40.9117317, 55.7750452], [40.9117018, 55.7740545], [40.9124482, 55.7737186], [40.9129557, 55.7741888], [40.9137917, 55.7740377], [40.9134837, 55.7734662], [40.9140192, 55.7730646], [40.914365, 55.7731022], [40.9141977, 55.7735164], [40.916001, 55.7737018], [40.9169266, 55.7731309], [40.9179715, 55.773366], [40.9183308, 55.7724022], [40.9189269, 55.7731981], [40.9212855, 55.7721233], [40.9233454, 55.772092], [40.9255549, 55.7699401], [40.9250696, 55.7688042], [40.9349868, 55.7689963], [40.9427799, 55.7714776], [40.9483184, 55.7683897], [40.9493477, 55.7695753], [40.9403293, 55.7751718], [40.9368984, 55.7756404], [40.9328303, 55.773628], [40.9209799, 55.7837701], [40.9196099, 55.7902901], [40.9220098, 55.7947501], [40.93025, 55.7992201], [40.95222, 55.80711], [40.9518797, 55.7981904], [40.9487899, 55.7981901], [40.94845, 55.7926901], [40.9518799, 55.78789], [40.9584, 55.78445], [40.96767, 55.78377], [40.97557, 55.7861702], [40.9855299, 55.78651], [40.9917093, 55.7823901], [40.9954797, 55.7823908], [41.0074999, 55.78617], [41.0081896, 55.7830801], [41.03977, 55.7823901], [41.0510987, 55.7741507], [41.0552196, 55.7717501], [41.0699799, 55.7690001], [41.0799397, 55.76454], [41.1005399, 55.7542401], [41.1001998, 55.75012], [41.1005398, 55.7401702], [41.0799396, 55.7360501], [41.07239, 55.7339901], [41.06724, 55.7291803], [41.0620897, 55.7209401], [41.0559098, 55.7137301], [41.0493899, 55.70686], [41.03977, 55.6993101], [41.0483597, 55.6989703], [41.0452701, 55.6979401], [41.0445801, 55.69691], [41.0315299, 55.6969101], [41.0260399, 55.6958801], [41.02913, 55.69416], [41.0401462, 55.6935399], [41.0521147, 55.6940257], [41.0592214, 55.6902196], [41.0589998, 55.6941602], [41.0638967, 55.694594], [41.0646447, 55.6923805], [41.07273, 55.6938201], [41.0724057, 55.696333], [41.0800731, 55.7026563], [41.0781095, 55.7032885], [41.0714706, 55.7031832], [41.0676369, 55.7045003], [41.0795998, 55.70789], [41.06895, 55.7109801], [41.0689499, 55.71339], [41.0741, 55.71339], [41.0730698, 55.7151002], [41.0737599, 55.71716], [41.0995477, 55.7158242], [41.1067442, 55.7185731], [41.1118042, 55.7173824], [41.107194, 55.7132526], [41.1060021, 55.7108327], [41.1190232, 55.7110861], [41.1149599, 55.7068602], [41.1207997, 55.7085799], [41.1225097, 55.7082402], [41.1207998, 55.7065201], [41.1197699, 55.70412], [41.1225098, 55.7030901], [41.1297199, 55.70515], [41.1352196, 55.70755], [41.13796, 55.7103001], [41.1468898, 55.71339], [41.1527303, 55.7144203], [41.1592499, 55.71407], [41.16199, 55.7151001], [41.1867099, 55.71304], [41.1884297, 55.7199102], [41.19186, 55.723], [41.2000992, 55.7322711], [41.2069694, 55.7360504], [41.2052495, 55.7384507], [41.20182, 55.7415402], [41.2131498, 55.7429101], [41.2152099, 55.74085], [41.2351199, 55.74463], [41.2399297, 55.74257], [41.24577, 55.74154], [41.25469, 55.7439401], [41.2653399, 55.7456601], [41.2790699, 55.746], [41.2914298, 55.7436], [41.29898, 55.7412001], [41.2969195, 55.7333], [41.2976098, 55.72197], [41.3120296, 55.7120101], [41.3552899, 55.71957], [41.3611199, 55.7223101], [41.36662, 55.72609], [41.3666198, 55.7302101], [41.3786268, 55.7302102], [41.3851506, 55.7408506], [41.3758898, 55.7442901], [41.3755399, 55.7515002], [41.3865289, 55.7556203], [41.3796581, 55.7573309], [41.3752, 55.7590501], [41.3707399, 55.76283], [41.36971, 55.7659102], [41.37348, 55.7652301], [41.3741699, 55.76694], [41.37108, 55.7724401], [41.3868701, 55.7755302], [41.38756, 55.77347], [41.3940799, 55.7745], [41.3957999, 55.7793002], [41.39168, 55.7810201], [41.3945088, 55.7813599], [41.3971745, 55.7833714], [41.3962745, 55.7851687], [41.3984389, 55.7861039], [41.3985073, 55.7877693], [41.4029843, 55.7881664], [41.4043513, 55.788935], [41.4075489, 55.7923002], [41.4089843, 55.7945673], [41.4057946, 55.7944264], [41.4017163, 55.7953037], [41.3982077, 55.7983391], [41.3970245, 55.8004659], [41.3998838, 55.8034176], [41.407334, 55.8022267], [41.4089289, 55.8034944], [41.4190431, 55.8059067], [41.4388877, 55.8091555], [41.4422288, 55.8105391], [41.4434719, 55.8123774], [41.4426213, 55.8159067], [41.4280961, 55.8205384], [41.4285541, 55.8239934], [41.4377466, 55.8343735], [41.4289955, 55.8404243], [41.4262337, 55.8393904], [41.4240637, 55.8406458], [41.4214334, 55.8488786], [41.4124247, 55.8567776], [41.4129507, 55.8592503], [41.4213677, 55.8594717], [41.4294399, 55.8606701], [41.4315, 55.8617], [41.4291, 55.86788], [41.41811, 55.8696], [41.4225799, 55.8713201], [41.4260099, 55.87372], [41.42532, 55.8816101], [41.4218898, 55.8833302], [41.4205198, 55.8871101], [41.4167399, 55.8857301], [41.4167399, 55.8874502], [41.4208598, 55.8902], [41.4157099, 55.89294], [41.40747, 55.89329], [41.4064399, 55.8950001], [41.4026601, 55.8970599], [41.4019799, 55.9083901], [41.4153699, 55.91011], [41.4098699, 55.92007], [41.4115898, 55.9362], [41.4188, 55.9444401], [41.42086, 55.9526801], [41.4115899, 55.9547401], [41.40369, 55.96092], [41.3966992, 55.9651563], [41.3904426, 55.9671863], [41.37134, 55.9654496], [41.3718212, 55.9634362], [41.3624413, 55.9624268], [41.3399699, 55.9637627], [41.3433238, 55.9931449], [41.3449962, 56.0018576], [41.3769002, 56.0005081], [41.3794442, 56.0186315], [41.3372528, 56.0206102], [41.3211791, 56.0070255], [41.3188074, 56.0059531], [41.3144368, 56.0052909], [41.3110499, 56.0020612], [41.3118414, 56.0009067], [41.3120264, 55.9985773], [41.3060345, 55.9957159], [41.3061369, 55.9938924], [41.2961007, 55.9945024], [41.2917434, 55.9961523], [41.2895776, 55.9962667], [41.289132, 55.9915022], [41.2800436, 55.9903874], [41.2792518, 55.9914196], [41.2768978, 55.9913625], [41.2719765, 55.9965669], [41.2823163, 55.9998743], [41.2954114, 56.0022167], [41.2960214, 56.007161], [41.3027919, 56.0078189], [41.3083715, 56.0073523], [41.3101999, 56.0060374], [41.3125943, 56.0066395], [41.3142239, 56.0083217], [41.3149813, 56.0077644], [41.3145962, 56.005602], [41.3199522, 56.0066287], [41.3366517, 56.0206432], [41.2784587, 56.0236023], [41.2640059, 56.0239005], [41.2535458, 56.0214603], [41.2508655, 56.0277062], [41.2474366, 56.0312978], [41.2459986, 56.0312343], [41.2320348, 56.0345221], [41.2311076, 56.0377567], [41.2326038, 56.039427], [41.2014175, 56.0541152], [41.2003109, 56.0576131], [41.1995927, 56.0567982], [41.1929999, 56.0607302], [41.1881587, 56.0603547], [41.1856765, 56.0579894], [41.1776148, 56.0562989], [41.1767969, 56.0577033], [41.178963, 56.0586448], [41.1745077, 56.060933], [41.1673007, 56.06171], [41.1647847, 56.0594007], [41.1437228, 56.0517323], [41.1426188, 56.0529751], [41.1419019, 56.0548793], [41.1462003, 56.0560677], [41.1555102, 56.0568948], [41.1547345, 56.0587964], [41.1530162, 56.0672688], [41.1674653, 56.0699975], [41.1641383, 56.0811972], [41.1588025, 56.0830765], [41.1584241, 56.0848713], [41.157724, 56.0857053], [41.15797, 56.0867082], [41.1558639, 56.0904534], [41.1543351, 56.0948849], [41.1555927, 56.0976685], [41.1539738, 56.1012952], [41.15479, 56.1030338], [41.1534922, 56.1045038], [41.1510839, 56.1056006], [41.1506825, 56.1080552], [41.1624985, 56.1116218], [41.1613538, 56.1182097], [41.1561031, 56.1174713], [41.1550057, 56.1196231], [41.1486671, 56.1208203], [41.1450059, 56.1193225], [41.1409, 56.1207412], [41.1432073, 56.1234949], [41.1463682, 56.1286985], [41.1481373, 56.1330113], [41.1486482, 56.1334488], [41.1501714, 56.1330376], [41.1523769, 56.1421057], [41.1509288, 56.1419146], [41.1498812, 56.1439003], [41.1494424, 56.147095], [41.146067, 56.1468288], [41.1436099, 56.1504914], [41.1323479, 56.1526524], [41.0968689, 56.1423782], [41.0939995, 56.1429387], [41.0949296, 56.1450156], [41.0733695, 56.1513871], [41.0687193, 56.1495937], [41.0618005, 56.1483928], [41.0055005, 56.1662428], [41.0048106, 56.1635028], [41.0020607, 56.1610927], [40.9934805, 56.1562928], [40.9917605, 56.1535428], [40.9938206, 56.1518227], [40.9886705, 56.1518227], [40.9866106, 56.1487328], [40.9752804, 56.1490828], [40.9560606, 56.1411828], [40.9358003, 56.1422132], [40.9309944, 56.1398155], [40.9316808, 56.1429037], [40.9334003, 56.1470229], [40.9220705, 56.1463327], [40.8987206, 56.1466728], [40.8976906, 56.1480527], [40.9042206, 56.1511427], [40.9077197, 56.1617598], [40.9007147, 56.1662604], [40.8883211, 56.1612297], [40.8854113, 56.1633301], [40.8791606, 56.1639902], [40.8788912, 56.1652503], [40.8854652, 56.1646602], [40.8870096, 56.1664121], [40.8816932, 56.1671105], [40.8816803, 56.1683193], [40.8803112, 56.1690041], [40.8768866, 56.166092], [40.8699946, 56.1619071], [40.8641198, 56.1649665], [40.8541398, 56.1620402], [40.8455288, 56.162583], [40.8432897, 56.1621671], [40.8275603, 56.1548912], [40.8121659, 56.1488982], [40.8110687, 56.1474668], [40.8110732, 56.1464089], [40.8125721, 56.1439038], [40.8131465, 56.141937], [40.8123448, 56.1405361], [40.8105089, 56.1397739], [40.8070422, 56.1394715], [40.8031638, 56.1411445], [40.8027885, 56.1437583], [40.8042898, 56.1467554], [40.8032264, 56.1485325], [40.800599, 56.1494734], [40.7970959, 56.1495082], [40.7663812, 56.1413885], [40.7640667, 56.1421901], [40.7632403, 56.1459537], [40.7613768, 56.1472781], [40.752619, 56.1473826], [40.7500543, 56.1462675], [40.7494287, 56.1442462], [40.7513054, 56.1409702], [40.7509224, 56.1371776], [40.7484278, 56.134243], [40.7252898, 56.1246901], [40.7081194, 56.1233109], [40.7039297, 56.1285625], [40.7013836, 56.1296622], [40.6964824, 56.1294848], [40.6887169, 56.1263275], [40.6851698, 56.1254897], [40.6818233, 56.1258306], [40.679346, 56.1269614], [40.6714018, 56.1279989], [40.6596429, 56.1313119], [40.657043, 56.1312373], [40.6566345, 56.1303069], [40.65339, 56.1305136], [40.6544514, 56.1283772], [40.6522872, 56.1253371], [40.6561422, 56.1241834], [40.6558184, 56.1233472], [40.656103, 56.1222945], [40.6575129, 56.11998], [40.6576293, 56.118271], [40.6581855, 56.1175716], [40.6573189, 56.117211], [40.6602927, 56.1151524], [40.658101, 56.1112754], [40.6564587, 56.1106147], [40.6549216, 56.1066307], [40.6558339, 56.1057827], [40.6580301, 56.1054834], [40.6590025, 56.1030844], [40.6606881, 56.1026272], [40.6621252, 56.10282], [40.6620254, 56.1016856], [40.6601263, 56.1014883], [40.6581984, 56.1000841], [40.6579817, 56.0993011], [40.6557406, 56.0983973], [40.6516781, 56.0979374], [40.6505904, 56.09834], [40.6508871, 56.0979429], [40.6477427, 56.097509], [40.647512, 56.0979965], [40.6444636, 56.0972633], [40.6431351, 56.097509], [40.6425338, 56.0967758], [40.6384406, 56.0949222], [40.6373149, 56.0953512], [40.6305931, 56.0928844], [40.6307266, 56.0908956], [40.6298053, 56.0899868], [40.6299255, 56.0893536], [40.6254124, 56.0867985], [40.620426, 56.0868249], [40.6179123, 56.0843832], [40.619489, 56.0830661], [40.6166865, 56.081397], [40.6115071, 56.0589791], [40.5796321, 56.0616894], [40.5780513, 56.0555667], [40.5558586, 56.0572173], [40.5542412, 56.0493715], [40.5493326, 56.0498219], [40.5461187, 56.0506859], [40.5458921, 56.0499372], [40.5443248, 56.0502852], [40.5445318, 56.0509902], [40.5378857, 56.0503696], [40.5353076, 56.0496953], [40.5344589, 56.0502808], [40.5345057, 56.0531007], [40.5148008, 56.0545766], [40.5148023, 56.0567977], [40.5123528, 56.0571058], [40.5122592, 56.0596804], [40.5145037, 56.0603681], [40.5151743, 56.0616824], [40.5174599, 56.0616365], [40.5179252, 56.063967], [40.5154586, 56.0672971], [40.5093167, 56.0659152], [40.508085, 56.0670383], [40.5075098, 56.0698644], [40.5081273, 56.0724624], [40.5079495, 56.0743172], [40.5074269, 56.0752246], [40.506217, 56.0757918], [40.5061976, 56.0779314], [40.5047615, 56.0793635], [40.5002809, 56.0819178], [40.4975131, 56.082636], [40.4980121, 56.0840916], [40.4989177, 56.0849983], [40.4973727, 56.0914482], [40.4930841, 56.090616], [40.4925247, 56.0913739], [40.486185, 56.0929342], [40.4819372, 56.0909425], [40.4794464, 56.0911547], [40.4788442, 56.0920709], [40.4769623, 56.0922198], [40.4780093, 56.0933497], [40.4737186, 56.0948361], [40.4709749, 56.0931422], [40.4708417, 56.0923695], [40.4692658, 56.0918076], [40.4691837, 56.0895667], [40.4657771, 56.085548], [40.4662082, 56.0851929], [40.4688428, 56.0863727], [40.4705535, 56.0853647], [40.4689771, 56.0829323], [40.4680714, 56.0823972], [40.4535809, 56.0901616], [40.4370112, 56.0903138], [40.4355092, 56.0872031], [40.4310672, 56.0818142], [40.4304091, 56.0796973], [40.4301865, 56.0780825], [40.432073, 56.0724271], [40.4158383, 56.0618643], [40.4160074, 56.0608759], [40.4150118, 56.0596704], [40.4135239, 56.0592082], [40.4108613, 56.0592707], [40.4082323, 56.0581088], [40.4067092, 56.058959], [40.4038899, 56.0579504], [40.4036692, 56.0558039], [40.4031359, 56.0549485], [40.3977065, 56.052468], [40.396635, 56.0513986], [40.3953348, 56.0478445], [40.3911269, 56.0474696], [40.3894176, 56.0486219], [40.3875183, 56.0523979], [40.3858563, 56.0540587], [40.3837936, 56.0552913], [40.3797174, 56.0559319], [40.3763657, 56.0552362], [40.3740353, 56.0537926], [40.3706474, 56.049906], [40.3691665, 56.0488823], [40.3619954, 56.047414], [40.3568157, 56.0473765], [40.3441964, 56.0485512], [40.3371522, 56.0480863], [40.3335906, 56.0483304], [40.3305316, 56.0502096], [40.3252875, 56.0522596], [40.3208956, 56.0529185], [40.314712, 56.0528575], [40.2994309, 56.05153], [40.2956312, 56.0507048], [40.2927815, 56.0512942], [40.2734626, 56.0503352], [40.2705783, 56.0507745], [40.2627997, 56.0496909], [40.2570487, 56.0495152], [40.2586345, 56.0460859], [40.2585402, 56.0439713], [40.2564545, 56.042231], [40.2526159, 56.0375145]]]}}, {"type": "Feature", "properties": {"rda_code": "VL-27", "rda_name": "SUZDALSKY AREA / incl. SUZDAL /", "osm_name": "Суздальский район", "match_score": 1.0, "match_reason": "alias:suzdalsky"}, "geometry": {"type": "Polygon", "coordinates": [[[40.0894426, 56.2957374], [40.0776246, 56.2870274], [40.0871066, 56.2673681], [40.0810906, 56.2517866], [40.0685876, 56.249201], [40.0653746, 56.2432477], [40.0647006, 56.2296947], [40.0679256, 56.2258088], [40.0847916, 56.2193214], [40.0861086, 56.217522], [40.0941406, 56.2153395], [40.0974306, 56.2108405], [40.0934316, 56.1873342], [40.1053646, 56.1849787], [40.1054006, 56.1797526], [40.1250096, 56.1881134], [40.1319296, 56.1957301], [40.1377036, 56.1888556], [40.1653756, 56.1897988], [40.1793256, 56.1742843], [40.2089756, 56.1823571], [40.2165416, 56.1792294], [40.2469337, 56.174669], [40.2491265, 56.1736037], [40.2535639, 56.1726397], [40.2563966, 56.1706705], [40.2596711, 56.1701069], [40.2635898, 56.1677314], [40.275003, 56.1645505], [40.2754327, 56.158342], [40.2724184, 56.1582092], [40.2697119, 56.1553415], [40.2703565, 56.1550291], [40.2695875, 56.1543187], [40.2723277, 56.1511777], [40.2977196, 56.1411788], [40.3019161, 56.1386305], [40.3039731, 56.1391029], [40.3082745, 56.138691], [40.3081275, 56.140217], [40.3122032, 56.1417984], [40.3138101, 56.1413728], [40.3142521, 56.1426097], [40.3160058, 56.1439098], [40.3188724, 56.1478188], [40.3184363, 56.1508041], [40.3191014, 56.1512937], [40.3200943, 56.1478513], [40.3198088, 56.1466841], [40.3231915, 56.1458211], [40.329, 56.14725], [40.3343551, 56.1476678], [40.3361101, 56.1483249], [40.3394149, 56.1512028], [40.3440647, 56.151632], [40.3484856, 56.1540806], [40.3487189, 56.15448], [40.3475592, 56.1552794], [40.3449256, 56.1552894], [40.3456854, 56.1559043], [40.3432463, 56.1571588], [40.344065, 56.1609462], [40.3396163, 56.1643863], [40.3453245, 56.1663617], [40.3410217, 56.1675748], [40.3387945, 56.168912], [40.337781, 56.1701221], [40.3405486, 56.1706075], [40.3416767, 56.169374], [40.3456108, 56.1698296], [40.3550092, 56.1684827], [40.3643902, 56.1677868], [40.3674641, 56.1687749], [40.3706139, 56.1684597], [40.3753558, 56.1755665], [40.375086, 56.1763887], [40.3787075, 56.1784677], [40.3868736, 56.1789736], [40.3964457, 56.1808549], [40.4051226, 56.1819182], [40.4114082, 56.1810945], [40.4119941, 56.1797604], [40.4118281, 56.1780394], [40.4136442, 56.1783022], [40.4157414, 56.1724927], [40.4178006, 56.1723335], [40.4168709, 56.173156], [40.4168753, 56.1737125], [40.4193153, 56.1746767], [40.4197089, 56.1754099], [40.4186079, 56.1767854], [40.4186127, 56.1793256], [40.420916, 56.1795794], [40.4228075, 56.1806393], [40.4234412, 56.1815623], [40.4228723, 56.1826352], [40.4240541, 56.1844508], [40.4269045, 56.1857927], [40.4263856, 56.1868818], [40.4254271, 56.1870065], [40.4238984, 56.1855732], [40.4223028, 56.1856784], [40.4215129, 56.1872822], [40.4223373, 56.1891589], [40.4218162, 56.1901804], [40.4183548, 56.1901927], [40.4181018, 56.1900152], [40.4189079, 56.1889778], [40.4175998, 56.1882928], [40.4142401, 56.1886013], [40.4152211, 56.1895078], [40.4156886, 56.1910721], [40.4194109, 56.1919762], [40.4240203, 56.1918844], [40.4243954, 56.1902441], [40.4271781, 56.1890155], [40.4302844, 56.1867424], [40.4306926, 56.1855369], [40.4303037, 56.1828935], [40.4446041, 56.1839761], [40.452835, 56.1840189], [40.4653909, 56.1832767], [40.4697621, 56.1824517], [40.4854469, 56.1822243], [40.4848623, 56.1812296], [40.4858977, 56.1808924], [40.4860977, 56.1801], [40.4856741, 56.1795466], [40.483768, 56.1798446], [40.4829167, 56.1786713], [40.4807577, 56.1775622], [40.4925247, 56.1781973], [40.5009715, 56.1817235], [40.5043266, 56.1846182], [40.5077566, 56.1815495], [40.5094197, 56.1810649], [40.5136362, 56.1810057], [40.5148065, 56.1802235], [40.5153833, 56.1803637], [40.5151481, 56.1799274], [40.5171192, 56.1790609], [40.51706, 56.1781808], [40.5178041, 56.1776466], [40.5164078, 56.1758977], [40.5186883, 56.1757863], [40.5203951, 56.1740945], [40.5249238, 56.1723158], [40.5278576, 56.1693936], [40.534317, 56.1673145], [40.5353263, 56.1665839], [40.5392625, 56.1664435], [40.5458229, 56.1648419], [40.5476396, 56.1653757], [40.55203, 56.1678202], [40.5568746, 56.1713602], [40.5559158, 56.1755741], [40.5577325, 56.1793662], [40.5665638, 56.1781303], [40.571812, 56.1781022], [40.5737297, 56.1792539], [40.578749, 56.1758283], [40.5906857, 56.1791696], [40.5946724, 56.17931], [40.5972966, 56.1769225], [40.600274, 56.1761078], [40.6019897, 56.1764449], [40.6035541, 56.1755179], [40.6079445, 56.1751808], [40.6057746, 56.1780741], [40.5971452, 56.1830737], [40.5912408, 56.1891677], [40.5877324, 56.1916658], [40.5832633, 56.1962652], [40.590499, 56.1969772], [40.590524, 56.1979909], [40.5982387, 56.2012017], [40.5992439, 56.2024687], [40.6041717, 56.2025841], [40.6019005, 56.2077134], [40.6029867, 56.208887], [40.6024755, 56.2102764], [40.6169124, 56.210337], [40.6194141, 56.2132859], [40.6100136, 56.2134502], [40.610165, 56.214741], [40.609408, 56.2149655], [40.6093575, 56.2172666], [40.6183907, 56.2173227], [40.6185925, 56.2186976], [40.6174823, 56.2199322], [40.6310856, 56.2254133], [40.631181, 56.2263767], [40.6334726, 56.2264328], [40.6439827, 56.2210097], [40.6486114, 56.2234837], [40.6444533, 56.2276579], [40.6389708, 56.2288686], [40.6359951, 56.2286596], [40.6295509, 56.2310949], [40.6445403, 56.2357476], [40.6426288, 56.2388824], [40.6488861, 56.2399181], [40.6502235, 56.2409095], [40.6604346, 56.242641], [40.6596551, 56.2448101], [40.6652709, 56.2450652], [40.6678948, 56.2482794], [40.6653799, 56.2495381], [40.6595146, 56.2591012], [40.6570666, 56.2725512], [40.6533116, 56.2767401], [40.6329406, 56.2856541], [40.6334424, 56.2968814], [40.6379372, 56.2996456], [40.6452442, 56.3012803], [40.6760867, 56.2993283], [40.6880627, 56.301051], [40.6922703, 56.3059647], [40.7007138, 56.3090874], [40.7022384, 56.3130553], [40.707667, 56.3114895], [40.700362, 56.3176082], [40.6871103, 56.3163725], [40.6758358, 56.3235009], [40.6583036, 56.3221121], [40.6574476, 56.3283315], [40.6492165, 56.3291874], [40.6457595, 56.3210727], [40.6335446, 56.3230536], [40.6157032, 56.3396174], [40.5822492, 56.3336263], [40.5807909, 56.3293463], [40.5674951, 56.3297744], [40.5712479, 56.3455423], [40.5592816, 56.3436972], [40.551272, 56.3465049], [40.5581719, 56.3531891], [40.5726306, 56.3532782], [40.5963826, 56.3555407], [40.5967836, 56.35709], [40.6241836, 56.3563849], [40.6400066, 56.3654669], [40.6755836, 56.3554697], [40.7063886, 56.3711362], [40.707397, 56.3842833], [40.7067366, 56.3887847], [40.7065496, 56.3978781], [40.7200766, 56.4022721], [40.7198216, 56.410562], [40.7374386, 56.4246011], [40.7434131, 56.4301822], [40.7301296, 56.442211], [40.7793366, 56.4593178], [40.7656296, 56.4853477], [40.7841806, 56.496026], [40.7968106, 56.4985406], [40.8295346, 56.495791], [40.8403571, 56.4892144], [40.8525636, 56.4949098], [40.8525116, 56.5013612], [40.8362466, 56.5193362], [40.8561836, 56.5275841], [40.8605742, 56.5306967], [40.8682065, 56.5334329], [40.8680623, 56.534585], [40.8656141, 56.5384731], [40.8627338, 56.5402012], [40.8599975, 56.5436573], [40.8533732, 56.5443772], [40.8517891, 56.5450972], [40.851069, 56.5465372], [40.8477567, 56.5491293], [40.8414205, 56.5479772], [40.8360923, 56.5478331], [40.8352283, 56.546105], [40.8329242, 56.5463929], [40.8291799, 56.547689], [40.832636, 56.5497051], [40.8339319, 56.5531613], [40.8297556, 56.5554653], [40.8296115, 56.5573374], [40.8282012, 56.5582719], [40.8222272, 56.5607556], [40.8215641, 56.5628436], [40.8245007, 56.5637831], [40.8271629, 56.5662658], [40.8273068, 56.5678498], [40.8298989, 56.56929], [40.8306187, 56.5733222], [40.8301867, 56.5737542], [40.8274505, 56.5737541], [40.8175142, 56.5714498], [40.8162182, 56.5694338], [40.8146342, 56.5685696], [40.8088739, 56.5684256], [40.8057058, 56.5700096], [40.8028256, 56.5701536], [40.7989374, 56.5715936], [40.7982173, 56.5727457], [40.7992253, 56.5744737], [40.796345, 56.5769218], [40.7894325, 56.5793698], [40.7904404, 56.5818179], [40.785544, 56.587146], [40.7825197, 56.5890181], [40.7819434, 56.5900292], [40.7672337, 56.594363], [40.7108734, 56.5929057], [40.7109282, 56.5916262], [40.7102164, 56.5900822], [40.7029591, 56.5910901], [40.6959434, 56.5910832], [40.6914684, 56.5928323], [40.6797075, 56.5905255], [40.6731495, 56.590209], [40.6686815, 56.5885006], [40.6596825, 56.5835439], [40.6596969, 56.5813146], [40.6579283, 56.5800644], [40.6529142, 56.5825358], [40.6529141, 56.585416], [40.6483232, 56.5910995], [40.6355599, 56.5902687], [40.6126292, 56.5878285], [40.6069294, 56.5798924], [40.588902, 56.5857843], [40.5837501, 56.5855189], [40.5785966, 56.5873306], [40.581509, 56.5898723], [40.5821656, 56.5912616], [40.5812571, 56.592896], [40.5777706, 56.5951403], [40.5798815, 56.5976406], [40.5745287, 56.6000899], [40.568789, 56.6009337], [40.5650852, 56.6032884], [40.5611081, 56.6028832], [40.5567304, 56.6014133], [40.5570047, 56.600059], [40.5535289, 56.5989156], [40.5540648, 56.5985936], [40.5488793, 56.5958894], [40.5458808, 56.5912931], [40.5404391, 56.5919438], [40.5391951, 56.5906205], [40.5414876, 56.5880531], [40.5407906, 56.5866208], [40.5344602, 56.5843661], [40.5312861, 56.5838496], [40.5186546, 56.5836459], [40.5114998, 56.5850807], [40.5040228, 56.5836804], [40.4906011, 56.5836981], [40.486857, 56.5830028], [40.4808266, 56.579797], [40.4824108, 56.578357], [40.4753898, 56.5648726], [40.4735871, 56.5583032], [40.468092, 56.5554803], [40.4725276, 56.5532083], [40.4702237, 56.5499167], [40.4697435, 56.5466901], [40.4639829, 56.5444553], [40.4612697, 56.5415476], [40.4584371, 56.5349351], [40.4540784, 56.5337357], [40.4500115, 56.5335706], [40.441408, 56.5361973], [40.4378358, 56.536016], [40.43351, 56.5366849], [40.4376756, 56.5428549], [40.4344161, 56.5451742], [40.4331552, 56.5449348], [40.4279955, 56.5430338], [40.423536, 56.5386566], [40.4208972, 56.5346099], [40.4141974, 56.5295128], [40.417252, 56.5276396], [40.4142347, 56.5220536], [40.4124397, 56.5247431], [40.407275, 56.5270758], [40.4028489, 56.5315498], [40.4022088, 56.5356313], [40.3943113, 56.5332759], [40.3905569, 56.5359844], [40.3882294, 56.5360046], [40.3791388, 56.5295513], [40.3813984, 56.5287427], [40.3615951, 56.5170564], [40.3600095, 56.5099791], [40.3512517, 56.5126429], [40.3455286, 56.5063004], [40.3419468, 56.5068666], [40.3391763, 56.5051654], [40.3353967, 56.5058472], [40.3335096, 56.5066561], [40.330674, 56.5066845], [40.3262089, 56.5085685], [40.3192144, 56.5074276], [40.3156862, 56.5082514], [40.3123127, 56.5081005], [40.3109628, 56.5068299], [40.3092145, 56.5060525], [40.311423, 56.5012118], [40.3072359, 56.4908384], [40.3041652, 56.4883402], [40.2957506, 56.4894364], [40.2942212, 56.4881598], [40.2878626, 56.4860459], [40.2829664, 56.4860459], [40.2786462, 56.4879178], [40.2717339, 56.4876297], [40.2674137, 56.4880618], [40.2672696, 56.4870536], [40.2655417, 56.4854696], [40.2537336, 56.4758209], [40.2507095, 56.4745249], [40.2476854, 56.4739488], [40.2478294, 56.4733728], [40.2504217, 56.4722207], [40.2596382, 56.4691967], [40.2596386, 56.4595483], [40.2484062, 56.4595482], [40.2404859, 56.4583959], [40.2358777, 56.4582519], [40.2361659, 56.4550838], [40.2337178, 56.4529236], [40.2306938, 56.4527796], [40.2286777, 56.4519155], [40.2298299, 56.4478834], [40.22911, 56.4450032], [40.2255101, 56.4398189], [40.222918, 56.4392428], [40.221478, 56.4395308], [40.2196059, 56.4409709], [40.2168697, 56.4412589], [40.2131256, 56.4408268], [40.2023252, 56.4383785], [40.1980051, 56.4359303], [40.1977956, 56.4334731], [40.1965696, 56.4294352], [40.2345936, 56.424248], [40.2382236, 56.4166833], [40.2289966, 56.4142238], [40.2267906, 56.4089246], [40.2405246, 56.3958537], [40.2367496, 56.3895803], [40.2221706, 56.3850973], [40.2016561, 56.372581], [40.1939711, 56.3597197], [40.1838403, 56.3613223], [40.1918846, 56.3813164], [40.1800906, 56.3969069], [40.1476506, 56.4022671], [40.1170806, 56.4009188], [40.1241736, 56.3876329], [40.1063106, 56.3679585], [40.1053116, 56.3424038], [40.0815356, 56.3308242], [40.1150716, 56.3104547], [40.0949856, 56.3057676], [40.0934246, 56.3047914], [40.0894426, 56.2957374]]]}}, {"type": "Feature", "properties": {"rda_code": "VL-13", "rda_name": "ALEKSANDROVSKY AREA / incl. ALEXANDROV, KARABANOVO, STRUNINO/", "osm_name": "Александровский муниципальный округ", "match_score": 1.0, "match_reason": "alias:александровскии"}, "geometry": {"type": "Polygon", "coordinates": [[[38.2737897, 56.5318043], [38.2797887, 56.5268719], [38.2681027, 56.5247685], [38.2695737, 56.5225597], [38.2758661, 56.5241975], [38.2827033, 56.5185176], [38.2872252, 56.5183372], [38.2888141, 56.5160406], [38.2906302, 56.5166391], [38.2891935, 56.5185817], [38.296598, 56.5182427], [38.2993488, 56.5188839], [38.2972518, 56.5158908], [38.2955902, 56.5148764], [38.29495, 56.5124567], [38.2952006, 56.5114726], [38.297388, 56.510653], [38.3045145, 56.5113249], [38.3098453, 56.514912], [38.3121574, 56.5141945], [38.3127354, 56.5145665], [38.31748, 56.5146861], [38.3217188, 56.5129321], [38.3305336, 56.5155764], [38.3319787, 56.5151246], [38.3351096, 56.5163072], [38.3350374, 56.5173436], [38.3358081, 56.5176492], [38.339228, 56.5151778], [38.340938, 56.5133174], [38.3373976, 56.5107527], [38.3370605, 56.5102876], [38.3375733, 56.5090589], [38.3339536, 56.5089188], [38.3359044, 56.5055031], [38.3247052, 56.5035626], [38.3188528, 56.5036556], [38.3162517, 56.5022201], [38.3076386, 56.5013674], [38.2984363, 56.4949604], [38.30349, 56.4905278], [38.312617, 56.4902224], [38.3189783, 56.4867103], [38.3192549, 56.4827397], [38.3341901, 56.4828924], [38.3430407, 56.4810597], [38.3455299, 56.4763248], [38.3419343, 56.4715893], [38.3481105, 56.4657919], [38.3491254, 56.4639501], [38.3402803, 56.4602752], [38.3461666, 56.4588518], [38.3505038, 56.4587246], [38.3482383, 56.4558399], [38.3542849, 56.4527986], [38.357823, 56.4554322], [38.3606553, 56.4603613], [38.3625628, 56.4606914], [38.3652409, 56.4635655], [38.3671677, 56.4638955], [38.368921, 56.4622349], [38.374971, 56.4599568], [38.377495, 56.4561561], [38.3818401, 56.4573737], [38.3859534, 56.4579447], [38.3866663, 56.4573805], [38.3924111, 56.4583857], [38.3907252, 56.4597963], [38.3943478, 56.4597645], [38.3968769, 56.4569756], [38.3997661, 56.4552095], [38.4008026, 56.4539146], [38.398385, 56.447646], [38.4013565, 56.4470465], [38.3998874, 56.4437717], [38.401212, 56.4416017], [38.4053545, 56.4389389], [38.4067514, 56.4387259], [38.4099762, 56.4363981], [38.4139802, 56.4354327], [38.4152146, 56.4330691], [38.4142813, 56.4325364], [38.4089226, 56.432653], [38.4038047, 56.4321536], [38.4003726, 56.4327861], [38.3964857, 56.4324518], [38.396117, 56.4308628], [38.391384, 56.4267898], [38.3959096, 56.4239939], [38.3894756, 56.4188368], [38.3912684, 56.4159808], [38.3895482, 56.4130282], [38.3904814, 56.4124203], [38.3941596, 56.4119993], [38.3923232, 56.4092801], [38.3887407, 56.4093967], [38.3879592, 56.4087109], [38.3854673, 56.40579], [38.3854881, 56.4041718], [38.3845912, 56.4027181], [38.3823583, 56.4025785], [38.3817863, 56.4006346], [38.3827238, 56.4001421], [38.3878419, 56.3999457], [38.3890588, 56.4004006], [38.3951427, 56.3999818], [38.4004866, 56.4015051], [38.4027213, 56.40129], [38.4042532, 56.4000148], [38.4036183, 56.3991858], [38.4048547, 56.3962221], [38.407956, 56.3954249], [38.4077261, 56.3947558], [38.408768, 56.3944967], [38.4084965, 56.3942909], [38.4099993, 56.3945171], [38.4112439, 56.3938233], [38.4136698, 56.3938262], [38.4145559, 56.3944405], [38.4184762, 56.3950847], [38.4296731, 56.395693], [38.4382625, 56.3944276], [38.4420295, 56.3926794], [38.4433397, 56.3911542], [38.4435748, 56.3887779], [38.4442839, 56.3883945], [38.444001, 56.3880783], [38.445533, 56.3877356], [38.4462512, 56.3870797], [38.4463183, 56.3864841], [38.422418, 56.3603406], [38.4215606, 56.3440493], [38.4158321, 56.3426671], [38.4147598, 56.3399066], [38.4154264, 56.3388445], [38.4183147, 56.3386135], [38.4192894, 56.337994], [38.4185545, 56.3376715], [38.4190485, 56.3372049], [38.4176694, 56.3370389], [38.4184836, 56.3365051], [38.4175288, 56.3361097], [38.4179598, 56.3352779], [38.4191926, 56.3354668], [38.4172348, 56.3347873], [38.4177266, 56.3344083], [38.4166717, 56.3344277], [38.4176238, 56.333993], [38.4166742, 56.3331285], [38.417472, 56.3326956], [38.4171595, 56.3323769], [38.4178822, 56.3321506], [38.4178716, 56.3317353], [38.4160908, 56.3318269], [38.4157118, 56.3313202], [38.417432, 56.3307563], [38.4172043, 56.3302588], [38.4180958, 56.3303077], [38.4177747, 56.3298228], [38.4185924, 56.3293548], [38.4153432, 56.3283491], [38.4132152, 56.3282963], [38.4129629, 56.3277814], [38.4138483, 56.3274528], [38.414526, 56.326343], [38.415102, 56.326836], [38.4157798, 56.326669], [38.4159766, 56.3258207], [38.415579, 56.3254786], [38.4162765, 56.325234], [38.416328, 56.3242589], [38.4173876, 56.3242773], [38.416753, 56.3232644], [38.4154734, 56.3231417], [38.4158785, 56.3221914], [38.4145732, 56.3213803], [38.4154128, 56.3206418], [38.415313, 56.3201648], [38.4173934, 56.3198612], [38.4175049, 56.3184398], [38.4253377, 56.3162031], [38.4271478, 56.3179161], [38.43861, 56.3126925], [38.4383126, 56.3092131], [38.4374035, 56.3060998], [38.4344743, 56.3062803], [38.4335522, 56.2999606], [38.4351795, 56.3001713], [38.4358048, 56.2922281], [38.4177752, 56.2823472], [38.416878, 56.2841401], [38.4120331, 56.2829449], [38.4071881, 56.2825465], [38.401446, 56.2827457], [38.3985749, 56.2837417], [38.3969903, 56.2831829], [38.4106255, 56.275151], [38.4035433, 56.2713906], [38.3982421, 56.271487], [38.3961834, 56.2661774], [38.4037822, 56.263878], [38.402888, 56.2601965], [38.4013033, 56.25754], [38.4037133, 56.25735], [38.4029957, 56.2550854], [38.4155338, 56.2542807], [38.4095715, 56.2515247], [38.4131891, 56.2480807], [38.4126105, 56.2465003], [38.4162296, 56.2445122], [38.4167582, 56.2424453], [38.4142879, 56.2355799], [38.4177166, 56.2351812], [38.4190344, 56.2341229], [38.4209957, 56.23433], [38.4218305, 56.2337587], [38.4227102, 56.2318308], [38.423833, 56.2310622], [38.4306694, 56.2296304], [38.4311033, 56.2289134], [38.4307584, 56.2278688], [38.4338433, 56.2273251], [38.4345811, 56.2257055], [38.4422019, 56.2247631], [38.4420236, 56.223921], [38.4495177, 56.2143193], [38.4508251, 56.2133587], [38.4505484, 56.2112286], [38.4568871, 56.2085609], [38.4568791, 56.2077435], [38.4594541, 56.2026174], [38.4696803, 56.2060488], [38.4744456, 56.2057294], [38.4755583, 56.2041532], [38.486814, 56.2071718], [38.4914829, 56.2049276], [38.4933992, 56.2070016], [38.4941316, 56.2091301], [38.4984574, 56.212139], [38.4999227, 56.2164392], [38.5034472, 56.2178315], [38.5148574, 56.2149082], [38.5166413, 56.2153674], [38.5280326, 56.2134657], [38.5266551, 56.2133768], [38.5262701, 56.2123797], [38.5275353, 56.2112766], [38.5272952, 56.210636], [38.5236419, 56.2091923], [38.5204174, 56.2085707], [38.5201463, 56.2070829], [38.5190541, 56.2056482], [38.515281, 56.2047764], [38.5142285, 56.2041094], [38.5140671, 56.2035247], [38.5149575, 56.2036704], [38.5146608, 56.2022096], [38.5166931, 56.2019776], [38.5349106, 56.1951256], [38.533709, 56.1942541], [38.53652, 56.1931676], [38.5329187, 56.191205], [38.532958, 56.1888216], [38.5366916, 56.1875798], [38.5380649, 56.1880336], [38.5460472, 56.187747], [38.547678, 56.1864813], [38.5505962, 56.1857648], [38.5570398, 56.1826002], [38.5756859, 56.1873154], [38.5770964, 56.1866007], [38.6894648, 56.1765558], [38.6897925, 56.1778561], [38.6891048, 56.178526], [38.6867979, 56.1782591], [38.6897077, 56.1854904], [38.686677, 56.1858927], [38.6867, 56.1882905], [38.6967269, 56.1868493], [38.6982384, 56.1861608], [38.701776, 56.1860123], [38.6996627, 56.1894067], [38.7055206, 56.1955434], [38.7107945, 56.195698], [38.7122689, 56.1946305], [38.7136853, 56.1971192], [38.7155664, 56.1984302], [38.705053, 56.207536], [38.7198535, 56.2126235], [38.7163399, 56.2151044], [38.7135887, 56.2140642], [38.7117863, 56.2150037], [38.7110138, 56.2146398], [38.7077471, 56.2170564], [38.7052166, 56.2158548], [38.70307, 56.2168378], [38.7047696, 56.2220609], [38.7045932, 56.2227879], [38.701681, 56.2245255], [38.699663, 56.2244927], [38.6989061, 56.2291319], [38.7034548, 56.2317692], [38.7032191, 56.2336628], [38.7109731, 56.2330169], [38.7111256, 56.2340753], [38.7188449, 56.2346793], [38.7194688, 56.2398036], [38.7334101, 56.2385593], [38.7377971, 56.2416752], [38.7395882, 56.2504067], [38.7420201, 56.2510278], [38.7494076, 56.2587779], [38.752595, 56.2592121], [38.7549247, 56.2614263], [38.7589693, 56.2610215], [38.7596082, 56.2620704], [38.7607956, 56.2626251], [38.7586413, 56.2633962], [38.7604522, 56.2651157], [38.7580061, 56.2664265], [38.7567615, 56.2655209], [38.7454144, 56.270704], [38.7443339, 56.2707917], [38.7445511, 56.2714549], [38.7436462, 56.2728616], [38.7445004, 56.2744854], [38.7462926, 56.2746347], [38.7475861, 56.2754281], [38.7517529, 56.2754116], [38.7559793, 56.2767996], [38.7584198, 56.2767335], [38.7606818, 56.2754777], [38.7624081, 56.2778241], [38.7710989, 56.2774936], [38.7819921, 56.2788155], [38.7803254, 56.2817895], [38.7830041, 56.2854241], [38.7878852, 56.2850949], [38.7895374, 56.2875999], [38.7975687, 56.2871818], [38.8041873, 56.285746], [38.8041421, 56.2841092], [38.7987672, 56.2809555], [38.7973224, 56.276858], [38.7939341, 56.274434], [38.7979213, 56.2735692], [38.8075869, 56.2731144], [38.8135937, 56.2782381], [38.8206381, 56.2789657], [38.8208791, 56.2827997], [38.829329, 56.2834776], [38.8272439, 56.2813341], [38.8311824, 56.2793621], [38.8246209, 56.2732965], [38.8261886, 56.2729391], [38.8256082, 56.2691256], [38.8282886, 56.2674337], [38.8479581, 56.2601934], [38.8480703, 56.262955], [38.8510499, 56.2637217], [38.8557871, 56.263242], [38.8541964, 56.2673687], [38.8576168, 56.2694599], [38.8852088, 56.2628728], [38.884917, 56.2603692], [38.8878262, 56.2604892], [38.8874275, 56.2651872], [38.893111, 56.2690447], [38.8797716, 56.2768842], [38.8797486, 56.2808851], [38.8822907, 56.2858339], [38.890009, 56.2832193], [38.8946595, 56.2918767], [38.9028112, 56.2899062], [38.9055964, 56.2898326], [38.9161604, 56.2922747], [38.9142587, 56.2961003], [38.914021, 56.2995562], [38.9181573, 56.3031437], [38.9154473, 56.3145369], [38.9135632, 56.3154128], [38.914047, 56.3222504], [38.911731, 56.3233549], [38.9136546, 56.3265905], [38.9140768, 56.328493], [38.9300801, 56.3290606], [38.9494994, 56.3325571], [38.9496981, 56.3316587], [38.9681933, 56.3229658], [38.9678876, 56.321762], [38.9682545, 56.3151913], [38.975287, 56.3127407], [38.9853007, 56.3170651], [38.9914924, 56.3184386], [38.994122, 56.3188117], [39.0008793, 56.3173703], [38.9984026, 56.3143433], [39.001766, 56.3118164], [39.0040177, 56.3074573], [39.0053185, 56.3080352], [39.0049555, 56.3090979], [39.0075611, 56.3101993], [39.0081369, 56.3116173], [39.008774, 56.3120307], [39.0093925, 56.3120029], [39.0102883, 56.3106991], [39.010147, 56.310223], [39.0113034, 56.3102022], [39.0113214, 56.3110025], [39.0102662, 56.3117152], [39.0096312, 56.3131469], [39.0100749, 56.3147351], [39.0098414, 56.3167549], [39.0121769, 56.3174376], [39.0141045, 56.3174803], [39.0168761, 56.3167441], [39.0171767, 56.3162149], [39.0147375, 56.3156946], [39.0148472, 56.3153159], [39.0180708, 56.314424], [39.0217297, 56.3144036], [39.0213044, 56.3134628], [39.0257189, 56.3130522], [39.0278531, 56.3136956], [39.028645, 56.3131444], [39.0354197, 56.3132945], [39.037131, 56.3147164], [39.0345308, 56.3149894], [39.0334433, 56.3140236], [39.0326784, 56.3140122], [39.0327172, 56.3147451], [39.031305, 56.3147771], [39.031614, 56.3170018], [39.0298713, 56.3172595], [39.0277592, 56.3184938], [39.028781, 56.3213634], [39.0280155, 56.3228041], [39.026554, 56.3237174], [39.0254014, 56.3182097], [39.0207291, 56.318425], [39.0201152, 56.3176796], [39.0160471, 56.317907], [39.015473, 56.3195263], [39.0113229, 56.3217549], [39.0076813, 56.3244109], [39.0069104, 56.3264846], [39.0030391, 56.3296678], [39.0043186, 56.3306772], [39.0050404, 56.3302953], [39.0043678, 56.3296769], [39.0068283, 56.3273305], [39.007829, 56.3274123], [39.0158995, 56.3313593], [39.0262009, 56.3265938], [39.0356821, 56.3304499], [39.0513803, 56.3297223], [39.0515811, 56.328075], [39.0523369, 56.3284899], [39.0534229, 56.3253349], [39.0527958, 56.3227064], [39.0547013, 56.3219259], [39.0544598, 56.3213794], [39.0556128, 56.3197525], [39.0530375, 56.3186678], [39.0495717, 56.3182683], [39.0484691, 56.3165537], [39.0530429, 56.3152359], [39.05553, 56.3151901], [39.0552888, 56.3159348], [39.0572821, 56.3157553], [39.0573029, 56.3164591], [39.0582203, 56.31675], [39.0567894, 56.3187428], [39.0572363, 56.3197537], [39.0606154, 56.3195717], [39.0573604, 56.3311629], [39.054921, 56.3333732], [39.05655, 56.3338759], [39.0695815, 56.333429], [39.0690945, 56.3341951], [39.0743759, 56.3340555], [39.0769957, 56.3299592], [39.1000191, 56.3316164], [39.1103312, 56.3355207], [39.1187067, 56.3408828], [39.1283114, 56.3437675], [39.1339864, 56.3489225], [39.136539, 56.3610471], [39.1416909, 56.3740988], [39.1693335, 56.3774601], [39.1595333, 56.3814547], [39.1575718, 56.3816922], [39.156117, 56.3830927], [39.160211, 56.389039], [39.1570853, 56.3893859], [39.1550862, 56.3906771], [39.1533645, 56.3932993], [39.148158, 56.3950654], [39.1463935, 56.3966892], [39.1442366, 56.3974817], [39.1399114, 56.3975242], [39.1393199, 56.3984545], [39.1413433, 56.3998843], [39.1404283, 56.4005269], [39.1412757, 56.4019033], [39.1430917, 56.4017876], [39.144417, 56.4030619], [39.1450177, 56.4025976], [39.1457771, 56.4027986], [39.1454579, 56.4031944], [39.1461513, 56.4035477], [39.145557, 56.4038278], [39.1457881, 56.405064], [39.147549, 56.4054842], [39.1501794, 56.4049544], [39.1506527, 56.4051797], [39.1506637, 56.4069883], [39.1527658, 56.4073659], [39.1537233, 56.4070553], [39.1553412, 56.4077008], [39.1555283, 56.4087238], [39.1563647, 56.409016], [39.1552861, 56.4106479], [39.1566949, 56.4116708], [39.1548899, 56.4129981], [39.1558364, 56.4135887], [39.1559685, 56.4144471], [39.1597105, 56.4148489], [39.1592482, 56.4151412], [39.1595894, 56.4159691], [39.1615044, 56.4160422], [39.1629792, 56.4166449], [39.1646851, 56.4186295], [39.1641788, 56.4197435], [39.164421, 56.4203157], [39.1603598, 56.4203279], [39.158764, 56.421174], [39.1576854, 56.4209305], [39.156937, 56.4225923], [39.1586319, 56.4234566], [39.1586539, 56.4248444], [39.1595014, 56.4258791], [39.15883, 56.4266581], [39.1604479, 56.4272485], [39.1602497, 56.4279119], [39.160756, 56.428697], [39.1620767, 56.4280579], [39.1630342, 56.4289526], [39.1641678, 56.4287578], [39.1639367, 56.4291777], [39.1649052, 56.4297985], [39.1641018, 56.4303584], [39.1656316, 56.4309183], [39.1650923, 56.4315755], [39.1655766, 56.4318554], [39.1646521, 56.4321597], [39.1637607, 56.4332717], [39.1642138, 56.435243], [39.160156, 56.4387235], [39.1594133, 56.441019], [39.1565757, 56.4434767], [39.1567059, 56.4445475], [39.1573222, 56.4445962], [39.1574983, 56.4460562], [39.156904, 56.446555], [39.1574102, 56.4510927], [39.1578744, 56.4515184], [39.1618566, 56.4507886], [39.1652464, 56.4492801], [39.1709052, 56.4479297], [39.1713455, 56.4482825], [39.1710373, 56.4495355], [39.1670567, 56.4519958], [39.167493, 56.4535598], [39.1728624, 56.4555812], [39.1790917, 56.4561772], [39.1878964, 56.4532336], [39.195027, 56.452678], [39.1957985, 56.454377], [39.1979777, 56.4557515], [39.2018958, 56.4571502], [39.2005531, 56.462696], [39.2057918, 56.4624042], [39.2075748, 56.4615286], [39.2124834, 56.4604462], [39.2229829, 56.461334], [39.2238634, 56.4598259], [39.2271431, 56.4605435], [39.228706, 56.4603854], [39.2315014, 56.4614434], [39.236344, 56.461261], [39.2353094, 56.464131], [39.2484724, 56.467244], [39.2488466, 56.4718035], [39.2484944, 56.4733597], [39.2471448, 56.4743097], [39.2467623, 56.4754009], [39.2469217, 56.4788329], [39.2362776, 56.4742745], [39.2262112, 56.4811168], [39.225251, 56.484781], [39.2157542, 56.487702], [39.2159772, 56.4902884], [39.2263664, 56.4895142], [39.2273894, 56.4918055], [39.2385721, 56.4913616], [39.2394644, 56.4890744], [39.2471129, 56.4862063], [39.2545199, 56.4843071], [39.262123, 56.4860304], [39.2638317, 56.4898073], [39.2455513, 56.4921357], [39.2453283, 56.4930505], [39.2428106, 56.4935079], [39.2385993, 56.4954119], [39.2335257, 56.5035225], [39.2407663, 56.5110125], [39.2431565, 56.5070206], [39.2537369, 56.5106256], [39.2545655, 56.5116279], [39.2662294, 56.5179752], [39.267536, 56.5198212], [39.2691294, 56.5203662], [39.2710416, 56.5225637], [39.2713602, 56.5244094], [39.2652733, 56.5241809], [39.2525519, 56.5259852], [39.2580073, 56.5346561], [39.2605886, 56.5355347], [39.2661019, 56.5364134], [39.2675571, 56.5379075], [39.2656875, 56.5397517], [39.2317016, 56.5459055], [39.2146581, 56.5497186], [39.2121324, 56.5480028], [39.2051056, 56.5464185], [39.198238, 56.5495115], [39.1942774, 56.552739], [39.1943508, 56.5545501], [39.1877829, 56.5541741], [39.1840525, 56.5610888], [39.1857492, 56.5651089], [39.1867459, 56.5655438], [39.1831429, 56.5680338], [39.1827962, 56.5712999], [39.1789577, 56.5706746], [39.1762001, 56.5709864], [39.1747639, 56.5791281], [39.1634723, 56.580688], [39.1611368, 56.5744242], [39.1568075, 56.5745686], [39.1524306, 56.5733636], [39.1487151, 56.5729848], [39.1463118, 56.5776059], [39.1398532, 56.5762882], [39.1343969, 56.5782659], [39.1309311, 56.575557], [39.1270697, 56.5737702], [39.1249659, 56.5767672], [39.1222727, 56.5784281], [39.120184, 56.5786224], [39.1186077, 56.5778673], [39.1189459, 56.5744931], [39.11723, 56.5707259], [39.1132166, 56.5723474], [39.1089146, 56.572248], [39.1063711, 56.5717055], [39.096016, 56.5584965], [39.0953742, 56.5553895], [39.0939204, 56.5540769], [39.0909679, 56.5544804], [39.0873395, 56.556102], [39.0808686, 56.5578414], [39.0781725, 56.5633611], [39.0716258, 56.5622057], [39.0622551, 56.5593815], [39.054645, 56.553762], [39.0489, 56.5526878], [39.04381, 56.5469295], [39.0396342, 56.5473906], [39.0366413, 56.543469], [39.0311522, 56.5419059], [39.0306305, 56.538867], [39.0225785, 56.5393798], [39.0222382, 56.5374288], [39.0148893, 56.5375163], [39.0137779, 56.5391922], [38.989735, 56.5408054], [38.9825448, 56.5389545], [38.981388, 56.5370035], [38.972406, 56.5352275], [38.967484, 56.5369035], [38.9601276, 56.5410861], [38.9556058, 56.5428492], [38.949368, 56.543842], [38.9423288, 56.5417409], [38.9354573, 56.5420315], [38.9301653, 56.543006], [38.9227774, 56.5455156], [38.9275636, 56.5487536], [38.9129632, 56.5571969], [38.910396, 56.5557848], [38.9062881, 56.5580954], [38.9048758, 56.5625882], [38.8847004, 56.5659898], [38.8843235, 56.5681654], [38.8626425, 56.5663102], [38.8552495, 56.5675309], [38.8546493, 56.5744917], [38.8686517, 56.5768417], [38.8688036, 56.5786337], [38.8639153, 56.5797976], [38.8528149, 56.5849418], [38.8536897, 56.5894871], [38.8494194, 56.5910851], [38.8522197, 56.5948026], [38.8546479, 56.6013729], [38.8444126, 56.6003275], [38.8419288, 56.6054974], [38.8275511, 56.6030805], [38.8101735, 56.5956712], [38.7977293, 56.5976631], [38.7903952, 56.5980825], [38.7900807, 56.5941687], [38.7864576, 56.5946269], [38.7863221, 56.5960774], [38.7705369, 56.6105781], [38.7566717, 56.6093266], [38.7574079, 56.6007113], [38.7627263, 56.5978247], [38.7665831, 56.5967896], [38.7664936, 56.594293], [38.761283, 56.5898184], [38.7656237, 56.5875473], [38.7662374, 56.5815845], [38.7694232, 56.5800746], [38.7690493, 56.5763487], [38.7672398, 56.5755735], [38.7650643, 56.5721089], [38.7619453, 56.5754996], [38.7595327, 56.5767548], [38.75767, 56.5792821], [38.7536688, 56.5789835], [38.747154, 56.5838147], [38.7442864, 56.5837665], [38.7404503, 56.5895189], [38.7316311, 56.5876065], [38.7251594, 56.5892041], [38.7153803, 56.5972124], [38.7135388, 56.5963314], [38.7149421, 56.5926051], [38.711556, 56.5912367], [38.7157987, 56.5864521], [38.7112959, 56.5820162], [38.7073613, 56.5846887], [38.7012032, 56.5825017], [38.7019212, 56.5808126], [38.7054129, 56.5784252], [38.6965651, 56.5822017], [38.6911659, 56.5812966], [38.6748167, 56.5844705], [38.66879, 56.5822174], [38.6486523, 56.5846635], [38.6317078, 56.5828661], [38.6286629, 56.5768396], [38.6252897, 56.5755794], [38.6229333, 56.5762968], [38.6200464, 56.5762973], [38.6171693, 56.5785451], [38.6143728, 56.5794239], [38.6081213, 56.5768344], [38.6148848, 56.5688957], [38.5975996, 56.5485719], [38.5991461, 56.5464988], [38.5971295, 56.5446016], [38.5935653, 56.5437246], [38.5961519, 56.5416595], [38.5981329, 56.5392103], [38.5955103, 56.5371666], [38.5942698, 56.538256], [38.5803693, 56.5343441], [38.5768969, 56.5384499], [38.569825, 56.5434702], [38.5606977, 56.5386497], [38.5568599, 56.5401894], [38.5511537, 56.5408717], [38.5498787, 56.5419536], [38.5508119, 56.5443591], [38.5518991, 56.5454258], [38.5496968, 56.5468379], [38.5482331, 56.5469195], [38.5602459, 56.5517198], [38.559439, 56.5569147], [38.5615141, 56.5575266], [38.5609259, 56.5587348], [38.5684575, 56.5631068], [38.5567049, 56.5672193], [38.5536793, 56.570401], [38.5525051, 56.5749061], [38.5538882, 56.5774315], [38.5433461, 56.5816754], [38.5385024, 56.5775021], [38.5371584, 56.578343], [38.5385599, 56.5813243], [38.5382558, 56.58402], [38.5358166, 56.5879993], [38.5317087, 56.5901816], [38.5406939, 56.6012213], [38.5399235, 56.6041738], [38.541849, 56.6057142], [38.5454433, 56.6057143], [38.5514767, 56.6022484], [38.5554798, 56.6012557], [38.5566115, 56.6034038], [38.5596923, 56.6036607], [38.5636715, 56.6059713], [38.5622591, 56.6138018], [38.5568676, 56.6140584], [38.5469703, 56.6118], [38.5444158, 56.616754], [38.5399228, 56.6177808], [38.5306803, 56.6188076], [38.5204003, 56.6216656], [38.5199417, 56.6240173], [38.5213091, 56.6258677], [38.5210523, 56.6277932], [38.515478, 56.630346], [38.5079459, 56.6295904], [38.5061716, 56.6313715], [38.5089697, 56.6338944], [38.5097408, 56.6361837], [38.5036543, 56.6369426], [38.5063237, 56.638961], [38.5061436, 56.6405736], [38.5043068, 56.6410278], [38.5035356, 56.6429614], [38.4974927, 56.6424612], [38.4915568, 56.6449477], [38.4930497, 56.6460291], [38.4955762, 56.6463608], [38.4923876, 56.6486766], [38.4899284, 56.6487643], [38.4869499, 56.647303], [38.4855798, 56.6482504], [38.4833111, 56.6475613], [38.4829259, 56.6485882], [38.4774062, 56.6473044], [38.4752186, 56.648203], [38.4743253, 56.6479463], [38.4753523, 56.6458636], [38.4738408, 56.6454208], [38.4727901, 56.6468801], [38.4715196, 56.6474903], [38.4692973, 56.6466798], [38.4636437, 56.6465751], [38.4633565, 56.6478164], [38.4562306, 56.6470919], [38.4548685, 56.6491953], [38.4551983, 56.6505133], [38.4532728, 56.6505133], [38.4531443, 56.652182], [38.4446719, 56.6550061], [38.4436633, 56.6542541], [38.4437734, 56.6532089], [38.4417196, 56.6523103], [38.4386387, 56.6543642], [38.43697, 56.6534655], [38.4369699, 56.6556478], [38.4347876, 56.6548775], [38.4353009, 56.6577017], [38.4309364, 56.6596271], [38.4310646, 56.6610392], [38.4284973, 56.6596271], [38.4286256, 56.6612958], [38.426975, 56.664463], [38.428201, 56.6658751], [38.428772, 56.6680993], [38.4286513, 56.670727], [38.4268646, 56.6722726], [38.4236187, 56.6723354], [38.4222066, 56.6728488], [38.4210512, 56.6746459], [38.4222065, 56.6752879], [38.4188688, 56.6778551], [38.413349, 56.678882], [38.4087272, 56.6894081], [38.410372, 56.6936535], [38.4141629, 56.6960013], [38.4208982, 56.6969584], [38.422891, 56.7008902], [38.4081945, 56.7036216], [38.3890411, 56.7023464], [38.3836825, 56.6950413], [38.3930601, 56.6911123], [38.3955872, 56.6892062], [38.3983274, 56.6822497], [38.41137, 56.6787438], [38.4126488, 56.6769207], [38.3980039, 56.6767869], [38.3961466, 56.6776064], [38.3908794, 56.6784929], [38.3838766, 56.6764356], [38.3752602, 56.6766196], [38.3572966, 56.673408], [38.3226672, 56.6605192], [38.3204446, 56.6696044], [38.3174608, 56.6668272], [38.32081, 56.6598331], [38.3136188, 56.6557121], [38.3157319, 56.6519244], [38.3140781, 56.6483384], [38.3148131, 56.6450552], [38.317845, 56.6422768], [38.3224713, 56.6406196], [38.3332798, 56.6382856], [38.3392516, 56.6315148], [38.344648, 56.6307426], [38.3384248, 56.6286849], [38.338241, 56.6260569], [38.3407216, 56.6223167], [38.339711, 56.6172113], [38.3335555, 56.6157453], [38.3353011, 56.6095772], [38.3299724, 56.6069479], [38.330983, 56.6038127], [38.3352778, 56.6027071], [38.3448457, 56.5983364], [38.3574591, 56.5969077], [38.3629157, 56.5814518], [38.3587511, 56.5732704], [38.3386392, 56.5636333], [38.3244419, 56.5598245], [38.3172642, 56.5612484], [38.3178384, 56.5588752], [38.3145367, 56.5567392], [38.3097994, 56.5550777], [38.3132839, 56.5495185], [38.3075026, 56.54946], [38.2992888, 56.5475391], [38.2857681, 56.5424134], [38.2856818, 56.5314937], [38.2773565, 56.5327604], [38.2757774, 56.5335515], [38.2737897, 56.5318043]]]}}, {"type": "Feature", "properties": {"rda_code": "VL-18", "rda_name": "KIRZHACHSKY AREA / incl. KIRZHACH /", "osm_name": "Киржачский муниципальный округ", "match_score": 1.0, "match_reason": "alias:kirzhachsky"}, "geometry": {"type": "MultiPolygon", "coordinates": [[[[38.8783941, 55.9551598], [38.8711171, 55.9559581], [38.8682123, 55.9525587], [38.8744701, 55.9514476], [38.8783941, 55.9551598]]], [[[38.5098833, 56.1616303], [38.5128749, 56.1580433], [38.5129928, 56.156358], [38.5151813, 56.1563816], [38.5160135, 56.1551938], [38.5177486, 56.1549026], [38.5198506, 56.1532023], [38.5189314, 56.1510919], [38.5175465, 56.1512311], [38.5175306, 56.1502931], [38.5149471, 56.1494248], [38.5170398, 56.1490381], [38.5173117, 56.1481173], [38.5182457, 56.1488511], [38.5190236, 56.148712], [38.5184397, 56.1478827], [38.5197287, 56.1481185], [38.5198082, 56.1465014], [38.5191697, 56.1452899], [38.5196363, 56.1450205], [38.5194883, 56.1445863], [38.5206782, 56.1440128], [38.5201332, 56.1430922], [38.5217046, 56.1431832], [38.522723, 56.1421233], [38.5201469, 56.1395051], [38.5196571, 56.1400176], [38.5184744, 56.1392187], [38.5167478, 56.1393839], [38.5172685, 56.1386065], [38.5165366, 56.1366046], [38.5153543, 56.1363746], [38.514864, 56.1357145], [38.5139697, 56.136062], [38.512383, 56.135693], [38.5124681, 56.1344206], [38.5103757, 56.1332092], [38.5104222, 56.1324882], [38.5120086, 56.1322622], [38.5110518, 56.1314285], [38.5129957, 56.130664], [38.5121946, 56.1302689], [38.5121009, 56.1291224], [38.5137958, 56.128258], [38.5133913, 56.1278541], [38.5125672, 56.1282711], [38.5132356, 56.1272157], [38.5123644, 56.1263733], [38.5135534, 56.124306], [38.5160863, 56.1224163], [38.5158835, 56.1206749], [38.5170497, 56.120983], [38.5183241, 56.1197495], [38.5197701, 56.119645], [38.5215573, 56.1180249], [38.5219451, 56.116609], [38.5226214, 56.1164699], [38.5236634, 56.117221], [38.5242229, 56.1169256], [38.5250007, 56.1175639], [38.5269203, 56.1167644], [38.5269743, 56.1162085], [38.5281865, 56.1155177], [38.5306899, 56.1160035], [38.5332151, 56.1146132], [38.5330667, 56.1137795], [38.5311607, 56.111804], [38.5316188, 56.1111741], [38.530958, 56.1110527], [38.5306306, 56.1098368], [38.5315159, 56.108994], [38.530644, 56.1072582], [38.5298432, 56.106772], [38.531172, 56.1065806], [38.5299586, 56.1052997], [38.5304472, 56.1039664], [38.5289552, 56.1040362], [38.5291565, 56.1030243], [38.5288221, 56.102716], [38.5299861, 56.1006529], [38.5312609, 56.1011998], [38.5324803, 56.1005134], [38.532301, 56.0998837], [38.5328135, 56.0995057], [38.5342902, 56.0998701], [38.5345706, 56.1006561], [38.5355106, 56.1003432], [38.5360219, 56.0987492], [38.5351971, 56.0974639], [38.5364554, 56.0970857], [38.5365403, 56.0964951], [38.53614, 56.0959224], [38.530941, 56.0951645], [38.5292933, 56.0909269], [38.5327651, 56.0865394], [38.5327217, 56.0858998], [38.5364929, 56.0815377], [38.5365077, 56.081005], [38.530566, 56.078399], [38.5429328, 56.0767864], [38.5452539, 56.074307], [38.5428714, 56.0716401], [38.5452018, 56.0705499], [38.5459483, 56.0649451], [38.5477267, 56.0638728], [38.5498916, 56.0616805], [38.5521063, 56.0627001], [38.555086, 56.0613268], [38.556852, 56.0611742], [38.5604818, 56.0585399], [38.5624591, 56.058779], [38.5618687, 56.0573883], [38.5670261, 56.0577327], [38.5668788, 56.0581376], [38.5680762, 56.0589753], [38.5688195, 56.0586202], [38.568703, 56.0573075], [38.5696312, 56.0579295], [38.5714895, 56.0569315], [38.5726481, 56.0573702], [38.5719131, 56.058015], [38.5733427, 56.0583143], [38.5731303, 56.0588446], [38.5735821, 56.0590505], [38.5743501, 56.0574114], [38.5753627, 56.0587427], [38.5758725, 56.0586691], [38.5755818, 56.0581275], [38.5759705, 56.0579113], [38.5771296, 56.0585023], [38.5788487, 56.057009], [38.5805911, 56.0580312], [38.580445, 56.0574472], [38.580991, 56.056801], [38.5802663, 56.0562579], [38.5821686, 56.0565031], [38.5827113, 56.0558358], [38.584898, 56.0554368], [38.5840529, 56.0548369], [38.5844539, 56.0542729], [38.5860824, 56.0544235], [38.5864386, 56.0535462], [38.5828158, 56.0451984], [38.5850385, 56.0426721], [38.5937401, 56.0440135], [38.5949964, 56.0425583], [38.5945634, 56.0418848], [38.5907626, 56.0408618], [38.5901634, 56.0401372], [38.591804, 56.0388983], [38.5906239, 56.0380589], [38.5906728, 56.0373765], [38.5930099, 56.0367035], [38.5936767, 56.0360822], [38.593467, 56.0351956], [38.5907004, 56.0333628], [38.5915241, 56.0325712], [38.5949699, 56.0320489], [38.5934898, 56.0311048], [38.5933802, 56.0301185], [38.5944357, 56.0290701], [38.59659, 56.0280807], [38.5914122, 56.0269084], [38.589337, 56.0248241], [38.5918033, 56.0232245], [38.593407, 56.0227879], [38.5940949, 56.0218261], [38.5962318, 56.0222271], [38.5937009, 56.0205994], [38.5938235, 56.020122], [38.5999984, 56.0199457], [38.6014604, 56.0182865], [38.5998027, 56.0179535], [38.5996439, 56.0175244], [38.6007482, 56.0169217], [38.6010367, 56.0161029], [38.6035676, 56.015632], [38.6037743, 56.0149585], [38.6053475, 56.0158006], [38.6063272, 56.0157853], [38.6064855, 56.015413], [38.6056658, 56.015246], [38.605473, 56.0147138], [38.6056856, 56.0143352], [38.6067854, 56.0144699], [38.6071294, 56.0150657], [38.6069002, 56.0160903], [38.6093281, 56.0167833], [38.610857, 56.0165566], [38.6126257, 56.0153596], [38.6123175, 56.014535], [38.6097363, 56.0144734], [38.6099981, 56.0132907], [38.608597, 56.0130493], [38.6069269, 56.0119556], [38.6030242, 56.010981], [38.598523, 56.0122057], [38.5941638, 56.0050127], [38.5914673, 56.0045058], [38.5895965, 56.0053108], [38.5887433, 56.0050652], [38.5886009, 56.004617], [38.5901897, 56.0033939], [38.5882904, 56.0032371], [38.5874773, 56.0024361], [38.5865706, 56.0029867], [38.5851549, 56.0028857], [38.5866337, 56.0015706], [38.5863984, 56.0007362], [38.58357, 56.0008005], [38.5813509, 56.0000635], [38.580838, 55.9989883], [38.5802244, 55.9989377], [38.5796736, 56.0003824], [38.578957, 56.0007945], [38.5774279, 56.0004819], [38.5762006, 55.9985923], [38.5803204, 55.9954958], [38.5772115, 55.9940359], [38.5740664, 55.9951416], [38.5732421, 55.9943187], [38.5790775, 55.9932405], [38.5794226, 55.9928181], [38.5785754, 55.9915865], [38.5811439, 55.9914416], [38.5821789, 55.9900655], [38.5846979, 55.9899992], [38.5850962, 55.9909619], [38.586032, 55.9911448], [38.5894142, 55.9909956], [38.5896421, 55.9906952], [38.588847, 55.9900397], [38.5912969, 55.9888121], [38.591464, 55.9877737], [38.5956195, 55.9866336], [38.5979813, 55.9812553], [38.6046196, 55.9784562], [38.611132, 55.9769408], [38.6187862, 55.9776559], [38.6406885, 55.9811423], [38.6428897, 55.9819863], [38.676508, 55.9868944], [38.6944282, 55.9890849], [38.7176539, 55.9834435], [38.7317306, 55.9796948], [38.7329349, 55.9756104], [38.7372849, 55.9749732], [38.7492947, 55.9677766], [38.7541488, 55.9638757], [38.7709845, 55.9557497], [38.7752999, 55.9519101], [38.7820185, 55.9498693], [38.7873776, 55.946521], [38.7918168, 55.9444156], [38.806929, 55.9404211], [38.8163112, 55.9325728], [38.8214668, 55.930718], [38.8247035, 55.9342841], [38.8260704, 55.9349956], [38.8429355, 55.9493681], [38.8409721, 55.9549725], [38.8558959, 55.9577594], [38.8556324, 55.9588255], [38.8633822, 55.9623422], [38.8612808, 55.9663736], [38.8946314, 55.9832456], [38.901354, 55.9845513], [38.9014659, 56.0040405], [38.9053217, 56.0043621], [38.90316, 56.0065479], [38.9165031, 56.0085492], [38.917458, 56.0077035], [38.9295386, 56.012106], [38.933401, 56.0155125], [38.9386367, 56.0140731], [38.9448943, 56.0147559], [38.9431424, 56.0224646], [38.9452178, 56.0228777], [38.9478332, 56.0228936], [38.9492831, 56.0224169], [38.9495959, 56.0211126], [38.9484018, 56.0198112], [38.9482881, 56.0190644], [38.9489988, 56.0181904], [38.9555814, 56.020212], [38.9556228, 56.0215748], [38.9570159, 56.0216861], [38.9626733, 56.0190326], [38.968209, 56.0172671], [38.969003, 56.0181547], [38.9690129, 56.0195093], [38.96961, 56.0202561], [38.9675346, 56.0215748], [38.9664828, 56.0216384], [38.9652887, 56.0237992], [38.9642388, 56.0242618], [38.9650329, 56.0268819], [38.9665453, 56.0289736], [38.9681712, 56.0296285], [38.9685297, 56.0317739], [38.9694962, 56.0325681], [38.9734195, 56.0339659], [38.9733342, 56.0343312], [38.9764517, 56.0370224], [38.9799297, 56.0356495], [39.0497896, 56.046914], [39.0494864, 56.0451356], [39.0499412, 56.0434418], [39.0526704, 56.0428066], [39.0659774, 56.0432664], [39.0780988, 56.0498194], [39.0785622, 56.0532995], [39.0819311, 56.0528442], [39.0888404, 56.0547254], [39.0847635, 56.0609915], [39.0871667, 56.0622853], [39.0923166, 56.0573254], [39.0929603, 56.0616863], [39.1010993, 56.0619487], [39.0958786, 56.0567743], [39.1060924, 56.0492253], [39.1125082, 56.049477], [39.1166743, 56.0468671], [39.1190743, 56.0474636], [39.1196965, 56.053012], [39.1376137, 56.0572895], [39.135822, 56.0603192], [39.1579625, 56.0589555], [39.1587066, 56.0682387], [39.1566681, 56.0695682], [39.1581138, 56.0698772], [39.159758, 56.0726283], [39.1579341, 56.0735445], [39.1596507, 56.0756164], [39.1640281, 56.0743829], [39.1655589, 56.0771943], [39.1618394, 56.0781191], [39.1542219, 56.0860695], [39.1596293, 56.0891702], [39.1620764, 56.0928566], [39.1672253, 56.0934617], [39.1664958, 56.0969148], [39.1688131, 56.0967234], [39.1688346, 56.0981716], [39.1740274, 56.1014149], [39.1766023, 56.1014149], [39.1792577, 56.1022735], [39.1795421, 56.1030155], [39.1807008, 56.103542], [39.1818648, 56.1036946], [39.1815644, 56.1044305], [39.1832533, 56.1048865], [39.1832167, 56.1056002], [39.184429, 56.1059951], [39.1839892, 56.1063212], [39.184995, 56.1072493], [39.1867787, 56.1080682], [39.1861617, 56.1087562], [39.185121, 56.1089237], [39.1851103, 56.1093485], [39.1861832, 56.1097314], [39.176915, 56.1123529], [39.1769886, 56.1160363], [39.1855073, 56.119015], [39.1885328, 56.119027], [39.1902065, 56.1178786], [39.1945675, 56.1184717], [39.1995828, 56.1249801], [39.200372, 56.12762], [39.2019222, 56.1303099], [39.1996908, 56.1331037], [39.1972017, 56.1326612], [39.1903781, 56.1348614], [39.1855716, 56.1385201], [39.186902, 56.1416524], [39.1838979, 56.1418078], [39.1855716, 56.145669], [39.1907644, 56.1466014], [39.192245, 56.1433021], [39.1974806, 56.1425012], [39.1991597, 56.1378715], [39.2076087, 56.1415926], [39.199326, 56.1407438], [39.1986636, 56.142607], [39.2120699, 56.1460651], [39.2119269, 56.1481216], [39.2188763, 56.1496913], [39.2166424, 56.1529721], [39.2133379, 56.1563781], [39.2168144, 56.1573551], [39.207158, 56.1651726], [39.2052269, 56.1721016], [39.2036819, 56.1739889], [39.2027806, 56.179746], [39.1955709, 56.1803909], [39.1961288, 56.1815971], [39.1933001, 56.1870052], [39.1896582, 56.1888865], [39.166034, 56.1761888], [39.1473341, 56.1859678], [39.145081, 56.1849647], [39.1374849, 56.1893351], [39.1489287, 56.1936816], [39.1372904, 56.206626], [39.1296744, 56.2073843], [39.1248679, 56.2069308], [39.1175078, 56.2086135], [39.1192137, 56.2102246], [39.1137982, 56.2096578], [39.1208553, 56.2179926], [39.1220999, 56.218434], [39.1227747, 56.2226363], [39.1186534, 56.2246825], [39.1252743, 56.228281], [39.1242988, 56.2341871], [39.1222745, 56.2369027], [39.1200523, 56.2380841], [39.1221641, 56.2387808], [39.1218782, 56.2419127], [39.118543, 56.2443612], [39.1172123, 56.2472793], [39.1215068, 56.2493729], [39.1203385, 56.2506359], [39.1175291, 56.2512135], [39.1138164, 56.2538731], [39.1057393, 56.261557], [39.1087775, 56.2649902], [39.1085876, 56.2686223], [39.1091361, 56.2722658], [39.1283163, 56.2813741], [39.1465027, 56.2858085], [39.1462341, 56.287978], [39.1644496, 56.3073159], [39.1634112, 56.3126156], [39.1580884, 56.311385], [39.1577696, 56.3106172], [39.1568844, 56.3102904], [39.1542811, 56.3101658], [39.1533001, 56.31147], [39.1519957, 56.3101886], [39.1515024, 56.3102767], [39.1495924, 56.3133167], [39.1503953, 56.3141223], [39.1483675, 56.3150509], [39.148932, 56.3160798], [39.1506488, 56.3158162], [39.1515435, 56.3166908], [39.1471069, 56.3186817], [39.1439089, 56.3183473], [39.1435417, 56.317782], [39.1438212, 56.3173808], [39.1429909, 56.3166209], [39.1409905, 56.3168094], [39.1413686, 56.3172668], [39.1410234, 56.3173793], [39.1398012, 56.3171057], [39.1384036, 56.3151634], [39.137798, 56.3149749], [39.1366553, 56.315016], [39.1373732, 56.3156437], [39.1365183, 56.3159841], [39.1356578, 56.3153275], [39.1361058, 56.3139239], [39.1318542, 56.313259], [39.1320981, 56.3127787], [39.1274039, 56.3153214], [39.1265873, 56.3152576], [39.1273326, 56.3143366], [39.1263789, 56.3134703], [39.1250253, 56.3141481], [39.1251896, 56.3145798], [39.1235071, 56.314142], [39.1227946, 56.3133578], [39.1222137, 56.3139748], [39.1197115, 56.3144243], [39.1267061, 56.3301719], [39.1236651, 56.3354724], [39.1210597, 56.3344376], [39.1149626, 56.3383966], [39.1103312, 56.3355207], [39.1000191, 56.3316164], [39.0769957, 56.3299592], [39.0743759, 56.3340555], [39.0690945, 56.3341951], [39.0695815, 56.333429], [39.05655, 56.3338759], [39.054921, 56.3333732], [39.0573604, 56.3311629], [39.0606154, 56.3195717], [39.0572363, 56.3197537], [39.0567894, 56.3187428], [39.0582203, 56.31675], [39.0573029, 56.3164591], [39.0572821, 56.3157553], [39.0552888, 56.3159348], [39.05553, 56.3151901], [39.0530429, 56.3152359], [39.0484691, 56.3165537], [39.0495717, 56.3182683], [39.0530375, 56.3186678], [39.0556128, 56.3197525], [39.0544598, 56.3213794], [39.0547013, 56.3219259], [39.0527958, 56.3227064], [39.0534229, 56.3253349], [39.0523369, 56.3284899], [39.0515811, 56.328075], [39.0513803, 56.3297223], [39.0356821, 56.3304499], [39.0262009, 56.3265938], [39.0158995, 56.3313593], [39.007829, 56.3274123], [39.0068283, 56.3273305], [39.0043678, 56.3296769], [39.0050404, 56.3302953], [39.0043186, 56.3306772], [39.0030391, 56.3296678], [39.0069104, 56.3264846], [39.0076813, 56.3244109], [39.0113229, 56.3217549], [39.015473, 56.3195263], [39.0160471, 56.317907], [39.0201152, 56.3176796], [39.0207291, 56.318425], [39.0254014, 56.3182097], [39.026554, 56.3237174], [39.0280155, 56.3228041], [39.028781, 56.3213634], [39.0277592, 56.3184938], [39.0298713, 56.3172595], [39.031614, 56.3170018], [39.031305, 56.3147771], [39.0327172, 56.3147451], [39.0326784, 56.3140122], [39.0334433, 56.3140236], [39.0345308, 56.3149894], [39.037131, 56.3147164], [39.0354197, 56.3132945], [39.028645, 56.3131444], [39.0278531, 56.3136956], [39.0257189, 56.3130522], [39.0213044, 56.3134628], [39.0217297, 56.3144036], [39.0180708, 56.314424], [39.0148472, 56.3153159], [39.0147375, 56.3156946], [39.0171767, 56.3162149], [39.0168761, 56.3167441], [39.0141045, 56.3174803], [39.0121769, 56.3174376], [39.0098414, 56.3167549], [39.0100749, 56.3147351], [39.0096312, 56.3131469], [39.0102662, 56.3117152], [39.0113214, 56.3110025], [39.0113034, 56.3102022], [39.010147, 56.310223], [39.0102883, 56.3106991], [39.0093925, 56.3120029], [39.008774, 56.3120307], [39.0081369, 56.3116173], [39.0075611, 56.3101993], [39.0049555, 56.3090979], [39.0053185, 56.3080352], [39.0040177, 56.3074573], [39.001766, 56.3118164], [38.9984026, 56.3143433], [39.0008793, 56.3173703], [38.994122, 56.3188117], [38.9914924, 56.3184386], [38.9853007, 56.3170651], [38.975287, 56.3127407], [38.9682545, 56.3151913], [38.9678876, 56.321762], [38.9681933, 56.3229658], [38.9496981, 56.3316587], [38.9494994, 56.3325571], [38.9300801, 56.3290606], [38.9140768, 56.328493], [38.9136546, 56.3265905], [38.911731, 56.3233549], [38.914047, 56.3222504], [38.9135632, 56.3154128], [38.9154473, 56.3145369], [38.9181573, 56.3031437], [38.914021, 56.2995562], [38.9142587, 56.2961003], [38.9161604, 56.2922747], [38.9055964, 56.2898326], [38.9028112, 56.2899062], [38.8946595, 56.2918767], [38.890009, 56.2832193], [38.8822907, 56.2858339], [38.8797486, 56.2808851], [38.8797716, 56.2768842], [38.893111, 56.2690447], [38.8874275, 56.2651872], [38.8878262, 56.2604892], [38.884917, 56.2603692], [38.8852088, 56.2628728], [38.8576168, 56.2694599], [38.8541964, 56.2673687], [38.8557871, 56.263242], [38.8510499, 56.2637217], [38.8480703, 56.262955], [38.8479581, 56.2601934], [38.8282886, 56.2674337], [38.8256082, 56.2691256], [38.8261886, 56.2729391], [38.8246209, 56.2732965], [38.8311824, 56.2793621], [38.8272439, 56.2813341], [38.829329, 56.2834776], [38.8208791, 56.2827997], [38.8206381, 56.2789657], [38.8135937, 56.2782381], [38.8075869, 56.2731144], [38.7979213, 56.2735692], [38.7939341, 56.274434], [38.7973224, 56.276858], [38.7987672, 56.2809555], [38.8041421, 56.2841092], [38.8041873, 56.285746], [38.7975687, 56.2871818], [38.7895374, 56.2875999], [38.7878852, 56.2850949], [38.7830041, 56.2854241], [38.7803254, 56.2817895], [38.7819921, 56.2788155], [38.7710989, 56.2774936], [38.7624081, 56.2778241], [38.7606818, 56.2754777], [38.7584198, 56.2767335], [38.7559793, 56.2767996], [38.7517529, 56.2754116], [38.7475861, 56.2754281], [38.7462926, 56.2746347], [38.7445004, 56.2744854], [38.7436462, 56.2728616], [38.7445511, 56.2714549], [38.7443339, 56.2707917], [38.7454144, 56.270704], [38.7567615, 56.2655209], [38.7580061, 56.2664265], [38.7604522, 56.2651157], [38.7586413, 56.2633962], [38.7607956, 56.2626251], [38.7596082, 56.2620704], [38.7589693, 56.2610215], [38.7549247, 56.2614263], [38.752595, 56.2592121], [38.7494076, 56.2587779], [38.7420201, 56.2510278], [38.7395882, 56.2504067], [38.7377971, 56.2416752], [38.7334101, 56.2385593], [38.7194688, 56.2398036], [38.7188449, 56.2346793], [38.7111256, 56.2340753], [38.7109731, 56.2330169], [38.7032191, 56.2336628], [38.7034548, 56.2317692], [38.6989061, 56.2291319], [38.699663, 56.2244927], [38.701681, 56.2245255], [38.7045932, 56.2227879], [38.7047696, 56.2220609], [38.70307, 56.2168378], [38.7052166, 56.2158548], [38.7077471, 56.2170564], [38.7110138, 56.2146398], [38.7117863, 56.2150037], [38.7135887, 56.2140642], [38.7163399, 56.2151044], [38.7198535, 56.2126235], [38.705053, 56.207536], [38.7155664, 56.1984302], [38.7136853, 56.1971192], [38.7122689, 56.1946305], [38.7107945, 56.195698], [38.7055206, 56.1955434], [38.6996627, 56.1894067], [38.701776, 56.1860123], [38.6982384, 56.1861608], [38.6967269, 56.1868493], [38.6867, 56.1882905], [38.686677, 56.1858927], [38.6897077, 56.1854904], [38.6867979, 56.1782591], [38.6891048, 56.178526], [38.6897925, 56.1778561], [38.6894648, 56.1765558], [38.5770964, 56.1866007], [38.5756859, 56.1873154], [38.5570398, 56.1826002], [38.5505962, 56.1857648], [38.547678, 56.1864813], [38.5460472, 56.187747], [38.5380649, 56.1880336], [38.5366916, 56.1875798], [38.532958, 56.1888216], [38.5329187, 56.191205], [38.53652, 56.1931676], [38.533709, 56.1942541], [38.5349106, 56.1951256], [38.5146871, 56.2023957], [38.5133807, 56.201837], [38.5126354, 56.2009109], [38.5097151, 56.1996923], [38.509472, 56.1982835], [38.5119437, 56.1971875], [38.512586, 56.1963986], [38.5114928, 56.1950938], [38.512106, 56.1938013], [38.511671, 56.1926945], [38.5067517, 56.1908581], [38.5057674, 56.1898619], [38.503745, 56.1898069], [38.5033378, 56.1893892], [38.5018292, 56.1899862], [38.5010911, 56.1894725], [38.5013938, 56.1887942], [38.5033649, 56.1879864], [38.5024651, 56.1875484], [38.5012428, 56.1855444], [38.5020225, 56.1827544], [38.5127924, 56.182147], [38.5216931, 56.1830399], [38.5157173, 56.1721141], [38.5106296, 56.1687123], [38.5125121, 56.1671587], [38.5128076, 56.1657354], [38.513601, 56.1649195], [38.5124499, 56.163314], [38.5110965, 56.1629843], [38.5098833, 56.1616303]]]]}}, {"type": "Feature", "properties": {"rda_code": "VL-23", "rda_name": "PETUSHINSKY AREA / incl. PETUSHKI, KOSTEREVO, POKROV /", "osm_name": "Петушинский муниципальный округ", "match_score": 1.0, "match_reason": "alias:petushinskii"}, "geometry": {"type": "Polygon", "coordinates": [[[39.2808216, 55.9480356], [39.269356, 55.9477415], [39.2716833, 55.945917], [39.2718079, 55.9436168], [39.2698593, 55.9248957], [39.274347, 55.9251604], [39.2774767, 55.9224474], [39.2774767, 55.9212894], [39.2849169, 55.9194034], [39.2888141, 55.9165576], [39.2889913, 55.9147045], [39.2882827, 55.9132152], [39.2904675, 55.9116267], [39.2938924, 55.9109648], [39.2971106, 55.9089645], [39.3014618, 55.9071958], [39.3114928, 55.9083873], [39.3123232, 55.9055946], [39.311061, 55.9049057], [39.3136518, 55.9028202], [39.3164751, 55.9034161], [39.3181027, 55.9030437], [39.318767, 55.9022802], [39.3196638, 55.8998595], [39.3196638, 55.8962653], [39.3221217, 55.8947381], [39.3246793, 55.8938814], [39.3296616, 55.8937696], [39.3268051, 55.8930433], [39.3251775, 55.8912925], [39.3255097, 55.8897465], [39.3266722, 55.8882749], [39.3285655, 55.8871014], [39.3239383, 55.8821621], [39.3241722, 55.8761719], [39.3208204, 55.8731108], [39.3247957, 55.8709242], [39.3261209, 55.86865], [39.3271743, 55.8648631], [39.3335777, 55.862737], [39.3264508, 55.8567633], [39.3263533, 55.8509843], [39.3271684, 55.848], [39.3100779, 55.8423414], [39.2977902, 55.8343434], [39.295963, 55.8320328], [39.3022218, 55.8181152], [39.308908, 55.805798], [39.3210723, 55.8028116], [39.3193536, 55.7845788], [39.3258435, 55.7730178], [39.3519055, 55.7685624], [39.3595612, 55.7697641], [39.3793874, 55.7772764], [39.3813406, 55.7765237], [39.3885397, 55.7830003], [39.3883973, 55.7852469], [39.3896464, 55.7857226], [39.3904175, 55.7850593], [39.3927229, 55.7858472], [39.4027621, 55.7858035], [39.4061717, 55.7781878], [39.4105304, 55.778561], [39.4293878, 55.7819665], [39.4372779, 55.7807799], [39.4361319, 55.7792966], [39.4267545, 55.7753396], [39.4235781, 55.7737691], [39.4236417, 55.773447], [39.4700788, 55.7735567], [39.4700951, 55.7657299], [39.4688573, 55.7511842], [39.4722028, 55.7504125], [39.4702746, 55.7469903], [39.481334, 55.7461358], [39.4828414, 55.7449934], [39.5211385, 55.7452268], [39.5216452, 55.7670703], [39.5234244, 55.7873539], [39.5950282, 55.7886378], [39.594891, 55.798161], [39.627515, 55.7990245], [39.6279091, 55.8054481], [39.6440391, 55.805206], [39.6437894, 55.7956988], [39.6607636, 55.7953936], [39.6606245, 55.7857249], [39.7034096, 55.7874352], [39.7016384, 55.8042351], [39.6963728, 55.8043327], [39.6967644, 55.8140878], [39.7138537, 55.8138684], [39.7143852, 55.8234854], [39.7215491, 55.8234268], [39.7311959, 55.8248826], [39.7321047, 55.8423529], [39.755463, 55.841792], [39.7635376, 55.8467658], [39.7389406, 55.8587614], [39.7370986, 55.8648438], [39.7484446, 55.8621942], [39.7629986, 55.8648938], [39.7750066, 55.85673], [39.7850206, 55.8651008], [39.7828896, 55.8736337], [39.7763726, 55.8773886], [39.7846386, 55.8820036], [39.7861706, 55.8875968], [39.7748096, 55.8994765], [39.7924536, 55.9041325], [39.7928886, 55.9096847], [39.8021886, 55.9149509], [39.8109756, 55.929117], [39.8089916, 55.9456527], [39.8092106, 55.9484293], [39.8077426, 55.951451], [39.8122876, 55.9550018], [39.8312076, 55.9584676], [39.8267464, 55.9698044], [39.8031006, 55.9992606], [39.8117616, 56.005424], [39.8076189, 56.0565568], [39.7602856, 56.0558032], [39.7570736, 56.086749], [39.7511076, 56.0902178], [39.7552156, 56.0974454], [39.7482106, 56.1048731], [39.7504096, 56.1095691], [39.7305876, 56.1174409], [39.7253902, 56.134631], [39.7070415, 56.1332948], [39.7014232, 56.1433891], [39.6880007, 56.143618], [39.696284, 56.1583598], [39.6879336, 56.1662827], [39.6861616, 56.1671389], [39.6771806, 56.1634161], [39.6650946, 56.1623428], [39.6706176, 56.1447119], [39.6521366, 56.1415492], [39.6364036, 56.1341826], [39.6174446, 56.1393017], [39.6054456, 56.1376113], [39.5990736, 56.1309058], [39.5945006, 56.1319611], [39.5883036, 56.1458732], [39.5965006, 56.1557254], [39.5818906, 56.1702366], [39.5600406, 56.162931], [39.5298947, 56.167106], [39.5275253, 56.161273], [39.5154908, 56.1595021], [39.5143684, 56.1616896], [39.508133, 56.1636688], [39.5048905, 56.1591895], [39.5112507, 56.1581478], [39.5143684, 56.1501948], [39.5106895, 56.1496738], [39.5038305, 56.1504032], [39.490736, 56.1486665], [39.4811957, 56.1464782], [39.4813204, 56.1451234], [39.4776489, 56.1442162], [39.4772674, 56.1435255], [39.4788922, 56.1412169], [39.4724661, 56.1397388], [39.4689082, 56.1415634], [39.4685589, 56.1433738], [39.4691877, 56.1464566], [39.4685192, 56.1506106], [39.4732311, 56.1520803], [39.4727779, 56.1528691], [39.4710322, 56.1523253], [39.46431, 56.1537949], [39.4642353, 56.1546403], [39.4586857, 56.1525913], [39.4482296, 56.1449519], [39.4510356, 56.1426461], [39.4453184, 56.1420208], [39.4398512, 56.1395748], [39.4379042, 56.1352924], [39.4402911, 56.1318514], [39.4369707, 56.1285675], [39.4358015, 56.1267429], [39.4366901, 56.125179], [39.4390284, 56.1233282], [39.443705, 56.1218162], [39.4365872, 56.1204898], [39.4346118, 56.1187768], [39.4242956, 56.1219088], [39.4065306, 56.1304297], [39.3874046, 56.1281252], [39.3706506, 56.1246825], [39.3475441, 56.1148961], [39.3444393, 56.1075182], [39.335129, 56.1073494], [39.3299391, 56.104512], [39.3290063, 56.1018373], [39.3276213, 56.1009908], [39.3269248, 56.0999327], [39.3270224, 56.0991709], [39.3240076, 56.0964183], [39.3274406, 56.0950985], [39.3278791, 56.0944695], [39.332891, 56.0946617], [39.3343006, 56.0942074], [39.3343319, 56.0934036], [39.3380907, 56.0930192], [39.3650293, 56.0972302], [39.3646848, 56.0950286], [39.3690701, 56.0943821], [39.3740506, 56.0946093], [39.3750217, 56.0963216], [39.3798455, 56.0960945], [39.3807226, 56.0955703], [39.3819129, 56.0937007], [39.3780914, 56.0928794], [39.3784673, 56.0919882], [39.3753349, 56.0913766], [39.374959, 56.09246], [39.3735808, 56.0920406], [39.3703544, 56.0907475], [39.3695713, 56.0894718], [39.367316, 56.0896815], [39.3668774, 56.0883534], [39.3671907, 56.0865008], [39.3613781, 56.0857713], [39.3623083, 56.0848554], [39.3616517, 56.0824433], [39.3621989, 56.0801532], [39.3609403, 56.0812525], [39.3605573, 56.0823517], [39.3577119, 56.0815273], [39.3561797, 56.0817105], [39.3542645, 56.0828708], [39.3496681, 56.0820464], [39.3487378, 56.0831151], [39.3463849, 56.0829624], [39.346166, 56.0848859], [39.3438131, 56.0877863], [39.3405846, 56.0879085], [39.3353862, 56.0889159], [39.3295859, 56.0873895], [39.3286557, 56.0867789], [39.3288746, 56.0855576], [39.3312823, 56.0843058], [39.3363165, 56.0837868], [39.3373561, 56.0821685], [39.335441, 56.0832372], [39.3290387, 56.084428], [39.32685, 56.0859545], [39.3250442, 56.0859545], [39.3235121, 56.0838173], [39.3218157, 56.0837868], [39.3186967, 56.0848859], [39.3148477, 56.0826161], [39.3135818, 56.0812262], [39.3104375, 56.0803375], [39.3067215, 56.0778992], [39.3037814, 56.0780131], [39.3034139, 56.0814768], [39.3088858, 56.0819098], [39.3123159, 56.0844389], [39.3083141, 56.0835959], [39.3056598, 56.0823427], [39.302638, 56.0825705], [39.2989221, 56.0816819], [39.2970437, 56.0817275], [39.2921435, 56.0798362], [39.286835, 56.0799045], [39.2858958, 56.0788335], [39.2842624, 56.0787424], [39.2814856, 56.077375], [39.2821798, 56.0769421], [39.2814039, 56.0765091], [39.2816898, 56.0760077], [39.2807914, 56.0748226], [39.2819348, 56.0732728], [39.2819348, 56.0724979], [39.2839765, 56.07227], [39.2844257, 56.0716546], [39.2855691, 56.0721333], [39.2857733, 56.0715179], [39.2851199, 56.0708113], [39.2855282, 56.0695577], [39.284344, 56.0683724], [39.2841399, 56.0669591], [39.2852016, 56.0666172], [39.2843849, 56.0657966], [39.2821389, 56.0649759], [39.2811181, 56.0639729], [39.2739311, 56.0646112], [39.2731144, 56.0641097], [39.2731144, 56.0626962], [39.2707052, 56.0625367], [39.2691126, 56.061602], [39.2689493, 56.0619895], [39.2668667, 56.0620123], [39.2658458, 56.0616475], [39.2664584, 56.0610548], [39.2658458, 56.0605076], [39.2635999, 56.0602112], [39.2631099, 56.0593449], [39.2635999, 56.0583645], [39.2622115, 56.0582505], [39.2623749, 56.0578401], [39.2611907, 56.0569737], [39.2618849, 56.0568368], [39.2616807, 56.0564948], [39.2573522, 56.0562668], [39.2534729, 56.0546251], [39.2601466, 56.0493701], [39.2554515, 56.0473934], [39.2516231, 56.0465865], [39.248156, 56.0435607], [39.2448333, 56.0415433], [39.251262, 56.0392433], [39.2540791, 56.0377503], [39.2629637, 56.030809], [39.2659975, 56.0277819], [39.271126, 56.0186184], [39.2699703, 56.0178917], [39.2631804, 56.0168824], [39.258413, 56.0177302], [39.2588464, 56.016519], [39.2571851, 56.0160749], [39.2540068, 56.0159941], [39.2524177, 56.0154289], [39.2499618, 56.0155904], [39.2453389, 56.0147829], [39.2428107, 56.0150251], [39.240716, 56.0138946], [39.2406438, 56.0129255], [39.2415828, 56.0120372], [39.2436053, 56.0126832], [39.2444721, 56.0121179], [39.2508286, 56.0141368], [39.252201, 56.0135312], [39.254368, 56.0137331], [39.2550181, 56.0143791], [39.2597132, 56.0145406], [39.2586658, 56.0068379], [39.265546, 56.0065351], [39.2632165, 55.9803869], [39.2643542, 55.9809021], [39.2678755, 55.9799625], [39.2710176, 55.9826297], [39.2780603, 55.9803263], [39.2789271, 55.9813568], [39.2776269, 55.9842966], [39.2855364, 55.9845694], [39.2866199, 55.9826903], [39.2817442, 55.9807809], [39.2797397, 55.9787501], [39.2799564, 55.9762949], [39.2793605, 55.9728391], [39.2773561, 55.9711111], [39.2744848, 55.9668059], [39.2756225, 55.9663208], [39.2772477, 55.966442], [39.282611, 55.9682612], [39.2834236, 55.9692617], [39.2847238, 55.9697165], [39.2861323, 55.9716871], [39.2898162, 55.9734454], [39.2929583, 55.9761736], [39.2996218, 55.9779014], [39.3014096, 55.9765071], [39.2972381, 55.9759615], [39.2918749, 55.9738698], [39.2923083, 55.9730816], [39.2877034, 55.9707776], [39.2847238, 55.9681096], [39.2795163, 55.9653922], [39.2789982, 55.9643688], [39.2718675, 55.9609745], [39.2713495, 55.9597122], [39.2731809, 55.9572896], [39.2782487, 55.9532522], [39.2835503, 55.9553692], [39.2834724, 55.9559802], [39.2818351, 55.9559802], [39.2816402, 55.9582935], [39.2860452, 55.9583808], [39.2862791, 55.9561112], [39.284252, 55.9561112], [39.284252, 55.9551946], [39.2787555, 55.9529903], [39.2818741, 55.9502183], [39.2839402, 55.9511569], [39.2833944, 55.9516371], [39.2841741, 55.9519426], [39.2851486, 55.9512005], [39.282147, 55.9498473], [39.2808216, 55.9480356]]]}}, {"type": "Feature", "properties": {"rda_code": "VL-25", "rda_name": "SOBINSKY AREA / incl. SOBINKA, LAKINSK/", "osm_name": "Собинский муниципальный округ", "match_score": 1.0, "match_reason": "alias:sobinsky"}, "geometry": {"type": "Polygon", "coordinates": [[[39.6861616, 56.1671389], [39.6879336, 56.1662827], [39.696284, 56.1583598], [39.6880007, 56.143618], [39.7014232, 56.1433891], [39.7070415, 56.1332948], [39.7253902, 56.134631], [39.7305876, 56.1174409], [39.7504096, 56.1095691], [39.7482106, 56.1048731], [39.7552156, 56.0974454], [39.7511076, 56.0902178], [39.7570736, 56.086749], [39.7602856, 56.0558032], [39.8076189, 56.0565568], [39.8117616, 56.005424], [39.8031006, 55.9992606], [39.8267464, 55.9698044], [39.8312076, 55.9584676], [39.8122876, 55.9550018], [39.8077426, 55.951451], [39.8092106, 55.9484293], [39.8089916, 55.9456527], [39.8109756, 55.929117], [39.8021886, 55.9149509], [39.7928886, 55.9096847], [39.7924536, 55.9041325], [39.7748096, 55.8994765], [39.7861706, 55.8875968], [39.7846386, 55.8820036], [39.7763726, 55.8773886], [39.7828896, 55.8736337], [39.7850206, 55.8651008], [39.7750066, 55.85673], [39.7629986, 55.8648938], [39.7484446, 55.8621942], [39.7370986, 55.8648438], [39.7389406, 55.8587614], [39.7635376, 55.8467658], [39.755463, 55.841792], [39.7622127, 55.840334], [39.77194, 55.8391842], [39.7841414, 55.8417309], [39.7876173, 55.8413507], [39.7903804, 55.8402188], [39.7919186, 55.8378129], [39.7920037, 55.8361346], [39.7894597, 55.8330671], [39.7888809, 55.8315115], [39.7901324, 55.830139], [39.7917232, 55.8296956], [39.7957002, 55.8297147], [39.798899, 55.830689], [39.8019587, 55.8349366], [39.8052028, 55.8362683], [39.8161062, 55.8353842], [39.8201, 55.8357097], [39.8223486, 55.8375868], [39.8227055, 55.838248], [39.8224556, 55.8399499], [39.8238459, 55.8407734], [39.8287157, 55.8392578], [39.8321432, 55.8410443], [39.8338247, 55.840997], [39.8335971, 55.838505], [39.8346955, 55.8360925], [39.836252, 55.835779], [39.8480192, 55.8397775], [39.8507788, 55.8411567], [39.85193, 55.8426944], [39.8564479, 55.840627], [39.8568447, 55.8399935], [39.8540706, 55.838491], [39.8659984, 55.8324309], [39.8891021, 55.8331955], [39.8923452, 55.8277056], [39.8956819, 55.8267505], [39.8970851, 55.8240836], [39.8999513, 55.8233429], [39.9019591, 55.8213414], [39.9004767, 55.8139274], [39.8973997, 55.8112683], [39.9092404, 55.8029286], [39.9095784, 55.7976043], [39.9060604, 55.7969352], [39.9080987, 55.7932964], [39.9009903, 55.7899392], [39.900544, 55.7872583], [39.896797, 55.7829849], [39.9037451, 55.7736916], [39.8907164, 55.7669876], [39.8864814, 55.7609851], [39.8976515, 55.7544429], [39.9030523, 55.7418959], [39.9089534, 55.7425642], [39.9259402, 55.7331675], [39.9333368, 55.7202789], [39.936197, 55.7195043], [39.9583818, 55.722522], [40.0356529, 55.7600292], [40.0432881, 55.7440694], [40.0830463, 55.7445035], [40.0863719, 55.7682405], [40.1548691, 55.7656127], [40.1581616, 55.7764812], [40.1737577, 55.7807693], [40.1820756, 55.7876878], [40.1804294, 55.7951895], [40.1845017, 55.8046376], [40.1897004, 55.8107728], [40.2090222, 55.804102], [40.2163004, 55.7970403], [40.2334336, 55.7952641], [40.2396079, 55.7955304], [40.2433337, 55.7966994], [40.2531768, 55.7951917], [40.259103, 55.7937769], [40.258462, 55.7912093], [40.2640418, 55.7886621], [40.2695871, 55.793095], [40.276432, 55.7965533], [40.2718399, 55.7890031], [40.2695004, 55.7765787], [40.2796379, 55.7774558], [40.2809376, 55.7960175], [40.282866, 55.8001863], [40.2835938, 55.8042993], [40.2778002, 55.8197021], [40.2722087, 55.8222815], [40.2650186, 55.8322722], [40.2675241, 55.8319781], [40.2687189, 55.8353388], [40.2876824, 55.8350725], [40.2875987, 55.8503662], [40.286773, 55.8643171], [40.2695985, 55.8639493], [40.2692358, 55.8830989], [40.2855442, 55.8833919], [40.2832961, 55.959448], [40.2578528, 55.9594759], [40.2607572, 55.9608821], [40.2587215, 55.9638108], [40.2579028, 55.9664945], [40.2538722, 55.9693568], [40.2648087, 55.972248], [40.2597994, 55.9762924], [40.2811871, 55.9850653], [40.2831972, 55.9820472], [40.2886451, 55.980154], [40.3054407, 55.9861727], [40.3090802, 55.9885164], [40.3128643, 55.9899896], [40.3130851, 55.9921207], [40.3119288, 55.9921467], [40.3056808, 55.9960014], [40.3033852, 55.9963614], [40.3035233, 55.9973162], [40.2968038, 56.0004795], [40.2953526, 56.0031508], [40.2929545, 56.0048295], [40.2950474, 56.0056022], [40.2946572, 56.0095356], [40.2834524, 56.0080735], [40.278246, 56.0065711], [40.2750549, 56.0076576], [40.2733514, 56.0096563], [40.271384, 56.0106757], [40.2699924, 56.0092807], [40.2652418, 56.0070003], [40.2639221, 56.0089856], [40.2640661, 56.0101928], [40.2720798, 56.0114804], [40.2715519, 56.0131436], [40.2723677, 56.0132107], [40.2756307, 56.0176364], [40.2639461, 56.0177973], [40.2614749, 56.0186958], [40.2607827, 56.0174056], [40.2580603, 56.0178411], [40.2565593, 56.0184594], [40.2556446, 56.0197954], [40.253989, 56.0195809], [40.2511339, 56.0207744], [40.2511756, 56.022021], [40.2528072, 56.0223428], [40.2529511, 56.0231876], [40.2540308, 56.023563], [40.2557583, 56.022973], [40.2561902, 56.021793], [40.256646, 56.0217528], [40.2570059, 56.0228121], [40.2570152, 56.0242559], [40.2523993, 56.0237239], [40.2514396, 56.0262312], [40.2501026, 56.0260488], [40.250072, 56.025172], [40.2483685, 56.02481], [40.2495441, 56.0235496], [40.2483685, 56.022973], [40.2460651, 56.023201], [40.2447935, 56.0240591], [40.2440017, 56.0251586], [40.2447215, 56.0264055], [40.2460411, 56.0263519], [40.2475287, 56.0253999], [40.2492082, 56.0264189], [40.2475287, 56.0274781], [40.2496594, 56.0284723], [40.2517035, 56.0285238], [40.2544147, 56.0275317], [40.256718, 56.028001], [40.2583016, 56.0274781], [40.2587574, 56.0295561], [40.2538629, 56.0292344], [40.2524713, 56.031996], [40.2504079, 56.031862], [40.2493042, 56.0369156], [40.2526159, 56.0375145], [40.2564545, 56.042231], [40.2585402, 56.0439713], [40.2586345, 56.0460859], [40.2570487, 56.0495152], [40.2556324, 56.0493745], [40.2529349, 56.0519726], [40.2529349, 56.054243], [40.248791, 56.0557274], [40.2488301, 56.0563823], [40.2465626, 56.0574956], [40.244217, 56.0569935], [40.2378055, 56.0588708], [40.228032, 56.0606388], [40.2260618, 56.0605592], [40.2261522, 56.0630759], [40.2294141, 56.0633074], [40.2313768, 56.0642334], [40.2346941, 56.0648044], [40.2409692, 56.0682148], [40.238039, 56.0725969], [40.2359657, 56.0733066], [40.23439, 56.0721803], [40.2388683, 56.0692178], [40.2375414, 56.0676901], [40.2335054, 56.0651439], [40.2260416, 56.0637859], [40.2263472, 56.0745217], [40.2214004, 56.0751537], [40.2183249, 56.0743301], [40.2150051, 56.0754438], [40.2141286, 56.0763806], [40.2161055, 56.0773798], [40.2104964, 56.0843639], [40.2145575, 56.0855598], [40.2134228, 56.0869482], [40.2138301, 56.0871837], [40.2194812, 56.0886009], [40.2256825, 56.0910798], [40.2262297, 56.091725], [40.2262603, 56.0928259], [40.2224941, 56.0982316], [40.2203842, 56.0986798], [40.2199385, 56.0979096], [40.2190526, 56.0980149], [40.2182241, 56.096633], [40.2155843, 56.0971758], [40.2161667, 56.0961784], [40.2157579, 56.0956193], [40.2160612, 56.094332], [40.2151645, 56.0928091], [40.210064, 56.0893881], [40.2063582, 56.0899104], [40.2054219, 56.0893954], [40.2048334, 56.0884798], [40.2071495, 56.0874457], [40.2070967, 56.0865038], [40.205989, 56.0848041], [40.2031382, 56.0841764], [40.1984281, 56.0844289], [40.1983642, 56.0849122], [40.195748, 56.0853707], [40.1967157, 56.0862146], [40.193854, 56.0862662], [40.1919738, 56.0875282], [40.1847915, 56.0852037], [40.1830099, 56.0868163], [40.183608, 56.0870602], [40.1819916, 56.0887153], [40.1900881, 56.0909997], [40.1888501, 56.095882], [40.1878591, 56.0972466], [40.1889081, 56.0972766], [40.1949467, 56.0997937], [40.1935779, 56.10089], [40.1868066, 56.0989997], [40.1838361, 56.1019158], [40.1901373, 56.1038246], [40.1952407, 56.0998826], [40.2012423, 56.100683], [40.2062052, 56.1019309], [40.2048626, 56.1104974], [40.1976573, 56.1134428], [40.1928144, 56.1133528], [40.1919973, 56.1122985], [40.1880064, 56.1111511], [40.1869098, 56.1091914], [40.1854491, 56.1093667], [40.1857814, 56.1101514], [40.1863301, 56.1101419], [40.1866361, 56.1116289], [40.1817705, 56.1121063], [40.1822825, 56.1127345], [40.1834748, 56.1129416], [40.1835037, 56.1137924], [40.1788274, 56.1136242], [40.1766334, 56.1140968], [40.1726849, 56.1177802], [40.1710429, 56.1201122], [40.170437, 56.1199705], [40.1703001, 56.1192077], [40.1692446, 56.1194584], [40.1673876, 56.1189571], [40.1649638, 56.1213217], [40.1705347, 56.1233374], [40.1700508, 56.1246359], [40.168944, 56.1254891], [40.1660946, 56.1246965], [40.1650224, 56.1253748], [40.165257, 56.1267912], [40.1664298, 56.1271931], [40.1665466, 56.1284728], [40.1680858, 56.1286768], [40.1681304, 56.1270853], [40.1693619, 56.1255492], [40.1702945, 56.1248415], [40.1733455, 56.1241932], [40.1755319, 56.1224945], [40.1790975, 56.1183396], [40.1803887, 56.1180917], [40.1810651, 56.1171948], [40.1822842, 56.117276], [40.1811862, 56.1166886], [40.1844307, 56.1156453], [40.1863678, 56.1156116], [40.1863733, 56.1160673], [40.1884398, 56.1158078], [40.1886034, 56.1152589], [40.1900738, 56.1147699], [40.1900784, 56.1138134], [40.196001, 56.11417], [40.1986808, 56.1137311], [40.2052518, 56.1110047], [40.204527, 56.1159543], [40.2076936, 56.1194257], [40.2121571, 56.1210033], [40.2138033, 56.1206513], [40.2137825, 56.1183127], [40.2209405, 56.1158295], [40.2262214, 56.1159345], [40.2295949, 56.1147964], [40.2391139, 56.1198496], [40.2397863, 56.1211384], [40.2340266, 56.1299317], [40.2317779, 56.1307527], [40.2301149, 56.1306352], [40.2268338, 56.1327734], [40.2262358, 56.1349013], [40.2266236, 56.1356396], [40.2280986, 56.1362358], [40.227949, 56.1375357], [40.2233564, 56.1380082], [40.224162, 56.1406128], [40.2172598, 56.1424404], [40.2172514, 56.1446744], [40.2195118, 56.1447965], [40.2192276, 56.1465506], [40.2170763, 56.1466482], [40.2150338, 56.1481755], [40.2074943, 56.1448891], [40.2066938, 56.146565], [40.1984893, 56.1470576], [40.1982799, 56.1489609], [40.1970889, 56.1507267], [40.1962628, 56.1550744], [40.2137066, 56.1520361], [40.2140662, 56.1525285], [40.2130127, 56.1542364], [40.2134941, 56.1551914], [40.2180081, 56.1572688], [40.2178435, 56.1580514], [40.2216483, 56.1589407], [40.2299962, 56.1583383], [40.2309934, 56.1590785], [40.2326281, 56.167855], [40.23832, 56.1730209], [40.2469337, 56.174669], [40.2165416, 56.1792294], [40.2089756, 56.1823571], [40.1793256, 56.1742843], [40.1653756, 56.1897988], [40.1377036, 56.1888556], [40.1319296, 56.1957301], [40.1250096, 56.1881134], [40.1054006, 56.1797526], [40.1053646, 56.1849787], [40.0934316, 56.1873342], [40.0974306, 56.2108405], [40.0941406, 56.2153395], [40.0861086, 56.217522], [40.0847916, 56.2193214], [40.0679256, 56.2258088], [40.0647006, 56.2296947], [40.0653746, 56.2432477], [40.0685876, 56.249201], [40.0810906, 56.2517866], [40.0871066, 56.2673681], [40.0776246, 56.2870274], [40.0894426, 56.2957374], [40.0721936, 56.3052885], [40.0594626, 56.3045393], [40.0641556, 56.2976298], [40.0630176, 56.2929788], [40.0202155, 56.2800532], [40.0086, 56.2697185], [39.9925426, 56.2619158], [39.9875306, 56.2475937], [39.9809526, 56.2467465], [39.9378564, 56.2467174], [39.914947, 56.2497879], [39.922141, 56.2543373], [39.9169446, 56.2612325], [39.9023159, 56.2608049], [39.9038621, 56.2685936], [39.8923758, 56.2719049], [39.8923704, 56.2854581], [39.875853, 56.2876047], [39.8664444, 56.2904473], [39.8629278, 56.2943779], [39.8556767, 56.29706], [39.8403093, 56.2943918], [39.8237841, 56.2827973], [39.7967171, 56.2808829], [39.8030721, 56.2928035], [39.8018861, 56.2979877], [39.7805821, 56.2944369], [39.7559451, 56.2953711], [39.740118, 56.3035979], [39.7320733, 56.2944631], [39.729025, 56.2903645], [39.7262655, 56.285491], [39.7289513, 56.2837166], [39.7288407, 56.2823665], [39.7152048, 56.2775996], [39.7158986, 56.2769261], [39.713852, 56.2759468], [39.7121144, 56.2711866], [39.7145584, 56.2699045], [39.7173631, 56.2722627], [39.7183781, 56.2743539], [39.7219841, 56.273909], [39.7352438, 56.2698613], [39.7325326, 56.2674302], [39.7390121, 56.2562954], [39.7331141, 56.249924], [39.7357921, 56.2417191], [39.7298961, 56.2353477], [39.7544201, 56.2350306], [39.7597431, 56.2324601], [39.7612321, 56.2248264], [39.7497221, 56.2188621], [39.7508061, 56.2149953], [39.7499422, 56.2123666], [39.7242718, 56.2227992], [39.7092619, 56.2239372], [39.6914207, 56.206637], [39.6784356, 56.1999873], [39.6941035, 56.1955817], [39.6919146, 56.1675979], [39.6861616, 56.1671389]]]}}, {"type": "Feature", "properties": {"rda_code": "VL-16", "rda_name": "GUS-KHRUSTALNY AREA", "osm_name": "Гусь-Хрустальный муниципальный округ", "match_score": 1.0, "match_reason": "force_name:гусь-хрустальный муниципальный округ"}, "geometry": {"type": "Polygon", "coordinates": [[[40.0356529, 55.7600292], [39.9583818, 55.722522], [39.9756729, 55.706544], [39.9942816, 55.6876581], [40.0144231, 55.6869003], [40.0434894, 55.6671862], [40.0535896, 55.6553441], [40.0469859, 55.6365725], [40.0414473, 55.6353208], [40.0877359, 55.6106476], [40.0931957, 55.6072894], [40.0757489, 55.5875699], [40.0756778, 55.5823638], [40.0748379, 55.57724], [40.0698077, 55.578069], [40.0643067, 55.5782684], [40.0593051, 55.5802037], [40.0537024, 55.5805296], [40.0468293, 55.5818841], [40.0484592, 55.5801192], [40.0481486, 55.579121], [40.0496828, 55.576131], [40.049082, 55.5755184], [40.0494146, 55.5748694], [40.0489426, 55.5740566], [40.0489426, 55.5713271], [40.049833, 55.5704172], [40.0497258, 55.5699744], [40.0480413, 55.5694588], [40.0478583, 55.5678913], [40.0489941, 55.5669383], [40.049367, 55.5613688], [40.0488709, 55.5264979], [40.060872, 55.52649], [40.0632389, 55.5255253], [40.0732122, 55.526866], [40.0768285, 55.5253666], [40.1029727, 55.5287066], [40.1078472, 55.5276052], [40.1145345, 55.5283072], [40.11895, 55.529302], [40.1337684, 55.5279175], [40.1346295, 55.5260499], [40.142822, 55.5237824], [40.1575354, 55.5271377], [40.167802, 55.5266203], [40.1729775, 55.5218966], [40.1721767, 55.5210011], [40.1725828, 55.5207674], [40.1724367, 55.5200969], [40.1695886, 55.5192753], [40.1694931, 55.5180994], [40.1664781, 55.5164139], [40.1682318, 55.5152508], [40.167288, 55.5135935], [40.167672, 55.5127386], [40.1718304, 55.5117919], [40.1704098, 55.5097948], [40.17164, 55.5081109], [40.1710941, 55.5077403], [40.1711944, 55.5061922], [40.172635, 55.5058888], [40.1759822, 55.5066245], [40.1917497, 55.5037343], [40.2001031, 55.4983198], [40.2003998, 55.4966489], [40.1980612, 55.4945702], [40.1962338, 55.490908], [40.1956093, 55.48767], [40.1965454, 55.4860589], [40.1960564, 55.4852052], [40.1970211, 55.4832284], [40.1964209, 55.4824559], [40.1966142, 55.4811878], [40.1957703, 55.4809574], [40.195328, 55.4772179], [40.189964, 55.4770442], [40.1862173, 55.4722438], [40.1873081, 55.4705863], [40.186747, 55.4676806], [40.1940293, 55.4619133], [40.163063, 55.4602836], [40.1585392, 55.4622774], [40.1534035, 55.4605868], [40.1523369, 55.4567187], [40.1413046, 55.4507267], [40.1453979, 55.4458331], [40.140777, 55.4396051], [40.146332, 55.4344902], [40.1458497, 55.4313262], [40.1457957, 55.4248449], [40.1427424, 55.4207637], [40.1425691, 55.4181067], [40.1446855, 55.4183388], [40.1487302, 55.4169219], [40.1495954, 55.4144846], [40.1788334, 55.3939765], [40.1909226, 55.3650073], [40.1961116, 55.3637299], [40.1990727, 55.3638031], [40.2057002, 55.3664944], [40.2083765, 55.3664944], [40.2132427, 55.361811], [40.2168922, 55.3610203], [40.2195077, 55.3612637], [40.2223055, 55.3623586], [40.2243128, 55.3612638], [40.2254712, 55.360106], [40.2168936, 55.3537843], [40.2097153, 55.3517749], [40.2072824, 55.3515316], [40.2077082, 55.3495244], [40.2123311, 55.344476], [40.213791, 55.3437461], [40.2279581, 55.3457253], [40.2277231, 55.3518138], [40.2373279, 55.3531086], [40.2462376, 55.3509501], [40.2587386, 55.3567345], [40.2779587, 55.3605781], [40.2784098, 55.3467341], [40.2956594, 55.3352121], [40.2993133, 55.3352753], [40.3126436, 55.3391018], [40.3141247, 55.3410767], [40.3182986, 55.3420642], [40.3300468, 55.3484828], [40.3372058, 55.3486063], [40.3445171, 55.3508828], [40.3638667, 55.349775], [40.3553675, 55.338996], [40.3400453, 55.3356462], [40.3331333, 55.3333009], [40.3317756, 55.3323134], [40.334345, 55.3311856], [40.3269538, 55.3219481], [40.3250423, 55.3166377], [40.3257287, 55.308121], [40.3381952, 55.3063932], [40.3434398, 55.304882], [40.3466404, 55.3032068], [40.3498497, 55.3006496], [40.3518474, 55.2965736], [40.3546119, 55.2962722], [40.354612, 55.2933098], [40.3580682, 55.289607], [40.3699175, 55.2899774], [40.3812731, 55.2897308], [40.382005, 55.2925697], [40.394356, 55.3042957], [40.4190421, 55.3044195], [40.4224981, 55.3035556], [40.4305589, 55.2996173], [40.4358288, 55.2991123], [40.4434815, 55.2992358], [40.4502935, 55.3011966], [40.4844863, 55.325184], [40.4905584, 55.3250558], [40.4961072, 55.3281937], [40.4934258, 55.3313528], [40.4936861, 55.3360929], [40.496207, 55.3392337], [40.4997868, 55.3396007], [40.5008744, 55.3436716], [40.5063052, 55.347498], [40.5177423, 55.3508941], [40.5256162, 55.3513736], [40.5465431, 55.3549044], [40.5524677, 55.3553982], [40.5606773, 55.3541066], [40.5678965, 55.356139], [40.5869051, 55.3484866], [40.5849304, 55.3435494], [40.5713016, 55.3375011], [40.5710407, 55.3341025], [40.5686381, 55.3329342], [40.5702757, 55.3308622], [40.5688284, 55.3289976], [40.5645273, 55.3285754], [40.5623057, 55.3260228], [40.5591673, 55.3238463], [40.5454337, 55.3238], [40.5433355, 55.3212079], [40.5314866, 55.3121973], [40.5325977, 55.3067664], [40.5311166, 55.3051618], [40.5271953, 55.3023474], [40.5299125, 55.2961464], [40.5320139, 55.2958141], [40.5345233, 55.2937987], [40.5405262, 55.2902448], [40.5406828, 55.2867209], [40.5502492, 55.2866475], [40.555063, 55.285907], [40.5610104, 55.2837918], [40.5640736, 55.2810934], [40.5682674, 55.2804188], [40.568032, 55.2777722], [40.5614102, 55.2757859], [40.5599358, 55.2742667], [40.5565646, 55.2735037], [40.5554339, 55.2720829], [40.5549405, 55.2651708], [40.5576562, 55.2606039], [40.5625935, 55.2575182], [40.5862923, 55.2545562], [40.5882672, 55.2539391], [40.5892632, 55.2515195], [40.5896252, 55.2480145], [40.6077038, 55.2406004], [40.6017218, 55.2391277], [40.6012282, 55.2351779], [40.6023392, 55.2324625], [40.6047495, 55.2310039], [40.6045649, 55.2289904], [40.6131469, 55.2233721], [40.6129549, 55.2177744], [40.6007356, 55.211109], [40.5970762, 55.2065364], [40.5997485, 55.2037032], [40.6002509, 55.2004827], [40.6060435, 55.2034564], [40.6282605, 55.2129609], [40.6304964, 55.211833], [40.6238172, 55.2074065], [40.6229533, 55.2058018], [40.6267796, 55.2057473], [40.6301783, 55.2046223], [40.6336917, 55.2065426], [40.6371477, 55.2069129], [40.6414734, 55.2081388], [40.647269, 55.2070911], [40.6475159, 55.2048148], [40.6506016, 55.2060491], [40.653317, 55.2090115], [40.6541809, 55.2113567], [40.6562791, 55.2122207], [40.6625251, 55.2118505], [40.6677578, 55.2198736], [40.6722012, 55.2212314], [40.6762743, 55.2233297], [40.6789899, 55.2209846], [40.6905922, 55.2232065], [40.6993557, 55.2243175], [40.7071589, 55.2265526], [40.7079959, 55.2225896], [40.7040462, 55.2213553], [40.7018245, 55.2201209], [40.7000967, 55.21469], [40.7014547, 55.2103699], [40.702936, 55.2076545], [40.7051577, 55.2071608], [40.7102183, 55.2083952], [40.718488, 55.2118514], [40.7205863, 55.2114811], [40.7259975, 55.2082145], [40.7569918, 55.2283341], [40.7590671, 55.2307481], [40.7594092, 55.2318371], [40.7599707, 55.2318925], [40.7603379, 55.2312767], [40.7627509, 55.2318521], [40.7668816, 55.2310592], [40.7723757, 55.2308513], [40.7736582, 55.2298275], [40.7749271, 55.2299276], [40.775818, 55.2291192], [40.7895705, 55.2266725], [40.8141051, 55.2369328], [40.8146806, 55.2364288], [40.816161, 55.236451], [40.8172129, 55.2384057], [40.8184206, 55.2388278], [40.819901, 55.2384502], [40.8203296, 55.2377838], [40.8230177, 55.2385168], [40.8250039, 55.2374723], [40.826456, 55.2381986], [40.8269146, 55.2380098], [40.8276789, 55.2365862], [40.8274241, 55.2355693], [40.8294623, 55.2356129], [40.8294368, 55.2345815], [40.8284177, 55.2340149], [40.8307361, 55.2328527], [40.8303794, 55.2313127], [40.8320864, 55.2311674], [40.8323411, 55.2316614], [40.8337678, 55.2320537], [40.8347105, 55.2316904], [40.8342519, 55.2310512], [40.8332583, 55.2314144], [40.833029, 55.2310512], [40.8345831, 55.2300778], [40.8336659, 55.2291334], [40.8321883, 55.2286975], [40.8326469, 55.2281744], [40.8319845, 55.2273172], [40.8350162, 55.2258787], [40.8318826, 55.2253411], [40.8337933, 55.2251667], [40.8344302, 55.2246291], [40.834099, 55.224382], [40.8317297, 55.2246], [40.8483774, 55.2164029], [40.8594447, 55.2251839], [40.8542605, 55.2280228], [40.8649988, 55.2308618], [40.8685781, 55.2330836], [40.8700593, 55.2334539], [40.8731451, 55.2322197], [40.8830195, 55.232837], [40.8907955, 55.2351823], [40.9031384, 55.2376511], [40.9057287, 55.2752973], [40.9286179, 55.2751686], [40.9648159, 55.2740725], [40.9679952, 55.2711101], [40.9789469, 55.2736788], [40.9823464, 55.2710309], [41.0020913, 55.2718809], [41.0046585, 55.2709611], [41.0030233, 55.2639361], [40.9934488, 55.2570389], [40.9999401, 55.2482223], [41.0058413, 55.2445191], [41.0138238, 55.2415257], [41.0191626, 55.2407386], [41.0206439, 55.2385168], [41.0276794, 55.2396278], [41.0286811, 55.2385801], [41.0321232, 55.2317283], [41.0392825, 55.2244461], [41.0416277, 55.2237055], [41.0426153, 55.2219775], [41.0523664, 55.2188919], [41.0574269, 55.2224715], [41.059337, 55.2224386], [41.0613768, 55.2182749], [41.0686507, 55.2173507], [41.0716604, 55.209294], [41.0595259, 55.206549], [41.0643405, 55.1879111], [41.0695246, 55.1870472], [41.0728573, 55.1854426], [41.074709, 55.1797648], [41.0781651, 55.1797649], [41.0800396, 55.1714598], [41.0847128, 55.1732094], [41.0849918, 55.1739324], [41.0854853, 55.1726579], [41.0872448, 55.1732951], [41.0866011, 55.1743368], [41.089412, 55.1747166], [41.090721, 55.1769713], [41.0892726, 55.1772225], [41.0892618, 55.1779822], [41.0880066, 55.1780496], [41.0872985, 55.1789318], [41.0853136, 55.1792932], [41.0876418, 55.1799058], [41.0876418, 55.1806839], [41.0850883, 55.1820806], [41.0834575, 55.1821357], [41.0843051, 55.1834589], [41.0821593, 55.1838264], [41.0827172, 55.184782], [41.0815585, 55.185468], [41.081301, 55.1863991], [41.0797239, 55.1863439], [41.0794557, 55.1870912], [41.0787047, 55.187324], [41.0781897, 55.1869197], [41.0784043, 55.1861051], [41.0773957, 55.1860132], [41.0731364, 55.1892043], [41.0725249, 55.1901291], [41.0719562, 55.1926524], [41.0744024, 55.1924442], [41.0730935, 55.1929708], [41.0730935, 55.1938833], [41.0750461, 55.1933628], [41.0747565, 55.1921196], [41.0758937, 55.1917827], [41.0773636, 55.1925605], [41.0757971, 55.1927749], [41.075604, 55.1942447], [41.0774923, 55.1936812], [41.0795201, 55.1943671], [41.0785223, 55.1949122], [41.0755182, 55.1946488], [41.0773957, 55.1958001], [41.0750247, 55.1966942], [41.076119, 55.1970065], [41.0755611, 55.1975147], [41.0758186, 55.1978944], [41.0788978, 55.1991129], [41.0779644, 55.1998232], [41.0778464, 55.2004723], [41.0798956, 55.2003559], [41.0796703, 55.2010356], [41.0801316, 55.2015499], [41.0786188, 55.2018866], [41.079284, 55.2021867], [41.0792411, 55.2041888], [41.0809792, 55.2056826], [41.079445, 55.2058173], [41.0784686, 55.207005], [41.0766018, 55.2073907], [41.0775245, 55.2085599], [41.0768808, 55.2095578], [41.0755397, 55.2100475], [41.0762048, 55.2104576], [41.0751856, 55.2112718], [41.076237, 55.2119145], [41.0755504, 55.2126674], [41.0762799, 55.212949], [41.0748316, 55.2140386], [41.0751641, 55.2144793], [41.0771597, 55.214822], [41.0749388, 55.2149628], [41.0737909, 55.2155749], [41.0760439, 55.2156728], [41.0766876, 55.2151954], [41.0779644, 55.2159788], [41.0761297, 55.2161808], [41.0756684, 55.2176865], [41.0768378, 55.2179496], [41.0765482, 55.218629], [41.0782004, 55.2196021], [41.0775138, 55.2200733], [41.0768271, 55.2196021], [41.0755504, 55.2196572], [41.075604, 55.2218359], [41.073233, 55.2219644], [41.0725678, 55.2226865], [41.0725372, 55.2235387], [41.0785196, 55.2259836], [41.0655706, 55.2401049], [41.0803346, 55.2678248], [41.0887806, 55.2705144], [41.1319216, 55.2670776], [41.1404082, 55.2756088], [41.1249456, 55.2853267], [41.1367416, 55.2997798], [41.1460736, 55.304947], [41.1497816, 55.318874], [41.1479236, 55.3215896], [41.1349716, 55.3206264], [41.1289266, 55.327838], [41.1482776, 55.336655], [41.1484826, 55.3406548], [41.1709926, 55.3443297], [41.1733176, 55.3490007], [41.1643836, 55.3518353], [41.1631946, 55.359485], [41.182963, 55.3640138], [41.1889363, 55.3695396], [41.1906368, 55.37172], [41.1984414, 55.3700352], [41.2012346, 55.3856898], [41.2235626, 55.3853547], [41.2467986, 55.3739792], [41.2390356, 55.3955909], [41.2264836, 55.4026375], [41.2230826, 55.4108443], [41.2287266, 55.4149862], [41.2493156, 55.4161375], [41.2554306, 55.4212116], [41.2420386, 55.4251655], [41.2312956, 55.436561], [41.2393206, 55.4383064], [41.254787, 55.4464899], [41.2578065, 55.4489163], [41.2624919, 55.4495081], [41.2644702, 55.4536503], [41.2588477, 55.456313], [41.2555158, 55.4585021], [41.2512469, 55.4589163], [41.2454161, 55.4622885], [41.2712381, 55.4655421], [41.2751946, 55.4687363], [41.2785265, 55.4698601], [41.2734706, 55.4736021], [41.2753956, 55.4767238], [41.2918656, 55.4753025], [41.2980446, 55.4797625], [41.3067496, 55.4799836], [41.3292096, 55.4989877], [41.3473142, 55.5043098], [41.3527006, 55.5121757], [41.3449164, 55.5316948], [41.3493327, 55.5352847], [41.3497342, 55.538011], [41.3518219, 55.5394195], [41.3521389, 55.5429571], [41.3595303, 55.5465066], [41.3580046, 55.550186], [41.3578441, 55.5523662], [41.3555155, 55.556045], [41.3410521, 55.5627059], [41.342658, 55.5652843], [41.3470026, 55.5656225], [41.3523279, 55.5650322], [41.3740022, 55.5828186], [41.3716284, 55.589023], [41.3728732, 55.5960749], [41.3500766, 55.6064265], [41.3468116, 55.6198624], [41.3348266, 55.6260128], [41.3243382, 55.642224], [41.3077758, 55.6413804], [41.3134852, 55.6509502], [41.3156455, 55.6574645], [41.3289674, 55.6573192], [41.331745, 55.6530442], [41.3495418, 55.6523463], [41.3511363, 55.6544983], [41.3455812, 55.6583369], [41.3411577, 55.6649372], [41.3361685, 55.6643557], [41.32691, 55.6643557], [41.3234123, 55.6651989], [41.3114792, 55.6628439], [41.3057706, 55.6738204], [41.2653476, 55.685693], [41.2728696, 55.6941809], [41.2893996, 55.6998261], [41.2909856, 55.7072398], [41.2919796, 55.708494], [41.2866786, 55.712967], [41.2876726, 55.7142213], [41.2976098, 55.72197], [41.2969195, 55.7333], [41.29898, 55.7412001], [41.2914298, 55.7436], [41.2790699, 55.746], [41.2653399, 55.7456601], [41.25469, 55.7439401], [41.24577, 55.74154], [41.2399297, 55.74257], [41.2351199, 55.74463], [41.2152099, 55.74085], [41.2131498, 55.7429101], [41.20182, 55.7415402], [41.2052495, 55.7384507], [41.2069694, 55.7360504], [41.2000992, 55.7322711], [41.19186, 55.723], [41.1884297, 55.7199102], [41.1867099, 55.71304], [41.16199, 55.7151001], [41.1592499, 55.71407], [41.1527303, 55.7144203], [41.1468898, 55.71339], [41.13796, 55.7103001], [41.1352196, 55.70755], [41.1297199, 55.70515], [41.1225098, 55.7030901], [41.1197699, 55.70412], [41.1207998, 55.7065201], [41.1225097, 55.7082402], [41.1207997, 55.7085799], [41.1149599, 55.7068602], [41.1190232, 55.7110861], [41.1060021, 55.7108327], [41.107194, 55.7132526], [41.1118042, 55.7173824], [41.1067442, 55.7185731], [41.0995477, 55.7158242], [41.0737599, 55.71716], [41.0730698, 55.7151002], [41.0741, 55.71339], [41.0689499, 55.71339], [41.06895, 55.7109801], [41.0795998, 55.70789], [41.0676369, 55.7045003], [41.0714706, 55.7031832], [41.0781095, 55.7032885], [41.0800731, 55.7026563], [41.0724057, 55.696333], [41.07273, 55.6938201], [41.0646447, 55.6923805], [41.0638967, 55.694594], [41.0589998, 55.6941602], [41.0592214, 55.6902196], [41.0521147, 55.6940257], [41.0401462, 55.6935399], [41.02913, 55.69416], [41.0260399, 55.6958801], [41.0315299, 55.6969101], [41.0445801, 55.69691], [41.0452701, 55.6979401], [41.0483597, 55.6989703], [41.03977, 55.6993101], [41.0493899, 55.70686], [41.0559098, 55.7137301], [41.0620897, 55.7209401], [41.06724, 55.7291803], [41.07239, 55.7339901], [41.0799396, 55.7360501], [41.1005398, 55.7401702], [41.1001998, 55.75012], [41.1005399, 55.7542401], [41.0799397, 55.76454], [41.0699799, 55.7690001], [41.0552196, 55.7717501], [41.0510987, 55.7741507], [41.03977, 55.7823901], [41.0081896, 55.7830801], [41.0074999, 55.78617], [40.9954797, 55.7823908], [40.9917093, 55.7823901], [40.9855299, 55.78651], [40.97557, 55.7861702], [40.96767, 55.78377], [40.9584, 55.78445], [40.9518799, 55.78789], [40.94845, 55.7926901], [40.9487899, 55.7981901], [40.9518797, 55.7981904], [40.95222, 55.80711], [40.93025, 55.7992201], [40.9220098, 55.7947501], [40.9196099, 55.7902901], [40.9209799, 55.7837701], [40.9328303, 55.773628], [40.9368984, 55.7756404], [40.9403293, 55.7751718], [40.9493477, 55.7695753], [40.9483184, 55.7683897], [40.9427799, 55.7714776], [40.9349868, 55.7689963], [40.9250696, 55.7688042], [40.9255549, 55.7699401], [40.9233454, 55.772092], [40.9212855, 55.7721233], [40.9189269, 55.7731981], [40.9183308, 55.7724022], [40.9179715, 55.773366], [40.9169266, 55.7731309], [40.916001, 55.7737018], [40.9141977, 55.7735164], [40.914365, 55.7731022], [40.9140192, 55.7730646], [40.9134837, 55.7734662], [40.9137917, 55.7740377], [40.9129557, 55.7741888], [40.9124482, 55.7737186], [40.9117018, 55.7740545], [40.9117317, 55.7750452], [40.9137917, 55.7749781], [40.9124781, 55.7753979], [40.9114534, 55.7766724], [40.9116876, 55.7775759], [40.9111968, 55.7778959], [40.9118212, 55.7784035], [40.9106867, 55.7786218], [40.9105374, 55.7795621], [40.9122691, 55.7793774], [40.9117615, 55.7802673], [40.9128363, 55.7795285], [40.9134633, 55.7796292], [40.9128662, 55.7805863], [40.9135529, 55.7807374], [40.9142993, 55.7806702], [40.9150158, 55.7798643], [40.9164787, 55.7815433], [40.9172848, 55.7808885], [40.9182402, 55.7813586], [40.9169266, 55.7824499], [40.9171356, 55.7833397], [40.914359, 55.7838433], [40.9142993, 55.7848003], [40.9137917, 55.7850521], [40.9116421, 55.7843302], [40.9121795, 55.7840112], [40.9117914, 55.7838769], [40.9099403, 55.7840112], [40.9111943, 55.7845317], [40.9095522, 55.7847667], [40.9102389, 55.7858747], [40.9093432, 55.7866973], [40.9102687, 55.7872009], [40.9096716, 55.7873855], [40.9085968, 55.7868316], [40.9083878, 55.7871841], [40.9105673, 55.7883256], [40.9105971, 55.7890642], [40.9088058, 55.7889635], [40.9091641, 55.7898196], [40.9104777, 55.7901385], [40.9091342, 55.7907931], [40.9094626, 55.7912799], [40.9115322, 55.7915565], [40.9112354, 55.7918432], [40.9102697, 55.792352], [40.907523, 55.792268], [40.9083888, 55.7931576], [40.9073439, 55.7935101], [40.9065378, 55.7932583], [40.9061795, 55.7924527], [40.9056421, 55.7926373], [40.9057914, 55.7938458], [40.9051047, 55.7944332], [40.9045076, 55.7930737], [40.9038209, 55.7928891], [40.9031342, 55.7934597], [40.9030446, 55.7944836], [40.9021788, 55.7949367], [40.9032835, 55.7958934], [40.9023579, 55.7971689], [40.9011637, 55.7961787], [40.8994918, 55.7965983], [40.9008054, 55.7971521], [40.9011339, 55.7978402], [40.8982976, 55.7989142], [40.9016115, 55.7994345], [40.9012831, 55.8004414], [40.9022684, 55.8011629], [40.9011339, 55.8017671], [40.8999993, 55.8016664], [40.8999695, 55.8020188], [40.9019997, 55.8023376], [40.9011637, 55.8032605], [40.8979691, 55.8032102], [40.8979393, 55.8043848], [40.8951627, 55.8037303], [40.8962077, 55.8051902], [40.8954015, 55.8062305], [40.8954015, 55.8075727], [40.8941775, 55.8072204], [40.8939983, 55.8075727], [40.8947149, 55.8093512], [40.8958195, 55.8095357], [40.8967749, 55.8105256], [40.8953418, 55.8107101], [40.893849, 55.8125555], [40.8942073, 55.8137969], [40.8968645, 55.8135956], [40.8966853, 55.8142331], [40.8930728, 55.8156087], [40.894058, 55.816179], [40.880528, 55.8168718], [40.8765306, 55.8166759], [40.8735757, 55.817178], [40.8737778, 55.8188043], [40.8795294, 55.8223957], [40.8803957, 55.823399], [40.8794157, 55.8245663], [40.8793021, 55.8257366], [40.8774285, 55.8272729], [40.874529, 55.8274814], [40.8666874, 55.8263963], [40.8655889, 55.8269708], [40.8563078, 55.8255451], [40.844557, 55.8215433], [40.8399323, 55.8268601], [40.8224793, 55.8262048], [40.8157414, 55.82672], [40.8077862, 55.8284435], [40.8067634, 55.821166], [40.8071044, 55.8176757], [40.8057355, 55.8151384], [40.8038086, 55.8149301], [40.7953559, 55.811307], [40.7916786, 55.8033469], [40.7800779, 55.7967303], [40.7697383, 55.7958269], [40.7640595, 55.7960678], [40.7640059, 55.8029938], [40.7635238, 55.8041379], [40.7647024, 55.8061552], [40.7709496, 55.8108901], [40.7781257, 55.8177315], [40.7781635, 55.8192213], [40.7808532, 55.8235201], [40.7879371, 55.8237329], [40.7949073, 55.8258183], [40.7955892, 55.8297121], [40.7900584, 55.8320311], [40.7828323, 55.8323752], [40.7809289, 55.8354137], [40.7790348, 55.8354776], [40.7758906, 55.8338182], [40.7733147, 55.8343926], [40.7695644, 55.8379877], [40.7667232, 55.8396044], [40.7649049, 55.8400298], [40.7622532, 55.839966], [40.7458124, 55.8371369], [40.7138022, 55.8367752], [40.7121354, 55.8406892], [40.7131204, 55.841774], [40.712287, 55.8465594], [40.7086503, 55.847559], [40.7091049, 55.8480481], [40.7101656, 55.8480268], [40.7166434, 55.8503023], [40.7152796, 55.8526839], [40.7096352, 55.851642], [40.7105444, 55.8497068], [40.7099004, 55.8487924], [40.7035363, 55.847006], [40.7028544, 55.8494304], [40.7001648, 55.8494729], [40.6991041, 55.8465169], [40.6951265, 55.8467295], [40.6925126, 55.8447942], [40.6903155, 55.8446878], [40.6858454, 55.8466445], [40.6813375, 55.8464956], [40.6817542, 55.8447516], [40.6806935, 55.8434543], [40.6792161, 55.843199], [40.6772841, 55.8450069], [40.6767917, 55.8488562], [40.6803904, 55.8497068], [40.679557, 55.8513655], [40.6810723, 55.8527052], [40.6773978, 55.8542787], [40.6768437, 55.8570322], [40.678976, 55.8591195], [40.6693289, 55.8636305], [40.6606979, 55.8599656], [40.6542104, 55.8605257], [40.6472239, 55.8593495], [40.6439303, 55.8597416], [40.6407364, 55.8611419], [40.637343, 55.8653985], [40.6381013, 55.867622], [40.6371125, 55.867962], [40.6245677, 55.8651745], [40.6317538, 55.8614779], [40.6324896, 55.8586904], [40.6287596, 55.8558764], [40.6269382, 55.8535762], [40.6223719, 55.8517307], [40.6191986, 55.8527812], [40.6161099, 55.85449], [40.6147388, 55.8575806], [40.6143991, 55.8616995], [40.6092484, 55.8634197], [40.607189, 55.8651407], [40.6064981, 55.8682316], [40.5996303, 55.8696003], [40.5934496, 55.8675402], [40.5920797, 55.8744003], [40.5886486, 55.8761198], [40.5831494, 55.8757802], [40.5783495, 55.8799003], [40.5646094, 55.8788713], [40.5656383, 55.8771514], [40.5687254, 55.8757869], [40.5670202, 55.8744043], [40.5532822, 55.8733784], [40.5594597, 55.8771532], [40.5577508, 55.8809307], [40.5457287, 55.8802439], [40.5488213, 55.8737205], [40.5385188, 55.8696009], [40.5151706, 55.8747509], [40.5138055, 55.8823044], [40.5076227, 55.8812705], [40.5041998, 55.882297], [40.4983514, 55.8826389], [40.4945648, 55.8847003], [40.4908006, 55.888484], [40.4808331, 55.8847022], [40.4530375, 55.8915736], [40.4290342, 55.8905848], [40.4238462, 55.8893465], [40.4226088, 55.8876158], [40.4216087, 55.8835738], [40.4216947, 55.8796506], [40.4200383, 55.8761047], [40.4150211, 55.8759149], [40.4127844, 55.8790311], [40.4087671, 55.8794476], [40.4036075, 55.8792768], [40.40336, 55.8777816], [40.4085442, 55.8777527], [40.4116563, 55.8744309], [40.3999901, 55.8617793], [40.3971723, 55.8625379], [40.3922792, 55.8615229], [40.38731, 55.8562656], [40.3826263, 55.8567999], [40.3807986, 55.8556031], [40.3836577, 55.8540392], [40.3810494, 55.8449009], [40.3774984, 55.8435132], [40.3689341, 55.836984], [40.3767823, 55.8078691], [40.3740509, 55.8085726], [40.3670023, 55.8059163], [40.3664962, 55.8023034], [40.3139008, 55.8021126], [40.3128395, 55.8018476], [40.3145184, 55.8001843], [40.3124678, 55.7998666], [40.3119923, 55.7983731], [40.314211, 55.7974212], [40.3170523, 55.7977166], [40.3174036, 55.7972575], [40.3160149, 55.797123], [40.3141822, 55.7956925], [40.3145445, 55.7948649], [40.311621, 55.7952858], [40.312483, 55.7966288], [40.3113006, 55.7973786], [40.3090269, 55.7974809], [40.3108459, 55.798793], [40.3089725, 55.8007062], [40.2982935, 55.8007011], [40.298104, 55.8000754], [40.282866, 55.8001863], [40.2809376, 55.7960175], [40.2796379, 55.7774558], [40.2695004, 55.7765787], [40.2718399, 55.7890031], [40.276432, 55.7965533], [40.2695871, 55.793095], [40.2640418, 55.7886621], [40.258462, 55.7912093], [40.259103, 55.7937769], [40.2531768, 55.7951917], [40.2433337, 55.7966994], [40.2396079, 55.7955304], [40.2334336, 55.7952641], [40.2163004, 55.7970403], [40.2090222, 55.804102], [40.1897004, 55.8107728], [40.1845017, 55.8046376], [40.1804294, 55.7951895], [40.1820756, 55.7876878], [40.1737577, 55.7807693], [40.1581616, 55.7764812], [40.1548691, 55.7656127], [40.0863719, 55.7682405], [40.0830463, 55.7445035], [40.0432881, 55.7440694], [40.0356529, 55.7600292]], [[40.6664654, 55.6335644], [40.6893605, 55.632371], [40.68981, 55.6361914], [40.6930193, 55.6359235], [40.6965781, 55.6347535], [40.7059435, 55.6412306], [40.7150369, 55.6362999], [40.7108778, 55.6333519], [40.7122014, 55.6327879], [40.7110151, 55.6318222], [40.7095042, 55.6324073], [40.707269, 55.6316883], [40.7070567, 55.6298484], [40.7086301, 55.6296722], [40.7077684, 55.6280437], [40.7068194, 55.6281494], [40.7061326, 55.622206], [40.7139621, 55.6217689], [40.7105242, 55.5956648], [40.6858427, 55.5966198], [40.685048, 55.5915806], [40.6802873, 55.5918288], [40.6807368, 55.5952721], [40.6799501, 55.5952862], [40.6798377, 55.5931906], [40.6791884, 55.5916524], [40.6735692, 55.5874395], [40.6730072, 55.5820757], [40.663492, 55.582351], [40.6641788, 55.5878135], [40.6588717, 55.5880252], [40.6570678, 55.5874268], [40.6575535, 55.5872023], [40.6571738, 55.5868031], [40.6579508, 55.5864887], [40.6564492, 55.5850753], [40.6539767, 55.5844189], [40.6540142, 55.5820475], [40.6407653, 55.5831723], [40.6413008, 55.5795393], [40.6239849, 55.5802339], [40.6258127, 55.5891956], [40.6327617, 55.5889212], [40.6328147, 55.5902185], [40.6317905, 55.5917753], [40.6293827, 55.5931531], [40.6242791, 55.5991299], [40.6211004, 55.6062032], [40.6218597, 55.6086271], [40.6192814, 55.6087069], [40.6221952, 55.6257004], [40.6046063, 55.6264582], [40.6048228, 55.6303227], [40.5915545, 55.6354923], [40.5959402, 55.6378165], [40.5945522, 55.6384782], [40.6048522, 55.6456282], [40.6239559, 55.6448376], [40.623384, 55.64038], [40.6538955, 55.6390255], [40.6523909, 55.6488319], [40.6565803, 55.6497501], [40.6615258, 55.6477471], [40.6618617, 55.6468284], [40.6612932, 55.6460604], [40.6616536, 55.6438355], [40.6676535, 55.6434402], [40.6678008, 55.640957], [40.6682562, 55.6407], [40.6673904, 55.6397207], [40.6675804, 55.6379991], [40.6665995, 55.6368996], [40.6664654, 55.6335644]], [[40.5590545, 55.6764538], [40.5766564, 55.6753223], [40.5767112, 55.6679852], [40.5833908, 55.664312], [40.5806818, 55.6627369], [40.5815261, 55.6613763], [40.585339, 55.6621037], [40.5906827, 55.6607065], [40.5870229, 55.6560963], [40.5933031, 55.6502545], [40.5918135, 55.6498624], [40.5915731, 55.6487258], [40.5833155, 55.6496899], [40.5831906, 55.651099], [40.5804434, 55.651088], [40.5795194, 55.6489359], [40.5778711, 55.6505213], [40.5751489, 55.6489007], [40.577208, 55.6455216], [40.5619078, 55.6388835], [40.5608884, 55.6408479], [40.559164, 55.6421629], [40.5562349, 55.6505085], [40.5512555, 55.654526], [40.5491589, 55.6575616], [40.5460603, 55.6570697], [40.545448, 55.6615076], [40.5506989, 55.6664439], [40.5557697, 55.6696553], [40.5544184, 55.6744275], [40.5550931, 55.678405], [40.5585822, 55.6778081], [40.5590545, 55.6764538]], [[40.4706612, 55.6683955], [40.4703497, 55.6696276], [40.4732488, 55.669359], [40.4762563, 55.671009], [40.4802073, 55.6719486], [40.4810758, 55.6713313], [40.4822906, 55.6717862], [40.4837703, 55.6705526], [40.4851087, 55.6709043], [40.4896586, 55.6683023], [40.4893984, 55.6672656], [40.4716277, 55.6612086], [40.4675635, 55.6614094], [40.4679458, 55.6668934], [40.4666095, 55.6675979], [40.4671009, 55.6681907], [40.4706612, 55.6683955]], [[40.458222, 55.6854242], [40.472635, 55.6874317], [40.4745018, 55.6867966], [40.4748844, 55.6863876], [40.4747486, 55.6825386], [40.473576, 55.6815749], [40.4724135, 55.6814801], [40.4722297, 55.680865], [40.4602171, 55.6788419], [40.4608746, 55.6810802], [40.4582237, 55.6835046], [40.458222, 55.6854242]], [[40.5467521, 55.7279769], [40.5550879, 55.7253895], [40.5582384, 55.7257961], [40.560667, 55.7267202], [40.5686089, 55.7259809], [40.5702498, 55.7214342], [40.577076, 55.7215821], [40.5768134, 55.7170349], [40.5640144, 55.7162954], [40.5603388, 55.7146316], [40.5580415, 55.7176634], [40.555613, 55.719401], [40.5549566, 55.7209167], [40.5510185, 55.7241327], [40.5445205, 55.72587], [40.5467521, 55.7279769]]]}}, {"type": "Feature", "properties": {"rda_code": "VL-21", "rda_name": "MELENKOVSKY AREA / incl. MELENKI/", "osm_name": "Меленковский муниципальный округ", "match_score": 1.0, "match_reason": "alias:melenkovsky"}, "geometry": {"type": "Polygon", "coordinates": [[[41.0725372, 55.2235387], [41.0725678, 55.2226865], [41.073233, 55.2219644], [41.075604, 55.2218359], [41.0755504, 55.2196572], [41.0768271, 55.2196021], [41.0775138, 55.2200733], [41.0782004, 55.2196021], [41.0765482, 55.218629], [41.0768378, 55.2179496], [41.0756684, 55.2176865], [41.0761297, 55.2161808], [41.0779644, 55.2159788], [41.0766876, 55.2151954], [41.0760439, 55.2156728], [41.0737909, 55.2155749], [41.0749388, 55.2149628], [41.0771597, 55.214822], [41.0748852, 55.2142956], [41.0762799, 55.212949], [41.0755504, 55.2126674], [41.076237, 55.2119145], [41.0751856, 55.2112718], [41.0762048, 55.2104576], [41.0755397, 55.2100475], [41.0765509, 55.2097581], [41.0824767, 55.2124825], [41.085302, 55.2144344], [41.0924308, 55.2119872], [41.0957199, 55.2134967], [41.09865, 55.2128651], [41.0972126, 55.2081919], [41.0978346, 55.2063741], [41.0987268, 55.2059525], [41.1079306, 55.2130327], [41.1442263, 55.2184246], [41.1457427, 55.2218826], [41.1492552, 55.2245076], [41.1474355, 55.2283493], [41.1508182, 55.2310831], [41.168088, 55.2321812], [41.1668392, 55.2285458], [41.1679677, 55.2268765], [41.2944163, 55.2336963], [41.29769, 55.2250145], [41.3026114, 55.2199017], [41.3021028, 55.2153311], [41.320541, 55.1977248], [41.3282356, 55.1935676], [41.3349584, 55.1911086], [41.3437107, 55.1865978], [41.3580038, 55.1814297], [41.3592304, 55.1767158], [41.3922868, 55.1673155], [41.3984389, 55.1703413], [41.4034666, 55.1679683], [41.4061407, 55.1581431], [41.4230829, 55.1528384], [41.4339646, 55.146655], [41.4367331, 55.1440881], [41.4347739, 55.1419976], [41.4320121, 55.1412842], [41.426141, 55.1365838], [41.4362094, 55.1374379], [41.4382531, 55.1388979], [41.4384677, 55.1392328], [41.4376459, 55.1401207], [41.4391136, 55.1408149], [41.4395127, 55.141969], [41.4420232, 55.1438588], [41.4419717, 55.1444621], [41.4457632, 55.1460502], [41.4504238, 55.1466891], [41.4533785, 55.1485259], [41.4530931, 55.1500341], [41.4567353, 55.1498574], [41.4615161, 55.1514367], [41.4621062, 55.1510836], [41.4660372, 55.1525622], [41.4683224, 55.1537454], [41.468479, 55.1542971], [41.4695026, 55.1542542], [41.4707321, 55.1558872], [41.4718629, 55.1561937], [41.4743541, 55.1565774], [41.4745043, 55.156201], [41.4758812, 55.1561235], [41.4765397, 55.1565803], [41.4767071, 55.155944], [41.4770163, 55.1562453], [41.4780193, 55.1559037], [41.4796591, 55.1575521], [41.4805045, 55.1574148], [41.4799813, 55.1578622], [41.483154, 55.1592509], [41.4833876, 55.1597545], [41.4846534, 55.159836], [41.4858483, 55.161102], [41.4862655, 55.1607518], [41.486047, 55.1611886], [41.4866403, 55.161316], [41.4871501, 55.1623562], [41.4881545, 55.1626821], [41.4877949, 55.1631475], [41.490045, 55.1645602], [41.4896672, 55.1655621], [41.4906944, 55.1661411], [41.4901907, 55.166499], [41.4911602, 55.1666697], [41.4908037, 55.1670996], [41.491846, 55.1670823], [41.491183, 55.1675052], [41.4927807, 55.1672608], [41.4941159, 55.168481], [41.4934548, 55.1687042], [41.4925919, 55.1681625], [41.492551, 55.1688151], [41.4941775, 55.1692258], [41.4945841, 55.1685178], [41.4970809, 55.1703138], [41.4978517, 55.170371], [41.498712, 55.16965], [41.4988197, 55.1703016], [41.4993477, 55.1704204], [41.4987848, 55.1706968], [41.4995243, 55.1709601], [41.5004165, 55.1707313], [41.5025073, 55.1714349], [41.5034859, 55.1712893], [41.5041672, 55.1718595], [41.5076266, 55.1714991], [41.5084474, 55.1710337], [41.5085385, 55.1716914], [41.5101938, 55.1717053], [41.5101195, 55.172103], [41.510828, 55.1721871], [41.5116398, 55.1718448], [41.5110541, 55.1713812], [41.5120783, 55.1712668], [41.5114789, 55.1707209], [41.5124034, 55.1695728], [41.5372402, 55.172984], [41.5514202, 55.1709436], [41.5558631, 55.1695268], [41.5533157, 55.1590934], [41.556857, 55.1586772], [41.5641907, 55.1535584], [41.5655721, 55.153669], [41.5696469, 55.1504407], [41.5726688, 55.1471933], [41.5967444, 55.1555472], [41.5989886, 55.1572195], [41.6013376, 55.1571365], [41.6082314, 55.1554208], [41.6089614, 55.1545305], [41.6140346, 55.1542814], [41.6125677, 55.150334], [41.6276539, 55.1521703], [41.6290932, 55.1514309], [41.6297528, 55.1499377], [41.6314326, 55.1486736], [41.6303646, 55.148523], [41.6307448, 55.1479976], [41.6325057, 55.147592], [41.6313126, 55.1473612], [41.6338475, 55.1467431], [41.6336126, 55.145873], [41.6362793, 55.1457735], [41.6364715, 55.1450547], [41.6378287, 55.1445364], [41.6369499, 55.1434605], [41.6374839, 55.1427863], [41.6355608, 55.142626], [41.6344691, 55.1413008], [41.6380198, 55.1398385], [41.6365832, 55.1383226], [41.6387533, 55.1374079], [41.6400137, 55.1355096], [41.6394657, 55.1338054], [41.6412742, 55.1330034], [41.6412742, 55.1323455], [41.641855, 55.132145], [41.6400795, 55.1309545], [41.641044, 55.1305786], [41.6406952, 55.1301732], [41.638199, 55.1294748], [41.6399201, 55.1260924], [41.631239, 55.1202609], [41.6384179, 55.1153427], [41.6474283, 55.1163303], [41.658112, 55.1183636], [41.6566047, 55.113878], [41.6572198, 55.1120514], [41.672215, 55.1124854], [41.6751035, 55.1141994], [41.6901684, 55.1145125], [41.6897842, 55.1175199], [41.69098, 55.1188766], [41.6943248, 55.121767], [41.6980465, 55.1241478], [41.7020108, 55.1279742], [41.7032042, 55.1281856], [41.7060079, 55.1304555], [41.7120746, 55.1311092], [41.7126355, 55.131729], [41.7171289, 55.1318208], [41.7191095, 55.1305342], [41.7718336, 55.1336109], [41.7768976, 55.1316206], [41.7777116, 55.1307557], [41.7824563, 55.1299623], [41.783544, 55.1231747], [41.7821658, 55.1179789], [41.792253, 55.1054685], [41.7919108, 55.102162], [41.7927633, 55.10142], [41.8003797, 55.1041832], [41.7983375, 55.1074681], [41.805973, 55.1079121], [41.8060616, 55.1102206], [41.8002907, 55.1100429], [41.7979821, 55.1117298], [41.7920335, 55.1142156], [41.7906128, 55.1182997], [41.7876828, 55.1214959], [41.7846639, 55.126734], [41.7839535, 55.1297527], [41.7949625, 55.1336594], [41.7993128, 55.1373883], [41.8058826, 55.1412062], [41.814228, 55.1485754], [41.8051719, 55.1517715], [41.822129, 55.1665987], [41.8366896, 55.1645569], [41.8457456, 55.165356], [41.8524932, 55.1642019], [41.8734462, 55.1647349], [41.8753993, 55.1696181], [41.8826792, 55.1774312], [41.8755764, 55.1790292], [41.8684515, 55.1799444], [41.8683845, 55.1866645], [41.8664881, 55.1940061], [41.8784167, 55.1983842], [41.885164, 55.202202], [41.8938647, 55.2052208], [41.8968835, 55.2033564], [41.8985704, 55.203534], [41.9083364, 55.2102817], [41.907981, 55.2128564], [41.9090464, 55.2148097], [41.9072707, 55.2159638], [41.9043409, 55.2151648], [41.9014108, 55.2166741], [41.8993689, 55.2147208], [41.8963503, 55.2130338], [41.8841867, 55.2167626], [41.8777054, 55.2202251], [41.8738876, 55.2229773], [41.8751303, 55.2259959], [41.8781488, 55.2303465], [41.8795692, 55.2334539], [41.864476, 55.2318556], [41.8619898, 55.2362059], [41.8605275, 55.2411095], [41.8707261, 55.2442553], [41.8800869, 55.2484033], [41.8910372, 55.2617435], [41.8947559, 55.2643971], [41.9029377, 55.2611727], [41.911839, 55.2569441], [41.9131948, 55.2568367], [41.9156089, 55.2592553], [41.9151417, 55.2602759], [41.9184415, 55.2623507], [41.9184721, 55.2630657], [41.9191912, 55.2636236], [41.927056, 55.2672591], [41.9351197, 55.2696477], [41.9423877, 55.2705543], [41.9517366, 55.2730212], [41.9541389, 55.274285], [41.9538397, 55.2756867], [41.9543069, 55.2763432], [41.956425, 55.276219], [41.956927, 55.2756039], [41.9594326, 55.2757347], [41.9617789, 55.2788916], [41.9638659, 55.2804529], [41.9692341, 55.2825637], [41.9682379, 55.2838552], [41.9725209, 55.2866048], [41.9720926, 55.2873587], [41.9726766, 55.288689], [41.9708077, 55.289975], [41.9704962, 55.2909726], [41.9721315, 55.294808], [41.9691646, 55.2961291], [41.9697005, 55.2966032], [41.9715865, 55.3019716], [41.973323, 55.3085216], [41.9712631, 55.3154579], [41.9669716, 55.3201465], [41.9489471, 55.3297174], [41.940843, 55.3348554], [41.9391624, 55.3383097], [41.942443, 55.3441298], [41.9465439, 55.3475696], [41.9501436, 55.3489664], [41.9554531, 55.34939], [41.9617325, 55.3480001], [41.9667999, 55.3438741], [41.9717781, 55.3384073], [41.9750397, 55.3335255], [41.9796745, 55.3281549], [41.9837944, 55.3259088], [41.9898025, 55.3237603], [41.9980886, 55.3236468], [42.0022085, 55.325096], [42.0042221, 55.3274714], [42.0059387, 55.3356736], [42.0088369, 55.3436997], [42.0164485, 55.361525], [42.0155768, 55.372339], [42.0166677, 55.3774387], [42.0227818, 55.385479], [42.030788, 55.3932793], [42.0434503, 55.4031576], [42.0510683, 55.4063772], [42.0546531, 55.4091535], [42.0591537, 55.4165307], [42.0625567, 55.4184712], [42.0685681, 55.4196891], [42.0743756, 55.4189141], [42.0780994, 55.4164344], [42.0811264, 55.4088325], [42.0852463, 55.4032772], [42.0869157, 55.4022616], [42.0906182, 55.4020162], [42.0929326, 55.4020235], [42.0955252, 55.4026892], [42.1005019, 55.4062284], [42.1080734, 55.4150668], [42.1232098, 55.4227221], [42.128614, 55.4268638], [42.1360057, 55.431279], [42.1597149, 55.4416447], [42.1668709, 55.4439947], [42.1691624, 55.4488797], [42.1678973, 55.457047], [42.1641366, 55.4611479], [42.1559061, 55.4665842], [42.123485, 55.4782924], [42.1206255, 55.4746402], [42.1146039, 55.470478], [42.1085823, 55.4731002], [42.1011654, 55.4692292], [42.0971266, 55.4679804], [42.0912518, 55.4702698], [42.0897176, 55.4664506], [42.0631328, 55.4704122], [42.0673162, 55.4753824], [42.0670749, 55.4775254], [42.0601348, 55.4837224], [42.0495154, 55.4839503], [42.0393196, 55.4834976], [42.0273326, 55.4809447], [42.0172764, 55.4730114], [42.0108404, 55.4773886], [42.0092314, 55.4794858], [42.0031172, 55.4793947], [41.9976237, 55.4765702], [41.9963287, 55.4742165], [41.9938654, 55.4724642], [41.9724986, 55.4764278], [41.9628716, 55.482069], [41.9514216, 55.482144], [41.9386333, 55.4992066], [41.9117119, 55.4980908], [41.8847906, 55.4920775], [41.8629307, 55.4943558], [41.8607967, 55.491101], [41.8442171, 55.4957971], [41.8426557, 55.4984098], [41.8510843, 55.5106104], [41.8598392, 55.5186656], [41.8438615, 55.5200905], [41.8391736, 55.5301836], [41.8262036, 55.536359], [41.8134806, 55.5548231], [41.8114466, 55.5765859], [41.8025456, 55.5948239], [41.7711056, 55.6053105], [41.76959, 55.6044179], [41.769401, 55.6008454], [41.7559479, 55.6049026], [41.7512458, 55.6055655], [41.7310524, 55.6026087], [41.7217137, 55.6037393], [41.7140426, 55.6038218], [41.7125444, 55.6030814], [41.7039869, 55.6078579], [41.6930084, 55.6035416], [41.6909115, 55.6055811], [41.6867932, 55.6068412], [41.6856778, 55.6055326], [41.665858, 55.6045633], [41.664142, 55.6007826], [41.6540983, 55.6018009], [41.6556012, 55.6055544], [41.6552057, 55.6072522], [41.6507761, 55.6078778], [41.6494314, 55.6060012], [41.6478495, 55.6062693], [41.6470585, 55.6048394], [41.6444482, 55.6051522], [41.6419528, 55.6042716], [41.636092, 55.604668], [41.6341617, 55.6031059], [41.6260463, 55.6059192], [41.6204031, 55.6064894], [41.6190082, 55.6084005], [41.6102069, 55.6067819], [41.6050588, 55.6090208], [41.6018534, 55.6069923], [41.599568, 55.6089538], [41.597995, 55.6084341], [41.5984105, 55.6070594], [41.5975162, 55.6050848], [41.5929495, 55.6049469], [41.5876665, 55.6056343], [41.5754385, 55.6102446], [41.571224, 55.6104122], [41.5655255, 55.6085179], [41.5576003, 55.6068643], [41.5502108, 55.6073108], [41.5487565, 55.6102278], [41.5479406, 55.6135065], [41.5334715, 55.6133793], [41.5300619, 55.6170408], [41.5240334, 55.6213238], [41.515367, 55.6250943], [41.5150999, 55.6284289], [41.4943835, 55.6373923], [41.4945616, 55.6378278], [41.4874385, 55.6376603], [41.4755089, 55.6365331], [41.4730735, 55.6374928], [41.470343, 55.6391009], [41.4707882, 55.640441], [41.4700759, 55.6412953], [41.4681467, 55.6470402], [41.4662939, 55.6466431], [41.4671079, 55.6431043], [41.468681, 55.6420993], [41.4704914, 55.6379116], [41.4701353, 55.6373252], [41.4707585, 55.6363369], [41.4719457, 55.635851], [41.4716192, 55.6342763], [41.4728315, 55.6315618], [41.4724246, 55.6311394], [41.4729845, 55.6307076], [41.473164, 55.6290827], [41.4481094, 55.6027394], [41.4361051, 55.5935153], [41.4309416, 55.5922999], [41.4268459, 55.5920987], [41.4266678, 55.5926689], [41.4074354, 55.5967273], [41.4028462, 55.5989764], [41.3959197, 55.5968615], [41.3926549, 55.5946479], [41.3909048, 55.5913316], [41.3716284, 55.589023], [41.3740022, 55.5828186], [41.3523279, 55.5650322], [41.3470026, 55.5656225], [41.342658, 55.5652843], [41.3410521, 55.5627059], [41.3555155, 55.556045], [41.3578441, 55.5523662], [41.3580046, 55.550186], [41.3595303, 55.5465066], [41.3521389, 55.5429571], [41.3518219, 55.5394195], [41.3497342, 55.538011], [41.3493327, 55.5352847], [41.3449164, 55.5316948], [41.3527006, 55.5121757], [41.3473142, 55.5043098], [41.3292096, 55.4989877], [41.3067496, 55.4799836], [41.2980446, 55.4797625], [41.2918656, 55.4753025], [41.2753956, 55.4767238], [41.2734706, 55.4736021], [41.2785265, 55.4698601], [41.2751946, 55.4687363], [41.2712381, 55.4655421], [41.2454161, 55.4622885], [41.2512469, 55.4589163], [41.2555158, 55.4585021], [41.2588477, 55.456313], [41.2644702, 55.4536503], [41.2624919, 55.4495081], [41.2578065, 55.4489163], [41.254787, 55.4464899], [41.2393206, 55.4383064], [41.2312956, 55.436561], [41.2420386, 55.4251655], [41.2554306, 55.4212116], [41.2493156, 55.4161375], [41.2287266, 55.4149862], [41.2230826, 55.4108443], [41.2264836, 55.4026375], [41.2390356, 55.3955909], [41.2467986, 55.3739792], [41.2235626, 55.3853547], [41.2012346, 55.3856898], [41.1984414, 55.3700352], [41.1906368, 55.37172], [41.1889363, 55.3695396], [41.182963, 55.3640138], [41.1631946, 55.359485], [41.1643836, 55.3518353], [41.1733176, 55.3490007], [41.1709926, 55.3443297], [41.1484826, 55.3406548], [41.1482776, 55.336655], [41.1289266, 55.327838], [41.1349716, 55.3206264], [41.1479236, 55.3215896], [41.1497816, 55.318874], [41.1460736, 55.304947], [41.1367416, 55.2997798], [41.1249456, 55.2853267], [41.1404082, 55.2756088], [41.1319216, 55.2670776], [41.0887806, 55.2705144], [41.0803346, 55.2678248], [41.0655706, 55.2401049], [41.0785196, 55.2259836], [41.0725372, 55.2235387]]]}}, {"type": "Feature", "properties": {"rda_code": "VL-15", "rda_name": "GOROKHOVETSKY AREA / incl. GOROHOVETs/", "osm_name": "Гороховецкий муниципальный округ", "match_score": 1.0, "match_reason": "alias:gorokhovetskii"}, "geometry": {"type": "Polygon", "coordinates": [[[42.1748526, 55.952313], [42.1743566, 55.9513828], [42.1797716, 55.9438052], [42.1839536, 55.9291429], [42.1729246, 55.9200369], [42.1712566, 55.9018889], [42.1918116, 55.8988872], [42.2000336, 55.8809192], [42.1614706, 55.8814423], [42.1507196, 55.8680394], [42.1529046, 55.8591754], [42.1485326, 55.8495753], [42.1667546, 55.848377], [42.1899026, 55.8475728], [42.1955776, 55.8446052], [42.1886076, 55.8137713], [42.1837586, 55.812148], [42.1830456, 55.8148976], [42.1802266, 55.8068628], [42.1921686, 55.8000183], [42.2369166, 55.8051254], [42.2476796, 55.8090023], [42.2499106, 55.8179463], [42.2702466, 55.8275184], [42.2785636, 55.81661], [42.2856826, 55.8170421], [42.3026976, 55.8271643], [42.3205096, 55.8231734], [42.3290556, 55.8276184], [42.3475916, 55.830391], [42.365308, 55.8429159], [42.3906492, 55.8435956], [42.4056466, 55.8445672], [42.4074816, 55.8513527], [42.4097083, 55.8553408], [42.4144845, 55.8557618], [42.4176529, 55.8517489], [42.4278965, 55.8559864], [42.4287592, 55.8576811], [42.4386801, 55.8609089], [42.4450911, 55.8651363], [42.4568846, 55.867076], [42.4606971, 55.8634533], [42.4642894, 55.863771], [42.478827, 55.872844], [42.4832403, 55.8713581], [42.4844628, 55.8703813], [42.4846661, 55.8688696], [42.4865783, 55.8678375], [42.4867265, 55.8671089], [42.4881891, 55.8665146], [42.4887549, 55.8657625], [42.4889709, 55.8673264], [42.4898507, 55.8687464], [42.5000855, 55.8749359], [42.5038524, 55.8783586], [42.5057191, 55.880966], [42.5066761, 55.8830396], [42.5067693, 55.8853722], [42.5034245, 55.8967691], [42.5033553, 55.8989803], [42.5045745, 55.9043088], [42.5043719, 55.906871], [42.5047244, 55.9079761], [42.5080795, 55.9106896], [42.5077814, 55.9114253], [42.5081234, 55.9133011], [42.5064755, 55.917435], [42.5075687, 55.9205155], [42.5089405, 55.9235583], [42.5110884, 55.9251823], [42.5119208, 55.9274625], [42.5129118, 55.9284348], [42.5188445, 55.9314626], [42.5198715, 55.9313973], [42.5239261, 55.9330916], [42.5265156, 55.9354591], [42.5279012, 55.9400371], [42.526679, 55.9454851], [42.5250747, 55.9472591], [42.5245078, 55.9489562], [42.528516, 55.9522135], [42.5297498, 55.9539093], [42.5343688, 55.9561431], [42.5393278, 55.9572344], [42.5515182, 55.9579419], [42.5573352, 55.9571223], [42.5667891, 55.9544975], [42.5703673, 55.9522729], [42.5747184, 55.9471377], [42.5759364, 55.944346], [42.5763994, 55.9409014], [42.5744156, 55.9379788], [42.570685, 55.935801], [42.56855, 55.9336085], [42.567001, 55.9313372], [42.5668235, 55.9283972], [42.5684483, 55.9263752], [42.5715471, 55.9250702], [42.5765818, 55.9246949], [42.5844986, 55.9256902], [42.5831896, 55.9272654], [42.5830715, 55.9296789], [42.5863371, 55.9327378], [42.5905966, 55.9346746], [42.5939443, 55.9354376], [42.5973476, 55.9358541], [42.6040889, 55.93538], [42.6108703, 55.9321632], [42.6162847, 55.9336005], [42.6205755, 55.9355056], [42.6237252, 55.9377891], [42.6235474, 55.9402751], [42.6258558, 55.941518], [42.6324257, 55.9436489], [42.6395283, 55.947378], [42.6443224, 55.9509295], [42.6533782, 55.9551912], [42.6606582, 55.9621165], [42.6628627, 55.9665473], [42.6640916, 55.9711501], [42.6670764, 55.9761814], [42.6642088, 55.9775649], [42.6587984, 55.9756116], [42.6556855, 55.9780975], [42.6642086, 55.981649], [42.6705147, 55.9798361], [42.6693793, 55.9784856], [42.6717789, 55.976516], [42.6750405, 55.9775651], [42.6790686, 55.9757346], [42.6773491, 55.9736587], [42.6771716, 55.9715278], [42.6784146, 55.9713503], [42.6835639, 55.9749018], [42.6883578, 55.9841353], [42.6919092, 55.9827148], [42.6956381, 55.9835753], [42.7026839, 55.9803136], [42.7010036, 55.9768922], [42.7055824, 55.9738367], [42.7066479, 55.9725937], [42.7167695, 55.9683322], [42.7185452, 55.9692201], [42.7153488, 55.9711733], [42.7121523, 55.9765002], [42.7145811, 55.9774727], [42.7087781, 55.9844908], [42.7100211, 55.9853786], [42.7143567, 55.9864726], [42.7142825, 55.9894628], [42.719076, 56.009528], [42.7048704, 56.0111259], [42.7119271, 56.0465369], [42.6806516, 56.0482373], [42.6826721, 56.0601345], [42.6882234, 56.0836503], [42.6714727, 56.0839598], [42.6721593, 56.0878521], [42.6713063, 56.0892554], [42.6757456, 56.0862368], [42.6778399, 56.0839224], [42.6789567, 56.0839458], [42.6890526, 56.0877676], [42.6861336, 56.0886528], [42.6866746, 56.090365], [42.6909964, 56.0908914], [42.6963942, 56.0936646], [42.7000987, 56.0964612], [42.7027483, 56.0970778], [42.7075243, 56.0999144], [42.7064808, 56.1007789], [42.703627, 56.0999533], [42.7023709, 56.1011161], [42.7108254, 56.1033806], [42.7112739, 56.1024216], [42.7122209, 56.1023105], [42.7163985, 56.1043924], [42.7177083, 56.1039369], [42.7185785, 56.104659], [42.7199625, 56.1043572], [42.7212623, 56.1050648], [42.7217748, 56.1042959], [42.723978, 56.1049861], [42.723461, 56.1036572], [42.7250026, 56.1034049], [42.7256963, 56.1036804], [42.7265842, 56.1053084], [42.725862, 56.1059324], [42.7261229, 56.1062265], [42.7291775, 56.1054058], [42.7293901, 56.1059098], [42.728522, 56.1064688], [42.7290058, 56.1068297], [42.7330935, 56.1065545], [42.7335204, 56.1074517], [42.7346277, 56.1078468], [42.7351963, 56.1075118], [42.7350972, 56.1070331], [42.7366914, 56.1067852], [42.7359687, 56.1064656], [42.7400804, 56.1012403], [42.7438182, 56.1018935], [42.7448399, 56.103589], [42.7515474, 56.106229], [42.7562777, 56.1088974], [42.7726751, 56.1144905], [42.7755153, 56.1173726], [42.7862294, 56.1151302], [42.7869313, 56.1160437], [42.8037735, 56.1149969], [42.8139567, 56.118363], [42.8143859, 56.1186561], [42.8145824, 56.1200373], [42.8140236, 56.120976], [42.8143639, 56.1210713], [42.8150608, 56.1206871], [42.8148216, 56.1204093], [42.8167952, 56.1195314], [42.8171939, 56.1196091], [42.8170743, 56.1203982], [42.8180264, 56.1199221], [42.8186005, 56.1195522], [42.8180774, 56.1188979], [42.8183326, 56.1185849], [42.8204998, 56.1178834], [42.8210924, 56.1183039], [42.8225812, 56.1172193], [42.8228491, 56.117831], [42.8236657, 56.1178666], [42.8236167, 56.1201055], [42.8324563, 56.1242248], [42.8317337, 56.1248276], [42.8337192, 56.1252048], [42.8333545, 56.1264935], [42.8364274, 56.1256302], [42.8364717, 56.1262155], [42.8352511, 56.1271977], [42.8394325, 56.1287248], [42.8424185, 56.1291164], [42.8428751, 56.1295179], [42.8422326, 56.1305446], [42.8437731, 56.1305858], [42.8479242, 56.1327359], [42.848804, 56.1345056], [42.8482257, 56.135491], [42.8483743, 56.1361989], [42.8515383, 56.1390605], [42.8606794, 56.1347673], [42.8643966, 56.1338069], [42.8682327, 56.1346656], [42.8714145, 56.1367557], [42.8726803, 56.1370889], [42.871771, 56.1381578], [42.925367, 56.1372856], [42.9299723, 56.1418838], [42.9298891, 56.1441922], [42.9330003, 56.1449693], [42.9398714, 56.1448892], [42.9447133, 56.1421378], [42.9445879, 56.1414785], [42.9454421, 56.141723], [42.9469703, 56.1412471], [42.9470878, 56.140566], [42.9480674, 56.1399765], [42.9481771, 56.1403215], [42.9507162, 56.1406053], [42.9509513, 56.1411729], [42.9516331, 56.1407406], [42.9526754, 56.1410987], [42.9526284, 56.1407668], [42.9542898, 56.1401425], [42.9588309, 56.1410894], [42.961152, 56.1403685], [42.9630453, 56.1415301], [42.9621186, 56.1435642], [42.9632457, 56.1444935], [42.9669189, 56.1454623], [42.9622587, 56.1541841], [42.9622587, 56.1597275], [42.9661814, 56.1642113], [42.9715529, 56.1664638], [42.976134, 56.1673544], [42.9619137, 56.1676245], [42.9576059, 56.1682314], [42.9542427, 56.1691764], [42.944828, 56.1732365], [42.9439661, 56.1740484], [42.9440324, 56.1755985], [42.9488724, 56.1814784], [42.9486735, 56.1839137], [42.946154, 56.1886733], [42.9428831, 56.1904686], [42.9407615, 56.1908375], [42.9339326, 56.1885502], [42.9314065, 56.1887065], [42.9264987, 56.1831769], [42.9216297, 56.1819336], [42.9172477, 56.1824596], [42.9067364, 56.1852171], [42.9037864, 56.1883251], [42.9030131, 56.1899188], [42.9049893, 56.1915603], [42.9085694, 56.1919747], [42.9178308, 56.1913755], [42.9209629, 56.1920436], [42.9237445, 56.1936777], [42.9185507, 56.2058123], [42.9164073, 56.2076931], [42.9107055, 56.2090576], [42.9053989, 56.2096204], [42.9018875, 56.208947], [42.9002963, 56.2079881], [42.8991268, 56.2052642], [42.9000332, 56.20359], [42.9022855, 56.2027516], [42.9089034, 56.2026996], [42.9104485, 56.2014643], [42.9096961, 56.1999463], [42.9080472, 56.1988297], [42.906265, 56.1983619], [42.9020609, 56.1983313], [42.8989047, 56.1977217], [42.8967602, 56.1967052], [42.8950273, 56.1944492], [42.8955695, 56.1891156], [42.8968199, 56.1881693], [42.9000085, 56.1874207], [42.9007932, 56.1866167], [42.9007932, 56.1857918], [42.900172, 56.1852463], [42.8977079, 56.1849242], [42.8949407, 56.1854911], [42.8891508, 56.1893453], [42.8845477, 56.1908432], [42.8803086, 56.1908446], [42.8700599, 56.1867489], [42.8660984, 56.1858168], [42.8616063, 56.1858498], [42.8510162, 56.1876439], [42.8438596, 56.1896775], [42.8406455, 56.1897372], [42.8384076, 56.1893252], [42.8370197, 56.1884491], [42.8357611, 56.1865068], [42.8355177, 56.1812068], [42.8338807, 56.1794764], [42.8311667, 56.1788], [42.8280758, 56.1791261], [42.8259824, 56.1803763], [42.8247064, 56.1823018], [42.8236705, 56.1857033], [42.8221253, 56.1875029], [42.8187633, 56.189275], [42.8090254, 56.191696], [42.8040247, 56.1937881], [42.8036385, 56.1950967], [42.8048842, 56.196628], [42.8065812, 56.1975642], [42.8095434, 56.1979785], [42.8135836, 56.1978056], [42.819643, 56.1954479], [42.8234625, 56.1950957], [42.8282791, 56.1969224], [42.830102, 56.1988579], [42.8320363, 56.2051636], [42.8338799, 56.2075015], [42.8334603, 56.2084773], [42.8320585, 56.2089921], [42.8284445, 56.2084085], [42.8227468, 56.2057618], [42.8108561, 56.2039292], [42.8035836, 56.2014477], [42.80024, 56.2021389], [42.7952258, 56.2054235], [42.791752, 56.2069067], [42.7882014, 56.2079206], [42.7844854, 56.2076864], [42.7791342, 56.2056584], [42.7760257, 56.1985121], [42.7737467, 56.196322], [42.7695478, 56.1938018], [42.7663915, 56.1929065], [42.7633671, 56.1928488], [42.7602324, 56.1936596], [42.757138, 56.1956035], [42.7554121, 56.2066406], [42.7529259, 56.2080234], [42.7528223, 56.2087724], [42.7540861, 56.2098786], [42.7574011, 56.2106171], [42.7647771, 56.2104538], [42.7692524, 56.2111452], [42.7796317, 56.2165723], [42.7820351, 56.2166184], [42.7839413, 56.2173096], [42.7844385, 56.2180471], [42.7841239, 56.2198182], [42.7817449, 56.2219549], [42.7768769, 56.2248996], [42.7733325, 56.2254058], [42.7736741, 56.2262014], [42.7746408, 56.226424], [42.7742004, 56.2271236], [42.7753859, 56.227621], [42.774097, 56.2278504], [42.7739741, 56.2283455], [42.7744866, 56.2286645], [42.7735031, 56.2292553], [42.7745927, 56.2295575], [42.7732438, 56.2298152], [42.774093, 56.2303043], [42.7721095, 56.2304275], [42.7725844, 56.2309231], [42.7714666, 56.2314357], [42.7729509, 56.2319209], [42.7718564, 56.2320737], [42.7712365, 56.2326735], [42.771803, 56.233028], [42.7708126, 56.2330115], [42.7701612, 56.2335892], [42.7704636, 56.2343804], [42.769593, 56.2340704], [42.7648168, 56.2343617], [42.764208, 56.2339507], [42.7627547, 56.2344152], [42.7608851, 56.2334208], [42.7622024, 56.2328295], [42.7604716, 56.2326121], [42.7599716, 56.2328419], [42.7605772, 56.23325], [42.7604162, 56.2339193], [42.7592774, 56.2340117], [42.7584215, 56.2334028], [42.7575334, 56.2338545], [42.7587981, 56.2341424], [42.757611, 56.2348377], [42.7578169, 56.2354814], [42.7583758, 56.235508], [42.7581736, 56.234854], [42.759876, 56.2347662], [42.7603945, 56.2354058], [42.7588648, 56.2354896], [42.7595194, 56.2359269], [42.7588538, 56.2362192], [42.7595194, 56.2370019], [42.7589421, 56.2373779], [42.7575815, 56.2367137], [42.757383, 56.2378683], [42.7598356, 56.2383445], [42.7596076, 56.238653], [42.7582839, 56.2383383], [42.7583721, 56.239264], [42.7595635, 56.2389779], [42.7611667, 56.2395317], [42.762597, 56.2383322], [42.7625382, 56.2387879], [42.763395, 56.239123], [42.7619425, 56.2399915], [42.764362, 56.2398627], [42.765399, 56.2409703], [42.768168, 56.2405435], [42.7687515, 56.2408129], [42.768572, 56.2414165], [42.7694607, 56.2414066], [42.7693261, 56.2420152], [42.7686348, 56.2422945], [42.7689939, 56.2426437], [42.7666828, 56.24279], [42.7670239, 56.2438269], [42.7666497, 56.2444552], [42.7650777, 56.244233], [42.7652855, 56.2451192], [42.7642594, 56.2450408], [42.7636398, 56.2460472], [42.7628575, 56.2455219], [42.7617601, 56.2456784], [42.7622178, 56.2462061], [42.7617314, 56.2468244], [42.7608753, 56.247517], [42.7597952, 56.2469968], [42.7599676, 56.247798], [42.7588098, 56.2474419], [42.7580313, 56.2477597], [42.7580393, 56.248232], [42.7572687, 56.2478171], [42.7562209, 56.2485185], [42.7555487, 56.2480525], [42.7536144, 56.2487528], [42.7545393, 56.248079], [42.7539783, 56.2476301], [42.7538766, 56.2480996], [42.7517158, 56.2482276], [42.7515649, 56.2490353], [42.7505957, 56.2484085], [42.751127, 56.2477865], [42.7502408, 56.2473849], [42.7493541, 56.247562], [42.7492082, 56.2481855], [42.7476997, 56.2490992], [42.746138, 56.2484212], [42.7439516, 56.2497322], [42.7431758, 56.2491374], [42.7417794, 56.2490943], [42.7415467, 56.2495856], [42.7422294, 56.2503959], [42.7415622, 56.251189], [42.74285, 56.2519647], [42.739421, 56.2532404], [42.7391573, 56.2537145], [42.7404451, 56.2540161], [42.7405537, 56.2548694], [42.7390797, 56.2557399], [42.7405692, 56.2559037], [42.7410192, 56.2553779], [42.7419501, 56.2557141], [42.7424932, 56.2563432], [42.7423535, 56.2571448], [42.7439827, 56.2581703], [42.7426949, 56.2592907], [42.740383, 56.2587736], [42.7404761, 56.2596182], [42.7414381, 56.2601439], [42.7404606, 56.2604369], [42.7409106, 56.2608247], [42.7403675, 56.2614193], [42.7409726, 56.2622379], [42.7406305, 56.2630332], [42.7421053, 56.2635133], [42.7431758, 56.263203], [42.7432689, 56.2638838], [42.7444016, 56.2640475], [42.7441068, 56.264375], [42.7447584, 56.2651763], [42.7442154, 56.2655554], [42.744805, 56.2661414], [42.7452549, 56.2655899], [42.7470858, 56.2662448], [42.7476754, 56.2655554], [42.7482495, 56.2662965], [42.7479857, 56.2667876], [42.7494131, 56.2669858], [42.7490408, 56.2667617], [42.7498631, 56.2657795], [42.75022, 56.2663568], [42.7513216, 56.2656588], [42.7513681, 56.2664171], [42.7518801, 56.2664429], [42.7519422, 56.2660121], [42.7538661, 56.2667531], [42.7533231, 56.2671322], [42.7539282, 56.2674941], [42.7546885, 56.2671667], [42.7550453, 56.2679335], [42.7539903, 56.2683988], [42.753773, 56.2690277], [42.7546574, 56.2686573], [42.7550453, 56.2693465], [42.7564573, 56.269157], [42.7576985, 56.2703718], [42.7562866, 56.2713109], [42.756209, 56.2718881], [42.7580709, 56.2720948], [42.7588467, 56.274619], [42.7599328, 56.2745845], [42.7604293, 56.2754287], [42.7612982, 56.2751703], [42.7627877, 56.2770051], [42.7635479, 56.2769448], [42.7632066, 56.2760231], [42.7648202, 56.2761954], [42.7636876, 56.2756527], [42.7644323, 56.2754287], [42.7666666, 56.2762385], [42.7676906, 56.275377], [42.767582, 56.2761523], [42.7683268, 56.2764366], [42.7688388, 56.2755838], [42.7693353, 56.2764538], [42.7701266, 56.2761695], [42.7698318, 56.2755579], [42.77053, 56.2751961], [42.7718488, 56.2751531], [42.7724074, 56.275377], [42.7723919, 56.2758422], [42.7731832, 56.2759456], [42.7727798, 56.2763763], [42.7736641, 56.2768242], [42.7772793, 56.2756441], [42.7800876, 56.2757733], [42.7815306, 56.2765572], [42.7811117, 56.2767898], [42.7811272, 56.2778148], [42.781934, 56.2782972], [42.7813599, 56.2788571], [42.782415, 56.279193], [42.7764497, 56.2802391], [42.7761132, 56.2888782], [42.7816066, 56.2890156], [42.7807349, 56.2928034], [42.7811856, 56.2947187], [42.7740349, 56.3020619], [42.7745408, 56.3028691], [42.7754109, 56.3031748], [42.7742791, 56.3046832], [42.7740356, 56.3058816], [42.7772126, 56.3117378], [42.7754076, 56.3302623], [42.773942, 56.3317891], [42.7682863, 56.3345413], [42.7327612, 56.3509555], [42.7311617, 56.3522623], [42.7259566, 56.3664397], [42.7241945, 56.3683916], [42.7222167, 56.3697261], [42.7138805, 56.3739861], [42.6739483, 56.3881611], [42.6692848, 56.388977], [42.6467497, 56.3902901], [42.6427171, 56.3908528], [42.6400061, 56.3920345], [42.6384473, 56.3933475], [42.6375535, 56.3950273], [42.6354222, 56.4056814], [42.632226, 56.4056813], [42.6311605, 56.4071018], [42.6141822, 56.4067341], [42.6134777, 56.4051135], [42.6117718, 56.4049384], [42.609007, 56.4059305], [42.6073447, 56.4077541], [42.6061579, 56.4078379], [42.6050288, 56.407157], [42.6062576, 56.4058896], [42.6053989, 56.4047002], [42.602194, 56.4036872], [42.5985968, 56.4041088], [42.5968088, 56.403615], [42.5969495, 56.4027157], [42.6003885, 56.4019343], [42.6010258, 56.4014078], [42.6012001, 56.3998043], [42.6005099, 56.3991902], [42.595008, 56.4002586], [42.5941866, 56.4022546], [42.5928536, 56.4027191], [42.5915548, 56.4028388], [42.588327, 56.4020263], [42.5851564, 56.3998875], [42.5840972, 56.4004113], [42.5830958, 56.402134], [42.5810264, 56.4024045], [42.5790835, 56.4006065], [42.5767287, 56.3993954], [42.5762577, 56.3984244], [42.5814752, 56.3962882], [42.5816898, 56.3949855], [42.5788342, 56.3945709], [42.5760454, 56.3948469], [42.5741147, 56.393805], [42.5763963, 56.3921227], [42.5759438, 56.3900934], [42.5763963, 56.3884577], [42.5785941, 56.3872411], [42.5823432, 56.3864078], [42.582681, 56.3856134], [42.5823343, 56.3851247], [42.5808149, 56.3848414], [42.5782026, 56.3858054], [42.5763963, 56.3859119], [42.5709756, 56.3887337], [42.5677344, 56.3889535], [42.5652872, 56.3872871], [42.565278, 56.3846901], [42.5646892, 56.3835059], [42.5617966, 56.3834376], [42.5607901, 56.383003], [42.5605655, 56.3826735], [42.5620002, 56.3814485], [42.5621722, 56.3809036], [42.5617795, 56.38063], [42.5565145, 56.3803188], [42.5519065, 56.3789588], [42.5492747, 56.3768777], [42.5491093, 56.3757308], [42.5494963, 56.3750215], [42.5507337, 56.3735078], [42.5516295, 56.3732726], [42.5534726, 56.3734316], [42.5562652, 56.3761158], [42.5578812, 56.3765964], [42.5601898, 56.3765709], [42.5635604, 56.3745817], [42.5627311, 56.3710813], [42.5638744, 56.3686545], [42.5630604, 56.3680485], [42.5600513, 56.3677236], [42.5552125, 56.365197], [42.5549859, 56.3644489], [42.5572208, 56.3628205], [42.5542059, 56.3609769], [42.5569752, 56.3589967], [42.5584214, 56.3586842], [42.5645821, 56.3599879], [42.5655748, 56.3598088], [42.5661545, 56.359162], [42.5633158, 56.3578429], [42.5533461, 56.3572685], [42.550488, 56.3578393], [42.5481884, 56.3570887], [42.5480445, 56.3566302], [42.5489292, 56.3556912], [42.5528285, 56.3550972], [42.5540663, 56.3535608], [42.5573181, 56.3516769], [42.5579425, 56.3510393], [42.557707, 56.3503809], [42.5566289, 56.3498899], [42.551799, 56.3499803], [42.5502166, 56.3487474], [42.5497031, 56.3457638], [42.5475231, 56.3450047], [42.5460736, 56.345399], [42.544973, 56.3467067], [42.5447049, 56.3480602], [42.543237, 56.3491925], [42.5419909, 56.3493122], [42.5395452, 56.3484248], [42.5387833, 56.3477148], [42.5382736, 56.3459892], [42.5422444, 56.3435263], [42.5422906, 56.3431041], [42.5411132, 56.3427138], [42.5373006, 56.3435314], [42.5315786, 56.3427138], [42.5305518, 56.3413097], [42.5327676, 56.3390479], [42.5328978, 56.3379707], [42.5275788, 56.3352352], [42.5280435, 56.3340054], [42.5272086, 56.3308681], [42.5255506, 56.329098], [42.5263337, 56.3274956], [42.5276092, 56.3266899], [42.531242, 56.3257992], [42.5374582, 56.3257857], [42.5388117, 56.325288], [42.5402433, 56.3235655], [42.5399869, 56.3220625], [42.537785, 56.3209814], [42.5355045, 56.3209914], [42.531791, 56.3227015], [42.5299665, 56.322988], [42.5280532, 56.3228179], [42.5265678, 56.3219405], [42.5261642, 56.320893], [42.5268664, 56.318397], [42.5277481, 56.3174939], [42.5296603, 56.3171442], [42.5340422, 56.3174775], [42.5360199, 56.3169834], [42.5371169, 56.316048], [42.5357629, 56.3147459], [42.533672, 56.3141101], [42.5310563, 56.3143071], [42.5263673, 56.316367], [42.52504, 56.3154055], [42.5254699, 56.3143205], [42.5286183, 56.3124668], [42.5320055, 56.3074136], [42.5324806, 56.3024756], [42.5307456, 56.2999569], [42.5308058, 56.2982178], [42.5319764, 56.2970397], [42.5359402, 56.2948761], [42.5362974, 56.2941021], [42.5347412, 56.2932558], [42.5318714, 56.2938457], [42.5298997, 56.2935674], [42.527879, 56.2926159], [42.5230589, 56.2925067], [42.5182847, 56.2907051], [42.5173414, 56.289274], [42.5165175, 56.2849294], [42.5150525, 56.2832052], [42.5130371, 56.2823149], [42.5123053, 56.2814754], [42.514137, 56.2779366], [42.5140576, 56.2740377], [42.5134868, 56.2733374], [42.510381, 56.2720807], [42.5096356, 56.2713054], [42.5091841, 56.2691969], [42.5057257, 56.2685557], [42.5057198, 56.2680476], [42.507036, 56.2667958], [42.5047546, 56.2653058], [42.504586, 56.2627292], [42.5019329, 56.2622825], [42.5009811, 56.2627463], [42.4992386, 56.2647991], [42.4974451, 56.2655731], [42.4958411, 56.265296], [42.4930382, 56.2619403], [42.4904373, 56.2605369], [42.4878837, 56.2610541], [42.4856811, 56.2628237], [42.4822247, 56.2628294], [42.4816799, 56.2621389], [42.482057, 56.261613], [42.4837918, 56.2601646], [42.4874075, 56.2584422], [42.4872399, 56.2572008], [42.4857536, 56.2555705], [42.4822345, 56.2552246], [42.4795812, 56.253881], [42.4781978, 56.2518448], [42.477703, 56.2491593], [42.4749879, 56.2466664], [42.47262, 56.246007], [42.4710287, 56.2461603], [42.4697346, 56.247472], [42.4694443, 56.2503086], [42.4681049, 56.2509455], [42.4665233, 56.2508051], [42.466097, 56.2504185], [42.4662984, 56.2494365], [42.4675637, 56.2478395], [42.4675753, 56.247215], [42.466013, 56.2464298], [42.4627889, 56.2461024], [42.4624844, 56.245634], [42.4632524, 56.2450736], [42.4659321, 56.2446624], [42.4666532, 56.2437653], [42.4662058, 56.2431695], [42.4645192, 56.2426713], [42.4605172, 56.2430271], [42.4615725, 56.2420133], [42.4627005, 56.2419599], [42.4626706, 56.2413536], [42.463388, 56.2409964], [42.4622371, 56.2401077], [42.4520288, 56.2379232], [42.4468925, 56.2374971], [42.4485612, 56.2366274], [42.4476794, 56.2356804], [42.4430909, 56.2344925], [42.4412674, 56.2348663], [42.4361558, 56.2323492], [42.4337943, 56.2303886], [42.4321352, 56.230264], [42.4329722, 56.2289098], [42.4327181, 56.227838], [42.4336398, 56.2265456], [42.4323933, 56.2246522], [42.434584, 56.2238774], [42.4370428, 56.2248179], [42.4384984, 56.2243258], [42.4417833, 56.2247523], [42.4443797, 56.2262285], [42.4488159, 56.2274564], [42.4531575, 56.2245437], [42.4553529, 56.224847], [42.4536755, 56.2231099], [42.4482553, 56.2230298], [42.4427487, 56.2222611], [42.4450371, 56.2196416], [42.4517159, 56.2196129], [42.4535538, 56.2191091], [42.4547187, 56.2183031], [42.4557569, 56.2156954], [42.4522662, 56.2143882], [42.440871, 56.2141275], [42.4365379, 56.2002466], [42.4300723, 56.1999935], [42.42839, 56.1983364], [42.4246887, 56.1963456], [42.424668, 56.1958237], [42.4264136, 56.194781], [42.4253261, 56.1932788], [42.4283634, 56.1913176], [42.4284759, 56.1905039], [42.4251386, 56.1898362], [42.4124172, 56.1836146], [42.4002653, 56.1879516], [42.390538, 56.1833254], [42.3931647, 56.1816869], [42.3925585, 56.1789879], [42.3889216, 56.1763851], [42.3899896, 56.1709219], [42.3748554, 56.1711886], [42.3657384, 56.1784251], [42.3620126, 56.1785053], [42.3400556, 56.1744524], [42.3248886, 56.168054], [42.3132046, 56.1687761], [42.3039796, 56.1652403], [42.3056252, 56.1553035], [42.3076368, 56.1533969], [42.3124422, 56.1506351], [42.3049547, 56.1480206], [42.3050292, 56.1418779], [42.307823, 56.1387646], [42.3061467, 56.1380797], [42.3068545, 56.1370626], [42.299963, 56.1363153], [42.3005963, 56.1356096], [42.2882661, 56.1321014], [42.2864366, 56.1297048], [42.2806088, 56.1292619], [42.2759072, 56.1322423], [42.2694169, 56.1309965], [42.2660086, 56.1123846], [42.2526616, 56.1038597], [42.2501276, 56.0998238], [42.2386416, 56.0974713], [42.2398353, 56.0884055], [42.2433003, 56.087143], [42.2539072, 56.0871825], [42.2551801, 56.0839472], [42.2610459, 56.0773428], [42.2614735, 56.0754434], [42.2653627, 56.0739635], [42.2682418, 56.073815], [42.2581854, 56.0684378], [42.2523162, 56.0682207], [42.2475077, 56.0673128], [42.2517815, 56.0612873], [42.2501359, 56.0583491], [42.2468997, 56.057988], [42.2386701, 56.0625395], [42.2196916, 56.0621304], [42.2080366, 56.0628426], [42.1946226, 56.046633], [42.1806706, 56.0396244], [42.1821946, 56.0233788], [42.1891816, 56.0173645], [42.2092366, 56.0051378], [42.2224026, 56.0066021], [42.2218956, 55.9682116], [42.1833166, 55.9490903], [42.1748526, 55.952313]]]}}, {"type": "Feature", "properties": {"rda_code": "VL-14", "rda_name": "VYAZNIKOVSKY AREA /incl. of VYAZNIKI/", "osm_name": "Вязниковский район", "match_score": 1.0, "match_reason": "alias:вязниковскии"}, "geometry": {"type": "Polygon", "coordinates": [[[41.5550506, 56.2665786], [41.5541868, 56.2620403], [41.5564602, 56.2557752], [41.5527086, 56.2522203], [41.560921, 56.2498665], [41.5653495, 56.2497793], [41.5695475, 56.2470612], [41.5766374, 56.2471709], [41.5800937, 56.2489688], [41.5765774, 56.2529856], [41.5860869, 56.2594185], [41.5950943, 56.259737], [41.6055031, 56.2559368], [41.6284483, 56.2562411], [41.6610501, 56.2443016], [41.6735811, 56.2449236], [41.674847, 56.24439], [41.6754581, 56.2426679], [41.6741552, 56.2422999], [41.6741486, 56.2394903], [41.674716, 56.2373556], [41.6769858, 56.2381076], [41.6796922, 56.2382774], [41.6816398, 56.2378199], [41.6821366, 56.234226], [41.6816128, 56.2318241], [41.6799768, 56.2317147], [41.6789276, 56.2258565], [41.6790811, 56.223477], [41.6804556, 56.221196], [41.6852487, 56.2230371], [41.6865009, 56.2244397], [41.6889686, 56.2249721], [41.694814, 56.2273585], [41.6949084, 56.2283031], [41.696864, 56.2283656], [41.6991156, 56.2227371], [41.7035651, 56.2142755], [41.7036948, 56.2109049], [41.7016916, 56.2046706], [41.6977419, 56.2003376], [41.6883431, 56.1982277], [41.6864805, 56.1984282], [41.6569145, 56.1952003], [41.6505024, 56.1904851], [41.6525828, 56.1864585], [41.62418, 56.1851142], [41.6171899, 56.1751027], [41.5800729, 56.1669828], [41.5814212, 56.1577001], [41.5849555, 56.1556445], [41.5738073, 56.1512804], [41.5712013, 56.1401277], [41.5684078, 56.1375499], [41.5635996, 56.1221587], [41.5850277, 56.1142522], [41.5901408, 56.1085402], [41.5874534, 56.1062083], [41.5709114, 56.1016447], [41.6024606, 56.1030631], [41.6101281, 56.0752518], [41.6095662, 56.0704844], [41.5675575, 56.0595615], [41.5682098, 56.0586939], [41.6491133, 56.0529925], [41.6494159, 56.0483018], [41.7062373, 56.0446105], [41.7562493, 56.0432535], [41.7576224, 56.0288079], [41.7658376, 56.0280298], [41.7750412, 56.0252438], [41.7856973, 56.0281361], [41.7848854, 56.0263214], [41.7869151, 56.023429], [41.7924969, 56.0258287], [41.7943236, 56.0229575], [41.7798645, 56.0203358], [41.7799379, 56.0192884], [41.7834202, 56.0191927], [41.7832489, 56.0131939], [41.7910126, 56.0092047], [41.7890717, 56.0044811], [41.8015875, 56.0044313], [41.8006158, 56.0030057], [41.8013262, 56.0009628], [41.8073139, 56.0020978], [41.8138091, 55.9946064], [41.8286156, 55.9971583], [41.8324491, 55.9900589], [41.8358486, 55.9884406], [41.8428241, 55.9867205], [41.8476339, 55.9865197], [41.8508284, 55.9842307], [41.8544871, 55.9836769], [41.8592276, 55.9886681], [41.8808736, 55.9855934], [41.8958566, 55.992657], [41.8996946, 55.9930431], [41.9101906, 55.9929501], [41.9123556, 55.9936082], [41.9130924, 56.0001875], [41.917201, 55.9993852], [41.9316301, 55.999123], [41.9337211, 55.9941584], [41.9340879, 55.9907525], [41.9332075, 55.9854173], [41.9388939, 55.9850374], [41.943479, 55.9827905], [41.9378297, 55.9794863], [41.9380131, 55.9764075], [41.9390402, 55.973698], [41.9644256, 55.9772696], [41.9649758, 55.9793631], [41.9743669, 55.9841655], [41.9663405, 55.9886206], [41.9665532, 55.9916347], [42.0054606, 55.988099], [42.0218436, 55.9908766], [42.0345566, 55.9819116], [42.0277616, 55.9759443], [42.0306286, 55.96556], [42.0416606, 55.956868], [42.0721746, 55.9451725], [42.0732756, 55.9451935], [42.0650786, 55.9352092], [42.0702496, 55.9230255], [42.0698006, 55.9125762], [42.0688536, 55.9101017], [42.0690066, 55.9076481], [42.0773546, 55.9062718], [42.0794796, 55.9075411], [42.0849046, 55.9088724], [42.0994376, 55.9054636], [42.1281676, 55.9130663], [42.1371516, 55.9374928], [42.1504536, 55.9454165], [42.1487216, 55.9558238], [42.1709046, 55.9537764], [42.1833166, 55.9490903], [42.2218956, 55.9682116], [42.2224026, 56.0066021], [42.2092366, 56.0051378], [42.1891816, 56.0173645], [42.1821946, 56.0233788], [42.1806706, 56.0396244], [42.1946226, 56.046633], [42.2080366, 56.0628426], [42.2196916, 56.0621304], [42.2386701, 56.0625395], [42.2468997, 56.057988], [42.2501359, 56.0583491], [42.2517815, 56.0612873], [42.2475077, 56.0673128], [42.2523162, 56.0682207], [42.2581854, 56.0684378], [42.2682418, 56.073815], [42.2653627, 56.0739635], [42.2614735, 56.0754434], [42.2610459, 56.0773428], [42.2551801, 56.0839472], [42.2539072, 56.0871825], [42.2433003, 56.087143], [42.2398353, 56.0884055], [42.2386416, 56.0974713], [42.2501276, 56.0998238], [42.2526616, 56.1038597], [42.2660086, 56.1123846], [42.2694169, 56.1309965], [42.2759072, 56.1322423], [42.2806088, 56.1292619], [42.2864366, 56.1297048], [42.2882661, 56.1321014], [42.3005963, 56.1356096], [42.299963, 56.1363153], [42.3068545, 56.1370626], [42.3061467, 56.1380797], [42.307823, 56.1387646], [42.3050292, 56.1418779], [42.3049547, 56.1480206], [42.3124422, 56.1506351], [42.3076368, 56.1533969], [42.3056252, 56.1553035], [42.3039796, 56.1652403], [42.3132046, 56.1687761], [42.3248886, 56.168054], [42.3400556, 56.1744524], [42.3620126, 56.1785053], [42.3657384, 56.1784251], [42.3748554, 56.1711886], [42.3899896, 56.1709219], [42.3889216, 56.1763851], [42.3925585, 56.1789879], [42.3931647, 56.1816869], [42.390538, 56.1833254], [42.4002653, 56.1879516], [42.4124172, 56.1836146], [42.4251386, 56.1898362], [42.4284759, 56.1905039], [42.4283634, 56.1913176], [42.4253261, 56.1932788], [42.4264136, 56.194781], [42.424668, 56.1958237], [42.4246887, 56.1963456], [42.42839, 56.1983364], [42.4300723, 56.1999935], [42.4365379, 56.2002466], [42.440871, 56.2141275], [42.4522662, 56.2143882], [42.4557569, 56.2156954], [42.4547187, 56.2183031], [42.4535538, 56.2191091], [42.4517159, 56.2196129], [42.4450371, 56.2196416], [42.4427487, 56.2222611], [42.4482553, 56.2230298], [42.4536755, 56.2231099], [42.4553529, 56.224847], [42.4531575, 56.2245437], [42.4488159, 56.2274564], [42.4443797, 56.2262285], [42.4417833, 56.2247523], [42.4384984, 56.2243258], [42.4370428, 56.2248179], [42.434584, 56.2238774], [42.4323933, 56.2246522], [42.4336398, 56.2265456], [42.4327181, 56.227838], [42.4329722, 56.2289098], [42.4321352, 56.230264], [42.4337943, 56.2303886], [42.4361558, 56.2323492], [42.4412674, 56.2348663], [42.4430909, 56.2344925], [42.4476794, 56.2356804], [42.4485612, 56.2366274], [42.4468925, 56.2374971], [42.4520288, 56.2379232], [42.4622371, 56.2401077], [42.463388, 56.2409964], [42.4626706, 56.2413536], [42.4627005, 56.2419599], [42.4615725, 56.2420133], [42.4605172, 56.2430271], [42.4645192, 56.2426713], [42.4662058, 56.2431695], [42.4666532, 56.2437653], [42.4659321, 56.2446624], [42.4632524, 56.2450736], [42.4624844, 56.245634], [42.4627889, 56.2461024], [42.466013, 56.2464298], [42.4675753, 56.247215], [42.4675637, 56.2478395], [42.4662984, 56.2494365], [42.466097, 56.2504185], [42.4665233, 56.2508051], [42.4681049, 56.2509455], [42.4694443, 56.2503086], [42.4697346, 56.247472], [42.4710287, 56.2461603], [42.47262, 56.246007], [42.4749879, 56.2466664], [42.477703, 56.2491593], [42.4781978, 56.2518448], [42.4795812, 56.253881], [42.4822345, 56.2552246], [42.4857536, 56.2555705], [42.4872399, 56.2572008], [42.4874075, 56.2584422], [42.4837918, 56.2601646], [42.482057, 56.261613], [42.4816799, 56.2621389], [42.4822247, 56.2628294], [42.4856811, 56.2628237], [42.4878837, 56.2610541], [42.4904373, 56.2605369], [42.4930382, 56.2619403], [42.4958411, 56.265296], [42.4974451, 56.2655731], [42.4992386, 56.2647991], [42.5009811, 56.2627463], [42.5019329, 56.2622825], [42.504586, 56.2627292], [42.5047546, 56.2653058], [42.507036, 56.2667958], [42.5057198, 56.2680476], [42.5057257, 56.2685557], [42.5091841, 56.2691969], [42.5096356, 56.2713054], [42.510381, 56.2720807], [42.5134868, 56.2733374], [42.5140576, 56.2740377], [42.514137, 56.2779366], [42.5123053, 56.2814754], [42.5130371, 56.2823149], [42.5150525, 56.2832052], [42.5165175, 56.2849294], [42.5173414, 56.289274], [42.5182847, 56.2907051], [42.5230589, 56.2925067], [42.527879, 56.2926159], [42.5298997, 56.2935674], [42.5318714, 56.2938457], [42.5347412, 56.2932558], [42.5362974, 56.2941021], [42.5359402, 56.2948761], [42.5319764, 56.2970397], [42.5308058, 56.2982178], [42.5307456, 56.2999569], [42.5324806, 56.3024756], [42.5320055, 56.3074136], [42.5286183, 56.3124668], [42.5254699, 56.3143205], [42.52504, 56.3154055], [42.5263673, 56.316367], [42.5310563, 56.3143071], [42.533672, 56.3141101], [42.5357629, 56.3147459], [42.5371169, 56.316048], [42.5360199, 56.3169834], [42.5340422, 56.3174775], [42.5296603, 56.3171442], [42.5277481, 56.3174939], [42.5268664, 56.318397], [42.5261642, 56.320893], [42.5265678, 56.3219405], [42.5280532, 56.3228179], [42.5299665, 56.322988], [42.531791, 56.3227015], [42.5355045, 56.3209914], [42.537785, 56.3209814], [42.5399869, 56.3220625], [42.5402433, 56.3235655], [42.5388117, 56.325288], [42.5374582, 56.3257857], [42.531242, 56.3257992], [42.5276092, 56.3266899], [42.5263337, 56.3274956], [42.5255506, 56.329098], [42.5272086, 56.3308681], [42.5280435, 56.3340054], [42.5275788, 56.3352352], [42.5328978, 56.3379707], [42.5327676, 56.3390479], [42.5305518, 56.3413097], [42.5315786, 56.3427138], [42.5373006, 56.3435314], [42.5411132, 56.3427138], [42.5422906, 56.3431041], [42.5422444, 56.3435263], [42.5382736, 56.3459892], [42.5387833, 56.3477148], [42.5395452, 56.3484248], [42.5419909, 56.3493122], [42.543237, 56.3491925], [42.5447049, 56.3480602], [42.544973, 56.3467067], [42.5460736, 56.345399], [42.5475231, 56.3450047], [42.5497031, 56.3457638], [42.5502166, 56.3487474], [42.551799, 56.3499803], [42.5566289, 56.3498899], [42.557707, 56.3503809], [42.5579425, 56.3510393], [42.5573181, 56.3516769], [42.5540663, 56.3535608], [42.5528285, 56.3550972], [42.5489292, 56.3556912], [42.5480445, 56.3566302], [42.5481884, 56.3570887], [42.550488, 56.3578393], [42.5533461, 56.3572685], [42.5633158, 56.3578429], [42.5661545, 56.359162], [42.5655748, 56.3598088], [42.5645821, 56.3599879], [42.5584214, 56.3586842], [42.5569752, 56.3589967], [42.5542059, 56.3609769], [42.5572208, 56.3628205], [42.5549859, 56.3644489], [42.5552125, 56.365197], [42.5600513, 56.3677236], [42.5630604, 56.3680485], [42.5638744, 56.3686545], [42.5627311, 56.3710813], [42.5635604, 56.3745817], [42.5601898, 56.3765709], [42.5578812, 56.3765964], [42.5562652, 56.3761158], [42.5534726, 56.3734316], [42.5516295, 56.3732726], [42.5507337, 56.3735078], [42.5494963, 56.3750215], [42.5491093, 56.3757308], [42.5492747, 56.3768777], [42.5519065, 56.3789588], [42.5565145, 56.3803188], [42.5617795, 56.38063], [42.5621722, 56.3809036], [42.5620002, 56.3814485], [42.5605655, 56.3826735], [42.5607901, 56.383003], [42.5617966, 56.3834376], [42.5646892, 56.3835059], [42.565278, 56.3846901], [42.5652872, 56.3872871], [42.5677344, 56.3889535], [42.5709756, 56.3887337], [42.5763963, 56.3859119], [42.5782026, 56.3858054], [42.5808149, 56.3848414], [42.5823343, 56.3851247], [42.582681, 56.3856134], [42.5823432, 56.3864078], [42.5785941, 56.3872411], [42.5763963, 56.3884577], [42.5759438, 56.3900934], [42.5763963, 56.3921227], [42.5741147, 56.393805], [42.5760454, 56.3948469], [42.5808109, 56.3946677], [42.5816898, 56.3949855], [42.5817984, 56.3955778], [42.5814752, 56.3962882], [42.5762577, 56.3984244], [42.5767287, 56.3993954], [42.5800183, 56.4015106], [42.5710207, 56.4016371], [42.5692187, 56.4003967], [42.5657625, 56.4025567], [42.5543854, 56.412925], [42.5504972, 56.414077], [42.546033, 56.414653], [42.5435849, 56.4139328], [42.5373926, 56.4140768], [42.5222718, 56.4155167], [42.5155034, 56.4172446], [42.5003826, 56.4196925], [42.4962064, 56.4199804], [42.4931823, 56.4194044], [42.484542, 56.4165241], [42.4806539, 56.41638], [42.4731655, 56.4172439], [42.4645248, 56.4237241], [42.4617886, 56.4247321], [42.455884, 56.4297723], [42.453868, 56.4309243], [42.4498357, 56.4316443], [42.4455153, 56.4339483], [42.4383151, 56.4339482], [42.4370189, 56.4346682], [42.4152736, 56.4408602], [42.4103773, 56.4427322], [42.4076411, 56.4450363], [42.4057689, 56.4477724], [42.4028888, 56.4469082], [42.3998646, 56.4470522], [42.3890106, 56.4487394], [42.3782636, 56.4471959], [42.3680392, 56.4447477], [42.3604069, 56.4456116], [42.3460062, 56.4454673], [42.340534, 56.4458993], [42.3366458, 56.4464752], [42.3267092, 56.4490672], [42.3213809, 56.4494991], [42.3136047, 56.447771], [42.293588, 56.4408584], [42.2855239, 56.43625], [42.2791876, 56.4349539], [42.2729954, 56.4352418], [42.2676671, 56.4365378], [42.260911, 56.4402964], [42.2536575, 56.4403148], [42.2434514, 56.4435733], [42.23517, 56.4423313], [42.2304767, 56.4407999], [42.2250794, 56.4411028], [42.2184686, 56.4404814], [42.2119331, 56.4438094], [42.2042403, 56.4501808], [42.2044483, 56.4338007], [42.2058382, 56.4087117], [42.1887358, 56.4083067], [42.1891351, 56.3987696], [42.1376284, 56.3976832], [42.1388928, 56.3785092], [42.1132393, 56.3780118], [42.1146035, 56.3723553], [42.1173319, 56.3685408], [42.0721138, 56.3673799], [42.0733782, 56.366053], [42.0758071, 56.3616481], [42.0797, 56.3622563], [42.077504, 56.3592887], [42.0748754, 56.3600445], [42.0718143, 56.357556], [42.0665239, 56.3622932], [42.0612668, 56.3559523], [42.0572954, 56.3566386], [42.052237, 56.3524411], [42.0464022, 56.3523629], [42.0477903, 56.3566907], [42.0477432, 56.3581766], [42.0451527, 56.3584485], [42.0451527, 56.359675], [42.0469435, 56.3599997], [42.0482133, 56.3615328], [42.0475295, 56.3623624], [42.0434597, 56.3634445], [42.0412456, 56.3648693], [42.0377944, 56.3643102], [42.0324221, 56.3657349], [42.0315756, 56.3676285], [42.0358408, 56.3729659], [42.0346687, 56.3746608], [42.0305988, 56.3771669], [42.0314454, 56.3797269], [42.0297197, 56.3801235], [42.0106843, 56.3688374], [42.0020031, 56.3684034], [41.9981066, 56.3670926], [41.9991665, 56.370444], [41.9952413, 56.3717369], [41.9883424, 56.3728534], [41.9794375, 56.3735747], [41.980577, 56.3711134], [41.9766699, 56.3692291], [41.9707279, 56.3698692], [41.9691325, 56.3681652], [41.9668697, 56.3638641], [41.9604393, 56.3608972], [41.9606346, 56.3628], [41.9628086, 56.3665461], [41.9638164, 56.3708663], [41.9665525, 56.3714423], [41.9776408, 56.3759067], [41.9809526, 56.3806589], [41.9806642, 56.3890113], [41.9769198, 56.3924675], [41.9731753, 56.4011077], [41.971879, 56.4058599], [41.9697186, 56.4107562], [41.9648223, 56.4137801], [41.964822, 56.4185324], [41.966838, 56.4224206], [41.9658299, 56.4227086], [41.9590617, 56.4222765], [41.9560375, 56.4228525], [41.9558934, 56.4242925], [41.9535892, 56.4244365], [41.9602134, 56.4284687], [41.9635254, 56.4312049], [41.9638133, 56.4332211], [41.9609332, 56.433077], [41.9607891, 56.4346611], [41.959925, 56.4356691], [41.9535887, 56.436101], [41.942356, 56.4402771], [41.9419239, 56.4418611], [41.9424997, 56.4454613], [41.9393958, 56.4479005], [41.9359076, 56.4482654], [41.9190066, 56.442092], [41.9061176, 56.4427541], [41.8701986, 56.4208363], [41.8481474, 56.4185253], [41.8238428, 56.4144154], [41.8174487, 56.4084282], [41.8156136, 56.4076583], [41.8129464, 56.4052575], [41.8034868, 56.4065586], [41.8004802, 56.4047379], [41.7982085, 56.4045345], [41.7948678, 56.4030095], [41.7942832, 56.4016323], [41.7853302, 56.400671], [41.7832255, 56.401623], [41.7763771, 56.4018541], [41.7577861, 56.3963078], [41.7549298, 56.3942925], [41.7519733, 56.3969919], [41.7551303, 56.3996912], [41.7538107, 56.400976], [41.7560991, 56.4045253], [41.7512551, 56.4038136], [41.7474634, 56.4021869], [41.7401138, 56.4073903], [41.7485324, 56.4126855], [41.7608094, 56.4111793], [41.7704139, 56.4106895], [41.7726012, 56.4087025], [41.7844115, 56.411706], [41.7856475, 56.4109667], [41.7878524, 56.41117], [41.7918278, 56.4133323], [41.8016829, 56.4105694], [41.808715, 56.4173886], [41.8038376, 56.4231905], [41.793899, 56.424336], [41.7947676, 56.4195598], [41.7835763, 56.4190147], [41.7735208, 56.4214629], [41.7690777, 56.4232921], [41.7685265, 56.4205853], [41.7637493, 56.4217678], [41.7588217, 56.4195136], [41.7517562, 56.423754], [41.7455941, 56.4216281], [41.7424874, 56.4211134], [41.7415157, 56.4196015], [41.741396, 56.4172936], [41.737138, 56.4144748], [41.7339574, 56.4100475], [41.7326145, 56.4050165], [41.7385403, 56.4039449], [41.7386771, 56.3999895], [41.7370183, 56.3955984], [41.7358213, 56.3941219], [41.7330511, 56.3926927], [41.7326236, 56.3918409], [41.7291687, 56.3897433], [41.7265359, 56.3869376], [41.7229165, 56.3849718], [41.7180884, 56.3859815], [41.7006831, 56.3828502], [41.6921473, 56.3861708], [41.6911501, 56.3891924], [41.6835918, 56.3914452], [41.6818016, 56.3833273], [41.6865672, 56.3846107], [41.6895427, 56.3780211], [41.6878739, 56.3769384], [41.6898233, 56.3754423], [41.6912084, 56.3706695], [41.689772, 56.3688891], [41.6886263, 56.3684723], [41.6853943, 56.3658299], [41.6843126, 56.3626763], [41.6750487, 56.3549549], [41.6723446, 56.3519552], [41.6735074, 56.3485535], [41.6706112, 56.3443141], [41.6620331, 56.3437205], [41.6610755, 56.3408394], [41.6581856, 56.3398347], [41.6551242, 56.3371692], [41.6532074, 56.3387883], [41.6480322, 56.3401019], [41.6371496, 56.3442636], [41.632192, 56.3422129], [41.6296649, 56.3417036], [41.6281534, 56.3392708], [41.62137, 56.3355175], [41.6196409, 56.3328094], [41.6206203, 56.332005], [41.625989, 56.3301146], [41.6297374, 56.3279292], [41.6335221, 56.323826], [41.6316116, 56.3220291], [41.6279389, 56.3171005], [41.6289304, 56.3173922], [41.6403873, 56.3150886], [41.644278, 56.313241], [41.6428672, 56.3123968], [41.6425423, 56.3112302], [41.6283919, 56.3137674], [41.6267528, 56.3079822], [41.624222, 56.3060708], [41.6233444, 56.3038281], [41.6194361, 56.3024392], [41.6174234, 56.2999517], [41.6172951, 56.2976935], [41.6161665, 56.2964789], [41.6111305, 56.2947329], [41.6109082, 56.2930058], [41.6053078, 56.2895229], [41.6049487, 56.2883034], [41.6059406, 56.2867991], [41.6064365, 56.2843123], [41.6034012, 56.2831495], [41.6020331, 56.2808903], [41.6007934, 56.2799932], [41.5911574, 56.2775155], [41.5868481, 56.2759016], [41.5841207, 56.2754981], [41.5777423, 56.2726118], [41.5750832, 56.2726782], [41.5734587, 56.2721513], [41.569252, 56.268638], [41.5665245, 56.2679258], [41.5587781, 56.2687994], [41.5550506, 56.2665786]]]}}, {"type": "Feature", "properties": {"rda_code": "VL-19", "rda_name": "KOVROVSKY AREA", "osm_name": "Ковровский район", "match_score": 1.0, "match_reason": "alias:kovrovskii"}, "geometry": {"type": "Polygon", "coordinates": [[[41.0374117, 56.248417], [41.0372169, 56.2450209], [41.0358883, 56.2439286], [41.0356998, 56.2423822], [41.0351522, 56.2423523], [41.0333478, 56.2343702], [41.0455744, 56.2257975], [41.06738, 56.2247213], [41.0677812, 56.227927], [41.0724402, 56.2272283], [41.0779879, 56.2280567], [41.0789934, 56.2293391], [41.0799898, 56.229389], [41.082638, 56.230901], [41.0856722, 56.2302872], [41.0864622, 56.2288551], [41.0884101, 56.2287254], [41.0903312, 56.2306116], [41.0957263, 56.2306764], [41.0966151, 56.2286954], [41.0980424, 56.2290447], [41.0971537, 56.230871], [41.1022077, 56.2301824], [41.1000712, 56.2291495], [41.0971716, 56.2267842], [41.0992004, 56.2245335], [41.092556, 56.2213725], [41.0931284, 56.2199673], [41.0908306, 56.2180896], [41.0875615, 56.2166496], [41.0864062, 56.2151177], [41.0832578, 56.2134692], [41.0729239, 56.2108711], [41.07267, 56.209226], [41.0704428, 56.2088344], [41.0722411, 56.2067534], [41.0737772, 56.2069158], [41.0750594, 56.2058355], [41.074869, 56.2041972], [41.095575, 56.2052211], [41.0959686, 56.2038936], [41.0942674, 56.2037311], [41.0944451, 56.2015914], [41.0907508, 56.2014007], [41.0895701, 56.1991902], [41.082994, 56.198597], [41.0798502, 56.179172], [41.0956848, 56.1779556], [41.0943391, 56.1699132], [41.1109191, 56.1680922], [41.1431046, 56.165598], [41.1409181, 56.1509242], [41.1436099, 56.1504914], [41.146067, 56.1468288], [41.1494424, 56.147095], [41.1498812, 56.1439003], [41.1509288, 56.1419146], [41.1523769, 56.1421057], [41.1501714, 56.1330376], [41.1486482, 56.1334488], [41.1481373, 56.1330113], [41.1463682, 56.1286985], [41.1432073, 56.1234949], [41.1409, 56.1207412], [41.1450059, 56.1193225], [41.1486671, 56.1208203], [41.1550057, 56.1196231], [41.1561031, 56.1174713], [41.1613538, 56.1182097], [41.1624985, 56.1116218], [41.1506825, 56.1080552], [41.1510839, 56.1056006], [41.1534922, 56.1045038], [41.15479, 56.1030338], [41.1539738, 56.1012952], [41.1555927, 56.0976685], [41.1543351, 56.0948849], [41.1558639, 56.0904534], [41.15797, 56.0867082], [41.157724, 56.0857053], [41.1584241, 56.0848713], [41.1588025, 56.0830765], [41.1641383, 56.0811972], [41.1674653, 56.0699975], [41.1530162, 56.0672688], [41.1547345, 56.0587964], [41.1555102, 56.0568948], [41.1462003, 56.0560677], [41.1419019, 56.0548793], [41.1426188, 56.0529751], [41.1437228, 56.0517323], [41.1647847, 56.0594007], [41.1673007, 56.06171], [41.1745077, 56.060933], [41.178963, 56.0586448], [41.1767969, 56.0577033], [41.1776148, 56.0562989], [41.1856765, 56.0579894], [41.1881587, 56.0603547], [41.1929999, 56.0607302], [41.1995927, 56.0567982], [41.2003109, 56.0576131], [41.2014175, 56.0541152], [41.2326038, 56.039427], [41.2311076, 56.0377567], [41.2320348, 56.0345221], [41.2459986, 56.0312343], [41.2474366, 56.0312978], [41.2508655, 56.0277062], [41.2535458, 56.0214603], [41.2640059, 56.0239005], [41.2784587, 56.0236023], [41.3366517, 56.0206432], [41.3199522, 56.0066287], [41.3145962, 56.005602], [41.3149813, 56.0077644], [41.3142239, 56.0083217], [41.3125943, 56.0066395], [41.3101999, 56.0060374], [41.3083715, 56.0073523], [41.3027919, 56.0078189], [41.2960214, 56.007161], [41.2954114, 56.0022167], [41.2823163, 55.9998743], [41.2719765, 55.9965669], [41.2768978, 55.9913625], [41.2792518, 55.9914196], [41.2800436, 55.9903874], [41.289132, 55.9915022], [41.2895776, 55.9962667], [41.2917434, 55.9961523], [41.2961007, 55.9945024], [41.3061369, 55.9938924], [41.3060345, 55.9957159], [41.3120264, 55.9985773], [41.3118414, 56.0009067], [41.3110499, 56.0020612], [41.3144368, 56.0052909], [41.3188074, 56.0059531], [41.3211791, 56.0070255], [41.3372528, 56.0206102], [41.3794442, 56.0186315], [41.3769002, 56.0005081], [41.3449962, 56.0018576], [41.3433238, 55.9931449], [41.3399699, 55.9637627], [41.3624413, 55.9624268], [41.3718212, 55.9634362], [41.37134, 55.9654496], [41.3904426, 55.9671863], [41.4009409, 55.9710819], [41.4056367, 55.9715105], [41.4059364, 55.9722622], [41.4102659, 55.975275], [41.4136628, 55.9833059], [41.4206344, 55.9911426], [41.4201237, 55.9935144], [41.4250638, 55.9940173], [41.4380433, 55.9982987], [41.4445042, 55.9976407], [41.4486783, 55.9979138], [41.4511755, 56.0004202], [41.4644886, 56.0021057], [41.60088, 56.0071321], [41.6011908, 56.0081996], [41.6050541, 56.0095526], [41.6144663, 56.013975], [41.6094633, 56.0164891], [41.6141564, 56.0181999], [41.6139063, 56.0217949], [41.615125, 56.0231557], [41.6232507, 56.0221543], [41.6245371, 56.0212856], [41.625359, 56.0217449], [41.6313623, 56.0210959], [41.6382232, 56.0178504], [41.6379373, 56.0166321], [41.6346677, 56.0131965], [41.6381339, 56.0112988], [41.638652, 56.009321], [41.6379871, 56.0076415], [41.6543889, 56.0068523], [41.6565151, 56.0085505], [41.6591058, 56.0073917], [41.6599098, 56.0058234], [41.6646981, 56.0049243], [41.6698796, 56.0030562], [41.6704156, 56.002287], [41.6707193, 55.9999791], [41.6735423, 55.9995595], [41.678009, 55.9980308], [41.6748287, 55.9971715], [41.6768477, 55.9941938], [41.6682179, 55.9945236], [41.6696652, 55.9913558], [41.6642515, 55.9899567], [41.6615893, 55.9943137], [41.6598026, 55.9942438], [41.6561399, 55.9960224], [41.649828, 55.9957801], [41.6478805, 55.9899342], [41.6508464, 55.9890448], [41.6502746, 55.9875957], [41.658608, 55.9819393], [41.6703877, 55.978161], [41.6710544, 55.980625], [41.672591, 55.9825442], [41.6761465, 55.9851229], [41.6771649, 55.9888209], [41.6794162, 55.9920788], [41.6808991, 55.9932979], [41.6828645, 55.993138], [41.6826956, 55.9950111], [41.6814396, 55.9979787], [41.6823188, 55.999041], [41.6963855, 56.0000506], [41.6966053, 56.0007353], [41.7036544, 56.0012094], [41.704298, 56.0020609], [41.7051941, 56.006033], [41.7041839, 56.0073675], [41.7023744, 56.008615], [41.7024965, 56.009428], [41.7007869, 56.0109485], [41.6993438, 56.013257], [41.7001542, 56.0136045], [41.7073144, 56.0116311], [41.7102859, 56.0173799], [41.7166442, 56.0155459], [41.7158278, 56.0098589], [41.7262994, 56.0112632], [41.7286137, 56.0146781], [41.7360554, 56.019728], [41.7411387, 56.0189861], [41.7407716, 56.0282404], [41.7576224, 56.0288079], [41.7562493, 56.0432535], [41.7062373, 56.0446105], [41.6494159, 56.0483018], [41.6491133, 56.0529925], [41.5682098, 56.0586939], [41.5675575, 56.0595615], [41.6095662, 56.0704844], [41.6101281, 56.0752518], [41.6024606, 56.1030631], [41.5709114, 56.1016447], [41.5874534, 56.1062083], [41.5901408, 56.1085402], [41.5850277, 56.1142522], [41.5635996, 56.1221587], [41.5684078, 56.1375499], [41.5712013, 56.1401277], [41.5738073, 56.1512804], [41.5849555, 56.1556445], [41.5814212, 56.1577001], [41.5800729, 56.1669828], [41.6171899, 56.1751027], [41.62418, 56.1851142], [41.6525828, 56.1864585], [41.6505024, 56.1904851], [41.6569145, 56.1952003], [41.6864805, 56.1984282], [41.6883431, 56.1982277], [41.6977419, 56.2003376], [41.7016916, 56.2046706], [41.7036948, 56.2109049], [41.7035651, 56.2142755], [41.6991156, 56.2227371], [41.696864, 56.2283656], [41.6949084, 56.2283031], [41.694814, 56.2273585], [41.6889686, 56.2249721], [41.6865009, 56.2244397], [41.6852487, 56.2230371], [41.6804556, 56.221196], [41.6790811, 56.223477], [41.6789276, 56.2258565], [41.6799768, 56.2317147], [41.6816128, 56.2318241], [41.6821366, 56.234226], [41.6816398, 56.2378199], [41.6796922, 56.2382774], [41.6769858, 56.2381076], [41.674716, 56.2373556], [41.6741486, 56.2394903], [41.6741552, 56.2422999], [41.6754581, 56.2426679], [41.674847, 56.24439], [41.6735811, 56.2449236], [41.6610501, 56.2443016], [41.6284483, 56.2562411], [41.6055031, 56.2559368], [41.5950943, 56.259737], [41.5860869, 56.2594185], [41.5765774, 56.2529856], [41.5800937, 56.2489688], [41.5766374, 56.2471709], [41.5695475, 56.2470612], [41.5653495, 56.2497793], [41.560921, 56.2498665], [41.5527086, 56.2522203], [41.5564602, 56.2557752], [41.5541868, 56.2620403], [41.5550506, 56.2665786], [41.5587781, 56.2687994], [41.5665245, 56.2679258], [41.569252, 56.268638], [41.5734587, 56.2721513], [41.5750832, 56.2726782], [41.5777423, 56.2726118], [41.5841207, 56.2754981], [41.5868481, 56.2759016], [41.5911574, 56.2775155], [41.6007934, 56.2799932], [41.6020331, 56.2808903], [41.6034012, 56.2831495], [41.6064365, 56.2843123], [41.6059406, 56.2867991], [41.6049487, 56.2883034], [41.6053078, 56.2895229], [41.6109082, 56.2930058], [41.6111305, 56.2947329], [41.6161665, 56.2964789], [41.6172951, 56.2976935], [41.6174234, 56.2999517], [41.6194361, 56.3024392], [41.6233444, 56.3038281], [41.624222, 56.3060708], [41.6267528, 56.3079822], [41.6283919, 56.3137674], [41.6425423, 56.3112302], [41.6428672, 56.3123968], [41.644278, 56.313241], [41.6403873, 56.3150886], [41.6289304, 56.3173922], [41.6279389, 56.3171005], [41.6316116, 56.3220291], [41.6335221, 56.323826], [41.6297374, 56.3279292], [41.625989, 56.3301146], [41.6206203, 56.332005], [41.6196409, 56.3328094], [41.62137, 56.3355175], [41.6281534, 56.3392708], [41.6296649, 56.3417036], [41.632192, 56.3422129], [41.6371496, 56.3442636], [41.6480322, 56.3401019], [41.6532074, 56.3387883], [41.6551242, 56.3371692], [41.6581856, 56.3398347], [41.6610755, 56.3408394], [41.6620331, 56.3437205], [41.6706112, 56.3443141], [41.6735074, 56.3485535], [41.6723446, 56.3519552], [41.6750487, 56.3549549], [41.6843126, 56.3626763], [41.6853943, 56.3658299], [41.6886263, 56.3684723], [41.689772, 56.3688891], [41.6912084, 56.3706695], [41.6898233, 56.3754423], [41.6878739, 56.3769384], [41.6895427, 56.3780211], [41.6865672, 56.3846107], [41.6818016, 56.3833273], [41.6835918, 56.3914452], [41.6911501, 56.3891924], [41.6921473, 56.3861708], [41.7006831, 56.3828502], [41.7180884, 56.3859815], [41.7229165, 56.3849718], [41.7265359, 56.3869376], [41.7291687, 56.3897433], [41.7326236, 56.3918409], [41.7330511, 56.3926927], [41.7358213, 56.3941219], [41.7370183, 56.3955984], [41.7386771, 56.3999895], [41.7385403, 56.4039449], [41.7326145, 56.4050165], [41.7339574, 56.4100475], [41.737138, 56.4144748], [41.741396, 56.4172936], [41.7415157, 56.4196015], [41.7424874, 56.4211134], [41.7455941, 56.4216281], [41.7517562, 56.423754], [41.7588217, 56.4195136], [41.7637493, 56.4217678], [41.7685265, 56.4205853], [41.7690777, 56.4232921], [41.7735208, 56.4214629], [41.7835763, 56.4190147], [41.7947676, 56.4195598], [41.793899, 56.424336], [41.801733, 56.423523], [41.8038376, 56.4231905], [41.808715, 56.4173886], [41.8016829, 56.4105694], [41.7918278, 56.4133323], [41.7878524, 56.41117], [41.7856475, 56.4109667], [41.7844115, 56.411706], [41.7726012, 56.4087025], [41.7704139, 56.4106895], [41.7608094, 56.4111793], [41.7485324, 56.4126855], [41.7401138, 56.4073903], [41.7474634, 56.4021869], [41.7512551, 56.4038136], [41.7560991, 56.4045253], [41.7538107, 56.400976], [41.7551303, 56.3996912], [41.7519733, 56.3969919], [41.7549298, 56.3942925], [41.7577861, 56.3963078], [41.7763771, 56.4018541], [41.7832255, 56.401623], [41.7853302, 56.400671], [41.7942832, 56.4016323], [41.7948678, 56.4030095], [41.7982085, 56.4045345], [41.8004802, 56.4047379], [41.8034868, 56.4065586], [41.8129464, 56.4052575], [41.8156136, 56.4076583], [41.8174487, 56.4084282], [41.8238428, 56.4144154], [41.8481474, 56.4185253], [41.8701986, 56.4208363], [41.9061176, 56.4427541], [41.9190066, 56.442092], [41.9359076, 56.4482654], [41.9393958, 56.4479005], [41.9386757, 56.4504925], [41.9406917, 56.4532287], [41.9411235, 56.4566849], [41.9438593, 56.4624452], [41.9454434, 56.4620131], [41.9500516, 56.4620132], [41.9522117, 56.4634533], [41.9514915, 56.4656134], [41.9477472, 56.4683495], [41.947891, 56.4720936], [41.9463069, 56.4733897], [41.9485421, 56.4815856], [41.95497, 56.4818944], [41.9599871, 56.4836143], [41.959843, 56.4854864], [41.9575388, 56.4863504], [41.9533627, 56.4850543], [41.9478904, 56.4850543], [41.9425621, 56.4853422], [41.9388179, 56.4863501], [41.9326251, 56.4968625], [41.9236965, 56.5011826], [41.9173601, 56.5027666], [41.915056, 56.5039186], [41.9150559, 56.5055026], [41.9172159, 56.5063667], [41.9272964, 56.5066549], [41.9310404, 56.509535], [41.9308963, 56.5124152], [41.928304, 56.5160153], [41.9238397, 56.5186074], [41.9195194, 56.5199034], [41.9105038, 56.5201191], [41.8969102, 56.5240792], [41.8927338, 56.5259513], [41.8872615, 56.5275352], [41.8829413, 56.5281111], [41.8767679, 56.5254578], [41.8727091, 56.5194007], [41.8692164, 56.5168041], [41.858893, 56.5115501], [41.849533, 56.5040616], [41.8410366, 56.5016133], [41.8336924, 56.4997412], [41.8215959, 56.4981569], [41.7949548, 56.4964285], [41.7821383, 56.4949881], [41.7706178, 56.4931159], [41.7578014, 56.4921077], [41.7406077, 56.4921272], [41.7215912, 56.4945641], [41.7024382, 56.496004], [41.7015741, 56.498596], [41.701574, 56.5000361], [41.7069021, 56.5030603], [41.7090621, 56.5047884], [41.7112039, 56.508067], [41.7112162, 56.5100081], [41.7090881, 56.5123517], [41.7058935, 56.5132847], [41.7022933, 56.5140048], [41.6971091, 56.5138607], [41.6935611, 56.5127894], [41.6880207, 56.5101538], [41.684293, 56.505076], [41.6821329, 56.503204], [41.6791089, 56.5016198], [41.6729167, 56.5001797], [41.6737807, 56.4993157], [41.677381, 56.4983076], [41.677957, 56.4975876], [41.677381, 56.4965796], [41.6723409, 56.4951394], [41.6681648, 56.4932673], [41.6605326, 56.491539], [41.6539084, 56.4890909], [41.6474281, 56.4877947], [41.6350438, 56.4836183], [41.6279875, 56.4820342], [41.6207873, 56.4797299], [41.609699, 56.4771377], [41.6030746, 56.4769936], [41.5958742, 56.4782895], [41.5932822, 56.4761293], [41.585362, 56.4736812], [41.5798793, 56.4737029], [41.5776329, 56.4751684], [41.5711071, 56.477661], [41.5714722, 56.4788236], [41.5719964, 56.4789153], [41.5722363, 56.4804929], [41.5712931, 56.4822875], [41.5701816, 56.4828004], [41.5705279, 56.4831446], [41.5683115, 56.4844577], [41.5666739, 56.4841011], [41.5631151, 56.4859579], [41.5610255, 56.4863004], [41.5567157, 56.4859399], [41.5549471, 56.4847786], [41.5570096, 56.4837405], [41.5635415, 56.4837013], [41.5618799, 56.4830812], [41.5612307, 56.4821947], [41.5609335, 56.4803341], [41.5599807, 56.4806755], [41.5597522, 56.4794495], [41.5567735, 56.4770949], [41.556879, 56.4767268], [41.5554914, 56.4753924], [41.5532649, 56.4743299], [41.552465, 56.4746274], [41.5498177, 56.4731257], [41.5448079, 56.4723391], [41.5456222, 56.4731798], [41.5448712, 56.4735946], [41.5456336, 56.4739418], [41.545736, 56.4759326], [41.5447355, 56.4777681], [41.5419703, 56.4795869], [41.5373364, 56.4802233], [41.5333707, 56.4792601], [41.5331304, 56.4804931], [41.5337483, 56.4848559], [41.5381283, 56.4895175], [41.5440904, 56.4898446], [41.5440904, 56.4922672], [41.5415352, 56.4913677], [41.5398688, 56.4926965], [41.5390356, 56.4952006], [41.5356102, 56.4941581], [41.5349551, 56.4968745], [41.5375612, 56.4976819], [41.5355523, 56.5001461], [41.5403857, 56.5024925], [41.5420891, 56.5046997], [41.5420521, 56.5055478], [41.5348142, 56.5019056], [41.5291981, 56.5003215], [41.5268938, 56.5029136], [41.5266057, 56.5062257], [41.5153232, 56.5049139], [41.5029398, 56.4980413], [41.4985251, 56.4935527], [41.495789, 56.4921127], [41.4917569, 56.4912485], [41.477068, 56.4951364], [41.4662676, 56.4936962], [41.4584232, 56.4919888], [41.451003, 56.491824], [41.4462506, 56.4944159], [41.4429385, 56.4936959], [41.4400584, 56.4938398], [41.4351621, 56.4932638], [41.430842, 56.4921117], [41.4252258, 56.4928316], [41.4141373, 56.4925434], [41.4017784, 56.4938788], [41.3982903, 56.4963291], [41.3935439, 56.5008955], [41.3922478, 56.5013274], [41.3702148, 56.5010391], [41.3666148, 56.499311], [41.3661829, 56.4972949], [41.3624388, 56.4955668], [41.3586946, 56.4949906], [41.3532224, 56.4926865], [41.3474623, 56.4921104], [41.3333496, 56.4921102], [41.3294614, 56.4929741], [41.3294613, 56.4947022], [41.3284531, 56.4959983], [41.3260052, 56.4945581], [41.3238449, 56.4962862], [41.3205329, 56.49427], [41.320677, 56.491966], [41.3190931, 56.4896618], [41.316213, 56.4879337], [41.3058444, 56.4911017], [41.2892837, 56.4898054], [41.2843875, 56.4879332], [41.2790595, 56.485197], [41.2789536, 56.4820473], [41.2675442, 56.4822914], [41.2674133, 56.4870636], [41.266513, 56.4903804], [41.2658909, 56.4908955], [41.2512569, 56.4865214], [41.2440365, 56.4890288], [41.2327395, 56.4854373], [41.2156161, 56.490626], [41.202735, 56.4936942], [41.2016516, 56.4948128], [41.2050825, 56.4962859], [41.204601, 56.4966403], [41.2059653, 56.5012694], [41.2031564, 56.5014465], [41.2018121, 56.502266], [41.1972174, 56.496009], [41.1972174, 56.49499], [41.1930842, 56.4929078], [41.191459, 56.490338], [41.1832729, 56.4885768], [41.1745002, 56.4993605], [41.1731964, 56.4990935], [41.1738273, 56.4979328], [41.1686964, 56.4949033], [41.168402, 56.4915137], [41.1673926, 56.488948], [41.164743, 56.4858946], [41.1648482, 56.4832705], [41.1623668, 56.4791714], [41.1584135, 56.4803327], [41.1568154, 56.4756875], [41.1511167, 56.4762798], [41.1502136, 56.4737173], [41.1592898, 56.4717381], [41.1584561, 56.4703168], [41.1608132, 56.4678037], [41.1610396, 56.4653872], [41.1658464, 56.4622312], [41.1723697, 56.4589547], [41.1845177, 56.4596721], [41.1890568, 56.4549231], [41.1899626, 56.4513055], [41.1836531, 56.4492918], [41.1889333, 56.4480118], [41.1892935, 56.4467717], [41.1887583, 56.4425331], [41.1883569, 56.4419414], [41.1832127, 56.4404397], [41.1827129, 56.4395159], [41.1778024, 56.4394141], [41.1760024, 56.4389282], [41.1758619, 56.438427], [41.1748781, 56.4384892], [41.1743932, 56.4378249], [41.1711607, 56.4377083], [41.1713656, 56.4372018], [41.1700214, 56.4363991], [41.1692585, 56.4364219], [41.1679664, 56.4353618], [41.1667155, 56.4353998], [41.1670705, 56.4335319], [41.1567311, 56.4304576], [41.1529314, 56.431157], [41.1512134, 56.4305352], [41.1492774, 56.4305441], [41.1493927, 56.4289015], [41.147247, 56.4280423], [41.1471148, 56.4269674], [41.1444601, 56.4268966], [41.1431284, 56.4255737], [41.1406867, 56.4250145], [41.1384424, 56.4212908], [41.1373819, 56.4226139], [41.1339538, 56.4225184], [41.1310682, 56.4210862], [41.1287006, 56.41889], [41.1242637, 56.4171936], [41.1234816, 56.4102793], [41.1288719, 56.4110898], [41.129889, 56.4118178], [41.1359547, 56.4104065], [41.1414812, 56.4098615], [41.1411307, 56.4087302], [41.1420649, 56.4077384], [41.1455492, 56.4060411], [41.1478349, 56.4055799], [41.1521993, 56.4032307], [41.1547939, 56.3978081], [41.151637, 56.3972076], [41.1506752, 56.3945868], [41.1522536, 56.3906827], [41.1534128, 56.389809], [41.1549382, 56.3894631], [41.1493842, 56.3827504], [41.1375019, 56.3813064], [41.1312007, 56.3812572], [41.1325114, 56.3741162], [41.1275168, 56.3736827], [41.1189588, 56.3720984], [41.1194274, 56.3715111], [41.1267029, 56.3719482], [41.1303283, 56.3686974], [41.1285773, 56.367427], [41.1278947, 56.3654708], [41.1066163, 56.3625743], [41.1064301, 56.3596128], [41.1013089, 56.3550658], [41.1189588, 56.3563472], [41.1251245, 56.3549262], [41.1329962, 56.3559007], [41.1352363, 56.3568801], [41.1369133, 56.3593532], [41.1398416, 56.3602736], [41.1461084, 56.3534492], [41.1458149, 56.3506366], [41.1426467, 56.3491081], [41.1351477, 56.3496821], [41.1083502, 56.3387092], [41.1101423, 56.3313764], [41.1122516, 56.3279354], [41.1161828, 56.3259965], [41.1143374, 56.3238549], [41.1039948, 56.3164653], [41.096785, 56.314585], [41.0930085, 56.3129307], [41.0886097, 56.3069794], [41.0889101, 56.3054796], [41.0884166, 56.3042653], [41.0897684, 56.3007415], [41.0967207, 56.301051], [41.0961628, 56.2985508], [41.1035442, 56.2967291], [41.1085439, 56.2984199], [41.1109471, 56.297765], [41.1096382, 56.2967649], [41.0975361, 56.2925258], [41.0906267, 56.2924901], [41.0835457, 56.2945978], [41.0806489, 56.2947526], [41.076014, 56.2941334], [41.0742974, 56.2933237], [41.073246, 56.2920376], [41.0744476, 56.2897393], [41.0810351, 56.2870597], [41.0845971, 56.2847372], [41.0860991, 56.282367], [41.0875368, 56.2777333], [41.0859275, 56.2719671], [41.0810995, 56.2623629], [41.0801768, 56.2614453], [41.0762286, 56.2602296], [41.0756492, 56.2592643], [41.0751986, 56.2572858], [41.0757351, 56.2543774], [41.0746407, 56.2533881], [41.0715079, 56.252351], [41.0661435, 56.2528636], [41.060822, 56.2518622], [41.0589766, 56.2506344], [41.0545778, 56.2489892], [41.0437631, 56.2496211], [41.0374117, 56.248417]], [[41.257582, 56.3488246], [41.2610811, 56.3502036], [41.2636302, 56.3523223], [41.265193, 56.3562693], [41.2637436, 56.3593912], [41.2641461, 56.3635679], [41.2651121, 56.3649502], [41.2682783, 56.3675956], [41.2700493, 56.3673579], [41.2712299, 56.3686508], [41.2659171, 56.3697802], [41.2667757, 56.3705084], [41.2590211, 56.3721281], [41.2573038, 56.373302], [41.2571148, 56.3751725], [41.2660661, 56.3760521], [41.2771856, 56.378465], [41.2817793, 56.3810679], [41.2817364, 56.3822208], [41.2831961, 56.3841223], [41.2855359, 56.3851086], [41.2825735, 56.3864277], [41.2849992, 56.3881626], [41.2869741, 56.3875328], [41.2881762, 56.3885072], [41.2893568, 56.3923333], [41.290838, 56.3935452], [41.3000684, 56.3947333], [41.308848, 56.397644], [41.3125402, 56.4095457], [41.3169192, 56.4119921], [41.3176491, 56.4131678], [41.3194522, 56.4133815], [41.3229727, 56.4121821], [41.3277167, 56.4088257], [41.3327676, 56.4062195], [41.3381272, 56.4051337], [41.342098, 56.4049817], [41.3431441, 56.4042006], [41.3634234, 56.4083733], [41.3616351, 56.401504], [41.3541534, 56.3997464], [41.3449831, 56.3997464], [41.3448731, 56.3994137], [41.3400768, 56.3986897], [41.338165, 56.3967036], [41.3378967, 56.3955898], [41.3401476, 56.3916289], [41.3756821, 56.3917224], [41.3733054, 56.3803995], [41.3708164, 56.3795493], [41.3701868, 56.3779114], [41.3704579, 56.3737993], [41.3695695, 56.3715403], [41.3699992, 56.3705386], [41.3730621, 56.3689751], [41.3681687, 56.3649426], [41.3708692, 56.3638776], [41.3736143, 56.3637918], [41.377875, 56.3667403], [41.3789487, 56.3667466], [41.3810309, 56.3659263], [41.3805586, 56.364333], [41.3820398, 56.3641309], [41.3800864, 56.3611701], [41.3811382, 56.3602306], [41.3794853, 56.3598382], [41.3748558, 56.3628498], [41.3747732, 56.3619025], [41.3738717, 56.361706], [41.3702805, 56.3583912], [41.3694957, 56.3557507], [41.3640584, 56.3501972], [41.3661904, 56.3426633], [41.3412208, 56.3263394], [41.3389937, 56.3236911], [41.3604329, 56.3167719], [41.3806647, 56.3116226], [41.3834553, 56.3076783], [41.3906196, 56.3074996], [41.3903781, 56.3084225], [41.3922563, 56.3085862], [41.3957177, 56.3020811], [41.3934638, 56.3021258], [41.3921758, 56.2974807], [41.3889559, 56.2979125], [41.386273, 56.3010357], [41.3768511, 56.3007625], [41.369752, 56.3111742], [41.3636025, 56.3107556], [41.3407202, 56.3170386], [41.3351659, 56.3154207], [41.332115, 56.3166644], [41.3294535, 56.3170914], [41.3236887, 56.3162194], [41.3152586, 56.3159018], [41.3171228, 56.3181233], [41.3203346, 56.3180214], [41.320829, 56.3204068], [41.3181982, 56.3212158], [41.3180074, 56.3216391], [41.3128441, 56.3229185], [41.2928282, 56.3228874], [41.2862698, 56.3222065], [41.2845648, 56.3197945], [41.2789925, 56.322432], [41.2750785, 56.3219131], [41.2708665, 56.3226963], [41.2667774, 56.3226386], [41.2627321, 56.3344448], [41.2603171, 56.3352778], [41.2515471, 56.3352925], [41.2458417, 56.3344353], [41.2399314, 56.3340949], [41.2406487, 56.333002], [41.2429986, 56.3333441], [41.2434912, 56.3324158], [41.2456886, 56.3324759], [41.2474016, 56.3318639], [41.2498452, 56.3221908], [41.2483833, 56.3210744], [41.2472918, 56.322791], [41.2451882, 56.3218982], [41.2447588, 56.321065], [41.2425908, 56.3203269], [41.2375033, 56.3197317], [41.2365373, 56.3207079], [41.2328666, 56.3201008], [41.2327808, 56.3206722], [41.231407, 56.3217078], [41.2274572, 56.320696], [41.2261048, 56.3217792], [41.2321368, 56.3235647], [41.2334462, 56.3227315], [41.2365588, 56.3240527], [41.2364515, 56.3253382], [41.2330169, 56.3253858], [41.2325447, 56.3273497], [41.2334033, 56.3276591], [41.233575, 56.3293967], [41.2295609, 56.32948], [41.2309132, 56.3309914], [41.225547, 56.3350926], [41.2236079, 56.3395081], [41.2334605, 56.3398857], [41.2395855, 56.3377266], [41.2427196, 56.3372388], [41.2424198, 56.3345787], [41.2544676, 56.3360066], [41.2574729, 56.3356794], [41.2583852, 56.3376278], [41.2616348, 56.3369924], [41.2604533, 56.3385611], [41.260522, 56.3405029], [41.2578155, 56.3421019], [41.2601785, 56.344919], [41.258104, 56.3471269], [41.257582, 56.3488246]]]}}, {"type": "Feature", "properties": {"rda_code": "VL-17", "rda_name": "KAMESHKOVSKY AREA / incl. KAMEShKOVO/", "osm_name": "Камешковский муниципальный округ", "match_score": 1.0, "match_reason": "alias:kameshkovskii"}, "geometry": {"type": "Polygon", "coordinates": [[[40.5592816, 56.3436972], [40.5712479, 56.3455423], [40.5674951, 56.3297744], [40.5807909, 56.3293463], [40.5822492, 56.3336263], [40.6157032, 56.3396174], [40.6335446, 56.3230536], [40.6457595, 56.3210727], [40.6492165, 56.3291874], [40.6574476, 56.3283315], [40.6583036, 56.3221121], [40.6758358, 56.3235009], [40.6871103, 56.3163725], [40.700362, 56.3176082], [40.707667, 56.3114895], [40.7022384, 56.3130553], [40.7007138, 56.3090874], [40.6922703, 56.3059647], [40.6880627, 56.301051], [40.6760867, 56.2993283], [40.6452442, 56.3012803], [40.6379372, 56.2996456], [40.6334424, 56.2968814], [40.6329406, 56.2856541], [40.6533116, 56.2767401], [40.6570666, 56.2725512], [40.6595146, 56.2591012], [40.6653799, 56.2495381], [40.6678948, 56.2482794], [40.6652709, 56.2450652], [40.6596551, 56.2448101], [40.6604346, 56.242641], [40.6502235, 56.2409095], [40.6488861, 56.2399181], [40.6426288, 56.2388824], [40.6445403, 56.2357476], [40.6295509, 56.2310949], [40.6359951, 56.2286596], [40.6389708, 56.2288686], [40.6444533, 56.2276579], [40.6486114, 56.2234837], [40.6506374, 56.2205214], [40.648417, 56.2183329], [40.6498804, 56.2163967], [40.6599733, 56.2145446], [40.6650198, 56.2165651], [40.6650198, 56.2143482], [40.6633621, 56.2131622], [40.6626982, 56.2120594], [40.66015, 56.2109289], [40.6564913, 56.2102508], [40.6215587, 56.2093371], [40.6241604, 56.1828833], [40.6246306, 56.1698663], [40.6205126, 56.16822], [40.6250576, 56.1655037], [40.6262267, 56.1634974], [40.6227296, 56.1604101], [40.6178678, 56.1579876], [40.6164178, 56.1563726], [40.6168443, 56.1549949], [40.6267385, 56.1499116], [40.6268238, 56.1458254], [40.628615, 56.1442098], [40.6319415, 56.1429743], [40.6396181, 56.1421664], [40.6430299, 56.1406457], [40.64593, 56.1374616], [40.6585537, 56.1334691], [40.6656159, 56.1328811], [40.675136, 56.1300242], [40.679346, 56.1269614], [40.6818233, 56.1258306], [40.6851698, 56.1254897], [40.6887169, 56.1263275], [40.6964824, 56.1294848], [40.7013836, 56.1296622], [40.7039297, 56.1285625], [40.7081194, 56.1233109], [40.7252898, 56.1246901], [40.7484278, 56.134243], [40.7509224, 56.1371776], [40.7513054, 56.1409702], [40.7494287, 56.1442462], [40.7500543, 56.1462675], [40.752619, 56.1473826], [40.7613768, 56.1472781], [40.7632403, 56.1459537], [40.7640667, 56.1421901], [40.7663812, 56.1413885], [40.7970959, 56.1495082], [40.800599, 56.1494734], [40.8032264, 56.1485325], [40.8042898, 56.1467554], [40.8027885, 56.1437583], [40.8031638, 56.1411445], [40.8070422, 56.1394715], [40.8105089, 56.1397739], [40.8123448, 56.1405361], [40.8131465, 56.141937], [40.8125721, 56.1439038], [40.8110732, 56.1464089], [40.8110687, 56.1474668], [40.8121659, 56.1488982], [40.8275603, 56.1548912], [40.8432897, 56.1621671], [40.8455288, 56.162583], [40.8541398, 56.1620402], [40.8641198, 56.1649665], [40.8699946, 56.1619071], [40.8768866, 56.166092], [40.8803112, 56.1690041], [40.8816803, 56.1683193], [40.8816932, 56.1671105], [40.8870096, 56.1664121], [40.8854652, 56.1646602], [40.8788912, 56.1652503], [40.8791606, 56.1639902], [40.8854113, 56.1633301], [40.8883211, 56.1612297], [40.9007147, 56.1662604], [40.9077197, 56.1617598], [40.9042206, 56.1511427], [40.8976906, 56.1480527], [40.8987206, 56.1466728], [40.9220705, 56.1463327], [40.9334003, 56.1470229], [40.9316808, 56.1429037], [40.9309944, 56.1398155], [40.9358003, 56.1422132], [40.9560606, 56.1411828], [40.9752804, 56.1490828], [40.9866106, 56.1487328], [40.9886705, 56.1518227], [40.9938206, 56.1518227], [40.9917605, 56.1535428], [40.9934805, 56.1562928], [41.0020607, 56.1610927], [41.0048106, 56.1635028], [41.0055005, 56.1662428], [41.0618005, 56.1483928], [41.0687193, 56.1495937], [41.0733695, 56.1513871], [41.0949296, 56.1450156], [41.0939995, 56.1429387], [41.0968689, 56.1423782], [41.1323479, 56.1526524], [41.1409181, 56.1509242], [41.1431046, 56.165598], [41.1109191, 56.1680922], [41.0943391, 56.1699132], [41.0956848, 56.1779556], [41.0798502, 56.179172], [41.082994, 56.198597], [41.0895701, 56.1991902], [41.0907508, 56.2014007], [41.0944451, 56.2015914], [41.0942674, 56.2037311], [41.0959686, 56.2038936], [41.095575, 56.2052211], [41.074869, 56.2041972], [41.0750594, 56.2058355], [41.0737772, 56.2069158], [41.0722411, 56.2067534], [41.0704428, 56.2088344], [41.07267, 56.209226], [41.0729239, 56.2108711], [41.0832578, 56.2134692], [41.0864062, 56.2151177], [41.0875615, 56.2166496], [41.0908306, 56.2180896], [41.0931284, 56.2199673], [41.092556, 56.2213725], [41.0992004, 56.2245335], [41.0971716, 56.2267842], [41.1000712, 56.2291495], [41.1022077, 56.2301824], [41.0971537, 56.230871], [41.0980424, 56.2290447], [41.0966151, 56.2286954], [41.0957263, 56.2306764], [41.0903312, 56.2306116], [41.0884101, 56.2287254], [41.0864622, 56.2288551], [41.0856722, 56.2302872], [41.082638, 56.230901], [41.0799898, 56.229389], [41.0789934, 56.2293391], [41.0779879, 56.2280567], [41.0724402, 56.2272283], [41.0677812, 56.227927], [41.06738, 56.2247213], [41.0455744, 56.2257975], [41.0333478, 56.2343702], [41.0351522, 56.2423523], [41.0356998, 56.2423822], [41.0358883, 56.2439286], [41.0372169, 56.2450209], [41.0374117, 56.248417], [41.0437631, 56.2496211], [41.0545778, 56.2489892], [41.0589766, 56.2506344], [41.060822, 56.2518622], [41.0661435, 56.2528636], [41.0715079, 56.252351], [41.0746407, 56.2533881], [41.0757351, 56.2543774], [41.0751986, 56.2572858], [41.0756492, 56.2592643], [41.0762286, 56.2602296], [41.0801768, 56.2614453], [41.0810995, 56.2623629], [41.0859275, 56.2719671], [41.0875368, 56.2777333], [41.0860991, 56.282367], [41.0845971, 56.2847372], [41.0810351, 56.2870597], [41.0744476, 56.2897393], [41.073246, 56.2920376], [41.0742974, 56.2933237], [41.076014, 56.2941334], [41.0806489, 56.2947526], [41.0835457, 56.2945978], [41.0906267, 56.2924901], [41.0975361, 56.2925258], [41.1096382, 56.2967649], [41.1109471, 56.297765], [41.1085439, 56.2984199], [41.1035442, 56.2967291], [41.0961628, 56.2985508], [41.0967207, 56.301051], [41.0897684, 56.3007415], [41.0884166, 56.3042653], [41.0889101, 56.3054796], [41.0886097, 56.3069794], [41.0930085, 56.3129307], [41.096785, 56.314585], [41.1039948, 56.3164653], [41.1143374, 56.3238549], [41.1161828, 56.3259965], [41.1122516, 56.3279354], [41.1101423, 56.3313764], [41.1083502, 56.3387092], [41.1351477, 56.3496821], [41.1426467, 56.3491081], [41.1458149, 56.3506366], [41.1461084, 56.3534492], [41.1398416, 56.3602736], [41.1369133, 56.3593532], [41.1352363, 56.3568801], [41.1329962, 56.3559007], [41.1251245, 56.3549262], [41.1189588, 56.3563472], [41.1013089, 56.3550658], [41.1064301, 56.3596128], [41.1066163, 56.3625743], [41.1278947, 56.3654708], [41.1285773, 56.367427], [41.1303283, 56.3686974], [41.1267029, 56.3719482], [41.1194274, 56.3715111], [41.1189588, 56.3720984], [41.1275168, 56.3736827], [41.1325114, 56.3741162], [41.1312007, 56.3812572], [41.1375019, 56.3813064], [41.1493842, 56.3827504], [41.1549382, 56.3894631], [41.1534128, 56.389809], [41.1522536, 56.3906827], [41.1506752, 56.3945868], [41.151637, 56.3972076], [41.1547939, 56.3978081], [41.1521993, 56.4032307], [41.1478349, 56.4055799], [41.1455492, 56.4060411], [41.1420649, 56.4077384], [41.1411307, 56.4087302], [41.1414812, 56.4098615], [41.1359547, 56.4104065], [41.129889, 56.4118178], [41.1288719, 56.4110898], [41.1234816, 56.4102793], [41.1242637, 56.4171936], [41.1287006, 56.41889], [41.1310682, 56.4210862], [41.1339538, 56.4225184], [41.1373819, 56.4226139], [41.1384424, 56.4212908], [41.1406867, 56.4250145], [41.1431284, 56.4255737], [41.1444601, 56.4268966], [41.1471148, 56.4269674], [41.147247, 56.4280423], [41.1493927, 56.4289015], [41.1492774, 56.4305441], [41.1512134, 56.4305352], [41.1529314, 56.431157], [41.1567311, 56.4304576], [41.1670705, 56.4335319], [41.1667155, 56.4353998], [41.1679664, 56.4353618], [41.1692585, 56.4364219], [41.1700214, 56.4363991], [41.1713656, 56.4372018], [41.1711607, 56.4377083], [41.1743932, 56.4378249], [41.1748781, 56.4384892], [41.1758619, 56.438427], [41.1760024, 56.4389282], [41.1778024, 56.4394141], [41.1827129, 56.4395159], [41.1832127, 56.4404397], [41.1883569, 56.4419414], [41.1892935, 56.4467717], [41.1889333, 56.4480118], [41.1836531, 56.4492918], [41.1899626, 56.4513055], [41.1890568, 56.4549231], [41.1845177, 56.4596721], [41.1723697, 56.4589547], [41.1658464, 56.4622312], [41.1610396, 56.4653872], [41.1608132, 56.4678037], [41.1584561, 56.4703168], [41.1592898, 56.4717381], [41.1502136, 56.4737173], [41.1496014, 56.4751403], [41.1461419, 56.4759786], [41.1457097, 56.4795787], [41.1495978, 56.4813069], [41.1503016, 56.4845546], [41.1497416, 56.4856271], [41.148503, 56.4863073], [41.1483749, 56.4874195], [41.1468005, 56.4891343], [41.1334686, 56.489371], [41.1291484, 56.490523], [41.1248281, 56.492971], [41.1231001, 56.492251], [41.1184918, 56.4919629], [41.1153238, 56.4905228], [41.1150357, 56.4895147], [41.1132223, 56.4887198], [41.1112916, 56.4890827], [41.1078354, 56.4912426], [41.1039471, 56.4918187], [41.1010671, 56.4918187], [41.0951629, 56.4892264], [41.0882506, 56.4890823], [41.0832104, 56.4896582], [41.0784582, 56.4893702], [41.07601, 56.4905222], [41.0712578, 56.4905221], [41.0653535, 56.489658], [41.0626175, 56.4880739], [41.0610335, 56.4857697], [41.0558183, 56.4846181], [41.0546067, 56.4835108], [41.0524133, 56.485437], [41.0408725, 56.4882176], [41.0348242, 56.4889375], [41.032232, 56.4903775], [41.0309358, 56.4928256], [41.0306477, 56.4948416], [41.0342479, 56.4958498], [41.0338156, 56.499738], [41.0306473, 56.5039141], [41.025895, 56.504058], [41.027047, 56.5062181], [41.0267589, 56.5073702], [41.0247427, 56.5086662], [41.0238786, 56.5118343], [41.0247425, 56.5142825], [41.0244543, 56.5183147], [41.0237341, 56.5203307], [41.0195579, 56.5209066], [41.0149497, 56.5194665], [41.0113497, 56.5173063], [41.0035734, 56.5151462], [40.9969356, 56.5150735], [40.9931157, 56.513705], [40.9853393, 56.5122649], [40.9838446, 56.5138499], [40.9853616, 56.518711], [40.9775079, 56.5216261], [40.9753479, 56.5217701], [40.9720358, 56.5203299], [40.9659875, 56.5198978], [40.9518749, 56.5200416], [40.951155, 56.5168734], [40.9527392, 56.5131293], [40.9515872, 56.5121212], [40.9462589, 56.5158653], [40.9446747, 56.5158653], [40.9286904, 56.5092407], [40.9250902, 56.5092407], [40.9209142, 56.5050644], [40.9180342, 56.5034804], [40.9106898, 56.5034803], [40.9039214, 56.5052082], [40.8859206, 56.5056399], [40.8857764, 56.5085201], [40.8844802, 56.5118322], [40.8856322, 56.5132723], [40.8882243, 56.5135603], [40.8889443, 56.5142804], [40.8800154, 56.5243607], [40.8722391, 56.5247926], [40.8654707, 56.5258006], [40.8576943, 56.5273845], [40.8578382, 56.5283925], [40.8362466, 56.5193362], [40.8525116, 56.5013612], [40.8525636, 56.4949098], [40.8403571, 56.4892144], [40.8295346, 56.495791], [40.7968106, 56.4985406], [40.7841806, 56.496026], [40.7656296, 56.4853477], [40.7793366, 56.4593178], [40.7301296, 56.442211], [40.7434131, 56.4301822], [40.7374386, 56.4246011], [40.7198216, 56.410562], [40.7200766, 56.4022721], [40.7065496, 56.3978781], [40.7067366, 56.3887847], [40.707397, 56.3842833], [40.7063886, 56.3711362], [40.6755836, 56.3554697], [40.6400066, 56.3654669], [40.6241836, 56.3563849], [40.5967836, 56.35709], [40.5963826, 56.3555407], [40.5726306, 56.3532782], [40.5581719, 56.3531891], [40.551272, 56.3465049], [40.5592816, 56.3436972]]]}}, {"type": "Feature", "properties": {"rda_code": "VL-28", "rda_name": "YuREV-POLSKIY AREA / incl. YuREV-POLSKIY/", "osm_name": "Юрьев-Польский муниципальный округ", "match_score": 1.0, "match_reason": "alias:yurev polskii"}, "geometry": {"type": "Polygon", "coordinates": [[[39.2484944, 56.4733597], [39.2878407, 56.4715331], [39.288537, 56.4676736], [39.3048659, 56.4684214], [39.3052407, 56.4672984], [39.2843496, 56.4595889], [39.2941433, 56.4478076], [39.2945875, 56.4452913], [39.3010963, 56.4446251], [39.3057309, 56.4491225], [39.3082079, 56.4508964], [39.3097624, 56.4510804], [39.3107987, 56.4506713], [39.314611, 56.440995], [39.3228647, 56.440729], [39.3265659, 56.440995], [39.3250113, 56.4456596], [39.3242596, 56.4507382], [39.327166, 56.4535272], [39.3321182, 56.4543016], [39.3371793, 56.460245], [39.3621963, 56.4692806], [39.3613601, 56.4700765], [39.4018089, 56.4683646], [39.4394622, 56.4656176], [39.4413062, 56.4688906], [39.5027166, 56.4722727], [39.5251176, 56.4679128], [39.5319856, 56.4537206], [39.5384666, 56.451202], [39.5484106, 56.4522013], [39.5678766, 56.4400305], [39.5667596, 56.4181467], [39.5805816, 56.414986], [39.5947866, 56.4219895], [39.6252706, 56.410848], [39.6056326, 56.3937962], [39.6161566, 56.3812774], [39.6171626, 56.3733187], [39.6145496, 56.3630674], [39.6031796, 56.3558658], [39.6041584, 56.3516435], [39.6066139, 56.347992], [39.605497, 56.3450878], [39.602879, 56.3417714], [39.6034695, 56.3407459], [39.6068945, 56.3388038], [39.6097094, 56.3387711], [39.6135478, 56.3424369], [39.6104968, 56.3427096], [39.6097881, 56.3435497], [39.6120715, 56.3460151], [39.6131935, 56.345426], [39.6140006, 56.3465605], [39.6161265, 56.3459496], [39.6171304, 56.3473023], [39.6209491, 56.346615], [39.6234588, 56.348374], [39.6296299, 56.3499747], [39.6383386, 56.3470548], [39.6587176, 56.3447503], [39.6659376, 56.3361034], [39.6914966, 56.3324516], [39.6989956, 56.3259661], [39.7045006, 56.3175602], [39.7069476, 56.3158068], [39.7286546, 56.3070829], [39.740118, 56.3035979], [39.7559451, 56.2953711], [39.7805821, 56.2944369], [39.8018861, 56.2979877], [39.8030721, 56.2928035], [39.7967171, 56.2808829], [39.8237841, 56.2827973], [39.8403093, 56.2943918], [39.8556767, 56.29706], [39.8629278, 56.2943779], [39.8664444, 56.2904473], [39.875853, 56.2876047], [39.8923704, 56.2854581], [39.8923758, 56.2719049], [39.9038621, 56.2685936], [39.9023159, 56.2608049], [39.9169446, 56.2612325], [39.922141, 56.2543373], [39.914947, 56.2497879], [39.9378564, 56.2467174], [39.9809526, 56.2467465], [39.9875306, 56.2475937], [39.9925426, 56.2619158], [40.0086, 56.2697185], [40.0202155, 56.2800532], [40.0630176, 56.2929788], [40.0641556, 56.2976298], [40.0594626, 56.3045393], [40.0721936, 56.3052885], [40.0894426, 56.2957374], [40.0934246, 56.3047914], [40.0949856, 56.3057676], [40.1150716, 56.3104547], [40.0815356, 56.3308242], [40.1053116, 56.3424038], [40.1063106, 56.3679585], [40.1241736, 56.3876329], [40.1170806, 56.4009188], [40.1476506, 56.4022671], [40.1800906, 56.3969069], [40.1918846, 56.3813164], [40.1838403, 56.3613223], [40.1939711, 56.3597197], [40.2016561, 56.372581], [40.2221706, 56.3850973], [40.2367496, 56.3895803], [40.2405246, 56.3958537], [40.2267906, 56.4089246], [40.2289966, 56.4142238], [40.2382236, 56.4166833], [40.2345936, 56.424248], [40.1965696, 56.4294352], [40.1977956, 56.4334731], [40.1980051, 56.4359303], [40.1928209, 56.4357862], [40.1886446, 56.4372263], [40.1860523, 56.4396743], [40.1830283, 56.4392422], [40.1820201, 56.4406823], [40.181444, 56.4428424], [40.187492, 56.4484587], [40.190228, 56.452347], [40.1879237, 56.4556591], [40.1850434, 56.4578191], [40.176691, 56.4599791], [40.168398, 56.4555795], [40.1509679, 56.4559198], [40.1383501, 56.4522791], [40.1357578, 56.4532685], [40.1346406, 56.454978], [40.1378345, 56.4577084], [40.1338386, 56.4576213], [40.1206104, 56.4618026], [40.1128123, 56.4635483], [40.102725, 56.4802229], [40.0780997, 56.4803393], [40.0734399, 56.4800717], [40.0680825, 56.4788747], [40.064879, 56.4798609], [40.0622208, 56.4798158], [40.063175, 56.477339], [40.0496347, 56.4791409], [40.0465226, 56.4838166], [40.046509, 56.4844564], [40.0433718, 56.4847059], [40.0394826, 56.4808017], [40.0333483, 56.4823827], [40.0263414, 56.4802599], [40.0260006, 56.4754493], [40.0235469, 56.4717976], [40.0171126, 56.4740037], [40.0137046, 56.4746211], [40.0071949, 56.470057], [40.0037388, 56.4689048], [39.9999946, 56.4687607], [39.9966825, 56.4676087], [39.9929384, 56.4670326], [39.9925064, 56.4657365], [39.9965387, 56.4631445], [39.9974029, 56.4604083], [39.9842983, 56.4609841], [39.9842983, 56.4617042], [39.9874663, 56.4644404], [39.9873222, 56.4655924], [39.9903462, 56.4670325], [39.9906341, 56.4687606], [39.988474, 56.4704887], [39.9794013, 56.4748087], [39.9773853, 56.4749527], [39.9726332, 56.4722165], [39.9661531, 56.4694802], [39.9562166, 56.4689041], [39.9493044, 56.4668879], [39.9472883, 56.4684719], [39.9415277, 56.4750961], [39.9423915, 56.4788403], [39.9400872, 56.4833045], [39.9353214, 56.4886502], [39.9245342, 56.4886325], [39.9233821, 56.4903605], [39.922086, 56.4910805], [39.9173338, 56.4919446], [39.9142016, 56.4958445], [39.9186296, 56.4965528], [39.9253977, 56.499577], [39.9301497, 56.5031772], [39.9324538, 56.5057693], [39.9324537, 56.5066334], [39.9289973, 56.5110976], [39.927845, 56.5151297], [39.9265489, 56.5177218], [39.931013, 56.5180099], [39.9392213, 56.5200261], [39.9517692, 56.5222706], [39.9561144, 56.5340093], [39.9401998, 56.5363899], [39.9303795, 56.5392139], [39.932308, 56.5411949], [39.9320495, 56.5440572], [39.9261627, 56.5451462], [39.93001, 56.5475691], [39.9276993, 56.5481072], [39.9281311, 56.5540114], [39.9266592, 56.5542438], [39.9242429, 56.5531473], [39.9203547, 56.5537233], [39.9160346, 56.5528592], [39.9032276, 56.5642457], [39.9024473, 56.5666471], [39.8899525, 56.5720314], [39.8876843, 56.579132], [39.8902898, 56.5853616], [39.8882777, 56.5892873], [39.8832337, 56.592388], [39.8806351, 56.5962937], [39.862355, 56.5945352], [39.8601127, 56.5887248], [39.8421026, 56.5865031], [39.837561, 56.587313], [39.8398967, 56.5920629], [39.8476571, 56.5948542], [39.8495144, 56.5975318], [39.8484674, 56.6012812], [39.8390478, 56.6037757], [39.8217179, 56.6021015], [39.8218615, 56.6094599], [39.8291993, 56.6129436], [39.8309564, 56.614404], [39.8363959, 56.6165088], [39.8461882, 56.6183811], [39.8507961, 56.6227013], [39.8569884, 56.6237094], [39.8694539, 56.6238615], [39.8690852, 56.6254934], [39.8672402, 56.6277014], [39.8668526, 56.6293085], [39.867575, 56.6305316], [39.8676227, 56.6320359], [39.8666324, 56.6349313], [39.8665035, 56.637218], [39.8670623, 56.6399047], [39.8687977, 56.6416047], [39.8671986, 56.6440076], [39.8757074, 56.6526606], [39.8717088, 56.6595612], [39.8738039, 56.6635949], [39.8772516, 56.6685547], [39.8803148, 56.6746881], [39.8836268, 56.6771363], [39.8853548, 56.6798724], [39.8852104, 56.6880808], [39.8847783, 56.6902408], [39.880746, 56.6934089], [39.8836259, 56.6962891], [39.891546, 56.7011854], [39.892842, 56.7033456], [39.8928418, 56.7065137], [39.896586, 56.7066578], [39.9001843, 56.7417953], [39.8993217, 56.7573346], [39.9006634, 56.7635848], [39.9009418, 56.7702051], [39.8980776, 56.7722261], [39.8785099, 56.7693003], [39.8743338, 56.7678601], [39.8703736, 56.7685082], [39.8654053, 56.7703081], [39.8612291, 56.77002], [39.8508608, 56.7655557], [39.8470448, 56.7631075], [39.8443807, 56.7633955], [39.8409965, 56.7652675], [39.8378283, 56.7662035], [39.8319241, 56.7644754], [39.829764, 56.7651954], [39.8227076, 56.7658433], [39.8204754, 56.7672113], [39.8119071, 56.7667791], [39.8023307, 56.7654109], [39.7951303, 56.7664909], [39.790666, 56.7684349], [39.7880738, 56.7709549], [39.7850496, 56.772971], [39.7699288, 56.7758509], [39.7682727, 56.7745548], [39.7664727, 56.7746268], [39.7625844, 56.7770748], [39.7601361, 56.7796669], [39.7511676, 56.7853853], [39.7483993, 56.786435], [39.7407669, 56.787947], [39.7386786, 56.789963], [39.7360144, 56.7906831], [39.7321263, 56.790539], [39.7265098, 56.7960111], [39.7232695, 56.7977392], [39.7205334, 56.797235], [39.7148744, 56.7981914], [39.7127986, 56.7977477], [39.7095169, 56.798459], [39.7137448, 56.7956372], [39.7135278, 56.7943323], [39.7128985, 56.7937448], [39.7065572, 56.7958643], [39.7011745, 56.7980587], [39.6977802, 56.8011949], [39.6966281, 56.803715], [39.6882034, 56.807459], [39.6861153, 56.8094751], [39.681075, 56.8101951], [39.6769707, 56.811923], [39.6740906, 56.8124271], [39.6689784, 56.8107709], [39.6676825, 56.8083947], [39.6677547, 56.8046506], [39.6666027, 56.8033545], [39.6584664, 56.8025624], [39.6524181, 56.8040743], [39.653426, 56.8055144], [39.6537859, 56.8081065], [39.6507617, 56.8090426], [39.6366773, 56.8126105], [39.6338692, 56.8123036], [39.6250127, 56.8126823], [39.6251568, 56.8120342], [39.6294771, 56.8098023], [39.6288292, 56.8072821], [39.6268133, 56.8038259], [39.6245096, 56.7964095], [39.6214855, 56.7954735], [39.611333, 56.7948973], [39.6090283, 56.795151], [39.5918768, 56.7945015], [39.580011, 56.7985658], [39.5812675, 56.8089967], [39.582603, 56.8100175], [39.581883, 56.8113855], [39.5805148, 56.8114575], [39.5772702, 56.810005], [39.5746107, 56.8096574], [39.5730266, 56.8085774], [39.5740347, 56.8074973], [39.5741788, 56.8064892], [39.5684906, 56.8051931], [39.5685629, 56.8008009], [39.565467, 56.7956886], [39.5575468, 56.7928083], [39.5563228, 56.7912243], [39.5551964, 56.7907327], [39.5534086, 56.7905997], [39.5517867, 56.7889201], [39.5485466, 56.786976], [39.5482587, 56.7854639], [39.5468187, 56.7845998], [39.5347901, 56.7823385], [39.5335039, 56.7803905], [39.5301143, 56.7781913], [39.5295244, 56.7770276], [39.5297846, 56.7754552], [39.532155, 56.7726726], [39.5322259, 56.7715404], [39.5304468, 56.7701989], [39.5226982, 56.773079], [39.5205636, 56.7729854], [39.5199623, 56.7701988], [39.5213829, 56.7683687], [39.5196745, 56.7663826], [39.5189545, 56.7648706], [39.5193846, 56.7638259], [39.5187183, 56.7632044], [39.5152119, 56.7655745], [39.5134929, 56.7655932], [39.5124805, 56.7651166], [39.5059492, 56.7658576], [39.5037514, 56.764697], [39.4967686, 56.762513], [39.498488, 56.7609432], [39.4983063, 56.7593974], [39.4955754, 56.7578442], [39.4981018, 56.7559729], [39.4968516, 56.7556695], [39.4952149, 56.756124], [39.4939419, 56.7554875], [39.495215, 56.7543964], [39.4961715, 56.7542934], [39.4962422, 56.7538395], [39.491886, 56.7505103], [39.4915742, 56.7496435], [39.4930869, 56.749014], [39.4956028, 56.7490905], [39.498125, 56.7479406], [39.4979432, 56.746304], [39.4916692, 56.7472131], [39.4897598, 56.7470313], [39.489026, 56.7461442], [39.4824856, 56.7473949], [39.4785757, 56.7473948], [39.4751205, 56.7484859], [39.4709881, 56.7463249], [39.4667555, 56.7452124], [39.4592869, 56.7443205], [39.4526994, 56.7448454], [39.4431701, 56.7469789], [39.4383674, 56.7486], [39.4382919, 56.7512926], [39.4368401, 56.7528498], [39.4291114, 56.7529406], [39.4261483, 56.7537971], [39.4259287, 56.7571232], [39.4275652, 56.7607603], [39.4268377, 56.7627606], [39.4208363, 56.7667613], [39.4193405, 56.7692557], [39.4176005, 56.7695577], [39.4142895, 56.7685797], [39.4071526, 56.7685148], [39.4020479, 56.7710162], [39.3798426, 56.768346], [39.377236, 56.7668055], [39.367433, 56.7658727], [39.3612951, 56.7616653], [39.3470527, 56.7568735], [39.3417025, 56.751296], [39.3446079, 56.7469787], [39.3444143, 56.7447191], [39.3426014, 56.7432089], [39.3365395, 56.7397533], [39.3397777, 56.7358918], [39.3429975, 56.7337096], [39.3432019, 56.731399], [39.3492196, 56.7307153], [39.3532677, 56.7195893], [39.3425848, 56.7095764], [39.3422994, 56.7055027], [39.3581832, 56.7042795], [39.3612311, 56.7032464], [39.3633259, 56.7008214], [39.3636194, 56.6969967], [39.3684818, 56.6952336], [39.3668656, 56.6923754], [39.3427326, 56.6887808], [39.3390101, 56.6849297], [39.3328485, 56.6835176], [39.3237581, 56.6822337], [39.3159415, 56.6743651], [39.3172419, 56.6711112], [39.3162582, 56.6683725], [39.3193708, 56.6642621], [39.3151348, 56.6633635], [39.3128243, 56.6605394], [39.3225809, 56.6482162], [39.3354083, 56.6270959], [39.3304128, 56.6201037], [39.3295144, 56.6159959], [39.3299129, 56.6123624], [39.3289178, 56.6090858], [39.3290776, 56.602457], [39.3331383, 56.6011996], [39.332853, 56.5955854], [39.3260315, 56.5892193], [39.3256177, 56.5859866], [39.3266921, 56.5819783], [39.3234954, 56.5781973], [39.3177064, 56.5800527], [39.3170644, 56.5817215], [39.3122622, 56.5856563], [39.3001196, 56.5876261], [39.2943091, 56.5859364], [39.2924834, 56.5785931], [39.2947705, 56.5776133], [39.2951138, 56.5763296], [39.2987081, 56.576073], [39.2990932, 56.5751745], [39.2963977, 56.5735056], [39.2936862, 56.5727851], [39.2942075, 56.5705846], [39.2972007, 56.5674234], [39.3033822, 56.5677868], [39.297682, 56.5593852], [39.2930609, 56.5557907], [39.2894431, 56.554549], [39.2903132, 56.5497128], [39.2899989, 56.5467997], [39.2843848, 56.5465429], [39.2821785, 56.5405499], [39.2779466, 56.5392606], [39.2730244, 56.5366738], [39.2675571, 56.5379075], [39.2661019, 56.5364134], [39.2605886, 56.5355347], [39.2580073, 56.5346561], [39.2525519, 56.5259852], [39.2652733, 56.5241809], [39.2713602, 56.5244094], [39.2710416, 56.5225637], [39.2691294, 56.5203662], [39.267536, 56.5198212], [39.2662294, 56.5179752], [39.2545655, 56.5116279], [39.2537369, 56.5106256], [39.2431565, 56.5070206], [39.2407663, 56.5110125], [39.2335257, 56.5035225], [39.2385993, 56.4954119], [39.2428106, 56.4935079], [39.2453283, 56.4930505], [39.2455513, 56.4921357], [39.2638317, 56.4898073], [39.262123, 56.4860304], [39.2545199, 56.4843071], [39.2471129, 56.4862063], [39.2394644, 56.4890744], [39.2385721, 56.4913616], [39.2273894, 56.4918055], [39.2263664, 56.4895142], [39.2159772, 56.4902884], [39.2157542, 56.487702], [39.225251, 56.484781], [39.2262112, 56.4811168], [39.2362776, 56.4742745], [39.2469217, 56.4788329], [39.2467623, 56.4754009], [39.2471448, 56.4743097], [39.2484944, 56.4733597]]]}}, {"type": "Feature", "properties": {"rda_code": "VL-20", "rda_name": "KOLCHUGINSKY AREA / incl. KOLChUGINO/", "osm_name": "Кольчугинский муниципальный округ", "match_score": 1.0, "match_reason": "alias:kolchuginsky"}, "geometry": {"type": "Polygon", "coordinates": [[[39.1149626, 56.3383966], [39.1210597, 56.3344376], [39.1236651, 56.3354724], [39.1267061, 56.3301719], [39.1197115, 56.3144243], [39.1222137, 56.3139748], [39.1227946, 56.3133578], [39.1235071, 56.314142], [39.1251896, 56.3145798], [39.1250253, 56.3141481], [39.1263789, 56.3134703], [39.1273326, 56.3143366], [39.1265873, 56.3152576], [39.1274039, 56.3153214], [39.1320981, 56.3127787], [39.1318542, 56.313259], [39.1361058, 56.3139239], [39.1356578, 56.3153275], [39.1365183, 56.3159841], [39.1373732, 56.3156437], [39.1366553, 56.315016], [39.137798, 56.3149749], [39.1384036, 56.3151634], [39.1398012, 56.3171057], [39.1410234, 56.3173793], [39.1413686, 56.3172668], [39.1409905, 56.3168094], [39.1429909, 56.3166209], [39.1438212, 56.3173808], [39.1435417, 56.317782], [39.1439089, 56.3183473], [39.1471069, 56.3186817], [39.1515435, 56.3166908], [39.1506488, 56.3158162], [39.148932, 56.3160798], [39.1483675, 56.3150509], [39.1503953, 56.3141223], [39.1495924, 56.3133167], [39.1515024, 56.3102767], [39.1519957, 56.3101886], [39.1533001, 56.31147], [39.1542811, 56.3101658], [39.1568844, 56.3102904], [39.1577696, 56.3106172], [39.1580884, 56.311385], [39.1634112, 56.3126156], [39.1644496, 56.3073159], [39.1462341, 56.287978], [39.1465027, 56.2858085], [39.1283163, 56.2813741], [39.1091361, 56.2722658], [39.1085876, 56.2686223], [39.1087775, 56.2649902], [39.1057393, 56.261557], [39.1138164, 56.2538731], [39.1175291, 56.2512135], [39.1203385, 56.2506359], [39.1215068, 56.2493729], [39.1172123, 56.2472793], [39.118543, 56.2443612], [39.1218782, 56.2419127], [39.1221641, 56.2387808], [39.1200523, 56.2380841], [39.1222745, 56.2369027], [39.1242988, 56.2341871], [39.1252743, 56.228281], [39.1186534, 56.2246825], [39.1227747, 56.2226363], [39.1220999, 56.218434], [39.1208553, 56.2179926], [39.1137982, 56.2096578], [39.1192137, 56.2102246], [39.1175078, 56.2086135], [39.1248679, 56.2069308], [39.1296744, 56.2073843], [39.1372904, 56.206626], [39.1489287, 56.1936816], [39.1374849, 56.1893351], [39.145081, 56.1849647], [39.1473341, 56.1859678], [39.166034, 56.1761888], [39.1896582, 56.1888865], [39.1933001, 56.1870052], [39.1961288, 56.1815971], [39.1955709, 56.1803909], [39.2027806, 56.179746], [39.2036819, 56.1739889], [39.2052269, 56.1721016], [39.207158, 56.1651726], [39.2168144, 56.1573551], [39.2133379, 56.1563781], [39.2166424, 56.1529721], [39.2188763, 56.1496913], [39.2119269, 56.1481216], [39.2120699, 56.1460651], [39.1986636, 56.142607], [39.199326, 56.1407438], [39.2076087, 56.1415926], [39.1991597, 56.1378715], [39.1974806, 56.1425012], [39.192245, 56.1433021], [39.1907644, 56.1466014], [39.1855716, 56.145669], [39.1838979, 56.1418078], [39.186902, 56.1416524], [39.1855716, 56.1385201], [39.1903781, 56.1348614], [39.1972017, 56.1326612], [39.1996908, 56.1331037], [39.2019222, 56.1303099], [39.2062505, 56.1302329], [39.2097694, 56.1309063], [39.2131939, 56.1287651], [39.2128891, 56.1271638], [39.2104296, 56.1268605], [39.2080571, 56.1284619], [39.2070776, 56.127176], [39.2091018, 56.125247], [39.206011, 56.1230389], [39.1996812, 56.1215482], [39.1986843, 56.1122509], [39.2018101, 56.112338], [39.2027894, 56.1158989], [39.2077711, 56.1158277], [39.2144678, 56.1178121], [39.2186503, 56.1157655], [39.2268464, 56.1175368], [39.2304532, 56.1195417], [39.2351678, 56.1181499], [39.2376617, 56.11796], [39.236553, 56.1157988], [39.2359526, 56.1115348], [39.2369383, 56.1114085], [39.2372302, 56.1152153], [39.2418167, 56.1234006], [39.2423618, 56.1255355], [39.2500164, 56.1231352], [39.2480305, 56.120771], [39.2450353, 56.1194324], [39.2419696, 56.1160855], [39.2444392, 56.1144238], [39.2467292, 56.1149671], [39.26045, 56.1120114], [39.2666466, 56.1082415], [39.2766848, 56.1205776], [39.2845644, 56.1194295], [39.2901706, 56.1214008], [39.2943575, 56.1202722], [39.2940381, 56.1195008], [39.2889074, 56.1167592], [39.2899168, 56.1129849], [39.2931468, 56.1081292], [39.3074283, 56.1048668], [39.3087139, 56.1021158], [39.3119739, 56.1000303], [39.3171487, 56.1027548], [39.3180664, 56.1027144], [39.3174653, 56.1003596], [39.3194295, 56.0997627], [39.3191537, 56.0984119], [39.322124, 56.0966877], [39.3240076, 56.0964183], [39.3270224, 56.0991709], [39.3269248, 56.0999327], [39.3276213, 56.1009908], [39.3290063, 56.1018373], [39.3299391, 56.104512], [39.335129, 56.1073494], [39.3444393, 56.1075182], [39.3475441, 56.1148961], [39.3706506, 56.1246825], [39.3874046, 56.1281252], [39.4065306, 56.1304297], [39.4242956, 56.1219088], [39.4346118, 56.1187768], [39.4365872, 56.1204898], [39.443705, 56.1218162], [39.4390284, 56.1233282], [39.4366901, 56.125179], [39.4358015, 56.1267429], [39.4369707, 56.1285675], [39.4402911, 56.1318514], [39.4379042, 56.1352924], [39.4398512, 56.1395748], [39.4453184, 56.1420208], [39.4510356, 56.1426461], [39.4482296, 56.1449519], [39.4586857, 56.1525913], [39.4642353, 56.1546403], [39.46431, 56.1537949], [39.4710322, 56.1523253], [39.4727779, 56.1528691], [39.4732311, 56.1520803], [39.4685192, 56.1506106], [39.4691877, 56.1464566], [39.4685589, 56.1433738], [39.4689082, 56.1415634], [39.4724661, 56.1397388], [39.4788922, 56.1412169], [39.4772674, 56.1435255], [39.4776489, 56.1442162], [39.4813204, 56.1451234], [39.4811957, 56.1464782], [39.490736, 56.1486665], [39.5038305, 56.1504032], [39.5106895, 56.1496738], [39.5143684, 56.1501948], [39.5112507, 56.1581478], [39.5048905, 56.1591895], [39.508133, 56.1636688], [39.5143684, 56.1616896], [39.5154908, 56.1595021], [39.5275253, 56.161273], [39.5298947, 56.167106], [39.5600406, 56.162931], [39.5818906, 56.1702366], [39.5965006, 56.1557254], [39.5883036, 56.1458732], [39.5945006, 56.1319611], [39.5990736, 56.1309058], [39.6054456, 56.1376113], [39.6174446, 56.1393017], [39.6364036, 56.1341826], [39.6521366, 56.1415492], [39.6706176, 56.1447119], [39.6650946, 56.1623428], [39.6771806, 56.1634161], [39.6861616, 56.1671389], [39.6919146, 56.1675979], [39.6941035, 56.1955817], [39.6784356, 56.1999873], [39.6914207, 56.206637], [39.7092619, 56.2239372], [39.7242718, 56.2227992], [39.7499422, 56.2123666], [39.7508061, 56.2149953], [39.7497221, 56.2188621], [39.7612321, 56.2248264], [39.7597431, 56.2324601], [39.7544201, 56.2350306], [39.7298961, 56.2353477], [39.7357921, 56.2417191], [39.7331141, 56.249924], [39.7390121, 56.2562954], [39.7325326, 56.2674302], [39.7352438, 56.2698613], [39.7219841, 56.273909], [39.7183781, 56.2743539], [39.7173631, 56.2722627], [39.7145584, 56.2699045], [39.7121144, 56.2711866], [39.713852, 56.2759468], [39.7158986, 56.2769261], [39.7152048, 56.2775996], [39.7288407, 56.2823665], [39.7289513, 56.2837166], [39.7262655, 56.285491], [39.729025, 56.2903645], [39.7320733, 56.2944631], [39.740118, 56.3035979], [39.7286546, 56.3070829], [39.7069476, 56.3158068], [39.7045006, 56.3175602], [39.6989956, 56.3259661], [39.6914966, 56.3324516], [39.6659376, 56.3361034], [39.6587176, 56.3447503], [39.6383386, 56.3470548], [39.6296299, 56.3499747], [39.6234588, 56.348374], [39.6209491, 56.346615], [39.6171304, 56.3473023], [39.6161265, 56.3459496], [39.6140006, 56.3465605], [39.6131935, 56.345426], [39.6120715, 56.3460151], [39.6097881, 56.3435497], [39.6104968, 56.3427096], [39.6135478, 56.3424369], [39.6097094, 56.3387711], [39.6068945, 56.3388038], [39.6034695, 56.3407459], [39.602879, 56.3417714], [39.605497, 56.3450878], [39.6066139, 56.347992], [39.6041584, 56.3516435], [39.6031796, 56.3558658], [39.6145496, 56.3630674], [39.6171626, 56.3733187], [39.6161566, 56.3812774], [39.6056326, 56.3937962], [39.6252706, 56.410848], [39.5947866, 56.4219895], [39.5805816, 56.414986], [39.5667596, 56.4181467], [39.5678766, 56.4400305], [39.5484106, 56.4522013], [39.5384666, 56.451202], [39.5319856, 56.4537206], [39.5251176, 56.4679128], [39.5027166, 56.4722727], [39.4413062, 56.4688906], [39.4394622, 56.4656176], [39.4018089, 56.4683646], [39.3613601, 56.4700765], [39.3621963, 56.4692806], [39.3371793, 56.460245], [39.3321182, 56.4543016], [39.327166, 56.4535272], [39.3242596, 56.4507382], [39.3250113, 56.4456596], [39.3265659, 56.440995], [39.3228647, 56.440729], [39.314611, 56.440995], [39.3107987, 56.4506713], [39.3097624, 56.4510804], [39.3082079, 56.4508964], [39.3057309, 56.4491225], [39.3010963, 56.4446251], [39.2945875, 56.4452913], [39.2941433, 56.4478076], [39.2843496, 56.4595889], [39.3052407, 56.4672984], [39.3048659, 56.4684214], [39.288537, 56.4676736], [39.2878407, 56.4715331], [39.2484944, 56.4733597], [39.2488686, 56.4700406], [39.2484724, 56.467244], [39.2353094, 56.464131], [39.236344, 56.461261], [39.2315014, 56.4614434], [39.228706, 56.4603854], [39.2271431, 56.4605435], [39.2238634, 56.4598259], [39.2229829, 56.461334], [39.2124834, 56.4604462], [39.2075748, 56.4615286], [39.2057918, 56.4624042], [39.2005531, 56.462696], [39.2018958, 56.4571502], [39.1979777, 56.4557515], [39.1957985, 56.454377], [39.195027, 56.452678], [39.1878964, 56.4532336], [39.1790917, 56.4561772], [39.1728624, 56.4555812], [39.167493, 56.4535598], [39.1670567, 56.4519958], [39.1710373, 56.4495355], [39.1713455, 56.4482825], [39.1709052, 56.4479297], [39.1652464, 56.4492801], [39.162671, 56.4505818], [39.1578744, 56.4515184], [39.1574102, 56.4510927], [39.156904, 56.446555], [39.1574983, 56.4460562], [39.1573222, 56.4445962], [39.1567059, 56.4445475], [39.1565757, 56.4434767], [39.1594133, 56.441019], [39.160156, 56.4387235], [39.1642138, 56.435243], [39.1637607, 56.4332717], [39.1646521, 56.4321597], [39.1655766, 56.4318554], [39.1650923, 56.4315755], [39.1656316, 56.4309183], [39.1641018, 56.4303584], [39.1649052, 56.4297985], [39.1639367, 56.4291777], [39.1641678, 56.4287578], [39.1630342, 56.4289526], [39.1620767, 56.4280579], [39.160756, 56.428697], [39.1602497, 56.4279119], [39.1604479, 56.4272485], [39.15883, 56.4266581], [39.1595014, 56.4258791], [39.1586539, 56.4248444], [39.1586319, 56.4234566], [39.156937, 56.4225923], [39.1576854, 56.4209305], [39.158764, 56.421174], [39.1603598, 56.4203279], [39.164421, 56.4203157], [39.1641788, 56.4197435], [39.1646851, 56.4186295], [39.1629792, 56.4166449], [39.1615044, 56.4160422], [39.1595894, 56.4159691], [39.1592482, 56.4151412], [39.1597105, 56.4148489], [39.1559685, 56.4144471], [39.1558364, 56.4135887], [39.1548899, 56.4129981], [39.1566949, 56.4116708], [39.1552861, 56.4106479], [39.1563647, 56.409016], [39.1555283, 56.4087238], [39.1553412, 56.4077008], [39.1537233, 56.4070553], [39.1527658, 56.4073659], [39.1506637, 56.4069883], [39.1506527, 56.4051797], [39.1501794, 56.4049544], [39.147549, 56.4054842], [39.1457881, 56.405064], [39.145557, 56.4038278], [39.1461513, 56.4035477], [39.1454579, 56.4031944], [39.1457771, 56.4027986], [39.1450177, 56.4025976], [39.144417, 56.4030619], [39.1430917, 56.4017876], [39.1412757, 56.4019033], [39.1404283, 56.4005269], [39.1413433, 56.3998843], [39.1393199, 56.3984545], [39.1399114, 56.3975242], [39.1442366, 56.3974817], [39.1463935, 56.3966892], [39.148158, 56.3950654], [39.1533645, 56.3932993], [39.1550862, 56.3906771], [39.1570853, 56.3893859], [39.160211, 56.389039], [39.156117, 56.3830927], [39.1575718, 56.3816922], [39.1595333, 56.3814547], [39.1693335, 56.3774601], [39.1416909, 56.3740988], [39.136539, 56.3610471], [39.1339864, 56.3489225], [39.1335039, 56.3482325], [39.1283114, 56.3437675], [39.1187067, 56.3408828], [39.1149626, 56.3383966]]]}}, {"type": "Feature", "properties": {"rda_code": "VL-24", "rda_name": "SELIVANOVSKY AREA", "osm_name": "Селивановский муниципальный округ", "match_score": 1.0, "match_reason": "alias:селивановскии"}, "geometry": {"type": "Polygon", "coordinates": [[[41.2976098, 55.72197], [41.2876726, 55.7142213], [41.2866786, 55.712967], [41.2919796, 55.708494], [41.2909856, 55.7072398], [41.2893996, 55.6998261], [41.2728696, 55.6941809], [41.2653476, 55.685693], [41.3057706, 55.6738204], [41.3114792, 55.6628439], [41.3234123, 55.6651989], [41.32691, 55.6643557], [41.3361685, 55.6643557], [41.3411577, 55.6649372], [41.3455812, 55.6583369], [41.3511363, 55.6544983], [41.3495418, 55.6523463], [41.331745, 55.6530442], [41.3289674, 55.6573192], [41.3156455, 55.6574645], [41.3134852, 55.6509502], [41.3077758, 55.6413804], [41.3243382, 55.642224], [41.3348266, 55.6260128], [41.3468116, 55.6198624], [41.3500766, 55.6064265], [41.3728732, 55.5960749], [41.3716284, 55.589023], [41.3909048, 55.5913316], [41.3926549, 55.5946479], [41.3959197, 55.5968615], [41.4028462, 55.5989764], [41.4074354, 55.5967273], [41.4266678, 55.5926689], [41.4268459, 55.5920987], [41.4309416, 55.5922999], [41.4361051, 55.5935153], [41.4481094, 55.6027394], [41.473164, 55.6290827], [41.4729845, 55.6307076], [41.4724246, 55.6311394], [41.4728315, 55.6315618], [41.4716192, 55.6342763], [41.4719457, 55.635851], [41.4707585, 55.6363369], [41.4701353, 55.6373252], [41.4704914, 55.6379116], [41.468681, 55.6420993], [41.4671079, 55.6431043], [41.4662939, 55.6466431], [41.4681467, 55.6470402], [41.4700759, 55.6412953], [41.4707882, 55.640441], [41.470343, 55.6391009], [41.4730735, 55.6374928], [41.4755089, 55.6365331], [41.4874385, 55.6376603], [41.4945616, 55.6378278], [41.4943835, 55.6373923], [41.5150999, 55.6284289], [41.515367, 55.6250943], [41.5240334, 55.6213238], [41.5300619, 55.6170408], [41.5334715, 55.6133793], [41.5479406, 55.6135065], [41.5487565, 55.6102278], [41.5502108, 55.6073108], [41.5576003, 55.6068643], [41.5655255, 55.6085179], [41.571224, 55.6104122], [41.5754385, 55.6102446], [41.5876665, 55.6056343], [41.5929495, 55.6049469], [41.5975162, 55.6050848], [41.5984105, 55.6070594], [41.597995, 55.6084341], [41.599568, 55.6089538], [41.6018534, 55.6069923], [41.6050588, 55.6090208], [41.6102069, 55.6067819], [41.6190082, 55.6084005], [41.6204031, 55.6064894], [41.6260463, 55.6059192], [41.6341617, 55.6031059], [41.636092, 55.604668], [41.6419528, 55.6042716], [41.6444482, 55.6051522], [41.6470585, 55.6048394], [41.6478495, 55.6062693], [41.6494314, 55.6060012], [41.6507761, 55.6078778], [41.6552057, 55.6072522], [41.6556012, 55.6055544], [41.6540983, 55.6018009], [41.664142, 55.6007826], [41.665858, 55.6045633], [41.6856778, 55.6055326], [41.6867932, 55.6068412], [41.6909115, 55.6055811], [41.6930084, 55.6035416], [41.7039869, 55.6078579], [41.7094079, 55.6112908], [41.721207, 55.6132981], [41.7246663, 55.6166968], [41.7248995, 55.6198031], [41.726414, 55.6211795], [41.7273082, 55.6237123], [41.7358179, 55.6291031], [41.7314909, 55.6300313], [41.7182683, 55.630108], [41.7208501, 55.6379402], [41.7210376, 55.6439476], [41.7195231, 55.6443465], [41.7191049, 55.6496856], [41.7320825, 55.6536446], [41.7246573, 55.6577155], [41.7187929, 55.6656467], [41.706562, 55.6646054], [41.6994865, 55.6613085], [41.6996496, 55.6641504], [41.6992009, 55.6662328], [41.7010163, 55.6694999], [41.7058913, 55.6702361], [41.7078291, 55.6713634], [41.709726, 55.6732384], [41.711521, 55.677379], [41.7113374, 55.6790927], [41.7096979, 55.6820683], [41.7094022, 55.6882604], [41.708729, 55.6894045], [41.7086984, 55.6906002], [41.6987336, 55.7043552], [41.7077881, 55.7153647], [41.7295238, 55.7229905], [41.739713, 55.7219637], [41.7396831, 55.723628], [41.7402801, 55.7245526], [41.7442601, 55.7241211], [41.7446681, 55.7267491], [41.747265, 55.7270293], [41.750439, 55.7266987], [41.7512649, 55.728727], [41.7499017, 55.7304247], [41.7372256, 55.7429651], [41.7361973, 55.7432474], [41.7378463, 55.7437877], [41.739643, 55.7436076], [41.7426948, 55.744134], [41.7485114, 55.7409783], [41.7567372, 55.7398207], [41.7608547, 55.7460519], [41.7644735, 55.7479272], [41.7628951, 55.7498979], [41.7642751, 55.7503321], [41.7634583, 55.7509887], [41.765198, 55.751569], [41.765675, 55.7511088], [41.7793214, 55.7619775], [41.7853899, 55.7596723], [41.8019907, 55.7608533], [41.8162219, 55.7605815], [41.8260979, 55.7618404], [41.8332639, 55.7635877], [41.8338908, 55.7687422], [41.8767128, 55.7867504], [41.8743209, 55.7962502], [41.8860487, 55.7972911], [41.8886546, 55.812237], [41.8998736, 55.8170751], [41.8997945, 55.8344601], [41.9047051, 55.8378421], [41.9036859, 55.839507], [41.9052147, 55.8400012], [41.9228094, 55.8259563], [41.9206235, 55.8044387], [41.9265831, 55.8013218], [41.9534166, 55.8135573], [41.9599436, 55.8315003], [41.9668226, 55.8356302], [41.9960276, 55.834676], [42.0164656, 55.8418335], [42.0231736, 55.8401232], [42.0254604, 55.8757606], [42.0447134, 55.8923326], [42.0473194, 55.8980583], [42.047524, 55.9088372], [42.0354156, 55.9152553], [42.0403346, 55.9255201], [42.0413576, 55.9267684], [42.0619606, 55.9409845], [42.0721746, 55.9451725], [42.0416606, 55.956868], [42.0306286, 55.96556], [42.0277616, 55.9759443], [42.0345566, 55.9819116], [42.0218436, 55.9908766], [42.0054606, 55.988099], [41.9665532, 55.9916347], [41.9663405, 55.9886206], [41.9743669, 55.9841655], [41.9649758, 55.9793631], [41.9644256, 55.9772696], [41.9390402, 55.973698], [41.9380131, 55.9764075], [41.9378297, 55.9794863], [41.943479, 55.9827905], [41.9388939, 55.9850374], [41.9332075, 55.9854173], [41.9340879, 55.9907525], [41.9337211, 55.9941584], [41.9316301, 55.999123], [41.917201, 55.9993852], [41.9130924, 56.0001875], [41.9123556, 55.9936082], [41.9101906, 55.9929501], [41.8996946, 55.9930431], [41.8958566, 55.992657], [41.8808736, 55.9855934], [41.8592276, 55.9886681], [41.8544871, 55.9836769], [41.8508284, 55.9842307], [41.8476339, 55.9865197], [41.8428241, 55.9867205], [41.8358486, 55.9884406], [41.8324491, 55.9900589], [41.8286156, 55.9971583], [41.8138091, 55.9946064], [41.8073139, 56.0020978], [41.8013262, 56.0009628], [41.8006158, 56.0030057], [41.8015875, 56.0044313], [41.7890717, 56.0044811], [41.7910126, 56.0092047], [41.7832489, 56.0131939], [41.7834202, 56.0191927], [41.7799379, 56.0192884], [41.7798645, 56.0203358], [41.7943236, 56.0229575], [41.7924969, 56.0258287], [41.7869151, 56.023429], [41.7848854, 56.0263214], [41.7856973, 56.0281361], [41.7750412, 56.0252438], [41.7658376, 56.0280298], [41.7576224, 56.0288079], [41.7407716, 56.0282404], [41.7411387, 56.0189861], [41.7360554, 56.019728], [41.7286137, 56.0146781], [41.7262994, 56.0112632], [41.7158278, 56.0098589], [41.7166442, 56.0155459], [41.7102859, 56.0173799], [41.7073144, 56.0116311], [41.7001542, 56.0136045], [41.6993438, 56.013257], [41.7007869, 56.0109485], [41.7024965, 56.009428], [41.7023744, 56.008615], [41.7041839, 56.0073675], [41.7051941, 56.006033], [41.704298, 56.0020609], [41.7036544, 56.0012094], [41.6966053, 56.0007353], [41.6963855, 56.0000506], [41.6823188, 55.999041], [41.6814396, 55.9979787], [41.6826956, 55.9950111], [41.6828645, 55.993138], [41.6808991, 55.9932979], [41.6794162, 55.9920788], [41.6771649, 55.9888209], [41.6761465, 55.9851229], [41.672591, 55.9825442], [41.6710544, 55.980625], [41.6703877, 55.978161], [41.658608, 55.9819393], [41.6502746, 55.9875957], [41.6508464, 55.9890448], [41.6478805, 55.9899342], [41.649828, 55.9957801], [41.6561399, 55.9960224], [41.6598026, 55.9942438], [41.6615893, 55.9943137], [41.6642515, 55.9899567], [41.6696652, 55.9913558], [41.6682179, 55.9945236], [41.6768477, 55.9941938], [41.6748287, 55.9971715], [41.678009, 55.9980308], [41.6735423, 55.9995595], [41.6707193, 55.9999791], [41.6704156, 56.002287], [41.6698796, 56.0030562], [41.6646981, 56.0049243], [41.6599098, 56.0058234], [41.6591058, 56.0073917], [41.6565151, 56.0085505], [41.6543889, 56.0068523], [41.6379871, 56.0076415], [41.638652, 56.009321], [41.6381339, 56.0112988], [41.6346677, 56.0131965], [41.6379373, 56.0166321], [41.6382232, 56.0178504], [41.6313623, 56.0210959], [41.625359, 56.0217449], [41.6245371, 56.0212856], [41.6232507, 56.0221543], [41.615125, 56.0231557], [41.6139063, 56.0217949], [41.6141564, 56.0181999], [41.6094633, 56.0164891], [41.6144663, 56.013975], [41.6050541, 56.0095526], [41.6011908, 56.0081996], [41.60088, 56.0071321], [41.4644886, 56.0021057], [41.4511755, 56.0004202], [41.4486783, 55.9979138], [41.4445042, 55.9976407], [41.4380433, 55.9982987], [41.4250638, 55.9940173], [41.4201237, 55.9935144], [41.4206344, 55.9911426], [41.4136628, 55.9833059], [41.4102659, 55.975275], [41.4059364, 55.9722622], [41.4056367, 55.9715105], [41.4009409, 55.9710819], [41.3904426, 55.9671863], [41.3966992, 55.9651563], [41.40369, 55.96092], [41.4115899, 55.9547401], [41.42086, 55.9526801], [41.4188, 55.9444401], [41.4115898, 55.9362], [41.4098699, 55.92007], [41.4153699, 55.91011], [41.4019799, 55.9083901], [41.4026601, 55.8970599], [41.4064399, 55.8950001], [41.40747, 55.89329], [41.4157099, 55.89294], [41.4208598, 55.8902], [41.4167399, 55.8874502], [41.4167399, 55.8857301], [41.4205198, 55.8871101], [41.4218898, 55.8833302], [41.42532, 55.8816101], [41.4260099, 55.87372], [41.4225799, 55.8713201], [41.41811, 55.8696], [41.4291, 55.86788], [41.4315, 55.8617], [41.4294399, 55.8606701], [41.4213677, 55.8594717], [41.4129507, 55.8592503], [41.4124247, 55.8567776], [41.4214334, 55.8488786], [41.4240637, 55.8406458], [41.4262337, 55.8393904], [41.4289955, 55.8404243], [41.4377466, 55.8343735], [41.4285541, 55.8239934], [41.4280961, 55.8205384], [41.4426213, 55.8159067], [41.4434719, 55.8123774], [41.4422288, 55.8105391], [41.4388877, 55.8091555], [41.4190431, 55.8059067], [41.4089289, 55.8034944], [41.407334, 55.8022267], [41.3998838, 55.8034176], [41.3970245, 55.8004659], [41.397389, 55.7993453], [41.3993696, 55.7971993], [41.4017163, 55.7953037], [41.4057946, 55.7944264], [41.4089843, 55.7945673], [41.4075489, 55.7923002], [41.4043513, 55.788935], [41.4029843, 55.7881664], [41.3985073, 55.7877693], [41.3984389, 55.7861039], [41.3962745, 55.7851687], [41.3971745, 55.7833714], [41.3945088, 55.7813599], [41.39168, 55.7810201], [41.3957999, 55.7793002], [41.3940799, 55.7745], [41.38756, 55.77347], [41.3868701, 55.7755302], [41.37108, 55.7724401], [41.3741699, 55.76694], [41.37348, 55.7652301], [41.36971, 55.7659102], [41.3707399, 55.76283], [41.3752, 55.7590501], [41.3796581, 55.7573309], [41.3865289, 55.7556203], [41.3755399, 55.7515002], [41.3758898, 55.7442901], [41.3851506, 55.7408506], [41.3786268, 55.7302102], [41.3666198, 55.7302101], [41.36662, 55.72609], [41.3611199, 55.7223101], [41.3552899, 55.71957], [41.3120296, 55.7120101], [41.2976098, 55.72197]]]}}, {"type": "Feature", "properties": {"rda_code": "VL-09", "rda_name": "MUROM", "osm_name": "городской округ Муром", "match_score": 1.0, "match_reason": "alias:murom"}, "geometry": {"type": "Polygon", "coordinates": [[[41.7039869, 55.6078579], [41.7125444, 55.6030814], [41.7140426, 55.6038218], [41.7217137, 55.6037393], [41.7310524, 55.6026087], [41.7512458, 55.6055655], [41.7559479, 55.6049026], [41.769401, 55.6008454], [41.76959, 55.6044179], [41.7711056, 55.6053105], [41.8025456, 55.5948239], [41.8114466, 55.5765859], [41.8134806, 55.5548231], [41.8262036, 55.536359], [41.8391736, 55.5301836], [41.8438615, 55.5200905], [41.8598392, 55.5186656], [41.8510843, 55.5106104], [41.8426557, 55.4984098], [41.8442171, 55.4957971], [41.8607967, 55.491101], [41.8629307, 55.4943558], [41.8847906, 55.4920775], [41.9117119, 55.4980908], [41.9386333, 55.4992066], [41.9514216, 55.482144], [41.9628716, 55.482069], [41.9724986, 55.4764278], [41.9938654, 55.4724642], [41.9963287, 55.4742165], [41.9976237, 55.4765702], [42.0031172, 55.4793947], [42.0092314, 55.4794858], [42.0108404, 55.4773886], [42.0172764, 55.4730114], [42.0273326, 55.4809447], [42.0393196, 55.4834976], [42.0495154, 55.4839503], [42.0601348, 55.4837224], [42.0670749, 55.4775254], [42.0673162, 55.4753824], [42.0631328, 55.4704122], [42.0897176, 55.4664506], [42.0912518, 55.4702698], [42.0971266, 55.4679804], [42.1011654, 55.4692292], [42.1085823, 55.4731002], [42.1146039, 55.470478], [42.1206255, 55.4746402], [42.123485, 55.4782924], [42.1128742, 55.4828908], [42.0942653, 55.4887519], [42.0896548, 55.4920721], [42.0854696, 55.4963744], [42.0842484, 55.5006707], [42.085064, 55.5042795], [42.0896373, 55.509459], [42.1009512, 55.5180667], [42.1036715, 55.5224111], [42.103603, 55.528165], [42.1014477, 55.532697], [42.0945012, 55.5415693], [42.0894409, 55.554041], [42.0648296, 55.587369], [42.0632766, 55.59732], [42.0632404, 55.6075745], [42.0641765, 55.6122436], [42.0673854, 55.61614], [42.0706585, 55.6187857], [42.0751553, 55.6208824], [42.0828467, 55.621835], [42.0880074, 55.6219751], [42.1024557, 55.6206879], [42.1162494, 55.6184479], [42.1259187, 55.6176599], [42.1345659, 55.6179936], [42.1413685, 55.6200386], [42.1442399, 55.6221682], [42.1456575, 55.6284038], [42.1426946, 55.639853], [42.1367331, 55.6509508], [42.1286474, 55.6610406], [42.1248786, 55.6683453], [42.1254268, 55.6734076], [42.1287844, 55.6783533], [42.1366646, 55.6817531], [42.1428831, 55.6823186], [42.1500266, 55.6819077], [42.1585235, 55.6801692], [42.1716799, 55.6744122], [42.1798342, 55.6741804], [42.1846308, 55.675185], [42.188331, 55.6770397], [42.1916201, 55.6808259], [42.1937877, 55.6856033], [42.1963482, 55.6950405], [42.1958, 55.7013349], [42.1978874, 55.7099009], [42.2009104, 55.7153413], [42.2061156, 55.7210322], [42.2108108, 55.7237036], [42.218082, 55.7255977], [42.2450072, 55.7296724], [42.2481262, 55.7311037], [42.25398, 55.7431081], [42.2539263, 55.7495634], [42.2554919, 55.7560795], [42.2671338, 55.7636058], [42.2746583, 55.7677006], [42.2957243, 55.7731727], [42.3098371, 55.7750133], [42.3456766, 55.777929], [42.3630133, 55.7780111], [42.3619138, 55.7800619], [42.3539775, 55.7816334], [42.3501736, 55.7883013], [42.393333, 55.788542], [42.3967106, 55.7899576], [42.4002619, 55.799105], [42.4057606, 55.8042779], [42.4096725, 55.8102919], [42.405766, 55.8126003], [42.4109945, 55.8213013], [42.4098495, 55.8243199], [42.4134008, 55.8260956], [42.4169669, 55.8243136], [42.450867, 55.8406567], [42.4487361, 55.8420773], [42.4540302, 55.8451614], [42.4524648, 55.8481147], [42.4524647, 55.8495352], [42.453475, 55.850495], [42.4561183, 55.8504094], [42.4570814, 55.8486474], [42.45805, 55.848369], [42.4609661, 55.8487109], [42.4674017, 55.8525259], [42.4709882, 55.8559685], [42.4740224, 55.8562585], [42.4736025, 55.8578848], [42.4747994, 55.8594252], [42.4751422, 55.8608709], [42.4868675, 55.865606], [42.4887738, 55.8652423], [42.4887549, 55.8657625], [42.4881891, 55.8665146], [42.4867265, 55.8671089], [42.4865783, 55.8678375], [42.4846661, 55.8688696], [42.4844628, 55.8703813], [42.4832403, 55.8713581], [42.478827, 55.872844], [42.4642894, 55.863771], [42.4606971, 55.8634533], [42.4568846, 55.867076], [42.4450911, 55.8651363], [42.4386801, 55.8609089], [42.4287592, 55.8576811], [42.4278965, 55.8559864], [42.4176529, 55.8517489], [42.4144845, 55.8557618], [42.4097083, 55.8553408], [42.4074816, 55.8513527], [42.4056466, 55.8445672], [42.3906492, 55.8435956], [42.365308, 55.8429159], [42.3475916, 55.830391], [42.3290556, 55.8276184], [42.3205096, 55.8231734], [42.3026976, 55.8271643], [42.2856826, 55.8170421], [42.2785636, 55.81661], [42.2702466, 55.8275184], [42.2499106, 55.8179463], [42.2476796, 55.8090023], [42.2369166, 55.8051254], [42.1921686, 55.8000183], [42.1802266, 55.8068628], [42.1830456, 55.8148976], [42.1837586, 55.812148], [42.1886076, 55.8137713], [42.1955776, 55.8446052], [42.1899026, 55.8475728], [42.1667546, 55.848377], [42.1485326, 55.8495753], [42.1529046, 55.8591754], [42.1507196, 55.8680394], [42.1614706, 55.8814423], [42.2000336, 55.8809192], [42.1918116, 55.8988872], [42.1712566, 55.9018889], [42.1729246, 55.9200369], [42.1839536, 55.9291429], [42.1797716, 55.9438052], [42.1743566, 55.9513828], [42.1748526, 55.952313], [42.1709046, 55.9537764], [42.1487216, 55.9558238], [42.1504536, 55.9454165], [42.1371516, 55.9374928], [42.1281676, 55.9130663], [42.0994376, 55.9054636], [42.0849046, 55.9088724], [42.0794796, 55.9075411], [42.0773546, 55.9062718], [42.0690066, 55.9076481], [42.0688536, 55.9101017], [42.0698006, 55.9125762], [42.0702496, 55.9230255], [42.0650786, 55.9352092], [42.0732756, 55.9451935], [42.0721746, 55.9451725], [42.0619606, 55.9409845], [42.0413576, 55.9267684], [42.0403346, 55.9255201], [42.0354156, 55.9152553], [42.047524, 55.9088372], [42.0473194, 55.8980583], [42.0447134, 55.8923326], [42.0254604, 55.8757606], [42.0231736, 55.8401232], [42.0164656, 55.8418335], [41.9960276, 55.834676], [41.9668226, 55.8356302], [41.9599436, 55.8315003], [41.9534166, 55.8135573], [41.9265831, 55.8013218], [41.9206235, 55.8044387], [41.9228094, 55.8259563], [41.9052147, 55.8400012], [41.9036859, 55.839507], [41.9047051, 55.8378421], [41.8997945, 55.8344601], [41.8998736, 55.8170751], [41.8886546, 55.812237], [41.8860487, 55.7972911], [41.8743209, 55.7962502], [41.8767128, 55.7867504], [41.8338908, 55.7687422], [41.8332639, 55.7635877], [41.8260979, 55.7618404], [41.8162219, 55.7605815], [41.8019907, 55.7608533], [41.7853899, 55.7596723], [41.7793214, 55.7619775], [41.765675, 55.7511088], [41.765198, 55.751569], [41.7634583, 55.7509887], [41.7642751, 55.7503321], [41.7628951, 55.7498979], [41.7644735, 55.7479272], [41.7608547, 55.7460519], [41.7567372, 55.7398207], [41.7485114, 55.7409783], [41.7426948, 55.744134], [41.739643, 55.7436076], [41.7378463, 55.7437877], [41.7361973, 55.7432474], [41.7372256, 55.7429651], [41.7499017, 55.7304247], [41.7512649, 55.728727], [41.750439, 55.7266987], [41.747265, 55.7270293], [41.7446681, 55.7267491], [41.7442601, 55.7241211], [41.7402801, 55.7245526], [41.7396831, 55.723628], [41.739713, 55.7219637], [41.7295238, 55.7229905], [41.7077881, 55.7153647], [41.6987336, 55.7043552], [41.7086984, 55.6906002], [41.708729, 55.6894045], [41.7094022, 55.6882604], [41.7096979, 55.6820683], [41.7113374, 55.6790927], [41.711521, 55.677379], [41.709726, 55.6732384], [41.7078291, 55.6713634], [41.7058913, 55.6702361], [41.7010163, 55.6694999], [41.6992009, 55.6662328], [41.6996496, 55.6641504], [41.6994865, 55.6613085], [41.706562, 55.6646054], [41.7187929, 55.6656467], [41.7246573, 55.6577155], [41.7320825, 55.6536446], [41.7191049, 55.6496856], [41.7195231, 55.6443465], [41.7210376, 55.6439476], [41.7208501, 55.6379402], [41.7182683, 55.630108], [41.7314909, 55.6300313], [41.7358179, 55.6291031], [41.7273082, 55.6237123], [41.726414, 55.6211795], [41.7248995, 55.6198031], [41.7246663, 55.6166968], [41.721207, 55.6132981], [41.7094079, 55.6112908], [41.7039869, 55.6078579]]]}}, {"type": "Feature", "properties": {"rda_code": "VL-07", "rda_name": "KOVROV", "osm_name": "городской округ Ковров", "match_score": 1.0, "match_reason": "alias:kovrov"}, "geometry": {"type": "Polygon", "coordinates": [[[41.2610811, 56.3502036], [41.257582, 56.3488246], [41.258104, 56.3471269], [41.2601785, 56.344919], [41.2578155, 56.3421019], [41.260522, 56.3405029], [41.2604533, 56.3385611], [41.2616348, 56.3369924], [41.2583852, 56.3376278], [41.2574729, 56.3356794], [41.2544676, 56.3360066], [41.2424198, 56.3345787], [41.2427196, 56.3372388], [41.2395855, 56.3377266], [41.2334605, 56.3398857], [41.2236079, 56.3395081], [41.225547, 56.3350926], [41.2309132, 56.3309914], [41.2295609, 56.32948], [41.233575, 56.3293967], [41.2334033, 56.3276591], [41.2325447, 56.3273497], [41.2330169, 56.3253858], [41.2364515, 56.3253382], [41.2365588, 56.3240527], [41.2334462, 56.3227315], [41.2321368, 56.3235647], [41.2261048, 56.3217792], [41.2274572, 56.320696], [41.231407, 56.3217078], [41.2327808, 56.3206722], [41.2328666, 56.3201008], [41.2365373, 56.3207079], [41.2375033, 56.3197317], [41.2425908, 56.3203269], [41.2447588, 56.321065], [41.2451882, 56.3218982], [41.2472918, 56.322791], [41.2483833, 56.3210744], [41.2498452, 56.3221908], [41.2474016, 56.3318639], [41.2456886, 56.3324759], [41.2434912, 56.3324158], [41.2429986, 56.3333441], [41.2406487, 56.333002], [41.2399314, 56.3340949], [41.2515471, 56.3352925], [41.2603171, 56.3352778], [41.2627321, 56.3344448], [41.2667774, 56.3226386], [41.2708665, 56.3226963], [41.2750785, 56.3219131], [41.2789925, 56.322432], [41.2845648, 56.3197945], [41.2862698, 56.3222065], [41.2928282, 56.3228874], [41.3128441, 56.3229185], [41.3180074, 56.3216391], [41.3181982, 56.3212158], [41.320829, 56.3204068], [41.3203346, 56.3180214], [41.3171228, 56.3181233], [41.3152586, 56.3159018], [41.3236887, 56.3162194], [41.3294535, 56.3170914], [41.332115, 56.3166644], [41.3351659, 56.3154207], [41.3407202, 56.3170386], [41.3636025, 56.3107556], [41.369752, 56.3111742], [41.3768511, 56.3007625], [41.386273, 56.3010357], [41.3889559, 56.2979125], [41.3921758, 56.2974807], [41.3934638, 56.3021258], [41.3957177, 56.3020811], [41.3922563, 56.3085862], [41.3903781, 56.3084225], [41.3906196, 56.3074996], [41.3834553, 56.3076783], [41.3806647, 56.3116226], [41.3604329, 56.3167719], [41.3389937, 56.3236911], [41.3412208, 56.3263394], [41.3661904, 56.3426633], [41.3640584, 56.3501972], [41.3694957, 56.3557507], [41.3702805, 56.3583912], [41.3738717, 56.361706], [41.3747732, 56.3619025], [41.3748558, 56.3628498], [41.3794853, 56.3598382], [41.3811382, 56.3602306], [41.3800864, 56.3611701], [41.3820398, 56.3641309], [41.3805586, 56.364333], [41.3810309, 56.3659263], [41.3789487, 56.3667466], [41.377875, 56.3667403], [41.3736143, 56.3637918], [41.3708692, 56.3638776], [41.3681687, 56.3649426], [41.3730621, 56.3689751], [41.3699992, 56.3705386], [41.3695695, 56.3715403], [41.3704579, 56.3737993], [41.3701868, 56.3779114], [41.3708164, 56.3795493], [41.3733054, 56.3803995], [41.3756821, 56.3917224], [41.3401476, 56.3916289], [41.3378967, 56.3955898], [41.338165, 56.3967036], [41.3400768, 56.3986897], [41.3448731, 56.3994137], [41.3449831, 56.3997464], [41.3541534, 56.3997464], [41.3616351, 56.401504], [41.3634234, 56.4083733], [41.3431441, 56.4042006], [41.342098, 56.4049817], [41.3381272, 56.4051337], [41.3327676, 56.4062195], [41.3277167, 56.4088257], [41.3229727, 56.4121821], [41.3194522, 56.4133815], [41.3176491, 56.4131678], [41.3169192, 56.4119921], [41.3125402, 56.4095457], [41.308848, 56.397644], [41.3000684, 56.3947333], [41.290838, 56.3935452], [41.2893568, 56.3923333], [41.2881762, 56.3885072], [41.2869741, 56.3875328], [41.2849992, 56.3881626], [41.2825735, 56.3864277], [41.2855359, 56.3851086], [41.2831961, 56.3841223], [41.2817364, 56.3822208], [41.2817793, 56.3810679], [41.2771856, 56.378465], [41.2660661, 56.3760521], [41.2571148, 56.3751725], [41.2573038, 56.373302], [41.2590211, 56.3721281], [41.2667757, 56.3705084], [41.2659171, 56.3697802], [41.2712299, 56.3686508], [41.2700493, 56.3673579], [41.2682783, 56.3675956], [41.2651121, 56.3649502], [41.2641461, 56.3635679], [41.2637436, 56.3593912], [41.265193, 56.3562693], [41.2636302, 56.3523223], [41.2610811, 56.3502036]]]}}, {"type": "Feature", "properties": {"rda_code": "VL-06", "rda_name": "GUS-KHRUSTALNY", "osm_name": "городской округ Гусь-Хрустальный", "match_score": 1.0, "match_reason": "force_name:городской округ гусь-хрустальный"}, "geometry": {"type": "MultiPolygon", "coordinates": [[[[40.6893605, 55.632371], [40.6664654, 55.6335644], [40.6665995, 55.6368996], [40.6675804, 55.6379991], [40.6673904, 55.6397207], [40.6682562, 55.6407], [40.6678008, 55.640957], [40.6676535, 55.6434402], [40.6616536, 55.6438355], [40.6612932, 55.6460604], [40.6618617, 55.6468284], [40.6615258, 55.6477471], [40.6565803, 55.6497501], [40.6523909, 55.6488319], [40.6538955, 55.6390255], [40.623384, 55.64038], [40.6239559, 55.6448376], [40.6048522, 55.6456282], [40.5945522, 55.6384782], [40.5959402, 55.6378165], [40.5915545, 55.6354923], [40.6048228, 55.6303227], [40.6046063, 55.6264582], [40.6221952, 55.6257004], [40.6192814, 55.6087069], [40.6218597, 55.6086271], [40.6211004, 55.6062032], [40.6242791, 55.5991299], [40.6293827, 55.5931531], [40.6317905, 55.5917753], [40.6328147, 55.5902185], [40.6327617, 55.5889212], [40.6258127, 55.5891956], [40.6239849, 55.5802339], [40.6413008, 55.5795393], [40.6407653, 55.5831723], [40.6540142, 55.5820475], [40.6539767, 55.5844189], [40.6564492, 55.5850753], [40.6579508, 55.5864887], [40.6571738, 55.5868031], [40.6575535, 55.5872023], [40.6570678, 55.5874268], [40.6588717, 55.5880252], [40.6641788, 55.5878135], [40.663492, 55.582351], [40.6730072, 55.5820757], [40.6735692, 55.5874395], [40.6791884, 55.5916524], [40.6798377, 55.5931906], [40.6799501, 55.5952862], [40.6807368, 55.5952721], [40.6802873, 55.5918288], [40.685048, 55.5915806], [40.6858427, 55.5966198], [40.7105242, 55.5956648], [40.7139621, 55.6217689], [40.7061326, 55.622206], [40.7068194, 55.6281494], [40.7077684, 55.6280437], [40.7086301, 55.6296722], [40.7070567, 55.6298484], [40.707269, 55.6316883], [40.7095042, 55.6324073], [40.7110151, 55.6318222], [40.7122014, 55.6327879], [40.7108778, 55.6333519], [40.7150369, 55.6362999], [40.7059435, 55.6412306], [40.6965781, 55.6347535], [40.6930193, 55.6359235], [40.68981, 55.6361914], [40.6893605, 55.632371]]], [[[40.5766564, 55.6753223], [40.5590545, 55.6764538], [40.5585822, 55.6778081], [40.5550931, 55.678405], [40.5544184, 55.6744275], [40.5557697, 55.6696553], [40.5506989, 55.6664439], [40.545448, 55.6615076], [40.5460603, 55.6570697], [40.5491589, 55.6575616], [40.5512555, 55.654526], [40.5562349, 55.6505085], [40.559164, 55.6421629], [40.5608884, 55.6408479], [40.5619078, 55.6388835], [40.577208, 55.6455216], [40.5751489, 55.6489007], [40.5778711, 55.6505213], [40.5795194, 55.6489359], [40.5804434, 55.651088], [40.5831906, 55.651099], [40.5833155, 55.6496899], [40.5915731, 55.6487258], [40.5918135, 55.6498624], [40.5933031, 55.6502545], [40.5870229, 55.6560963], [40.5906827, 55.6607065], [40.585339, 55.6621037], [40.5815261, 55.6613763], [40.5806818, 55.6627369], [40.5833908, 55.664312], [40.5767112, 55.6679852], [40.5766564, 55.6753223]]], [[[40.4703497, 55.6696276], [40.4706612, 55.6683955], [40.4671009, 55.6681907], [40.4666095, 55.6675979], [40.4679458, 55.6668934], [40.4675635, 55.6614094], [40.4716277, 55.6612086], [40.4893984, 55.6672656], [40.4896586, 55.6683023], [40.4851087, 55.6709043], [40.4837703, 55.6705526], [40.4822906, 55.6717862], [40.4810758, 55.6713313], [40.4802073, 55.6719486], [40.4762563, 55.671009], [40.4732488, 55.669359], [40.4703497, 55.6696276]]], [[[40.472635, 55.6874317], [40.458222, 55.6854242], [40.4582237, 55.6835046], [40.4608746, 55.6810802], [40.4602171, 55.6788419], [40.4722297, 55.680865], [40.4724135, 55.6814801], [40.473576, 55.6815749], [40.4747486, 55.6825386], [40.4748844, 55.6863876], [40.472635, 55.6874317]]], [[[40.5550879, 55.7253895], [40.5467521, 55.7279769], [40.5445205, 55.72587], [40.5510185, 55.7241327], [40.5549566, 55.7209167], [40.555613, 55.719401], [40.5580415, 55.7176634], [40.5603388, 55.7146316], [40.5640144, 55.7162954], [40.5768134, 55.7170349], [40.577076, 55.7215821], [40.5702498, 55.7214342], [40.5686089, 55.7259809], [40.560667, 55.7267202], [40.5582384, 55.7257961], [40.5550879, 55.7253895]]]]}}, {"type": "Feature", "properties": {"rda_code": "VL-12", "rda_name": "RADUZHNY", "osm_name": "ЗАТО Радужный", "match_score": 1.0, "match_reason": "alias:zato raduzhny"}, "geometry": {"type": "Polygon", "coordinates": [[[40.2687189, 55.8353388], [40.2675241, 55.8319781], [40.2650186, 55.8322722], [40.2722087, 55.8222815], [40.2742018, 55.8211021], [40.2772961, 55.8201382], [40.278194, 55.8190609], [40.2835938, 55.8042993], [40.282866, 55.8001863], [40.298104, 55.8000754], [40.2982935, 55.8007011], [40.3089725, 55.8007062], [40.3108459, 55.798793], [40.3090269, 55.7974809], [40.3113006, 55.7973786], [40.312483, 55.7966288], [40.311621, 55.7952858], [40.3145445, 55.7948649], [40.3141822, 55.7956925], [40.3160149, 55.797123], [40.3174036, 55.7972575], [40.3170523, 55.7977166], [40.314211, 55.7974212], [40.3119923, 55.7983731], [40.3124678, 55.7998666], [40.3145184, 55.8001843], [40.3128395, 55.8018476], [40.3139008, 55.8021126], [40.3664962, 55.8023034], [40.3670023, 55.8059163], [40.3574918, 55.808588], [40.35413, 55.8940065], [40.3885297, 55.8947553], [40.386928, 55.9284113], [40.3848732, 55.9287917], [40.3807181, 55.9305462], [40.3771158, 55.9333537], [40.373186, 55.9349117], [40.3677327, 55.9315277], [40.364347, 55.9303444], [40.3575083, 55.9308008], [40.3573357, 55.9333991], [40.3585142, 55.9380789], [40.3535489, 55.9416359], [40.3453358, 55.9412237], [40.3414521, 55.9432075], [40.3394757, 55.9472356], [40.3375434, 55.9466031], [40.3361905, 55.9477348], [40.3382183, 55.9500714], [40.3358609, 55.9507948], [40.3358227, 55.9527173], [40.3324828, 55.9561274], [40.3324828, 55.9582856], [40.3423051, 55.9597038], [40.3424057, 55.9604908], [40.3540259, 55.9603566], [40.354513, 55.9691881], [40.3527806, 55.9747701], [40.3527011, 55.9781731], [40.3635678, 55.9882571], [40.3666364, 55.9890446], [40.3638752, 55.9911985], [40.3615374, 55.990492], [40.3574714, 55.9918217], [40.3553124, 55.9936716], [40.3566715, 55.9939639], [40.3579236, 55.9933341], [40.3592097, 55.9940231], [40.3601022, 55.9968559], [40.3615027, 55.9982294], [40.3586833, 55.9989623], [40.3554139, 55.9986579], [40.3532402, 55.9996731], [40.3544149, 56.000398], [40.355547, 56.0040775], [40.3584732, 56.0045483], [40.3570424, 56.0061989], [40.3586675, 56.008212], [40.3579371, 56.0087996], [40.354214, 56.0085366], [40.3532401, 56.0089783], [40.3511067, 56.0101051], [40.3503067, 56.0123895], [40.3471606, 56.0103603], [40.3414355, 56.0090058], [40.338311, 56.0090835], [40.33764, 56.0083996], [40.3328254, 56.0105014], [40.3311587, 56.0100769], [40.3263539, 56.0109506], [40.3250666, 56.0096722], [40.326813, 56.0053186], [40.3244325, 56.0024428], [40.3137165, 56.003263], [40.3142392, 56.0022315], [40.3114207, 56.0017257], [40.3091483, 56.0025009], [40.3074147, 56.0037955], [40.3071682, 56.0058012], [40.3062914, 56.0059151], [40.3060148, 56.0069145], [40.2991788, 56.0063532], [40.2980497, 56.0047924], [40.295859, 56.0059352], [40.2929545, 56.0048295], [40.2953526, 56.0031508], [40.2968038, 56.0004795], [40.3035233, 55.9973162], [40.3033852, 55.9963614], [40.3056808, 55.9960014], [40.3119288, 55.9921467], [40.3130851, 55.9921207], [40.3128643, 55.9899896], [40.3090802, 55.9885164], [40.3054407, 55.9861727], [40.3022252, 55.9847492], [40.2886451, 55.980154], [40.2831972, 55.9820472], [40.2811871, 55.9850653], [40.2597994, 55.9762924], [40.2648087, 55.972248], [40.2538722, 55.9693568], [40.2579028, 55.9664945], [40.2587215, 55.9638108], [40.2607572, 55.9608821], [40.2578528, 55.9594759], [40.2832961, 55.959448], [40.2855442, 55.8833919], [40.2692358, 55.8830989], [40.2695985, 55.8639493], [40.286773, 55.8643171], [40.2875987, 55.8503662], [40.2876824, 55.8350725], [40.2687189, 55.8353388]]]}}, {"type": "Feature", "properties": {"rda_code": "VL-23", "rda_name": "PETUSHINSKY AREA / incl. PETUSHKI, KOSTEREVO, POKROV /", "osm_name": "городской округ Покров", "match_score": 1.0, "match_reason": "alias:pokrov"}, "geometry": {"type": "Polygon", "coordinates": [[[38.8247035, 55.9342841], [38.8214668, 55.930718], [38.8257265, 55.9287333], [38.8273875, 55.9231471], [38.8299892, 55.9198753], [38.8316206, 55.9203386], [38.83539, 55.9170595], [38.8353879, 55.9156121], [38.8383826, 55.9148102], [38.8382112, 55.913746], [38.8665602, 55.9300964], [38.8712702, 55.9333553], [38.885039, 55.9451996], [38.8878614, 55.9452335], [38.8901305, 55.9445409], [38.896651, 55.9466498], [38.9006446, 55.9470654], [38.9031827, 55.9451524], [38.9060814, 55.9415501], [38.9092089, 55.9407009], [38.9146557, 55.9369793], [38.9185817, 55.9359117], [38.9194152, 55.9335255], [38.9234159, 55.9342638], [38.9305318, 55.934026], [38.9392404, 55.9322361], [38.9424152, 55.9325197], [38.9572, 55.9309546], [38.9590758, 55.9350673], [38.9861396, 55.9398306], [38.9884636, 55.9392694], [39.0006818, 55.9424111], [39.0067251, 55.9468628], [39.0084367, 55.949303], [39.0202382, 55.9504109], [39.0200776, 55.9499701], [39.0243923, 55.9460889], [39.026831, 55.945692], [39.0294624, 55.9445295], [39.0321057, 55.9472998], [39.0368788, 55.9485653], [39.0390252, 55.9503652], [39.0442017, 55.9501167], [39.0452971, 55.9485599], [39.0473833, 55.9469419], [39.0475729, 55.9457488], [39.0487491, 55.9454262], [39.049121, 55.9428956], [39.0470122, 55.9422426], [39.0419425, 55.9420606], [39.0387292, 55.940382], [39.0384973, 55.9392473], [39.036062, 55.938688], [39.035385, 55.9374511], [39.0331149, 55.9377276], [39.031607, 55.9357905], [39.0283618, 55.9351728], [39.0244017, 55.9372493], [39.0278851, 55.938878], [39.0241264, 55.9423367], [39.0207723, 55.9425569], [39.016748, 55.9441016], [39.0133745, 55.941906], [39.0123545, 55.939876], [39.0104745, 55.9377337], [39.0096079, 55.9378456], [39.0079743, 55.9370216], [39.0080758, 55.9362133], [39.0114413, 55.9339737], [39.0098512, 55.9312619], [39.0136705, 55.9299654], [39.0136507, 55.9285199], [39.0169949, 55.9274382], [39.0230328, 55.9267961], [39.032259, 55.9228323], [39.0425635, 55.9214295], [39.0435289, 55.9217173], [39.0446104, 55.9235849], [39.0472039, 55.9254597], [39.0489082, 55.9257878], [39.0501761, 55.9267622], [39.0496412, 55.9294928], [39.0500183, 55.9305113], [39.0522443, 55.9308988], [39.0525886, 55.9320974], [39.0514619, 55.9327624], [39.0523695, 55.933861], [39.0514103, 55.9351964], [39.0523297, 55.9353448], [39.0528981, 55.9403154], [39.0552507, 55.9404064], [39.0539528, 55.9420436], [39.0570924, 55.9421055], [39.0575334, 55.9412284], [39.059539, 55.9398112], [39.0581885, 55.9385619], [39.0612951, 55.9379994], [39.0602977, 55.9373483], [39.0586035, 55.9375813], [39.0581874, 55.9367402], [39.059626, 55.9353897], [39.0618931, 55.9364843], [39.0623024, 55.9361935], [39.0617955, 55.934678], [39.0608194, 55.9341665], [39.0589366, 55.9351276], [39.0568124, 55.9342429], [39.0595755, 55.9334527], [39.0604786, 55.9327046], [39.0640138, 55.9325514], [39.0645681, 55.9323635], [39.0645971, 55.9317473], [39.0633323, 55.9312823], [39.058616, 55.9312839], [39.0581146, 55.9306842], [39.0584119, 55.9303064], [39.0607496, 55.9303744], [39.0618112, 55.929747], [39.0588771, 55.9296521], [39.0577268, 55.9293319], [39.0575716, 55.928698], [39.0567762, 55.9287236], [39.0564604, 55.929505], [39.0549514, 55.9305179], [39.0530438, 55.9301355], [39.053435, 55.9293184], [39.0568903, 55.9281667], [39.0567851, 55.9276389], [39.0585874, 55.9273572], [39.0586556, 55.927002], [39.0579736, 55.9260788], [39.056244, 55.9266239], [39.0547805, 55.926294], [39.0558169, 55.9239573], [39.0540501, 55.9219713], [39.0518414, 55.9224301], [39.0507585, 55.9219614], [39.0507605, 55.9210878], [39.0487879, 55.9213466], [39.0465529, 55.9184019], [39.041611, 55.9182211], [39.0397158, 55.9166958], [39.0392191, 55.9150022], [39.0374845, 55.9128337], [39.0382026, 55.9108737], [39.0374365, 55.9106395], [39.0346201, 55.9125902], [39.031731, 55.9122539], [39.0321394, 55.9105216], [39.0303826, 55.9097239], [39.0288814, 55.9082862], [39.0328541, 55.9068054], [39.0379374, 55.9056236], [39.0384853, 55.9046562], [39.0417122, 55.9049905], [39.0445471, 55.9036786], [39.0459791, 55.9037736], [39.0492456, 55.9026205], [39.0533251, 55.8998014], [39.0517163, 55.8984606], [39.051542, 55.89569], [39.052506, 55.8943328], [39.054618, 55.8930722], [39.0531769, 55.8925783], [39.0531153, 55.891745], [39.0535653, 55.8913272], [39.0573909, 55.8914448], [39.0601191, 55.8927854], [39.0612126, 55.8939415], [39.0633357, 55.8938961], [39.0646119, 55.8927684], [39.0646363, 55.8916087], [39.0608832, 55.8901064], [39.0604609, 55.8894108], [39.0607891, 55.888284], [39.0643482, 55.8866442], [39.064897, 55.8856753], [39.0650011, 55.8835419], [39.067125, 55.8825775], [39.0757296, 55.8816678], [39.0775187, 55.880623], [39.077479, 55.8795959], [39.0736613, 55.8783805], [39.0733924, 55.8767538], [39.0769898, 55.8729424], [39.0765691, 55.8700554], [39.0751246, 55.8687463], [39.0700294, 55.8679311], [39.0663013, 55.8655279], [39.0648461, 55.8657898], [39.0651015, 55.8665757], [39.0609238, 55.8666422], [39.0582486, 55.8647654], [39.0558628, 55.8644348], [39.0576758, 55.863977], [39.0556553, 55.8636089], [39.0543099, 55.8627462], [39.0539737, 55.8617649], [39.0555209, 55.8622729], [39.0565098, 55.8606983], [39.0593028, 55.8605933], [39.0591702, 55.8573439], [39.0658714, 55.8586879], [39.0714178, 55.8583779], [39.0719057, 55.8596921], [39.0734505, 55.860906], [39.0787627, 55.8615869], [39.087574, 55.8636967], [39.096607, 55.8620957], [39.1035851, 55.8602778], [39.1009096, 55.8467188], [39.1042467, 55.8468435], [39.1076039, 55.8450275], [39.1080378, 55.8461127], [39.1098089, 55.8469069], [39.1135281, 55.8472339], [39.1144414, 55.8462941], [39.1172823, 55.8456985], [39.1213635, 55.8478279], [39.1217787, 55.8471302], [39.1238297, 55.8463387], [39.1247264, 55.8473507], [39.1281253, 55.8464555], [39.1296158, 55.8470991], [39.1322286, 55.8470396], [39.1376705, 55.8459278], [39.1376164, 55.8464541], [39.1363817, 55.8470915], [39.1349851, 55.8495136], [39.1434092, 55.8540421], [39.1468617, 55.8534973], [39.1491708, 55.8538331], [39.1500446, 55.8549078], [39.1572735, 55.848567], [39.1576314, 55.8476392], [39.1632171, 55.84439], [39.1676603, 55.8400382], [39.1760556, 55.8389788], [39.1769196, 55.843547], [39.184405, 55.8467221], [39.1901036, 55.8467792], [39.1949094, 55.8432883], [39.1964658, 55.8446554], [39.1996719, 55.8456317], [39.2048308, 55.8421426], [39.240604, 55.8454602], [39.2596305, 55.8406302], [39.2768299, 55.8414368], [39.2803726, 55.850979], [39.3063668, 55.8606636], [39.311794, 55.8606687], [39.3194713, 55.86256], [39.3203693, 55.8642168], [39.3271743, 55.8648631], [39.3261209, 55.86865], [39.3247957, 55.8709242], [39.3208204, 55.8731108], [39.3241722, 55.8761719], [39.3239383, 55.8821621], [39.3285655, 55.8871014], [39.3266722, 55.8882749], [39.3255097, 55.8897465], [39.3251775, 55.8912925], [39.3268051, 55.8930433], [39.3296616, 55.8937696], [39.3246793, 55.8938814], [39.3221217, 55.8947381], [39.3196638, 55.8962653], [39.3196638, 55.8998595], [39.318767, 55.9022802], [39.3181027, 55.9030437], [39.3164751, 55.9034161], [39.3136518, 55.9028202], [39.311061, 55.9049057], [39.3123232, 55.9055946], [39.3114928, 55.9083873], [39.3014618, 55.9071958], [39.2971106, 55.9089645], [39.2938924, 55.9109648], [39.2904675, 55.9116267], [39.2882827, 55.9132152], [39.2889913, 55.9147045], [39.2888141, 55.9165576], [39.2849169, 55.9194034], [39.2774767, 55.9212894], [39.2774767, 55.9224474], [39.274347, 55.9251604], [39.2698593, 55.9248957], [39.2718079, 55.9436168], [39.2716833, 55.945917], [39.269356, 55.9477415], [39.2808216, 55.9480356], [39.282147, 55.9498473], [39.2851486, 55.9512005], [39.2841741, 55.9519426], [39.2833944, 55.9516371], [39.2839402, 55.9511569], [39.2818741, 55.9502183], [39.2787555, 55.9529903], [39.284252, 55.9551946], [39.284252, 55.9561112], [39.2862791, 55.9561112], [39.2860452, 55.9583808], [39.2816402, 55.9582935], [39.2818351, 55.9559802], [39.2834724, 55.9559802], [39.2835503, 55.9553692], [39.2782487, 55.9532522], [39.2731809, 55.9572896], [39.2713495, 55.9597122], [39.2718675, 55.9609745], [39.2789982, 55.9643688], [39.2795163, 55.9653922], [39.2847238, 55.9681096], [39.2877034, 55.9707776], [39.2923083, 55.9730816], [39.2918749, 55.9738698], [39.2972381, 55.9759615], [39.3014096, 55.9765071], [39.2996218, 55.9779014], [39.2929583, 55.9761736], [39.2898162, 55.9734454], [39.2861323, 55.9716871], [39.2847238, 55.9697165], [39.2834236, 55.9692617], [39.282611, 55.9682612], [39.2772477, 55.966442], [39.2756225, 55.9663208], [39.2744848, 55.9668059], [39.2773561, 55.9711111], [39.2793605, 55.9728391], [39.2799564, 55.9762949], [39.2797397, 55.9787501], [39.2817442, 55.9807809], [39.2866199, 55.9826903], [39.2855364, 55.9845694], [39.2776269, 55.9842966], [39.2789271, 55.9813568], [39.2780603, 55.9803263], [39.2710176, 55.9826297], [39.2678755, 55.9799625], [39.2643542, 55.9809021], [39.2632165, 55.9803869], [39.265546, 56.0065351], [39.2586658, 56.0068379], [39.2597132, 56.0145406], [39.2550181, 56.0143791], [39.254368, 56.0137331], [39.252201, 56.0135312], [39.2508286, 56.0141368], [39.2444721, 56.0121179], [39.2436053, 56.0126832], [39.2415828, 56.0120372], [39.2406438, 56.0129255], [39.240716, 56.0138946], [39.2428107, 56.0150251], [39.2453389, 56.0147829], [39.2499618, 56.0155904], [39.2524177, 56.0154289], [39.2540068, 56.0159941], [39.2571851, 56.0160749], [39.2588464, 56.016519], [39.258413, 56.0177302], [39.2631804, 56.0168824], [39.2699703, 56.0178917], [39.271126, 56.0186184], [39.2659975, 56.0277819], [39.2629637, 56.030809], [39.2540791, 56.0377503], [39.251262, 56.0392433], [39.2448333, 56.0415433], [39.248156, 56.0435607], [39.2516231, 56.0465865], [39.2554515, 56.0473934], [39.2601466, 56.0493701], [39.2534729, 56.0546251], [39.2573522, 56.0562668], [39.2616807, 56.0564948], [39.2618849, 56.0568368], [39.2611907, 56.0569737], [39.2623749, 56.0578401], [39.2622115, 56.0582505], [39.2635999, 56.0583645], [39.2631099, 56.0593449], [39.2635999, 56.0602112], [39.2658458, 56.0605076], [39.2664584, 56.0610548], [39.2658458, 56.0616475], [39.2668667, 56.0620123], [39.2689493, 56.0619895], [39.2691126, 56.061602], [39.2707052, 56.0625367], [39.2731144, 56.0626962], [39.2731144, 56.0641097], [39.2739311, 56.0646112], [39.2811181, 56.0639729], [39.2821389, 56.0649759], [39.2843849, 56.0657966], [39.2852016, 56.0666172], [39.2841399, 56.0669591], [39.284344, 56.0683724], [39.2855282, 56.0695577], [39.2851199, 56.0708113], [39.2857733, 56.0715179], [39.2855691, 56.0721333], [39.2844257, 56.0716546], [39.2839765, 56.07227], [39.2819348, 56.0724979], [39.2819348, 56.0732728], [39.2807914, 56.0748226], [39.2816898, 56.0760077], [39.2814039, 56.0765091], [39.2821798, 56.0769421], [39.2814856, 56.077375], [39.2842624, 56.0787424], [39.2858958, 56.0788335], [39.286835, 56.0799045], [39.2921435, 56.0798362], [39.2970437, 56.0817275], [39.2989221, 56.0816819], [39.302638, 56.0825705], [39.3056598, 56.0823427], [39.3083141, 56.0835959], [39.3123159, 56.0844389], [39.3088858, 56.0819098], [39.3034139, 56.0814768], [39.3037814, 56.0780131], [39.3067215, 56.0778992], [39.3104375, 56.0803375], [39.3135818, 56.0812262], [39.3148477, 56.0826161], [39.3186967, 56.0848859], [39.3218157, 56.0837868], [39.3235121, 56.0838173], [39.3250442, 56.0859545], [39.32685, 56.0859545], [39.3290387, 56.084428], [39.335441, 56.0832372], [39.3373561, 56.0821685], [39.3363165, 56.0837868], [39.3312823, 56.0843058], [39.3288746, 56.0855576], [39.3286557, 56.0867789], [39.3295859, 56.0873895], [39.3353862, 56.0889159], [39.3405846, 56.0879085], [39.3438131, 56.0877863], [39.346166, 56.0848859], [39.3463849, 56.0829624], [39.3487378, 56.0831151], [39.3496681, 56.0820464], [39.3542645, 56.0828708], [39.3561797, 56.0817105], [39.3577119, 56.0815273], [39.3605573, 56.0823517], [39.3609403, 56.0812525], [39.3621989, 56.0801532], [39.3616517, 56.0824433], [39.3623083, 56.0848554], [39.3613781, 56.0857713], [39.3671907, 56.0865008], [39.3668774, 56.0883534], [39.367316, 56.0896815], [39.3695713, 56.0894718], [39.3703544, 56.0907475], [39.3735808, 56.0920406], [39.374959, 56.09246], [39.3753349, 56.0913766], [39.3784673, 56.0919882], [39.3780914, 56.0928794], [39.3819129, 56.0937007], [39.3807226, 56.0955703], [39.3798455, 56.0960945], [39.3750217, 56.0963216], [39.3740506, 56.0946093], [39.3690701, 56.0943821], [39.3646848, 56.0950286], [39.3650293, 56.0972302], [39.3380907, 56.0930192], [39.3343319, 56.0934036], [39.3343006, 56.0942074], [39.332891, 56.0946617], [39.3278791, 56.0944695], [39.3274406, 56.0950985], [39.322124, 56.0966877], [39.3191537, 56.0984119], [39.3194295, 56.0997627], [39.3174653, 56.1003596], [39.3180664, 56.1027144], [39.3171487, 56.1027548], [39.3119739, 56.1000303], [39.3087139, 56.1021158], [39.3074283, 56.1048668], [39.2931468, 56.1081292], [39.2899168, 56.1129849], [39.2889074, 56.1167592], [39.2940381, 56.1195008], [39.2943575, 56.1202722], [39.2901706, 56.1214008], [39.2845644, 56.1194295], [39.2766848, 56.1205776], [39.2666466, 56.1082415], [39.26045, 56.1120114], [39.2467292, 56.1149671], [39.2444392, 56.1144238], [39.2419696, 56.1160855], [39.2450353, 56.1194324], [39.2480305, 56.120771], [39.2500164, 56.1231352], [39.2423618, 56.1255355], [39.2418167, 56.1234006], [39.2372302, 56.1152153], [39.2369383, 56.1114085], [39.2359526, 56.1115348], [39.236553, 56.1157988], [39.2376617, 56.11796], [39.2351678, 56.1181499], [39.2304532, 56.1195417], [39.2268464, 56.1175368], [39.2186503, 56.1157655], [39.2144678, 56.1178121], [39.2077711, 56.1158277], [39.2027894, 56.1158989], [39.2018101, 56.112338], [39.1986843, 56.1122509], [39.1996812, 56.1215482], [39.206011, 56.1230389], [39.2091018, 56.125247], [39.2070776, 56.127176], [39.2080571, 56.1284619], [39.2104296, 56.1268605], [39.2128891, 56.1271638], [39.2131939, 56.1287651], [39.2097694, 56.1309063], [39.2062505, 56.1302329], [39.2019222, 56.1303099], [39.200372, 56.12762], [39.1995828, 56.1249801], [39.1945675, 56.1184717], [39.1902065, 56.1178786], [39.1885328, 56.119027], [39.1855073, 56.119015], [39.1769886, 56.1160363], [39.176915, 56.1123529], [39.1861832, 56.1097314], [39.1851103, 56.1093485], [39.185121, 56.1089237], [39.1861617, 56.1087562], [39.1867787, 56.1080682], [39.184995, 56.1072493], [39.1839892, 56.1063212], [39.184429, 56.1059951], [39.1832167, 56.1056002], [39.1832533, 56.1048865], [39.1815644, 56.1044305], [39.1818648, 56.1036946], [39.1807008, 56.103542], [39.1795421, 56.1030155], [39.1792577, 56.1022735], [39.1766023, 56.1014149], [39.1740274, 56.1014149], [39.1688346, 56.0981716], [39.1688131, 56.0967234], [39.1664958, 56.0969148], [39.1672253, 56.0934617], [39.1620764, 56.0928566], [39.1596293, 56.0891702], [39.1542219, 56.0860695], [39.1618394, 56.0781191], [39.1655589, 56.0771943], [39.1640281, 56.0743829], [39.1596507, 56.0756164], [39.1579341, 56.0735445], [39.159758, 56.0726283], [39.1581138, 56.0698772], [39.1566681, 56.0695682], [39.1587066, 56.0682387], [39.1579625, 56.0589555], [39.135822, 56.0603192], [39.1376137, 56.0572895], [39.1196965, 56.053012], [39.1190743, 56.0474636], [39.1166743, 56.0468671], [39.1125082, 56.049477], [39.1060924, 56.0492253], [39.0958786, 56.0567743], [39.1010993, 56.0619487], [39.0929603, 56.0616863], [39.0923166, 56.0573254], [39.0871667, 56.0622853], [39.0847635, 56.0609915], [39.0888404, 56.0547254], [39.0819311, 56.0528442], [39.0785622, 56.0532995], [39.0780988, 56.0498194], [39.0659774, 56.0432664], [39.0526704, 56.0428066], [39.0499412, 56.0434418], [39.0494864, 56.0451356], [39.0497896, 56.046914], [38.9799297, 56.0356495], [38.9764517, 56.0370224], [38.9733342, 56.0343312], [38.9734195, 56.0339659], [38.9694962, 56.0325681], [38.9685297, 56.0317739], [38.9681712, 56.0296285], [38.9665453, 56.0289736], [38.9650329, 56.0268819], [38.9642388, 56.0242618], [38.9652887, 56.0237992], [38.9664828, 56.0216384], [38.9675346, 56.0215748], [38.96961, 56.0202561], [38.9690129, 56.0195093], [38.969003, 56.0181547], [38.968209, 56.0172671], [38.9626733, 56.0190326], [38.9570159, 56.0216861], [38.9556228, 56.0215748], [38.9555814, 56.020212], [38.9489988, 56.0181904], [38.9482881, 56.0190644], [38.9484018, 56.0198112], [38.9495959, 56.0211126], [38.9492831, 56.0224169], [38.9478332, 56.0228936], [38.9452178, 56.0228777], [38.9431424, 56.0224646], [38.9448943, 56.0147559], [38.9386367, 56.0140731], [38.933401, 56.0155125], [38.9295386, 56.012106], [38.917458, 56.0077035], [38.9165031, 56.0085492], [38.90316, 56.0065479], [38.9053217, 56.0043621], [38.9014659, 56.0040405], [38.901354, 55.9845513], [38.8946314, 55.9832456], [38.8612808, 55.9663736], [38.8633822, 55.9623422], [38.8556324, 55.9588255], [38.8558959, 55.9577594], [38.8409721, 55.9549725], [38.8429355, 55.9493681], [38.8260704, 55.9349956], [38.8247035, 55.9342841]], [[38.8682123, 55.9525587], [38.8711171, 55.9559581], [38.8783941, 55.9551598], [38.8744701, 55.9514476], [38.8682123, 55.9525587]]]}}]}